2026-05-12 17:16:48.539 | INFO     | MAIN | Starting USV Control System
2026-05-12 17:16:48.540 | INFO     | MAIN | Mode: SIMULATION
2026-05-12 17:16:49.539 | INFO     | BROKER | Broker started. Publishers -> :5555 | Subscribers <- :5556
2026-05-12 17:16:49.566 | INFO     | CommsService | Starting MAVLink Bridge thread...
2026-05-12 17:16:49.584 | INFO     | CommsService | Starting Web Server on port 8000
2026-05-12 17:16:49.586 | INFO     | CommsService | MAVLink bridge sending to udpout:127.0.0.1:14550
2026-05-12 17:16:49.571 | INFO     | NavigationService | Process NavigationService starting...
2026-05-12 17:16:49.606 | INFO     | HALService | Process HALService starting...
2026-05-12 17:16:49.618 | INFO     | HALService | [GNSS Node] Publisher connected to ZMQ Bus: tcp://127.0.0.1:5555
2026-05-12 17:16:49.620 | INFO     | HALService | [GNSS Node] Subscriber connected to tcp://127.0.0.1:5556 for commands
2026-05-12 17:16:49.621 | INFO     | HALService | [GNSS Node] Starting (with auto-retry)...
2026-05-12 17:16:49.608 | INFO     | ManagerService | Process ManagerService starting...
2026-05-12 17:16:49.621 | INFO     | HALService | GNSS Node (UM982) started on /dev/gnss_um982
2026-05-12 17:16:49.629 | INFO     | HALService | [IMU Node] Publisher connected to ZMQ Bus: tcp://127.0.0.1:5555
2026-05-12 17:16:49.609 | INFO     | GNCService | Process GNCService starting...
2026-05-12 17:16:49.629 | ERROR    | HALService | [UM982] Start failed: could not open port '/dev/gnss_um982': FileNotFoundError(2, 'The system cannot find the path specified.', None, 3)
2026-05-12 17:16:49.630 | INFO     | HALService | [IMU Node] Starting (with auto-retry)...
2026-05-12 17:16:49.630 | INFO     | HALService | IMU Node started on /dev/serial0
2026-05-12 17:16:49.635 | INFO     | HALService | [Power Node] Publisher connected to ZMQ Bus: tcp://127.0.0.1:5555
2026-05-12 17:16:49.637 | INFO     | HALService | [Power Node] Subscriber connected to tcp://127.0.0.1:5556 for commands
2026-05-12 17:16:49.630 | WARNING  | HALService | [GNSS Node] Cannot open /dev/gnss_um982: could not open port '/dev/gnss_um982': FileNotFoundError(2, 'The system cannot find the path specified.', None, 3). Retrying in 5.0s...
2026-05-12 17:16:49.637 | WARNING  | HALService | [IMU Node] Cannot open /dev/serial0: could not open port '/dev/serial0': FileNotFoundError(2, 'The system cannot find the path specified.', None, 3). Retrying in 5.0s...
2026-05-12 17:16:49.638 | INFO     | HALService | [Power Node] Starting (with auto-retry)...
2026-05-12 17:16:49.638 | INFO     | HALService | Power Node (PZEM-017) started on /dev/power_pzem
2026-05-12 17:16:49.639 | INFO     | HALService | Process HALService entering loop at 50.0 Hz
2026-05-12 17:16:49.639 | WARNING  | HALService | [Power Node] Cannot open /dev/power_pzem: could not open port '/dev/power_pzem': FileNotFoundError(2, 'The system cannot find the path specified.', None, 3). Retrying...
2026-05-12 17:16:49.652 | INFO     | CommsService | Starting Web Server...
2026-05-12 17:16:49.688 | INFO     | NavigationService | Navigation Process initialized (passthrough mode)
2026-05-12 17:16:49.689 | INFO     | NavigationService | Process NavigationService entering loop at 20.0 Hz
2026-05-12 17:16:49.840 | INFO     | ManagerService | Manager Process Initialized. Waiting for commands...
2026-05-12 17:16:49.841 | INFO     | ManagerService | Process ManagerService entering loop at 10.0 Hz
2026-05-12 17:16:49.864 | INFO     | CommsService | Command publisher connected to ZMQ broker
2026-05-12 17:16:49.869 | INFO     | CommsService | Web Server ZMQ Consumer connected to tcp://127.0.0.1:5556 subscribing to ['sensor/gnss', 'sensor/imu', 'sensor/battery', 'sensor/status', 'gnc/ekf_state', 'system/status', 'gnc/control_debug', 'gnc/control_output', 'sim/status']
2026-05-12 17:16:50.309 | INFO     | GNCService | GNC Process initialized (waiting for AUTO mode)
2026-05-12 17:16:50.310 | INFO     | GNCService | Process GNCService entering loop at 20.0 Hz
2026-05-12 17:16:54.639 | WARNING  | HALService | [IMU Node] Cannot open /dev/serial0: could not open port '/dev/serial0': FileNotFoundError(2, 'The system cannot find the path specified.', None, 3). Retrying in 5.0s...
2026-05-12 17:16:54.667 | ERROR    | HALService | [UM982] Start failed: could not open port '/dev/gnss_um982': FileNotFoundError(2, 'The system cannot find the path specified.', None, 3)
2026-05-12 17:16:54.668 | WARNING  | HALService | [GNSS Node] Cannot open /dev/gnss_um982: could not open port '/dev/gnss_um982': FileNotFoundError(2, 'The system cannot find the path specified.', None, 3). Retrying in 5.0s...
2026-05-12 17:16:59.640 | WARNING  | HALService | [IMU Node] Cannot open /dev/serial0: could not open port '/dev/serial0': FileNotFoundError(2, 'The system cannot find the path specified.', None, 3). Retrying in 5.0s...
2026-05-12 17:16:59.686 | ERROR    | HALService | [UM982] Start failed: could not open port '/dev/gnss_um982': FileNotFoundError(2, 'The system cannot find the path specified.', None, 3)
2026-05-12 17:16:59.687 | WARNING  | HALService | [GNSS Node] Cannot open /dev/gnss_um982: could not open port '/dev/gnss_um982': FileNotFoundError(2, 'The system cannot find the path specified.', None, 3). Retrying in 5.0s...
2026-05-12 17:17:04.642 | WARNING  | HALService | [IMU Node] Cannot open /dev/serial0: could not open port '/dev/serial0': FileNotFoundError(2, 'The system cannot find the path specified.', None, 3). Retrying in 5.0s...
2026-05-12 17:17:04.704 | ERROR    | HALService | [UM982] Start failed: could not open port '/dev/gnss_um982': FileNotFoundError(2, 'The system cannot find the path specified.', None, 3)
2026-05-12 17:17:04.704 | WARNING  | HALService | [GNSS Node] Cannot open /dev/gnss_um982: could not open port '/dev/gnss_um982': FileNotFoundError(2, 'The system cannot find the path specified.', None, 3). Retrying in 5.0s...
2026-05-12 17:17:09.643 | WARNING  | HALService | [IMU Node] Cannot open /dev/serial0: could not open port '/dev/serial0': FileNotFoundError(2, 'The system cannot find the path specified.', None, 3). Retrying in 5.0s...
2026-05-12 17:17:09.718 | ERROR    | HALService | [UM982] Start failed: could not open port '/dev/gnss_um982': FileNotFoundError(2, 'The system cannot find the path specified.', None, 3)
2026-05-12 17:17:09.720 | WARNING  | HALService | [GNSS Node] Cannot open /dev/gnss_um982: could not open port '/dev/gnss_um982': FileNotFoundError(2, 'The system cannot find the path specified.', None, 3). Retrying in 5.0s...
2026-05-12 17:17:14.644 | WARNING  | HALService | [IMU Node] Cannot open /dev/serial0: could not open port '/dev/serial0': FileNotFoundError(2, 'The system cannot find the path specified.', None, 3). Retrying in 5.0s...
2026-05-12 17:17:14.750 | ERROR    | HALService | [UM982] Start failed: could not open port '/dev/gnss_um982': FileNotFoundError(2, 'The system cannot find the path specified.', None, 3)
2026-05-12 17:17:14.751 | WARNING  | HALService | [GNSS Node] Cannot open /dev/gnss_um982: could not open port '/dev/gnss_um982': FileNotFoundError(2, 'The system cannot find the path specified.', None, 3). Retrying in 5.0s...
2026-05-12 17:17:19.648 | WARNING  | HALService | [IMU Node] Cannot open /dev/serial0: could not open port '/dev/serial0': FileNotFoundError(2, 'The system cannot find the path specified.', None, 3). Retrying in 5.0s...
2026-05-12 17:17:19.794 | ERROR    | HALService | [UM982] Start failed: could not open port '/dev/gnss_um982': FileNotFoundError(2, 'The system cannot find the path specified.', None, 3)
2026-05-12 17:17:19.797 | WARNING  | HALService | [GNSS Node] Cannot open /dev/gnss_um982: could not open port '/dev/gnss_um982': FileNotFoundError(2, 'The system cannot find the path specified.', None, 3). Retrying in 5.0s...
2026-05-12 17:17:24.649 | WARNING  | HALService | [IMU Node] Cannot open /dev/serial0: could not open port '/dev/serial0': FileNotFoundError(2, 'The system cannot find the path specified.', None, 3). Retrying in 5.0s...
2026-05-12 17:17:24.877 | ERROR    | HALService | [UM982] Start failed: could not open port '/dev/gnss_um982': FileNotFoundError(2, 'The system cannot find the path specified.', None, 3)
2026-05-12 17:17:24.879 | WARNING  | HALService | [GNSS Node] Cannot open /dev/gnss_um982: could not open port '/dev/gnss_um982': FileNotFoundError(2, 'The system cannot find the path specified.', None, 3). Retrying in 5.0s...
2026-05-12 17:17:26.947 | INFO     | CommsService | WebSocket client connected. Total: 1
2026-05-12 17:17:26.997 | INFO     | CommsService | Command received and published: CommandType.SET_GNC_CONFIG
2026-05-12 17:17:26.999 | INFO     | GNCService | GNC: Parameters updated: wn=3.0 zeta=2.0 wn_ref=3.0 zeta_ref=2.0 delta=5.0 gamma=0.0 tau_x=150.0
2026-05-12 17:17:27.006 | INFO     | ManagerService | Manager received command: CommandType.SET_GNC_CONFIG
2026-05-12 17:17:27.006 | INFO     | ManagerService | GNC config updated: wn=3.0 zeta=2.0 wn_ref=3.0 zeta_ref=2.0 delta=5.0 gamma=0.0 tau_x=150.0
2026-05-12 17:17:29.660 | WARNING  | HALService | [IMU Node] Cannot open /dev/serial0: could not open port '/dev/serial0': FileNotFoundError(2, 'The system cannot find the path specified.', None, 3). Retrying in 5.0s...
2026-05-12 17:17:30.008 | ERROR    | HALService | [UM982] Start failed: could not open port '/dev/gnss_um982': FileNotFoundError(2, 'The system cannot find the path specified.', None, 3)
2026-05-12 17:17:30.009 | WARNING  | HALService | [GNSS Node] Cannot open /dev/gnss_um982: could not open port '/dev/gnss_um982': FileNotFoundError(2, 'The system cannot find the path specified.', None, 3). Retrying in 5.0s...
2026-05-12 17:17:34.663 | WARNING  | HALService | [IMU Node] Cannot open /dev/serial0: could not open port '/dev/serial0': FileNotFoundError(2, 'The system cannot find the path specified.', None, 3). Retrying in 5.0s...
2026-05-12 17:17:35.138 | ERROR    | HALService | [UM982] Start failed: could not open port '/dev/gnss_um982': FileNotFoundError(2, 'The system cannot find the path specified.', None, 3)
2026-05-12 17:17:35.139 | WARNING  | HALService | [GNSS Node] Cannot open /dev/gnss_um982: could not open port '/dev/gnss_um982': FileNotFoundError(2, 'The system cannot find the path specified.', None, 3). Retrying in 5.0s...
2026-05-12 17:17:36.698 | INFO     | CommsService | Command received and published: CommandType.START_RT_SIM
2026-05-12 17:17:36.710 | INFO     | ManagerService | Manager received command: CommandType.START_RT_SIM
2026-05-12 17:17:36.731 | INFO     | GNCService | GNC: Starting RT simulation (Physics Engine Only)
2026-05-12 17:17:36.741 | INFO     | GNCService | GNC: RT simulation started
2026-05-12 17:17:36.753 | INFO     | HALService | HAL: Sensors MUTED (RT simulation active)
2026-05-12 17:17:36.811 | INFO     | ManagerService | Manager received command: CommandType.MUTE_SENSORS
2026-05-12 17:17:39.665 | WARNING  | HALService | [IMU Node] Cannot open /dev/serial0: could not open port '/dev/serial0': FileNotFoundError(2, 'The system cannot find the path specified.', None, 3). Retrying in 5.0s...
2026-05-12 17:17:40.198 | ERROR    | HALService | [UM982] Start failed: could not open port '/dev/gnss_um982': FileNotFoundError(2, 'The system cannot find the path specified.', None, 3)
2026-05-12 17:17:40.199 | WARNING  | HALService | [GNSS Node] Cannot open /dev/gnss_um982: could not open port '/dev/gnss_um982': FileNotFoundError(2, 'The system cannot find the path specified.', None, 3). Retrying in 5.0s...
2026-05-12 17:17:44.667 | WARNING  | HALService | [IMU Node] Cannot open /dev/serial0: could not open port '/dev/serial0': FileNotFoundError(2, 'The system cannot find the path specified.', None, 3). Retrying in 5.0s...
2026-05-12 17:17:45.303 | ERROR    | HALService | [UM982] Start failed: could not open port '/dev/gnss_um982': FileNotFoundError(2, 'The system cannot find the path specified.', None, 3)
2026-05-12 17:17:45.308 | WARNING  | HALService | [GNSS Node] Cannot open /dev/gnss_um982: could not open port '/dev/gnss_um982': FileNotFoundError(2, 'The system cannot find the path specified.', None, 3). Retrying in 5.0s...
2026-05-12 17:17:49.668 | WARNING  | HALService | [IMU Node] Cannot open /dev/serial0: could not open port '/dev/serial0': FileNotFoundError(2, 'The system cannot find the path specified.', None, 3). Retrying in 5.0s...
2026-05-12 17:17:50.335 | ERROR    | HALService | [UM982] Start failed: could not open port '/dev/gnss_um982': FileNotFoundError(2, 'The system cannot find the path specified.', None, 3)
2026-05-12 17:17:50.335 | WARNING  | HALService | [GNSS Node] Cannot open /dev/gnss_um982: could not open port '/dev/gnss_um982': FileNotFoundError(2, 'The system cannot find the path specified.', None, 3). Retrying in 5.0s...
2026-05-12 17:17:54.675 | WARNING  | HALService | [IMU Node] Cannot open /dev/serial0: could not open port '/dev/serial0': FileNotFoundError(2, 'The system cannot find the path specified.', None, 3). Retrying in 5.0s...
2026-05-12 17:17:55.367 | ERROR    | HALService | [UM982] Start failed: could not open port '/dev/gnss_um982': FileNotFoundError(2, 'The system cannot find the path specified.', None, 3)
2026-05-12 17:17:55.367 | WARNING  | HALService | [GNSS Node] Cannot open /dev/gnss_um982: could not open port '/dev/gnss_um982': FileNotFoundError(2, 'The system cannot find the path specified.', None, 3). Retrying in 5.0s...
2026-05-12 17:17:59.676 | WARNING  | HALService | [IMU Node] Cannot open /dev/serial0: could not open port '/dev/serial0': FileNotFoundError(2, 'The system cannot find the path specified.', None, 3). Retrying in 5.0s...
2026-05-12 17:18:00.408 | ERROR    | HALService | [UM982] Start failed: could not open port '/dev/gnss_um982': FileNotFoundError(2, 'The system cannot find the path specified.', None, 3)
2026-05-12 17:18:00.410 | WARNING  | HALService | [GNSS Node] Cannot open /dev/gnss_um982: could not open port '/dev/gnss_um982': FileNotFoundError(2, 'The system cannot find the path specified.', None, 3). Retrying in 5.0s...
2026-05-12 17:18:04.681 | WARNING  | HALService | [IMU Node] Cannot open /dev/serial0: could not open port '/dev/serial0': FileNotFoundError(2, 'The system cannot find the path specified.', None, 3). Retrying in 5.0s...
2026-05-12 17:18:05.495 | ERROR    | HALService | [UM982] Start failed: could not open port '/dev/gnss_um982': FileNotFoundError(2, 'The system cannot find the path specified.', None, 3)
2026-05-12 17:18:05.496 | WARNING  | HALService | [GNSS Node] Cannot open /dev/gnss_um982: could not open port '/dev/gnss_um982': FileNotFoundError(2, 'The system cannot find the path specified.', None, 3). Retrying in 5.0s...
2026-05-12 17:18:09.683 | WARNING  | HALService | [IMU Node] Cannot open /dev/serial0: could not open port '/dev/serial0': FileNotFoundError(2, 'The system cannot find the path specified.', None, 3). Retrying in 5.0s...
2026-05-12 17:18:10.601 | ERROR    | HALService | [UM982] Start failed: could not open port '/dev/gnss_um982': FileNotFoundError(2, 'The system cannot find the path specified.', None, 3)
2026-05-12 17:18:10.602 | WARNING  | HALService | [GNSS Node] Cannot open /dev/gnss_um982: could not open port '/dev/gnss_um982': FileNotFoundError(2, 'The system cannot find the path specified.', None, 3). Retrying in 5.0s...
2026-05-12 17:18:14.698 | WARNING  | HALService | [IMU Node] Cannot open /dev/serial0: could not open port '/dev/serial0': FileNotFoundError(2, 'The system cannot find the path specified.', None, 3). Retrying in 5.0s...
2026-05-12 17:18:15.715 | ERROR    | HALService | [UM982] Start failed: could not open port '/dev/gnss_um982': FileNotFoundError(2, 'The system cannot find the path specified.', None, 3)
2026-05-12 17:18:15.717 | WARNING  | HALService | [GNSS Node] Cannot open /dev/gnss_um982: could not open port '/dev/gnss_um982': FileNotFoundError(2, 'The system cannot find the path specified.', None, 3). Retrying in 5.0s...
2026-05-12 17:18:19.703 | WARNING  | HALService | [IMU Node] Cannot open /dev/serial0: could not open port '/dev/serial0': FileNotFoundError(2, 'The system cannot find the path specified.', None, 3). Retrying in 5.0s...
2026-05-12 17:18:20.900 | ERROR    | HALService | [UM982] Start failed: could not open port '/dev/gnss_um982': FileNotFoundError(2, 'The system cannot find the path specified.', None, 3)
2026-05-12 17:18:20.901 | WARNING  | HALService | [GNSS Node] Cannot open /dev/gnss_um982: could not open port '/dev/gnss_um982': FileNotFoundError(2, 'The system cannot find the path specified.', None, 3). Retrying in 5.0s...
2026-05-12 17:18:24.857 | WARNING  | HALService | [IMU Node] Cannot open /dev/serial0: could not open port '/dev/serial0': FileNotFoundError(2, 'The system cannot find the path specified.', None, 3). Retrying in 5.0s...
2026-05-12 17:18:26.022 | ERROR    | HALService | [UM982] Start failed: could not open port '/dev/gnss_um982': FileNotFoundError(2, 'The system cannot find the path specified.', None, 3)
2026-05-12 17:18:26.024 | WARNING  | HALService | [GNSS Node] Cannot open /dev/gnss_um982: could not open port '/dev/gnss_um982': FileNotFoundError(2, 'The system cannot find the path specified.', None, 3). Retrying in 5.0s...
2026-05-12 17:18:29.860 | WARNING  | HALService | [IMU Node] Cannot open /dev/serial0: could not open port '/dev/serial0': FileNotFoundError(2, 'The system cannot find the path specified.', None, 3). Retrying in 5.0s...
2026-05-12 17:18:31.152 | ERROR    | HALService | [UM982] Start failed: could not open port '/dev/gnss_um982': FileNotFoundError(2, 'The system cannot find the path specified.', None, 3)
2026-05-12 17:18:31.153 | WARNING  | HALService | [GNSS Node] Cannot open /dev/gnss_um982: could not open port '/dev/gnss_um982': FileNotFoundError(2, 'The system cannot find the path specified.', None, 3). Retrying in 5.0s...
2026-05-12 17:18:34.860 | WARNING  | HALService | [IMU Node] Cannot open /dev/serial0: could not open port '/dev/serial0': FileNotFoundError(2, 'The system cannot find the path specified.', None, 3). Retrying in 5.0s...
2026-05-12 17:18:36.185 | ERROR    | HALService | [UM982] Start failed: could not open port '/dev/gnss_um982': FileNotFoundError(2, 'The system cannot find the path specified.', None, 3)
2026-05-12 17:18:36.186 | WARNING  | HALService | [GNSS Node] Cannot open /dev/gnss_um982: could not open port '/dev/gnss_um982': FileNotFoundError(2, 'The system cannot find the path specified.', None, 3). Retrying in 5.0s...
2026-05-12 17:18:39.862 | WARNING  | HALService | [IMU Node] Cannot open /dev/serial0: could not open port '/dev/serial0': FileNotFoundError(2, 'The system cannot find the path specified.', None, 3). Retrying in 5.0s...
2026-05-12 17:18:41.210 | ERROR    | HALService | [UM982] Start failed: could not open port '/dev/gnss_um982': FileNotFoundError(2, 'The system cannot find the path specified.', None, 3)
2026-05-12 17:18:41.211 | WARNING  | HALService | [GNSS Node] Cannot open /dev/gnss_um982: could not open port '/dev/gnss_um982': FileNotFoundError(2, 'The system cannot find the path specified.', None, 3). Retrying in 5.0s...
2026-05-12 17:18:44.863 | WARNING  | HALService | [IMU Node] Cannot open /dev/serial0: could not open port '/dev/serial0': FileNotFoundError(2, 'The system cannot find the path specified.', None, 3). Retrying in 5.0s...
2026-05-12 17:18:46.231 | ERROR    | HALService | [UM982] Start failed: could not open port '/dev/gnss_um982': FileNotFoundError(2, 'The system cannot find the path specified.', None, 3)
2026-05-12 17:18:46.232 | WARNING  | HALService | [GNSS Node] Cannot open /dev/gnss_um982: could not open port '/dev/gnss_um982': FileNotFoundError(2, 'The system cannot find the path specified.', None, 3). Retrying in 5.0s...
2026-05-12 17:18:49.864 | WARNING  | HALService | [IMU Node] Cannot open /dev/serial0: could not open port '/dev/serial0': FileNotFoundError(2, 'The system cannot find the path specified.', None, 3). Retrying in 5.0s...
2026-05-12 17:18:51.246 | ERROR    | HALService | [UM982] Start failed: could not open port '/dev/gnss_um982': FileNotFoundError(2, 'The system cannot find the path specified.', None, 3)
2026-05-12 17:18:51.247 | WARNING  | HALService | [GNSS Node] Cannot open /dev/gnss_um982: could not open port '/dev/gnss_um982': FileNotFoundError(2, 'The system cannot find the path specified.', None, 3). Retrying in 5.0s...
2026-05-12 17:18:54.865 | WARNING  | HALService | [IMU Node] Cannot open /dev/serial0: could not open port '/dev/serial0': FileNotFoundError(2, 'The system cannot find the path specified.', None, 3). Retrying in 5.0s...
2026-05-12 17:18:56.261 | ERROR    | HALService | [UM982] Start failed: could not open port '/dev/gnss_um982': FileNotFoundError(2, 'The system cannot find the path specified.', None, 3)
2026-05-12 17:18:56.262 | WARNING  | HALService | [GNSS Node] Cannot open /dev/gnss_um982: could not open port '/dev/gnss_um982': FileNotFoundError(2, 'The system cannot find the path specified.', None, 3). Retrying in 5.0s...
2026-05-12 17:18:59.867 | WARNING  | HALService | [IMU Node] Cannot open /dev/serial0: could not open port '/dev/serial0': FileNotFoundError(2, 'The system cannot find the path specified.', None, 3). Retrying in 5.0s...
2026-05-12 17:19:01.278 | ERROR    | HALService | [UM982] Start failed: could not open port '/dev/gnss_um982': FileNotFoundError(2, 'The system cannot find the path specified.', None, 3)
2026-05-12 17:19:01.278 | WARNING  | HALService | [GNSS Node] Cannot open /dev/gnss_um982: could not open port '/dev/gnss_um982': FileNotFoundError(2, 'The system cannot find the path specified.', None, 3). Retrying in 5.0s...
2026-05-12 17:19:04.869 | WARNING  | HALService | [IMU Node] Cannot open /dev/serial0: could not open port '/dev/serial0': FileNotFoundError(2, 'The system cannot find the path specified.', None, 3). Retrying in 5.0s...
2026-05-12 17:19:06.296 | ERROR    | HALService | [UM982] Start failed: could not open port '/dev/gnss_um982': FileNotFoundError(2, 'The system cannot find the path specified.', None, 3)
2026-05-12 17:19:06.297 | WARNING  | HALService | [GNSS Node] Cannot open /dev/gnss_um982: could not open port '/dev/gnss_um982': FileNotFoundError(2, 'The system cannot find the path specified.', None, 3). Retrying in 5.0s...
2026-05-12 17:19:09.870 | WARNING  | HALService | [IMU Node] Cannot open /dev/serial0: could not open port '/dev/serial0': FileNotFoundError(2, 'The system cannot find the path specified.', None, 3). Retrying in 5.0s...
2026-05-12 17:19:11.320 | ERROR    | HALService | [UM982] Start failed: could not open port '/dev/gnss_um982': FileNotFoundError(2, 'The system cannot find the path specified.', None, 3)
2026-05-12 17:19:11.321 | WARNING  | HALService | [GNSS Node] Cannot open /dev/gnss_um982: could not open port '/dev/gnss_um982': FileNotFoundError(2, 'The system cannot find the path specified.', None, 3). Retrying in 5.0s...
2026-05-12 17:19:14.872 | WARNING  | HALService | [IMU Node] Cannot open /dev/serial0: could not open port '/dev/serial0': FileNotFoundError(2, 'The system cannot find the path specified.', None, 3). Retrying in 5.0s...
2026-05-12 17:19:16.335 | ERROR    | HALService | [UM982] Start failed: could not open port '/dev/gnss_um982': FileNotFoundError(2, 'The system cannot find the path specified.', None, 3)
2026-05-12 17:19:16.335 | WARNING  | HALService | [GNSS Node] Cannot open /dev/gnss_um982: could not open port '/dev/gnss_um982': FileNotFoundError(2, 'The system cannot find the path specified.', None, 3). Retrying in 5.0s...
2026-05-12 17:19:19.873 | WARNING  | HALService | [IMU Node] Cannot open /dev/serial0: could not open port '/dev/serial0': FileNotFoundError(2, 'The system cannot find the path specified.', None, 3). Retrying in 5.0s...
2026-05-12 17:19:21.347 | ERROR    | HALService | [UM982] Start failed: could not open port '/dev/gnss_um982': FileNotFoundError(2, 'The system cannot find the path specified.', None, 3)
2026-05-12 17:19:21.348 | WARNING  | HALService | [GNSS Node] Cannot open /dev/gnss_um982: could not open port '/dev/gnss_um982': FileNotFoundError(2, 'The system cannot find the path specified.', None, 3). Retrying in 5.0s...
2026-05-12 17:19:24.874 | WARNING  | HALService | [IMU Node] Cannot open /dev/serial0: could not open port '/dev/serial0': FileNotFoundError(2, 'The system cannot find the path specified.', None, 3). Retrying in 5.0s...
2026-05-12 17:19:26.380 | ERROR    | HALService | [UM982] Start failed: could not open port '/dev/gnss_um982': FileNotFoundError(2, 'The system cannot find the path specified.', None, 3)
2026-05-12 17:19:26.381 | WARNING  | HALService | [GNSS Node] Cannot open /dev/gnss_um982: could not open port '/dev/gnss_um982': FileNotFoundError(2, 'The system cannot find the path specified.', None, 3). Retrying in 5.0s...
2026-05-12 17:19:29.877 | WARNING  | HALService | [IMU Node] Cannot open /dev/serial0: could not open port '/dev/serial0': FileNotFoundError(2, 'The system cannot find the path specified.', None, 3). Retrying in 5.0s...
2026-05-12 17:19:31.410 | ERROR    | HALService | [UM982] Start failed: could not open port '/dev/gnss_um982': FileNotFoundError(2, 'The system cannot find the path specified.', None, 3)
2026-05-12 17:19:31.410 | WARNING  | HALService | [GNSS Node] Cannot open /dev/gnss_um982: could not open port '/dev/gnss_um982': FileNotFoundError(2, 'The system cannot find the path specified.', None, 3). Retrying in 5.0s...
2026-05-12 17:19:34.878 | WARNING  | HALService | [IMU Node] Cannot open /dev/serial0: could not open port '/dev/serial0': FileNotFoundError(2, 'The system cannot find the path specified.', None, 3). Retrying in 5.0s...
2026-05-12 17:19:36.424 | ERROR    | HALService | [UM982] Start failed: could not open port '/dev/gnss_um982': FileNotFoundError(2, 'The system cannot find the path specified.', None, 3)
2026-05-12 17:19:36.425 | WARNING  | HALService | [GNSS Node] Cannot open /dev/gnss_um982: could not open port '/dev/gnss_um982': FileNotFoundError(2, 'The system cannot find the path specified.', None, 3). Retrying in 5.0s...
2026-05-12 17:19:39.879 | WARNING  | HALService | [IMU Node] Cannot open /dev/serial0: could not open port '/dev/serial0': FileNotFoundError(2, 'The system cannot find the path specified.', None, 3). Retrying in 5.0s...
2026-05-12 17:19:41.478 | ERROR    | HALService | [UM982] Start failed: could not open port '/dev/gnss_um982': FileNotFoundError(2, 'The system cannot find the path specified.', None, 3)
2026-05-12 17:19:41.479 | WARNING  | HALService | [GNSS Node] Cannot open /dev/gnss_um982: could not open port '/dev/gnss_um982': FileNotFoundError(2, 'The system cannot find the path specified.', None, 3). Retrying in 5.0s...
2026-05-12 17:19:44.881 | WARNING  | HALService | [IMU Node] Cannot open /dev/serial0: could not open port '/dev/serial0': FileNotFoundError(2, 'The system cannot find the path specified.', None, 3). Retrying in 5.0s...
2026-05-12 17:19:46.505 | ERROR    | HALService | [UM982] Start failed: could not open port '/dev/gnss_um982': FileNotFoundError(2, 'The system cannot find the path specified.', None, 3)
2026-05-12 17:19:46.506 | WARNING  | HALService | [GNSS Node] Cannot open /dev/gnss_um982: could not open port '/dev/gnss_um982': FileNotFoundError(2, 'The system cannot find the path specified.', None, 3). Retrying in 5.0s...
2026-05-12 17:19:49.883 | WARNING  | HALService | [IMU Node] Cannot open /dev/serial0: could not open port '/dev/serial0': FileNotFoundError(2, 'The system cannot find the path specified.', None, 3). Retrying in 5.0s...
2026-05-12 17:19:51.524 | ERROR    | HALService | [UM982] Start failed: could not open port '/dev/gnss_um982': FileNotFoundError(2, 'The system cannot find the path specified.', None, 3)
2026-05-12 17:19:51.525 | WARNING  | HALService | [GNSS Node] Cannot open /dev/gnss_um982: could not open port '/dev/gnss_um982': FileNotFoundError(2, 'The system cannot find the path specified.', None, 3). Retrying in 5.0s...
2026-05-12 17:19:54.885 | WARNING  | HALService | [IMU Node] Cannot open /dev/serial0: could not open port '/dev/serial0': FileNotFoundError(2, 'The system cannot find the path specified.', None, 3). Retrying in 5.0s...
2026-05-12 17:19:56.543 | ERROR    | HALService | [UM982] Start failed: could not open port '/dev/gnss_um982': FileNotFoundError(2, 'The system cannot find the path specified.', None, 3)
2026-05-12 17:19:56.544 | WARNING  | HALService | [GNSS Node] Cannot open /dev/gnss_um982: could not open port '/dev/gnss_um982': FileNotFoundError(2, 'The system cannot find the path specified.', None, 3). Retrying in 5.0s...
2026-05-12 17:19:59.887 | WARNING  | HALService | [IMU Node] Cannot open /dev/serial0: could not open port '/dev/serial0': FileNotFoundError(2, 'The system cannot find the path specified.', None, 3). Retrying in 5.0s...
2026-05-12 17:20:01.566 | ERROR    | HALService | [UM982] Start failed: could not open port '/dev/gnss_um982': FileNotFoundError(2, 'The system cannot find the path specified.', None, 3)
2026-05-12 17:20:01.566 | WARNING  | HALService | [GNSS Node] Cannot open /dev/gnss_um982: could not open port '/dev/gnss_um982': FileNotFoundError(2, 'The system cannot find the path specified.', None, 3). Retrying in 5.0s...
2026-05-12 17:20:04.888 | WARNING  | HALService | [IMU Node] Cannot open /dev/serial0: could not open port '/dev/serial0': FileNotFoundError(2, 'The system cannot find the path specified.', None, 3). Retrying in 5.0s...
2026-05-12 17:20:06.607 | ERROR    | HALService | [UM982] Start failed: could not open port '/dev/gnss_um982': FileNotFoundError(2, 'The system cannot find the path specified.', None, 3)
2026-05-12 17:20:06.608 | WARNING  | HALService | [GNSS Node] Cannot open /dev/gnss_um982: could not open port '/dev/gnss_um982': FileNotFoundError(2, 'The system cannot find the path specified.', None, 3). Retrying in 5.0s...
2026-05-12 17:20:09.890 | WARNING  | HALService | [IMU Node] Cannot open /dev/serial0: could not open port '/dev/serial0': FileNotFoundError(2, 'The system cannot find the path specified.', None, 3). Retrying in 5.0s...
2026-05-12 17:20:11.622 | ERROR    | HALService | [UM982] Start failed: could not open port '/dev/gnss_um982': FileNotFoundError(2, 'The system cannot find the path specified.', None, 3)
2026-05-12 17:20:11.622 | WARNING  | HALService | [GNSS Node] Cannot open /dev/gnss_um982: could not open port '/dev/gnss_um982': FileNotFoundError(2, 'The system cannot find the path specified.', None, 3). Retrying in 5.0s...
2026-05-12 17:20:14.891 | WARNING  | HALService | [IMU Node] Cannot open /dev/serial0: could not open port '/dev/serial0': FileNotFoundError(2, 'The system cannot find the path specified.', None, 3). Retrying in 5.0s...
2026-05-12 17:20:16.637 | ERROR    | HALService | [UM982] Start failed: could not open port '/dev/gnss_um982': FileNotFoundError(2, 'The system cannot find the path specified.', None, 3)
2026-05-12 17:20:16.638 | WARNING  | HALService | [GNSS Node] Cannot open /dev/gnss_um982: could not open port '/dev/gnss_um982': FileNotFoundError(2, 'The system cannot find the path specified.', None, 3). Retrying in 5.0s...
2026-05-12 17:20:19.893 | WARNING  | HALService | [IMU Node] Cannot open /dev/serial0: could not open port '/dev/serial0': FileNotFoundError(2, 'The system cannot find the path specified.', None, 3). Retrying in 5.0s...
2026-05-12 17:20:21.652 | ERROR    | HALService | [UM982] Start failed: could not open port '/dev/gnss_um982': FileNotFoundError(2, 'The system cannot find the path specified.', None, 3)
2026-05-12 17:20:21.653 | WARNING  | HALService | [GNSS Node] Cannot open /dev/gnss_um982: could not open port '/dev/gnss_um982': FileNotFoundError(2, 'The system cannot find the path specified.', None, 3). Retrying in 5.0s...
2026-05-12 17:20:24.895 | WARNING  | HALService | [IMU Node] Cannot open /dev/serial0: could not open port '/dev/serial0': FileNotFoundError(2, 'The system cannot find the path specified.', None, 3). Retrying in 5.0s...
2026-05-12 17:20:26.666 | ERROR    | HALService | [UM982] Start failed: could not open port '/dev/gnss_um982': FileNotFoundError(2, 'The system cannot find the path specified.', None, 3)
2026-05-12 17:20:26.667 | WARNING  | HALService | [GNSS Node] Cannot open /dev/gnss_um982: could not open port '/dev/gnss_um982': FileNotFoundError(2, 'The system cannot find the path specified.', None, 3). Retrying in 5.0s...
2026-05-12 17:20:29.897 | WARNING  | HALService | [IMU Node] Cannot open /dev/serial0: could not open port '/dev/serial0': FileNotFoundError(2, 'The system cannot find the path specified.', None, 3). Retrying in 5.0s...
2026-05-12 17:20:31.698 | ERROR    | HALService | [UM982] Start failed: could not open port '/dev/gnss_um982': FileNotFoundError(2, 'The system cannot find the path specified.', None, 3)
2026-05-12 17:20:31.699 | WARNING  | HALService | [GNSS Node] Cannot open /dev/gnss_um982: could not open port '/dev/gnss_um982': FileNotFoundError(2, 'The system cannot find the path specified.', None, 3). Retrying in 5.0s...
2026-05-12 17:20:34.898 | WARNING  | HALService | [IMU Node] Cannot open /dev/serial0: could not open port '/dev/serial0': FileNotFoundError(2, 'The system cannot find the path specified.', None, 3). Retrying in 5.0s...
2026-05-12 17:20:36.715 | ERROR    | HALService | [UM982] Start failed: could not open port '/dev/gnss_um982': FileNotFoundError(2, 'The system cannot find the path specified.', None, 3)
2026-05-12 17:20:36.716 | WARNING  | HALService | [GNSS Node] Cannot open /dev/gnss_um982: could not open port '/dev/gnss_um982': FileNotFoundError(2, 'The system cannot find the path specified.', None, 3). Retrying in 5.0s...
2026-05-12 17:20:39.899 | WARNING  | HALService | [IMU Node] Cannot open /dev/serial0: could not open port '/dev/serial0': FileNotFoundError(2, 'The system cannot find the path specified.', None, 3). Retrying in 5.0s...
2026-05-12 17:20:41.734 | ERROR    | HALService | [UM982] Start failed: could not open port '/dev/gnss_um982': FileNotFoundError(2, 'The system cannot find the path specified.', None, 3)
2026-05-12 17:20:41.735 | WARNING  | HALService | [GNSS Node] Cannot open /dev/gnss_um982: could not open port '/dev/gnss_um982': FileNotFoundError(2, 'The system cannot find the path specified.', None, 3). Retrying in 5.0s...
2026-05-12 17:20:44.910 | WARNING  | HALService | [IMU Node] Cannot open /dev/serial0: could not open port '/dev/serial0': FileNotFoundError(2, 'The system cannot find the path specified.', None, 3). Retrying in 5.0s...
2026-05-12 17:20:46.933 | ERROR    | HALService | [UM982] Start failed: could not open port '/dev/gnss_um982': FileNotFoundError(2, 'The system cannot find the path specified.', None, 3)
2026-05-12 17:20:46.933 | WARNING  | HALService | [GNSS Node] Cannot open /dev/gnss_um982: could not open port '/dev/gnss_um982': FileNotFoundError(2, 'The system cannot find the path specified.', None, 3). Retrying in 5.0s...
2026-05-12 17:20:47.297 | INFO     | CommsService | Command received and published: CommandType.STOP_RT_SIM
2026-05-12 17:20:47.329 | INFO     | ManagerService | Manager received command: CommandType.STOP_RT_SIM
2026-05-12 17:20:47.338 | INFO     | GNCService | GNC: RT simulation stopped after 184.5s
2026-05-12 17:20:47.342 | INFO     | HALService | HAL: Sensors UNMUTED
2026-05-12 17:20:47.430 | INFO     | ManagerService | Manager received command: CommandType.UNMUTE_SENSORS
2026-05-12 17:20:49.917 | WARNING  | HALService | [IMU Node] Cannot open /dev/serial0: could not open port '/dev/serial0': FileNotFoundError(2, 'The system cannot find the path specified.', None, 3). Retrying in 5.0s...
2026-05-12 17:20:52.113 | ERROR    | HALService | [UM982] Start failed: could not open port '/dev/gnss_um982': FileNotFoundError(2, 'The system cannot find the path specified.', None, 3)
2026-05-12 17:20:52.116 | WARNING  | HALService | [GNSS Node] Cannot open /dev/gnss_um982: could not open port '/dev/gnss_um982': FileNotFoundError(2, 'The system cannot find the path specified.', None, 3). Retrying in 5.0s...
2026-05-12 17:20:54.920 | WARNING  | HALService | [IMU Node] Cannot open /dev/serial0: could not open port '/dev/serial0': FileNotFoundError(2, 'The system cannot find the path specified.', None, 3). Retrying in 5.0s...
2026-05-12 17:20:57.252 | ERROR    | HALService | [UM982] Start failed: could not open port '/dev/gnss_um982': FileNotFoundError(2, 'The system cannot find the path specified.', None, 3)
2026-05-12 17:20:57.254 | WARNING  | HALService | [GNSS Node] Cannot open /dev/gnss_um982: could not open port '/dev/gnss_um982': FileNotFoundError(2, 'The system cannot find the path specified.', None, 3). Retrying in 5.0s...
2026-05-12 17:20:59.922 | WARNING  | HALService | [IMU Node] Cannot open /dev/serial0: could not open port '/dev/serial0': FileNotFoundError(2, 'The system cannot find the path specified.', None, 3). Retrying in 5.0s...
2026-05-12 17:21:02.352 | ERROR    | HALService | [UM982] Start failed: could not open port '/dev/gnss_um982': FileNotFoundError(2, 'The system cannot find the path specified.', None, 3)
2026-05-12 17:21:02.354 | WARNING  | HALService | [GNSS Node] Cannot open /dev/gnss_um982: could not open port '/dev/gnss_um982': FileNotFoundError(2, 'The system cannot find the path specified.', None, 3). Retrying in 5.0s...
2026-05-12 17:21:04.924 | WARNING  | HALService | [IMU Node] Cannot open /dev/serial0: could not open port '/dev/serial0': FileNotFoundError(2, 'The system cannot find the path specified.', None, 3). Retrying in 5.0s...
2026-05-12 17:21:07.538 | ERROR    | HALService | [UM982] Start failed: could not open port '/dev/gnss_um982': FileNotFoundError(2, 'The system cannot find the path specified.', None, 3)
2026-05-12 17:21:07.539 | WARNING  | HALService | [GNSS Node] Cannot open /dev/gnss_um982: could not open port '/dev/gnss_um982': FileNotFoundError(2, 'The system cannot find the path specified.', None, 3). Retrying in 5.0s...
2026-05-12 17:21:09.926 | WARNING  | HALService | [IMU Node] Cannot open /dev/serial0: could not open port '/dev/serial0': FileNotFoundError(2, 'The system cannot find the path specified.', None, 3). Retrying in 5.0s...
2026-05-12 17:21:12.697 | ERROR    | HALService | [UM982] Start failed: could not open port '/dev/gnss_um982': FileNotFoundError(2, 'The system cannot find the path specified.', None, 3)
2026-05-12 17:21:12.698 | WARNING  | HALService | [GNSS Node] Cannot open /dev/gnss_um982: could not open port '/dev/gnss_um982': FileNotFoundError(2, 'The system cannot find the path specified.', None, 3). Retrying in 5.0s...
2026-05-12 17:21:13.292 | INFO     | CommsService | WebSocket client disconnected. Total: 0
2026-05-12 17:21:13.701 | INFO     | CommsService | WebSocket client connected. Total: 1
2026-05-12 17:21:13.741 | INFO     | CommsService | Command received and published: CommandType.SET_GNC_CONFIG
2026-05-12 17:21:13.787 | INFO     | GNCService | GNC: Parameters updated: wn=3.0 zeta=2.0 wn_ref=3.0 zeta_ref=2.0 delta=5.0 gamma=0.0 tau_x=150.0
2026-05-12 17:21:13.831 | INFO     | ManagerService | Manager received command: CommandType.SET_GNC_CONFIG
2026-05-12 17:21:13.832 | INFO     | ManagerService | GNC config updated: wn=3.0 zeta=2.0 wn_ref=3.0 zeta_ref=2.0 delta=5.0 gamma=0.0 tau_x=150.0
2026-05-12 17:21:14.928 | WARNING  | HALService | [IMU Node] Cannot open /dev/serial0: could not open port '/dev/serial0': FileNotFoundError(2, 'The system cannot find the path specified.', None, 3). Retrying in 5.0s...
2026-05-12 17:21:17.793 | ERROR    | HALService | [UM982] Start failed: could not open port '/dev/gnss_um982': FileNotFoundError(2, 'The system cannot find the path specified.', None, 3)
2026-05-12 17:21:17.794 | WARNING  | HALService | [GNSS Node] Cannot open /dev/gnss_um982: could not open port '/dev/gnss_um982': FileNotFoundError(2, 'The system cannot find the path specified.', None, 3). Retrying in 5.0s...
2026-05-12 17:21:19.931 | WARNING  | HALService | [IMU Node] Cannot open /dev/serial0: could not open port '/dev/serial0': FileNotFoundError(2, 'The system cannot find the path specified.', None, 3). Retrying in 5.0s...
2026-05-12 17:21:22.898 | ERROR    | HALService | [UM982] Start failed: could not open port '/dev/gnss_um982': FileNotFoundError(2, 'The system cannot find the path specified.', None, 3)
2026-05-12 17:21:22.899 | WARNING  | HALService | [GNSS Node] Cannot open /dev/gnss_um982: could not open port '/dev/gnss_um982': FileNotFoundError(2, 'The system cannot find the path specified.', None, 3). Retrying in 5.0s...
2026-05-12 17:21:24.932 | WARNING  | HALService | [IMU Node] Cannot open /dev/serial0: could not open port '/dev/serial0': FileNotFoundError(2, 'The system cannot find the path specified.', None, 3). Retrying in 5.0s...
2026-05-12 17:21:28.027 | ERROR    | HALService | [UM982] Start failed: could not open port '/dev/gnss_um982': FileNotFoundError(2, 'The system cannot find the path specified.', None, 3)
2026-05-12 17:21:28.028 | WARNING  | HALService | [GNSS Node] Cannot open /dev/gnss_um982: could not open port '/dev/gnss_um982': FileNotFoundError(2, 'The system cannot find the path specified.', None, 3). Retrying in 5.0s...
2026-05-12 17:21:29.946 | WARNING  | HALService | [IMU Node] Cannot open /dev/serial0: could not open port '/dev/serial0': FileNotFoundError(2, 'The system cannot find the path specified.', None, 3). Retrying in 5.0s...
2026-05-12 17:21:33.166 | ERROR    | HALService | [UM982] Start failed: could not open port '/dev/gnss_um982': FileNotFoundError(2, 'The system cannot find the path specified.', None, 3)
2026-05-12 17:21:33.167 | WARNING  | HALService | [GNSS Node] Cannot open /dev/gnss_um982: could not open port '/dev/gnss_um982': FileNotFoundError(2, 'The system cannot find the path specified.', None, 3). Retrying in 5.0s...
2026-05-12 17:21:34.948 | WARNING  | HALService | [IMU Node] Cannot open /dev/serial0: could not open port '/dev/serial0': FileNotFoundError(2, 'The system cannot find the path specified.', None, 3). Retrying in 5.0s...
2026-05-12 17:21:38.253 | ERROR    | HALService | [UM982] Start failed: could not open port '/dev/gnss_um982': FileNotFoundError(2, 'The system cannot find the path specified.', None, 3)
2026-05-12 17:21:38.253 | WARNING  | HALService | [GNSS Node] Cannot open /dev/gnss_um982: could not open port '/dev/gnss_um982': FileNotFoundError(2, 'The system cannot find the path specified.', None, 3). Retrying in 5.0s...
2026-05-12 17:21:39.950 | WARNING  | HALService | [IMU Node] Cannot open /dev/serial0: could not open port '/dev/serial0': FileNotFoundError(2, 'The system cannot find the path specified.', None, 3). Retrying in 5.0s...
2026-05-12 17:21:43.346 | ERROR    | HALService | [UM982] Start failed: could not open port '/dev/gnss_um982': FileNotFoundError(2, 'The system cannot find the path specified.', None, 3)
2026-05-12 17:21:43.347 | WARNING  | HALService | [GNSS Node] Cannot open /dev/gnss_um982: could not open port '/dev/gnss_um982': FileNotFoundError(2, 'The system cannot find the path specified.', None, 3). Retrying in 5.0s...
2026-05-12 17:21:44.959 | WARNING  | HALService | [IMU Node] Cannot open /dev/serial0: could not open port '/dev/serial0': FileNotFoundError(2, 'The system cannot find the path specified.', None, 3). Retrying in 5.0s...
2026-05-12 17:21:48.398 | ERROR    | HALService | [UM982] Start failed: could not open port '/dev/gnss_um982': FileNotFoundError(2, 'The system cannot find the path specified.', None, 3)
2026-05-12 17:21:48.399 | WARNING  | HALService | [GNSS Node] Cannot open /dev/gnss_um982: could not open port '/dev/gnss_um982': FileNotFoundError(2, 'The system cannot find the path specified.', None, 3). Retrying in 5.0s...
2026-05-12 17:21:49.966 | WARNING  | HALService | [IMU Node] Cannot open /dev/serial0: could not open port '/dev/serial0': FileNotFoundError(2, 'The system cannot find the path specified.', None, 3). Retrying in 5.0s...
2026-05-12 17:21:53.467 | ERROR    | HALService | [UM982] Start failed: could not open port '/dev/gnss_um982': FileNotFoundError(2, 'The system cannot find the path specified.', None, 3)
2026-05-12 17:21:53.472 | WARNING  | HALService | [GNSS Node] Cannot open /dev/gnss_um982: could not open port '/dev/gnss_um982': FileNotFoundError(2, 'The system cannot find the path specified.', None, 3). Retrying in 5.0s...
2026-05-12 17:21:54.967 | WARNING  | HALService | [IMU Node] Cannot open /dev/serial0: could not open port '/dev/serial0': FileNotFoundError(2, 'The system cannot find the path specified.', None, 3). Retrying in 5.0s...
2026-05-12 17:21:58.534 | ERROR    | HALService | [UM982] Start failed: could not open port '/dev/gnss_um982': FileNotFoundError(2, 'The system cannot find the path specified.', None, 3)
2026-05-12 17:21:58.536 | WARNING  | HALService | [GNSS Node] Cannot open /dev/gnss_um982: could not open port '/dev/gnss_um982': FileNotFoundError(2, 'The system cannot find the path specified.', None, 3). Retrying in 5.0s...
2026-05-12 17:21:59.969 | WARNING  | HALService | [IMU Node] Cannot open /dev/serial0: could not open port '/dev/serial0': FileNotFoundError(2, 'The system cannot find the path specified.', None, 3). Retrying in 5.0s...
2026-05-12 17:22:03.651 | ERROR    | HALService | [UM982] Start failed: could not open port '/dev/gnss_um982': FileNotFoundError(2, 'The system cannot find the path specified.', None, 3)
2026-05-12 17:22:03.651 | WARNING  | HALService | [GNSS Node] Cannot open /dev/gnss_um982: could not open port '/dev/gnss_um982': FileNotFoundError(2, 'The system cannot find the path specified.', None, 3). Retrying in 5.0s...
2026-05-12 17:22:04.979 | WARNING  | HALService | [IMU Node] Cannot open /dev/serial0: could not open port '/dev/serial0': FileNotFoundError(2, 'The system cannot find the path specified.', None, 3). Retrying in 5.0s...
2026-05-12 17:22:08.730 | ERROR    | HALService | [UM982] Start failed: could not open port '/dev/gnss_um982': FileNotFoundError(2, 'The system cannot find the path specified.', None, 3)
2026-05-12 17:22:08.730 | WARNING  | HALService | [GNSS Node] Cannot open /dev/gnss_um982: could not open port '/dev/gnss_um982': FileNotFoundError(2, 'The system cannot find the path specified.', None, 3). Retrying in 5.0s...
2026-05-12 17:22:09.981 | WARNING  | HALService | [IMU Node] Cannot open /dev/serial0: could not open port '/dev/serial0': FileNotFoundError(2, 'The system cannot find the path specified.', None, 3). Retrying in 5.0s...
2026-05-12 17:22:13.818 | ERROR    | HALService | [UM982] Start failed: could not open port '/dev/gnss_um982': FileNotFoundError(2, 'The system cannot find the path specified.', None, 3)
2026-05-12 17:22:13.818 | WARNING  | HALService | [GNSS Node] Cannot open /dev/gnss_um982: could not open port '/dev/gnss_um982': FileNotFoundError(2, 'The system cannot find the path specified.', None, 3). Retrying in 5.0s...
2026-05-12 17:22:14.983 | WARNING  | HALService | [IMU Node] Cannot open /dev/serial0: could not open port '/dev/serial0': FileNotFoundError(2, 'The system cannot find the path specified.', None, 3). Retrying in 5.0s...
2026-05-12 17:22:18.929 | ERROR    | HALService | [UM982] Start failed: could not open port '/dev/gnss_um982': FileNotFoundError(2, 'The system cannot find the path specified.', None, 3)
2026-05-12 17:22:18.938 | WARNING  | HALService | [GNSS Node] Cannot open /dev/gnss_um982: could not open port '/dev/gnss_um982': FileNotFoundError(2, 'The system cannot find the path specified.', None, 3). Retrying in 5.0s...
2026-05-12 17:22:20.016 | WARNING  | HALService | [IMU Node] Cannot open /dev/serial0: could not open port '/dev/serial0': FileNotFoundError(2, 'The system cannot find the path specified.', None, 3). Retrying in 5.0s...
2026-05-12 17:22:24.107 | ERROR    | HALService | [UM982] Start failed: could not open port '/dev/gnss_um982': FileNotFoundError(2, 'The system cannot find the path specified.', None, 3)
2026-05-12 17:22:24.107 | WARNING  | HALService | [GNSS Node] Cannot open /dev/gnss_um982: could not open port '/dev/gnss_um982': FileNotFoundError(2, 'The system cannot find the path specified.', None, 3). Retrying in 5.0s...
2026-05-12 17:22:25.022 | WARNING  | HALService | [IMU Node] Cannot open /dev/serial0: could not open port '/dev/serial0': FileNotFoundError(2, 'The system cannot find the path specified.', None, 3). Retrying in 5.0s...
2026-05-12 17:22:29.169 | ERROR    | HALService | [UM982] Start failed: could not open port '/dev/gnss_um982': FileNotFoundError(2, 'The system cannot find the path specified.', None, 3)
2026-05-12 17:22:29.170 | WARNING  | HALService | [GNSS Node] Cannot open /dev/gnss_um982: could not open port '/dev/gnss_um982': FileNotFoundError(2, 'The system cannot find the path specified.', None, 3). Retrying in 5.0s...
2026-05-12 17:22:30.024 | WARNING  | HALService | [IMU Node] Cannot open /dev/serial0: could not open port '/dev/serial0': FileNotFoundError(2, 'The system cannot find the path specified.', None, 3). Retrying in 5.0s...
2026-05-12 17:22:34.278 | ERROR    | HALService | [UM982] Start failed: could not open port '/dev/gnss_um982': FileNotFoundError(2, 'The system cannot find the path specified.', None, 3)
2026-05-12 17:22:34.281 | WARNING  | HALService | [GNSS Node] Cannot open /dev/gnss_um982: could not open port '/dev/gnss_um982': FileNotFoundError(2, 'The system cannot find the path specified.', None, 3). Retrying in 5.0s...
2026-05-12 17:22:35.029 | WARNING  | HALService | [IMU Node] Cannot open /dev/serial0: could not open port '/dev/serial0': FileNotFoundError(2, 'The system cannot find the path specified.', None, 3). Retrying in 5.0s...
2026-05-12 17:22:39.481 | ERROR    | HALService | [UM982] Start failed: could not open port '/dev/gnss_um982': FileNotFoundError(2, 'The system cannot find the path specified.', None, 3)
2026-05-12 17:22:39.482 | WARNING  | HALService | [GNSS Node] Cannot open /dev/gnss_um982: could not open port '/dev/gnss_um982': FileNotFoundError(2, 'The system cannot find the path specified.', None, 3). Retrying in 5.0s...
2026-05-12 17:22:40.031 | WARNING  | HALService | [IMU Node] Cannot open /dev/serial0: could not open port '/dev/serial0': FileNotFoundError(2, 'The system cannot find the path specified.', None, 3). Retrying in 5.0s...
2026-05-12 17:22:44.661 | ERROR    | HALService | [UM982] Start failed: could not open port '/dev/gnss_um982': FileNotFoundError(2, 'The system cannot find the path specified.', None, 3)
2026-05-12 17:22:44.662 | WARNING  | HALService | [GNSS Node] Cannot open /dev/gnss_um982: could not open port '/dev/gnss_um982': FileNotFoundError(2, 'The system cannot find the path specified.', None, 3). Retrying in 5.0s...
2026-05-12 17:22:45.041 | WARNING  | HALService | [IMU Node] Cannot open /dev/serial0: could not open port '/dev/serial0': FileNotFoundError(2, 'The system cannot find the path specified.', None, 3). Retrying in 5.0s...
2026-05-12 17:22:49.754 | ERROR    | HALService | [UM982] Start failed: could not open port '/dev/gnss_um982': FileNotFoundError(2, 'The system cannot find the path specified.', None, 3)
2026-05-12 17:22:49.755 | WARNING  | HALService | [GNSS Node] Cannot open /dev/gnss_um982: could not open port '/dev/gnss_um982': FileNotFoundError(2, 'The system cannot find the path specified.', None, 3). Retrying in 5.0s...
2026-05-12 17:22:50.042 | WARNING  | HALService | [IMU Node] Cannot open /dev/serial0: could not open port '/dev/serial0': FileNotFoundError(2, 'The system cannot find the path specified.', None, 3). Retrying in 5.0s...
2026-05-12 17:22:54.897 | ERROR    | HALService | [UM982] Start failed: could not open port '/dev/gnss_um982': FileNotFoundError(2, 'The system cannot find the path specified.', None, 3)
2026-05-12 17:22:54.898 | WARNING  | HALService | [GNSS Node] Cannot open /dev/gnss_um982: could not open port '/dev/gnss_um982': FileNotFoundError(2, 'The system cannot find the path specified.', None, 3). Retrying in 5.0s...
2026-05-12 17:22:55.043 | WARNING  | HALService | [IMU Node] Cannot open /dev/serial0: could not open port '/dev/serial0': FileNotFoundError(2, 'The system cannot find the path specified.', None, 3). Retrying in 5.0s...
2026-05-12 17:22:57.050 | INFO     | ManagerService | Process ManagerService received signal 2. Stopping...
2026-05-12 17:22:57.050 | INFO     | HALService | Process HALService received signal 2. Stopping...
2026-05-12 17:22:57.051 | INFO     | NavigationService | Process NavigationService received signal 2. Stopping...
2026-05-12 17:22:57.051 | INFO     | GNCService | Process GNCService received signal 2. Stopping...
2026-05-12 17:22:57.052 | WARNING  | MAIN | Main process received KeyboardInterrupt. Stopping services...
2026-05-12 17:22:57.057 | INFO     | HALService | Process HALService stopped.
2026-05-12 17:22:57.063 | INFO     | ManagerService | Process ManagerService stopped.
2026-05-12 17:22:57.100 | INFO     | NavigationService | Process NavigationService stopped.
2026-05-12 17:22:57.101 | INFO     | GNCService | Process GNCService stopped.
2026-05-12 17:22:57.150 | INFO     | CommsService | WebSocket client disconnected. Total: 0
2026-05-12 17:22:57.262 | INFO     | CommsService | ZMQ Consumer task cancelled
2026-05-12 17:22:57.265 | INFO     | CommsService | Stopping MAVLink Bridge...
2026-05-12 17:22:57.275 | INFO     | CommsService | MAVLink bridge stopped.
2026-05-12 17:22:57.378 | SUCCESS  | MAIN | All services stopped. Exiting.
2026-05-12 17:42:17.530 | INFO     | MAIN | Starting USV Control System
2026-05-12 17:42:17.531 | INFO     | MAIN | Mode: SIMULATION
2026-05-12 17:42:18.583 | INFO     | BROKER | Broker started. Publishers -> :5555 | Subscribers <- :5556
2026-05-12 17:42:18.557 | INFO     | HALService | Process HALService starting...
2026-05-12 17:42:18.587 | INFO     | NavigationService | Process NavigationService starting...
2026-05-12 17:42:18.582 | INFO     | CommsService | Starting MAVLink Bridge thread...
2026-05-12 17:42:18.586 | INFO     | HALService | [GNSS Node] Publisher connected to ZMQ Bus: tcp://127.0.0.1:5555
2026-05-12 17:42:18.589 | INFO     | CommsService | Starting Web Server on port 8000
2026-05-12 17:42:18.589 | INFO     | HALService | [GNSS Node] Subscriber connected to tcp://127.0.0.1:5556 for commands
2026-05-12 17:42:18.591 | INFO     | CommsService | MAVLink bridge sending to udpout:127.0.0.1:14550
2026-05-12 17:42:18.590 | INFO     | HALService | [GNSS Node] Starting (with auto-retry)...
2026-05-12 17:42:18.590 | INFO     | HALService | GNSS Node (UM982) started on /dev/gnss_um982
2026-05-12 17:42:18.596 | INFO     | HALService | [IMU Node] Publisher connected to ZMQ Bus: tcp://127.0.0.1:5555
2026-05-12 17:42:18.596 | ERROR    | HALService | [UM982] Start failed: could not open port '/dev/gnss_um982': FileNotFoundError(2, 'The system cannot find the path specified.', None, 3)
2026-05-12 17:42:18.587 | INFO     | ManagerService | Process ManagerService starting...
2026-05-12 17:42:18.598 | INFO     | HALService | [IMU Node] Starting (with auto-retry)...
2026-05-12 17:42:18.598 | INFO     | HALService | IMU Node started on /dev/serial0
2026-05-12 17:42:18.604 | INFO     | HALService | [Power Node] Publisher connected to ZMQ Bus: tcp://127.0.0.1:5555
2026-05-12 17:42:18.598 | WARNING  | HALService | [GNSS Node] Cannot open /dev/gnss_um982: could not open port '/dev/gnss_um982': FileNotFoundError(2, 'The system cannot find the path specified.', None, 3). Retrying in 5.0s...
2026-05-12 17:42:18.604 | WARNING  | HALService | [IMU Node] Cannot open /dev/serial0: could not open port '/dev/serial0': FileNotFoundError(2, 'The system cannot find the path specified.', None, 3). Retrying in 5.0s...
2026-05-12 17:42:18.606 | INFO     | HALService | [Power Node] Subscriber connected to tcp://127.0.0.1:5556 for commands
2026-05-12 17:42:18.607 | INFO     | HALService | [Power Node] Starting (with auto-retry)...
2026-05-12 17:42:18.607 | INFO     | HALService | Power Node (PZEM-017) started on /dev/power_pzem
2026-05-12 17:42:18.608 | INFO     | HALService | Process HALService entering loop at 50.0 Hz
2026-05-12 17:42:18.609 | WARNING  | HALService | [Power Node] Cannot open /dev/power_pzem: could not open port '/dev/power_pzem': FileNotFoundError(2, 'The system cannot find the path specified.', None, 3). Retrying...
2026-05-12 17:42:18.589 | INFO     | GNCService | Process GNCService starting...
2026-05-12 17:42:18.636 | INFO     | CommsService | Starting Web Server...
2026-05-12 17:42:18.707 | INFO     | NavigationService | Navigation Process initialized (passthrough mode)
2026-05-12 17:42:18.707 | INFO     | NavigationService | Process NavigationService entering loop at 20.0 Hz
2026-05-12 17:42:18.820 | INFO     | ManagerService | Manager Process Initialized. Waiting for commands...
2026-05-12 17:42:18.821 | INFO     | ManagerService | Process ManagerService entering loop at 10.0 Hz
2026-05-12 17:42:18.843 | INFO     | CommsService | Command publisher connected to ZMQ broker
2026-05-12 17:42:18.851 | INFO     | CommsService | Web Server ZMQ Consumer connected to tcp://127.0.0.1:5556 subscribing to ['sensor/gnss', 'sensor/imu', 'sensor/battery', 'sensor/status', 'gnc/ekf_state', 'system/status', 'gnc/control_debug', 'gnc/control_output', 'sim/status']
2026-05-12 17:42:19.256 | INFO     | GNCService | GNC Process initialized (waiting for AUTO mode)
2026-05-12 17:42:19.257 | INFO     | GNCService | Process GNCService entering loop at 20.0 Hz
2026-05-12 17:42:23.607 | WARNING  | HALService | [IMU Node] Cannot open /dev/serial0: could not open port '/dev/serial0': FileNotFoundError(2, 'The system cannot find the path specified.', None, 3). Retrying in 5.0s...
2026-05-12 17:42:23.683 | ERROR    | HALService | [UM982] Start failed: could not open port '/dev/gnss_um982': FileNotFoundError(2, 'The system cannot find the path specified.', None, 3)
2026-05-12 17:42:23.684 | WARNING  | HALService | [GNSS Node] Cannot open /dev/gnss_um982: could not open port '/dev/gnss_um982': FileNotFoundError(2, 'The system cannot find the path specified.', None, 3). Retrying in 5.0s...
2026-05-12 17:42:23.925 | INFO     | CommsService | WebSocket client connected. Total: 1
2026-05-12 17:42:23.931 | INFO     | CommsService | Command received and published: CommandType.SET_GNC_CONFIG
2026-05-12 17:42:23.966 | INFO     | GNCService | GNC: Parameters updated: wn=3.0 zeta=2.0 wn_ref=3.0 zeta_ref=2.0 delta=5.0 gamma=0.0 tau_x=150.0
2026-05-12 17:42:24.006 | INFO     | ManagerService | Manager received command: CommandType.SET_GNC_CONFIG
2026-05-12 17:42:24.007 | INFO     | ManagerService | GNC config updated: wn=3.0 zeta=2.0 wn_ref=3.0 zeta_ref=2.0 delta=5.0 gamma=0.0 tau_x=150.0
2026-05-12 17:42:28.609 | WARNING  | HALService | [IMU Node] Cannot open /dev/serial0: could not open port '/dev/serial0': FileNotFoundError(2, 'The system cannot find the path specified.', None, 3). Retrying in 5.0s...
2026-05-12 17:42:28.707 | ERROR    | HALService | [UM982] Start failed: could not open port '/dev/gnss_um982': FileNotFoundError(2, 'The system cannot find the path specified.', None, 3)
2026-05-12 17:42:28.708 | WARNING  | HALService | [GNSS Node] Cannot open /dev/gnss_um982: could not open port '/dev/gnss_um982': FileNotFoundError(2, 'The system cannot find the path specified.', None, 3). Retrying in 5.0s...
2026-05-12 17:42:33.611 | WARNING  | HALService | [IMU Node] Cannot open /dev/serial0: could not open port '/dev/serial0': FileNotFoundError(2, 'The system cannot find the path specified.', None, 3). Retrying in 5.0s...
2026-05-12 17:42:33.741 | ERROR    | HALService | [UM982] Start failed: could not open port '/dev/gnss_um982': FileNotFoundError(2, 'The system cannot find the path specified.', None, 3)
2026-05-12 17:42:33.742 | WARNING  | HALService | [GNSS Node] Cannot open /dev/gnss_um982: could not open port '/dev/gnss_um982': FileNotFoundError(2, 'The system cannot find the path specified.', None, 3). Retrying in 5.0s...
2026-05-12 17:42:38.823 | WARNING  | HALService | [IMU Node] Cannot open /dev/serial0: could not open port '/dev/serial0': FileNotFoundError(2, 'The system cannot find the path specified.', None, 3). Retrying in 5.0s...
2026-05-12 17:42:38.825 | ERROR    | HALService | [UM982] Start failed: could not open port '/dev/gnss_um982': FileNotFoundError(2, 'The system cannot find the path specified.', None, 3)
2026-05-12 17:42:38.826 | WARNING  | HALService | [GNSS Node] Cannot open /dev/gnss_um982: could not open port '/dev/gnss_um982': FileNotFoundError(2, 'The system cannot find the path specified.', None, 3). Retrying in 5.0s...
2026-05-12 17:42:41.286 | INFO     | CommsService | WebSocket client disconnected. Total: 0
2026-05-12 17:42:42.150 | INFO     | CommsService | WebSocket client connected. Total: 1
2026-05-12 17:42:42.179 | INFO     | CommsService | Command received and published: CommandType.SET_GNC_CONFIG
2026-05-12 17:42:42.234 | INFO     | GNCService | GNC: Parameters updated: wn=3.0 zeta=2.0 wn_ref=3.0 zeta_ref=2.0 delta=5.0 gamma=0.0 tau_x=150.0
2026-05-12 17:42:42.255 | INFO     | ManagerService | Manager received command: CommandType.SET_GNC_CONFIG
2026-05-12 17:42:42.256 | INFO     | ManagerService | GNC config updated: wn=3.0 zeta=2.0 wn_ref=3.0 zeta_ref=2.0 delta=5.0 gamma=0.0 tau_x=150.0
2026-05-12 17:42:43.872 | ERROR    | HALService | [UM982] Start failed: could not open port '/dev/gnss_um982': FileNotFoundError(2, 'The system cannot find the path specified.', None, 3)
2026-05-12 17:42:43.873 | WARNING  | HALService | [GNSS Node] Cannot open /dev/gnss_um982: could not open port '/dev/gnss_um982': FileNotFoundError(2, 'The system cannot find the path specified.', None, 3). Retrying in 5.0s...
2026-05-12 17:42:43.875 | WARNING  | HALService | [IMU Node] Cannot open /dev/serial0: could not open port '/dev/serial0': FileNotFoundError(2, 'The system cannot find the path specified.', None, 3). Retrying in 5.0s...
2026-05-12 17:42:48.884 | WARNING  | HALService | [IMU Node] Cannot open /dev/serial0: could not open port '/dev/serial0': FileNotFoundError(2, 'The system cannot find the path specified.', None, 3). Retrying in 5.0s...
2026-05-12 17:42:49.050 | ERROR    | HALService | [UM982] Start failed: could not open port '/dev/gnss_um982': FileNotFoundError(2, 'The system cannot find the path specified.', None, 3)
2026-05-12 17:42:49.051 | WARNING  | HALService | [GNSS Node] Cannot open /dev/gnss_um982: could not open port '/dev/gnss_um982': FileNotFoundError(2, 'The system cannot find the path specified.', None, 3). Retrying in 5.0s...
2026-05-12 17:42:53.955 | WARNING  | HALService | [IMU Node] Cannot open /dev/serial0: could not open port '/dev/serial0': FileNotFoundError(2, 'The system cannot find the path specified.', None, 3). Retrying in 5.0s...
2026-05-12 17:42:54.205 | ERROR    | HALService | [UM982] Start failed: could not open port '/dev/gnss_um982': FileNotFoundError(2, 'The system cannot find the path specified.', None, 3)
2026-05-12 17:42:54.207 | WARNING  | HALService | [GNSS Node] Cannot open /dev/gnss_um982: could not open port '/dev/gnss_um982': FileNotFoundError(2, 'The system cannot find the path specified.', None, 3). Retrying in 5.0s...
2026-05-12 17:42:58.957 | WARNING  | HALService | [IMU Node] Cannot open /dev/serial0: could not open port '/dev/serial0': FileNotFoundError(2, 'The system cannot find the path specified.', None, 3). Retrying in 5.0s...
2026-05-12 17:42:59.337 | ERROR    | HALService | [UM982] Start failed: could not open port '/dev/gnss_um982': FileNotFoundError(2, 'The system cannot find the path specified.', None, 3)
2026-05-12 17:42:59.338 | WARNING  | HALService | [GNSS Node] Cannot open /dev/gnss_um982: could not open port '/dev/gnss_um982': FileNotFoundError(2, 'The system cannot find the path specified.', None, 3). Retrying in 5.0s...
2026-05-12 17:43:03.961 | WARNING  | HALService | [IMU Node] Cannot open /dev/serial0: could not open port '/dev/serial0': FileNotFoundError(2, 'The system cannot find the path specified.', None, 3). Retrying in 5.0s...
2026-05-12 17:43:04.406 | ERROR    | HALService | [UM982] Start failed: could not open port '/dev/gnss_um982': FileNotFoundError(2, 'The system cannot find the path specified.', None, 3)
2026-05-12 17:43:04.406 | WARNING  | HALService | [GNSS Node] Cannot open /dev/gnss_um982: could not open port '/dev/gnss_um982': FileNotFoundError(2, 'The system cannot find the path specified.', None, 3). Retrying in 5.0s...
2026-05-12 17:43:08.986 | WARNING  | HALService | [IMU Node] Cannot open /dev/serial0: could not open port '/dev/serial0': FileNotFoundError(2, 'The system cannot find the path specified.', None, 3). Retrying in 5.0s...
2026-05-12 17:43:09.612 | ERROR    | HALService | [UM982] Start failed: could not open port '/dev/gnss_um982': FileNotFoundError(2, 'The system cannot find the path specified.', None, 3)
2026-05-12 17:43:09.612 | WARNING  | HALService | [GNSS Node] Cannot open /dev/gnss_um982: could not open port '/dev/gnss_um982': FileNotFoundError(2, 'The system cannot find the path specified.', None, 3). Retrying in 5.0s...
2026-05-12 17:43:14.181 | WARNING  | HALService | [IMU Node] Cannot open /dev/serial0: could not open port '/dev/serial0': FileNotFoundError(2, 'The system cannot find the path specified.', None, 3). Retrying in 5.0s...
2026-05-12 17:43:14.772 | ERROR    | HALService | [UM982] Start failed: could not open port '/dev/gnss_um982': FileNotFoundError(2, 'The system cannot find the path specified.', None, 3)
2026-05-12 17:43:14.773 | WARNING  | HALService | [GNSS Node] Cannot open /dev/gnss_um982: could not open port '/dev/gnss_um982': FileNotFoundError(2, 'The system cannot find the path specified.', None, 3). Retrying in 5.0s...
2026-05-12 17:43:19.183 | WARNING  | HALService | [IMU Node] Cannot open /dev/serial0: could not open port '/dev/serial0': FileNotFoundError(2, 'The system cannot find the path specified.', None, 3). Retrying in 5.0s...
2026-05-12 17:43:19.850 | ERROR    | HALService | [UM982] Start failed: could not open port '/dev/gnss_um982': FileNotFoundError(2, 'The system cannot find the path specified.', None, 3)
2026-05-12 17:43:19.850 | WARNING  | HALService | [GNSS Node] Cannot open /dev/gnss_um982: could not open port '/dev/gnss_um982': FileNotFoundError(2, 'The system cannot find the path specified.', None, 3). Retrying in 5.0s...
2026-05-12 17:43:24.186 | WARNING  | HALService | [IMU Node] Cannot open /dev/serial0: could not open port '/dev/serial0': FileNotFoundError(2, 'The system cannot find the path specified.', None, 3). Retrying in 5.0s...
2026-05-12 17:43:25.000 | ERROR    | HALService | [UM982] Start failed: could not open port '/dev/gnss_um982': FileNotFoundError(2, 'The system cannot find the path specified.', None, 3)
2026-05-12 17:43:25.001 | WARNING  | HALService | [GNSS Node] Cannot open /dev/gnss_um982: could not open port '/dev/gnss_um982': FileNotFoundError(2, 'The system cannot find the path specified.', None, 3). Retrying in 5.0s...
2026-05-12 17:43:29.215 | WARNING  | HALService | [IMU Node] Cannot open /dev/serial0: could not open port '/dev/serial0': FileNotFoundError(2, 'The system cannot find the path specified.', None, 3). Retrying in 5.0s...
2026-05-12 17:43:30.048 | ERROR    | HALService | [UM982] Start failed: could not open port '/dev/gnss_um982': FileNotFoundError(2, 'The system cannot find the path specified.', None, 3)
2026-05-12 17:43:30.048 | WARNING  | HALService | [GNSS Node] Cannot open /dev/gnss_um982: could not open port '/dev/gnss_um982': FileNotFoundError(2, 'The system cannot find the path specified.', None, 3). Retrying in 5.0s...
2026-05-12 17:43:34.314 | WARNING  | HALService | [IMU Node] Cannot open /dev/serial0: could not open port '/dev/serial0': FileNotFoundError(2, 'The system cannot find the path specified.', None, 3). Retrying in 5.0s...
2026-05-12 17:43:35.317 | ERROR    | HALService | [UM982] Start failed: could not open port '/dev/gnss_um982': FileNotFoundError(2, 'The system cannot find the path specified.', None, 3)
2026-05-12 17:43:35.319 | WARNING  | HALService | [GNSS Node] Cannot open /dev/gnss_um982: could not open port '/dev/gnss_um982': FileNotFoundError(2, 'The system cannot find the path specified.', None, 3). Retrying in 5.0s...
2026-05-12 17:43:38.600 | INFO     | CommsService | Command received and published: CommandType.SET_FAILSAFE_CONFIG
2026-05-12 17:43:38.602 | INFO     | GNCService | GNC: Failsafe config updated: min_battery_pct=25.0 min_gnss_fix=1 comm_timeout=10.0 comm_action='station_keeping' ins_timeout=6.0 ins_action='emergency_stop'
2026-05-12 17:43:38.669 | INFO     | ManagerService | Manager received command: CommandType.SET_FAILSAFE_CONFIG
2026-05-12 17:43:38.670 | INFO     | ManagerService | Failsafe config updated: min_battery_pct=25.0 min_gnss_fix=1 comm_timeout=10.0 comm_action='station_keeping' ins_timeout=6.0 ins_action='emergency_stop'
2026-05-12 17:43:39.466 | WARNING  | HALService | [IMU Node] Cannot open /dev/serial0: could not open port '/dev/serial0': FileNotFoundError(2, 'The system cannot find the path specified.', None, 3). Retrying in 5.0s...
2026-05-12 17:43:40.419 | ERROR    | HALService | [UM982] Start failed: could not open port '/dev/gnss_um982': FileNotFoundError(2, 'The system cannot find the path specified.', None, 3)
2026-05-12 17:43:40.438 | WARNING  | HALService | [GNSS Node] Cannot open /dev/gnss_um982: could not open port '/dev/gnss_um982': FileNotFoundError(2, 'The system cannot find the path specified.', None, 3). Retrying in 5.0s...
2026-05-12 17:43:44.469 | WARNING  | HALService | [IMU Node] Cannot open /dev/serial0: could not open port '/dev/serial0': FileNotFoundError(2, 'The system cannot find the path specified.', None, 3). Retrying in 5.0s...
2026-05-12 17:43:45.548 | ERROR    | HALService | [UM982] Start failed: could not open port '/dev/gnss_um982': FileNotFoundError(2, 'The system cannot find the path specified.', None, 3)
2026-05-12 17:43:45.549 | WARNING  | HALService | [GNSS Node] Cannot open /dev/gnss_um982: could not open port '/dev/gnss_um982': FileNotFoundError(2, 'The system cannot find the path specified.', None, 3). Retrying in 5.0s...
2026-05-12 17:43:49.496 | WARNING  | HALService | [IMU Node] Cannot open /dev/serial0: could not open port '/dev/serial0': FileNotFoundError(2, 'The system cannot find the path specified.', None, 3). Retrying in 5.0s...
2026-05-12 17:43:50.698 | ERROR    | HALService | [UM982] Start failed: could not open port '/dev/gnss_um982': FileNotFoundError(2, 'The system cannot find the path specified.', None, 3)
2026-05-12 17:43:50.706 | WARNING  | HALService | [GNSS Node] Cannot open /dev/gnss_um982: could not open port '/dev/gnss_um982': FileNotFoundError(2, 'The system cannot find the path specified.', None, 3). Retrying in 5.0s...
2026-05-12 17:43:53.029 | INFO     | CommsService | WebSocket client disconnected. Total: 0
2026-05-12 17:43:53.459 | INFO     | CommsService | WebSocket client connected. Total: 1
2026-05-12 17:43:53.489 | INFO     | CommsService | Command received and published: CommandType.SET_GNC_CONFIG
2026-05-12 17:43:53.499 | INFO     | CommsService | Command received and published: CommandType.SET_FAILSAFE_CONFIG
2026-05-12 17:43:53.511 | INFO     | GNCService | GNC: Parameters updated: wn=3.0 zeta=2.0 wn_ref=3.0 zeta_ref=2.0 delta=5.0 gamma=0.0 tau_x=150.0
2026-05-12 17:43:53.512 | INFO     | GNCService | GNC: Failsafe config updated: min_battery_pct=25.0 min_gnss_fix=1 comm_timeout=10.0 comm_action='station_keeping' ins_timeout=6.0 ins_action='emergency_stop'
2026-05-12 17:43:53.557 | INFO     | ManagerService | Manager received command: CommandType.SET_GNC_CONFIG
2026-05-12 17:43:53.558 | INFO     | ManagerService | GNC config updated: wn=3.0 zeta=2.0 wn_ref=3.0 zeta_ref=2.0 delta=5.0 gamma=0.0 tau_x=150.0
2026-05-12 17:43:53.574 | INFO     | ManagerService | Manager received command: CommandType.SET_FAILSAFE_CONFIG
2026-05-12 17:43:53.575 | INFO     | ManagerService | Failsafe config updated: min_battery_pct=25.0 min_gnss_fix=1 comm_timeout=10.0 comm_action='station_keeping' ins_timeout=6.0 ins_action='emergency_stop'
2026-05-12 17:43:54.607 | WARNING  | HALService | [IMU Node] Cannot open /dev/serial0: could not open port '/dev/serial0': FileNotFoundError(2, 'The system cannot find the path specified.', None, 3). Retrying in 5.0s...
2026-05-12 17:43:55.765 | ERROR    | HALService | [UM982] Start failed: could not open port '/dev/gnss_um982': FileNotFoundError(2, 'The system cannot find the path specified.', None, 3)
2026-05-12 17:43:55.765 | WARNING  | HALService | [GNSS Node] Cannot open /dev/gnss_um982: could not open port '/dev/gnss_um982': FileNotFoundError(2, 'The system cannot find the path specified.', None, 3). Retrying in 5.0s...
2026-05-12 17:43:59.614 | WARNING  | HALService | [IMU Node] Cannot open /dev/serial0: could not open port '/dev/serial0': FileNotFoundError(2, 'The system cannot find the path specified.', None, 3). Retrying in 5.0s...
2026-05-12 17:44:00.800 | ERROR    | HALService | [UM982] Start failed: could not open port '/dev/gnss_um982': FileNotFoundError(2, 'The system cannot find the path specified.', None, 3)
2026-05-12 17:44:00.801 | WARNING  | HALService | [GNSS Node] Cannot open /dev/gnss_um982: could not open port '/dev/gnss_um982': FileNotFoundError(2, 'The system cannot find the path specified.', None, 3). Retrying in 5.0s...
2026-05-12 17:44:01.889 | INFO     | GNCService | Process GNCService received signal 2. Stopping...
2026-05-12 17:44:01.890 | INFO     | NavigationService | Process NavigationService received signal 2. Stopping...
2026-05-12 17:44:01.891 | INFO     | HALService | Process HALService received signal 2. Stopping...
2026-05-12 17:44:01.891 | INFO     | ManagerService | Process ManagerService received signal 2. Stopping...
2026-05-12 17:44:01.888 | WARNING  | MAIN | Main process received KeyboardInterrupt. Stopping services...
2026-05-12 17:44:01.906 | INFO     | HALService | Process HALService stopped.
2026-05-12 17:44:01.956 | INFO     | NavigationService | Process NavigationService stopped.
2026-05-12 17:44:01.956 | INFO     | GNCService | Process GNCService stopped.
2026-05-12 17:44:01.976 | INFO     | CommsService | WebSocket client disconnected. Total: 0
2026-05-12 17:44:01.994 | INFO     | ManagerService | Process ManagerService stopped.
2026-05-12 17:44:02.086 | INFO     | CommsService | ZMQ Consumer task cancelled
2026-05-12 17:44:02.088 | INFO     | CommsService | Stopping MAVLink Bridge...
2026-05-12 17:44:02.101 | INFO     | CommsService | MAVLink bridge stopped.
2026-05-12 17:44:02.192 | SUCCESS  | MAIN | All services stopped. Exiting.
2026-05-12 17:36:14.262 | INFO     | MAIN | Starting USV Control System
2026-05-12 17:36:14.262 | INFO     | MAIN | Mode: SIMULATION
2026-05-12 17:36:14.816 | INFO     | BROKER | Broker started. Publishers -> :5555 | Subscribers <- :5556
2026-05-12 17:36:14.812 | INFO     | CommsService | Starting MAVLink Bridge thread...
2026-05-12 17:36:14.813 | INFO     | HALService | Process HALService starting...
2026-05-12 17:36:14.818 | INFO     | CommsService | Starting Web Server on port 8000
2026-05-12 17:36:14.819 | INFO     | CommsService | MAVLink bridge sending to udpout:127.0.0.1:14550
2026-05-12 17:36:14.814 | INFO     | ManagerService | Process ManagerService starting...
2026-05-12 17:36:14.808 | INFO     | NavigationService | Process NavigationService starting...
2026-05-12 17:36:14.827 | INFO     | HALService | [GNSS Node] Publisher connected to ZMQ Bus: tcp://127.0.0.1:5555
2026-05-12 17:36:14.808 | INFO     | GNCService | Process GNCService starting...
2026-05-12 17:36:14.827 | INFO     | HALService | [GNSS Node] Subscriber connected to tcp://127.0.0.1:5556 for commands
2026-05-12 17:36:14.828 | INFO     | HALService | [GNSS Node] Starting (with auto-retry)...
2026-05-12 17:36:14.828 | INFO     | HALService | GNSS Node (UM982) started on /dev/gnss_um982
2026-05-12 17:36:14.831 | INFO     | HALService | [IMU Node] Publisher connected to ZMQ Bus: tcp://127.0.0.1:5555
2026-05-12 17:36:14.831 | ERROR    | HALService | [UM982] Start failed: could not open port '/dev/gnss_um982': FileNotFoundError(2, 'The system cannot find the path specified.', None, 3)
2026-05-12 17:36:14.831 | INFO     | HALService | [IMU Node] Starting (with auto-retry)...
2026-05-12 17:36:14.831 | INFO     | HALService | IMU Node started on /dev/serial0
2026-05-12 17:36:14.831 | WARNING  | HALService | [GNSS Node] Cannot open /dev/gnss_um982: could not open port '/dev/gnss_um982': FileNotFoundError(2, 'The system cannot find the path specified.', None, 3). Retrying in 5.0s...
2026-05-12 17:36:14.834 | INFO     | HALService | [Power Node] Publisher connected to ZMQ Bus: tcp://127.0.0.1:5555
2026-05-12 17:36:14.834 | INFO     | HALService | [Power Node] Subscriber connected to tcp://127.0.0.1:5556 for commands
2026-05-12 17:36:14.835 | WARNING  | HALService | [IMU Node] Cannot open /dev/serial0: could not open port '/dev/serial0': FileNotFoundError(2, 'The system cannot find the path specified.', None, 3). Retrying in 5.0s...
2026-05-12 17:36:14.835 | INFO     | HALService | [Power Node] Starting (with auto-retry)...
2026-05-12 17:36:14.835 | INFO     | HALService | Power Node (PZEM-017) started on /dev/power_pzem
2026-05-12 17:36:14.835 | WARNING  | HALService | [Power Node] Cannot open /dev/power_pzem: could not open port '/dev/power_pzem': FileNotFoundError(2, 'The system cannot find the path specified.', None, 3). Retrying...
2026-05-12 17:36:14.836 | INFO     | HALService | Process HALService entering loop at 50.0 Hz
2026-05-12 17:36:14.844 | INFO     | CommsService | Starting Web Server...
2026-05-12 17:36:14.927 | INFO     | NavigationService | Navigation Process initialized (passthrough mode)
2026-05-12 17:36:14.927 | INFO     | NavigationService | Process NavigationService entering loop at 20.0 Hz
2026-05-12 17:36:15.030 | INFO     | ManagerService | Manager: settings loaded from c:\PYTHON\ControlUSV\src\manager\..\..\data\manager_settings.json
2026-05-12 17:36:15.030 | INFO     | ManagerService | Manager Process Initialized. Waiting for commands...
2026-05-12 17:36:15.030 | INFO     | ManagerService | Process ManagerService entering loop at 10.0 Hz
2026-05-12 17:36:15.048 | INFO     | CommsService | Command publisher connected to ZMQ broker
2026-05-12 17:36:15.051 | INFO     | CommsService | Web Server ZMQ Consumer connected to tcp://127.0.0.1:5556 subscribing to ['sensor/gnss', 'sensor/imu', 'sensor/battery', 'sensor/status', 'gnc/ekf_state', 'system/status', 'gnc/control_debug', 'gnc/control_output', 'sim/status']
2026-05-12 17:36:15.444 | INFO     | GNCService | GNC Process initialized (waiting for AUTO mode)
2026-05-12 17:36:15.444 | INFO     | GNCService | Process GNCService entering loop at 20.0 Hz
2026-05-12 17:36:19.836 | WARNING  | HALService | [IMU Node] Cannot open /dev/serial0: could not open port '/dev/serial0': FileNotFoundError(2, 'The system cannot find the path specified.', None, 3). Retrying in 5.0s...
2026-05-12 17:36:19.845 | ERROR    | HALService | [UM982] Start failed: could not open port '/dev/gnss_um982': FileNotFoundError(2, 'The system cannot find the path specified.', None, 3)
2026-05-12 17:36:19.845 | WARNING  | HALService | [GNSS Node] Cannot open /dev/gnss_um982: could not open port '/dev/gnss_um982': FileNotFoundError(2, 'The system cannot find the path specified.', None, 3). Retrying in 5.0s...
2026-05-12 17:36:24.837 | WARNING  | HALService | [IMU Node] Cannot open /dev/serial0: could not open port '/dev/serial0': FileNotFoundError(2, 'The system cannot find the path specified.', None, 3). Retrying in 5.0s...
2026-05-12 17:36:24.855 | ERROR    | HALService | [UM982] Start failed: could not open port '/dev/gnss_um982': FileNotFoundError(2, 'The system cannot find the path specified.', None, 3)
2026-05-12 17:36:24.855 | WARNING  | HALService | [GNSS Node] Cannot open /dev/gnss_um982: could not open port '/dev/gnss_um982': FileNotFoundError(2, 'The system cannot find the path specified.', None, 3). Retrying in 5.0s...
2026-05-12 17:36:29.838 | WARNING  | HALService | [IMU Node] Cannot open /dev/serial0: could not open port '/dev/serial0': FileNotFoundError(2, 'The system cannot find the path specified.', None, 3). Retrying in 5.0s...
2026-05-12 17:36:29.865 | ERROR    | HALService | [UM982] Start failed: could not open port '/dev/gnss_um982': FileNotFoundError(2, 'The system cannot find the path specified.', None, 3)
2026-05-12 17:36:29.865 | WARNING  | HALService | [GNSS Node] Cannot open /dev/gnss_um982: could not open port '/dev/gnss_um982': FileNotFoundError(2, 'The system cannot find the path specified.', None, 3). Retrying in 5.0s...
2026-05-12 17:36:34.838 | WARNING  | HALService | [IMU Node] Cannot open /dev/serial0: could not open port '/dev/serial0': FileNotFoundError(2, 'The system cannot find the path specified.', None, 3). Retrying in 5.0s...
2026-05-12 17:36:34.875 | ERROR    | HALService | [UM982] Start failed: could not open port '/dev/gnss_um982': FileNotFoundError(2, 'The system cannot find the path specified.', None, 3)
2026-05-12 17:36:34.875 | WARNING  | HALService | [GNSS Node] Cannot open /dev/gnss_um982: could not open port '/dev/gnss_um982': FileNotFoundError(2, 'The system cannot find the path specified.', None, 3). Retrying in 5.0s...
2026-05-12 17:36:39.839 | WARNING  | HALService | [IMU Node] Cannot open /dev/serial0: could not open port '/dev/serial0': FileNotFoundError(2, 'The system cannot find the path specified.', None, 3). Retrying in 5.0s...
2026-05-12 17:36:39.885 | ERROR    | HALService | [UM982] Start failed: could not open port '/dev/gnss_um982': FileNotFoundError(2, 'The system cannot find the path specified.', None, 3)
2026-05-12 17:36:39.885 | WARNING  | HALService | [GNSS Node] Cannot open /dev/gnss_um982: could not open port '/dev/gnss_um982': FileNotFoundError(2, 'The system cannot find the path specified.', None, 3). Retrying in 5.0s...
2026-05-12 17:36:44.840 | WARNING  | HALService | [IMU Node] Cannot open /dev/serial0: could not open port '/dev/serial0': FileNotFoundError(2, 'The system cannot find the path specified.', None, 3). Retrying in 5.0s...
2026-05-12 17:36:44.896 | ERROR    | HALService | [UM982] Start failed: could not open port '/dev/gnss_um982': FileNotFoundError(2, 'The system cannot find the path specified.', None, 3)
2026-05-12 17:36:44.896 | WARNING  | HALService | [GNSS Node] Cannot open /dev/gnss_um982: could not open port '/dev/gnss_um982': FileNotFoundError(2, 'The system cannot find the path specified.', None, 3). Retrying in 5.0s...
2026-05-12 17:36:49.841 | WARNING  | HALService | [IMU Node] Cannot open /dev/serial0: could not open port '/dev/serial0': FileNotFoundError(2, 'The system cannot find the path specified.', None, 3). Retrying in 5.0s...
2026-05-12 17:36:49.905 | ERROR    | HALService | [UM982] Start failed: could not open port '/dev/gnss_um982': FileNotFoundError(2, 'The system cannot find the path specified.', None, 3)
2026-05-12 17:36:49.905 | WARNING  | HALService | [GNSS Node] Cannot open /dev/gnss_um982: could not open port '/dev/gnss_um982': FileNotFoundError(2, 'The system cannot find the path specified.', None, 3). Retrying in 5.0s...
2026-05-12 17:36:54.841 | WARNING  | HALService | [IMU Node] Cannot open /dev/serial0: could not open port '/dev/serial0': FileNotFoundError(2, 'The system cannot find the path specified.', None, 3). Retrying in 5.0s...
2026-05-12 17:36:54.915 | ERROR    | HALService | [UM982] Start failed: could not open port '/dev/gnss_um982': FileNotFoundError(2, 'The system cannot find the path specified.', None, 3)
2026-05-12 17:36:54.915 | WARNING  | HALService | [GNSS Node] Cannot open /dev/gnss_um982: could not open port '/dev/gnss_um982': FileNotFoundError(2, 'The system cannot find the path specified.', None, 3). Retrying in 5.0s...
2026-05-12 17:36:59.842 | WARNING  | HALService | [IMU Node] Cannot open /dev/serial0: could not open port '/dev/serial0': FileNotFoundError(2, 'The system cannot find the path specified.', None, 3). Retrying in 5.0s...
2026-05-12 17:36:59.924 | ERROR    | HALService | [UM982] Start failed: could not open port '/dev/gnss_um982': FileNotFoundError(2, 'The system cannot find the path specified.', None, 3)
2026-05-12 17:36:59.924 | WARNING  | HALService | [GNSS Node] Cannot open /dev/gnss_um982: could not open port '/dev/gnss_um982': FileNotFoundError(2, 'The system cannot find the path specified.', None, 3). Retrying in 5.0s...
2026-05-12 17:37:04.843 | WARNING  | HALService | [IMU Node] Cannot open /dev/serial0: could not open port '/dev/serial0': FileNotFoundError(2, 'The system cannot find the path specified.', None, 3). Retrying in 5.0s...
2026-05-12 17:37:04.936 | ERROR    | HALService | [UM982] Start failed: could not open port '/dev/gnss_um982': FileNotFoundError(2, 'The system cannot find the path specified.', None, 3)
2026-05-12 17:37:04.936 | WARNING  | HALService | [GNSS Node] Cannot open /dev/gnss_um982: could not open port '/dev/gnss_um982': FileNotFoundError(2, 'The system cannot find the path specified.', None, 3). Retrying in 5.0s...
2026-05-12 17:37:09.843 | WARNING  | HALService | [IMU Node] Cannot open /dev/serial0: could not open port '/dev/serial0': FileNotFoundError(2, 'The system cannot find the path specified.', None, 3). Retrying in 5.0s...
2026-05-12 17:37:09.947 | ERROR    | HALService | [UM982] Start failed: could not open port '/dev/gnss_um982': FileNotFoundError(2, 'The system cannot find the path specified.', None, 3)
2026-05-12 17:37:09.947 | WARNING  | HALService | [GNSS Node] Cannot open /dev/gnss_um982: could not open port '/dev/gnss_um982': FileNotFoundError(2, 'The system cannot find the path specified.', None, 3). Retrying in 5.0s...
2026-05-12 17:37:14.844 | WARNING  | HALService | [IMU Node] Cannot open /dev/serial0: could not open port '/dev/serial0': FileNotFoundError(2, 'The system cannot find the path specified.', None, 3). Retrying in 5.0s...
2026-05-12 17:37:14.958 | ERROR    | HALService | [UM982] Start failed: could not open port '/dev/gnss_um982': FileNotFoundError(2, 'The system cannot find the path specified.', None, 3)
2026-05-12 17:37:14.958 | WARNING  | HALService | [GNSS Node] Cannot open /dev/gnss_um982: could not open port '/dev/gnss_um982': FileNotFoundError(2, 'The system cannot find the path specified.', None, 3). Retrying in 5.0s...
2026-05-12 17:37:19.845 | WARNING  | HALService | [IMU Node] Cannot open /dev/serial0: could not open port '/dev/serial0': FileNotFoundError(2, 'The system cannot find the path specified.', None, 3). Retrying in 5.0s...
2026-05-12 17:37:19.971 | ERROR    | HALService | [UM982] Start failed: could not open port '/dev/gnss_um982': FileNotFoundError(2, 'The system cannot find the path specified.', None, 3)
2026-05-12 17:37:19.971 | WARNING  | HALService | [GNSS Node] Cannot open /dev/gnss_um982: could not open port '/dev/gnss_um982': FileNotFoundError(2, 'The system cannot find the path specified.', None, 3). Retrying in 5.0s...
2026-05-12 17:37:24.846 | WARNING  | HALService | [IMU Node] Cannot open /dev/serial0: could not open port '/dev/serial0': FileNotFoundError(2, 'The system cannot find the path specified.', None, 3). Retrying in 5.0s...
2026-05-12 17:37:24.983 | ERROR    | HALService | [UM982] Start failed: could not open port '/dev/gnss_um982': FileNotFoundError(2, 'The system cannot find the path specified.', None, 3)
2026-05-12 17:37:24.983 | WARNING  | HALService | [GNSS Node] Cannot open /dev/gnss_um982: could not open port '/dev/gnss_um982': FileNotFoundError(2, 'The system cannot find the path specified.', None, 3). Retrying in 5.0s...
2026-05-12 17:37:29.846 | WARNING  | HALService | [IMU Node] Cannot open /dev/serial0: could not open port '/dev/serial0': FileNotFoundError(2, 'The system cannot find the path specified.', None, 3). Retrying in 5.0s...
2026-05-12 17:37:29.992 | ERROR    | HALService | [UM982] Start failed: could not open port '/dev/gnss_um982': FileNotFoundError(2, 'The system cannot find the path specified.', None, 3)
2026-05-12 17:37:29.992 | WARNING  | HALService | [GNSS Node] Cannot open /dev/gnss_um982: could not open port '/dev/gnss_um982': FileNotFoundError(2, 'The system cannot find the path specified.', None, 3). Retrying in 5.0s...
2026-05-12 17:37:34.848 | WARNING  | HALService | [IMU Node] Cannot open /dev/serial0: could not open port '/dev/serial0': FileNotFoundError(2, 'The system cannot find the path specified.', None, 3). Retrying in 5.0s...
2026-05-12 17:37:35.001 | ERROR    | HALService | [UM982] Start failed: could not open port '/dev/gnss_um982': FileNotFoundError(2, 'The system cannot find the path specified.', None, 3)
2026-05-12 17:37:35.002 | WARNING  | HALService | [GNSS Node] Cannot open /dev/gnss_um982: could not open port '/dev/gnss_um982': FileNotFoundError(2, 'The system cannot find the path specified.', None, 3). Retrying in 5.0s...
2026-05-12 17:37:39.849 | WARNING  | HALService | [IMU Node] Cannot open /dev/serial0: could not open port '/dev/serial0': FileNotFoundError(2, 'The system cannot find the path specified.', None, 3). Retrying in 5.0s...
2026-05-12 17:37:40.013 | ERROR    | HALService | [UM982] Start failed: could not open port '/dev/gnss_um982': FileNotFoundError(2, 'The system cannot find the path specified.', None, 3)
2026-05-12 17:37:40.013 | WARNING  | HALService | [GNSS Node] Cannot open /dev/gnss_um982: could not open port '/dev/gnss_um982': FileNotFoundError(2, 'The system cannot find the path specified.', None, 3). Retrying in 5.0s...
2026-05-12 17:37:44.850 | WARNING  | HALService | [IMU Node] Cannot open /dev/serial0: could not open port '/dev/serial0': FileNotFoundError(2, 'The system cannot find the path specified.', None, 3). Retrying in 5.0s...
2026-05-12 17:37:45.026 | ERROR    | HALService | [UM982] Start failed: could not open port '/dev/gnss_um982': FileNotFoundError(2, 'The system cannot find the path specified.', None, 3)
2026-05-12 17:37:45.026 | WARNING  | HALService | [GNSS Node] Cannot open /dev/gnss_um982: could not open port '/dev/gnss_um982': FileNotFoundError(2, 'The system cannot find the path specified.', None, 3). Retrying in 5.0s...
2026-05-12 17:37:49.851 | WARNING  | HALService | [IMU Node] Cannot open /dev/serial0: could not open port '/dev/serial0': FileNotFoundError(2, 'The system cannot find the path specified.', None, 3). Retrying in 5.0s...
2026-05-12 17:37:50.035 | ERROR    | HALService | [UM982] Start failed: could not open port '/dev/gnss_um982': FileNotFoundError(2, 'The system cannot find the path specified.', None, 3)
2026-05-12 17:37:50.035 | WARNING  | HALService | [GNSS Node] Cannot open /dev/gnss_um982: could not open port '/dev/gnss_um982': FileNotFoundError(2, 'The system cannot find the path specified.', None, 3). Retrying in 5.0s...
2026-05-12 17:37:54.851 | WARNING  | HALService | [IMU Node] Cannot open /dev/serial0: could not open port '/dev/serial0': FileNotFoundError(2, 'The system cannot find the path specified.', None, 3). Retrying in 5.0s...
2026-05-12 17:37:55.043 | ERROR    | HALService | [UM982] Start failed: could not open port '/dev/gnss_um982': FileNotFoundError(2, 'The system cannot find the path specified.', None, 3)
2026-05-12 17:37:55.044 | WARNING  | HALService | [GNSS Node] Cannot open /dev/gnss_um982: could not open port '/dev/gnss_um982': FileNotFoundError(2, 'The system cannot find the path specified.', None, 3). Retrying in 5.0s...
2026-05-12 17:37:59.831 | INFO     | CommsService | WebSocket client connected. Total: 1
2026-05-12 17:37:59.852 | WARNING  | HALService | [IMU Node] Cannot open /dev/serial0: could not open port '/dev/serial0': FileNotFoundError(2, 'The system cannot find the path specified.', None, 3). Retrying in 5.0s...
2026-05-12 17:38:00.054 | ERROR    | HALService | [UM982] Start failed: could not open port '/dev/gnss_um982': FileNotFoundError(2, 'The system cannot find the path specified.', None, 3)
2026-05-12 17:38:00.054 | WARNING  | HALService | [GNSS Node] Cannot open /dev/gnss_um982: could not open port '/dev/gnss_um982': FileNotFoundError(2, 'The system cannot find the path specified.', None, 3). Retrying in 5.0s...
2026-05-12 17:38:04.853 | WARNING  | HALService | [IMU Node] Cannot open /dev/serial0: could not open port '/dev/serial0': FileNotFoundError(2, 'The system cannot find the path specified.', None, 3). Retrying in 5.0s...
2026-05-12 17:38:05.062 | ERROR    | HALService | [UM982] Start failed: could not open port '/dev/gnss_um982': FileNotFoundError(2, 'The system cannot find the path specified.', None, 3)
2026-05-12 17:38:05.062 | WARNING  | HALService | [GNSS Node] Cannot open /dev/gnss_um982: could not open port '/dev/gnss_um982': FileNotFoundError(2, 'The system cannot find the path specified.', None, 3). Retrying in 5.0s...
2026-05-12 17:38:09.854 | WARNING  | HALService | [IMU Node] Cannot open /dev/serial0: could not open port '/dev/serial0': FileNotFoundError(2, 'The system cannot find the path specified.', None, 3). Retrying in 5.0s...
2026-05-12 17:38:10.072 | ERROR    | HALService | [UM982] Start failed: could not open port '/dev/gnss_um982': FileNotFoundError(2, 'The system cannot find the path specified.', None, 3)
2026-05-12 17:38:10.072 | WARNING  | HALService | [GNSS Node] Cannot open /dev/gnss_um982: could not open port '/dev/gnss_um982': FileNotFoundError(2, 'The system cannot find the path specified.', None, 3). Retrying in 5.0s...
2026-05-12 17:38:14.855 | WARNING  | HALService | [IMU Node] Cannot open /dev/serial0: could not open port '/dev/serial0': FileNotFoundError(2, 'The system cannot find the path specified.', None, 3). Retrying in 5.0s...
2026-05-12 17:38:15.082 | ERROR    | HALService | [UM982] Start failed: could not open port '/dev/gnss_um982': FileNotFoundError(2, 'The system cannot find the path specified.', None, 3)
2026-05-12 17:38:15.082 | WARNING  | HALService | [GNSS Node] Cannot open /dev/gnss_um982: could not open port '/dev/gnss_um982': FileNotFoundError(2, 'The system cannot find the path specified.', None, 3). Retrying in 5.0s...
2026-05-12 17:38:19.856 | WARNING  | HALService | [IMU Node] Cannot open /dev/serial0: could not open port '/dev/serial0': FileNotFoundError(2, 'The system cannot find the path specified.', None, 3). Retrying in 5.0s...
2026-05-12 17:38:20.091 | ERROR    | HALService | [UM982] Start failed: could not open port '/dev/gnss_um982': FileNotFoundError(2, 'The system cannot find the path specified.', None, 3)
2026-05-12 17:38:20.091 | WARNING  | HALService | [GNSS Node] Cannot open /dev/gnss_um982: could not open port '/dev/gnss_um982': FileNotFoundError(2, 'The system cannot find the path specified.', None, 3). Retrying in 5.0s...
2026-05-12 17:38:24.857 | WARNING  | HALService | [IMU Node] Cannot open /dev/serial0: could not open port '/dev/serial0': FileNotFoundError(2, 'The system cannot find the path specified.', None, 3). Retrying in 5.0s...
2026-05-12 17:38:25.099 | ERROR    | HALService | [UM982] Start failed: could not open port '/dev/gnss_um982': FileNotFoundError(2, 'The system cannot find the path specified.', None, 3)
2026-05-12 17:38:25.099 | WARNING  | HALService | [GNSS Node] Cannot open /dev/gnss_um982: could not open port '/dev/gnss_um982': FileNotFoundError(2, 'The system cannot find the path specified.', None, 3). Retrying in 5.0s...
2026-05-12 17:38:29.857 | WARNING  | HALService | [IMU Node] Cannot open /dev/serial0: could not open port '/dev/serial0': FileNotFoundError(2, 'The system cannot find the path specified.', None, 3). Retrying in 5.0s...
2026-05-12 17:38:30.109 | ERROR    | HALService | [UM982] Start failed: could not open port '/dev/gnss_um982': FileNotFoundError(2, 'The system cannot find the path specified.', None, 3)
2026-05-12 17:38:30.109 | WARNING  | HALService | [GNSS Node] Cannot open /dev/gnss_um982: could not open port '/dev/gnss_um982': FileNotFoundError(2, 'The system cannot find the path specified.', None, 3). Retrying in 5.0s...
2026-05-12 17:38:34.858 | WARNING  | HALService | [IMU Node] Cannot open /dev/serial0: could not open port '/dev/serial0': FileNotFoundError(2, 'The system cannot find the path specified.', None, 3). Retrying in 5.0s...
2026-05-12 17:38:35.118 | ERROR    | HALService | [UM982] Start failed: could not open port '/dev/gnss_um982': FileNotFoundError(2, 'The system cannot find the path specified.', None, 3)
2026-05-12 17:38:35.118 | WARNING  | HALService | [GNSS Node] Cannot open /dev/gnss_um982: could not open port '/dev/gnss_um982': FileNotFoundError(2, 'The system cannot find the path specified.', None, 3). Retrying in 5.0s...
2026-05-12 17:38:39.859 | WARNING  | HALService | [IMU Node] Cannot open /dev/serial0: could not open port '/dev/serial0': FileNotFoundError(2, 'The system cannot find the path specified.', None, 3). Retrying in 5.0s...
2026-05-12 17:38:40.128 | ERROR    | HALService | [UM982] Start failed: could not open port '/dev/gnss_um982': FileNotFoundError(2, 'The system cannot find the path specified.', None, 3)
2026-05-12 17:38:40.128 | WARNING  | HALService | [GNSS Node] Cannot open /dev/gnss_um982: could not open port '/dev/gnss_um982': FileNotFoundError(2, 'The system cannot find the path specified.', None, 3). Retrying in 5.0s...
2026-05-12 17:38:44.860 | WARNING  | HALService | [IMU Node] Cannot open /dev/serial0: could not open port '/dev/serial0': FileNotFoundError(2, 'The system cannot find the path specified.', None, 3). Retrying in 5.0s...
2026-05-12 17:38:45.136 | ERROR    | HALService | [UM982] Start failed: could not open port '/dev/gnss_um982': FileNotFoundError(2, 'The system cannot find the path specified.', None, 3)
2026-05-12 17:38:45.137 | WARNING  | HALService | [GNSS Node] Cannot open /dev/gnss_um982: could not open port '/dev/gnss_um982': FileNotFoundError(2, 'The system cannot find the path specified.', None, 3). Retrying in 5.0s...
2026-05-12 17:38:49.861 | WARNING  | HALService | [IMU Node] Cannot open /dev/serial0: could not open port '/dev/serial0': FileNotFoundError(2, 'The system cannot find the path specified.', None, 3). Retrying in 5.0s...
2026-05-12 17:38:50.145 | ERROR    | HALService | [UM982] Start failed: could not open port '/dev/gnss_um982': FileNotFoundError(2, 'The system cannot find the path specified.', None, 3)
2026-05-12 17:38:50.145 | WARNING  | HALService | [GNSS Node] Cannot open /dev/gnss_um982: could not open port '/dev/gnss_um982': FileNotFoundError(2, 'The system cannot find the path specified.', None, 3). Retrying in 5.0s...
2026-05-12 17:38:54.862 | WARNING  | HALService | [IMU Node] Cannot open /dev/serial0: could not open port '/dev/serial0': FileNotFoundError(2, 'The system cannot find the path specified.', None, 3). Retrying in 5.0s...
2026-05-12 17:38:55.154 | ERROR    | HALService | [UM982] Start failed: could not open port '/dev/gnss_um982': FileNotFoundError(2, 'The system cannot find the path specified.', None, 3)
2026-05-12 17:38:55.154 | WARNING  | HALService | [GNSS Node] Cannot open /dev/gnss_um982: could not open port '/dev/gnss_um982': FileNotFoundError(2, 'The system cannot find the path specified.', None, 3). Retrying in 5.0s...
2026-05-12 17:38:59.862 | WARNING  | HALService | [IMU Node] Cannot open /dev/serial0: could not open port '/dev/serial0': FileNotFoundError(2, 'The system cannot find the path specified.', None, 3). Retrying in 5.0s...
2026-05-12 17:39:00.163 | ERROR    | HALService | [UM982] Start failed: could not open port '/dev/gnss_um982': FileNotFoundError(2, 'The system cannot find the path specified.', None, 3)
2026-05-12 17:39:00.163 | WARNING  | HALService | [GNSS Node] Cannot open /dev/gnss_um982: could not open port '/dev/gnss_um982': FileNotFoundError(2, 'The system cannot find the path specified.', None, 3). Retrying in 5.0s...
2026-05-12 17:39:04.863 | WARNING  | HALService | [IMU Node] Cannot open /dev/serial0: could not open port '/dev/serial0': FileNotFoundError(2, 'The system cannot find the path specified.', None, 3). Retrying in 5.0s...
2026-05-12 17:39:05.174 | ERROR    | HALService | [UM982] Start failed: could not open port '/dev/gnss_um982': FileNotFoundError(2, 'The system cannot find the path specified.', None, 3)
2026-05-12 17:39:05.174 | WARNING  | HALService | [GNSS Node] Cannot open /dev/gnss_um982: could not open port '/dev/gnss_um982': FileNotFoundError(2, 'The system cannot find the path specified.', None, 3). Retrying in 5.0s...
2026-05-12 17:39:09.863 | WARNING  | HALService | [IMU Node] Cannot open /dev/serial0: could not open port '/dev/serial0': FileNotFoundError(2, 'The system cannot find the path specified.', None, 3). Retrying in 5.0s...
2026-05-12 17:39:10.183 | ERROR    | HALService | [UM982] Start failed: could not open port '/dev/gnss_um982': FileNotFoundError(2, 'The system cannot find the path specified.', None, 3)
2026-05-12 17:39:10.183 | WARNING  | HALService | [GNSS Node] Cannot open /dev/gnss_um982: could not open port '/dev/gnss_um982': FileNotFoundError(2, 'The system cannot find the path specified.', None, 3). Retrying in 5.0s...
2026-05-12 17:39:14.864 | WARNING  | HALService | [IMU Node] Cannot open /dev/serial0: could not open port '/dev/serial0': FileNotFoundError(2, 'The system cannot find the path specified.', None, 3). Retrying in 5.0s...
2026-05-12 17:39:15.192 | ERROR    | HALService | [UM982] Start failed: could not open port '/dev/gnss_um982': FileNotFoundError(2, 'The system cannot find the path specified.', None, 3)
2026-05-12 17:39:15.192 | WARNING  | HALService | [GNSS Node] Cannot open /dev/gnss_um982: could not open port '/dev/gnss_um982': FileNotFoundError(2, 'The system cannot find the path specified.', None, 3). Retrying in 5.0s...
2026-05-12 17:39:19.865 | WARNING  | HALService | [IMU Node] Cannot open /dev/serial0: could not open port '/dev/serial0': FileNotFoundError(2, 'The system cannot find the path specified.', None, 3). Retrying in 5.0s...
2026-05-12 17:39:20.198 | ERROR    | HALService | [UM982] Start failed: could not open port '/dev/gnss_um982': FileNotFoundError(2, 'The system cannot find the path specified.', None, 3)
2026-05-12 17:39:20.198 | WARNING  | HALService | [GNSS Node] Cannot open /dev/gnss_um982: could not open port '/dev/gnss_um982': FileNotFoundError(2, 'The system cannot find the path specified.', None, 3). Retrying in 5.0s...
2026-05-12 17:39:24.865 | WARNING  | HALService | [IMU Node] Cannot open /dev/serial0: could not open port '/dev/serial0': FileNotFoundError(2, 'The system cannot find the path specified.', None, 3). Retrying in 5.0s...
2026-05-12 17:39:25.207 | ERROR    | HALService | [UM982] Start failed: could not open port '/dev/gnss_um982': FileNotFoundError(2, 'The system cannot find the path specified.', None, 3)
2026-05-12 17:39:25.207 | WARNING  | HALService | [GNSS Node] Cannot open /dev/gnss_um982: could not open port '/dev/gnss_um982': FileNotFoundError(2, 'The system cannot find the path specified.', None, 3). Retrying in 5.0s...
2026-05-12 17:39:29.866 | WARNING  | HALService | [IMU Node] Cannot open /dev/serial0: could not open port '/dev/serial0': FileNotFoundError(2, 'The system cannot find the path specified.', None, 3). Retrying in 5.0s...
2026-05-12 17:39:30.218 | ERROR    | HALService | [UM982] Start failed: could not open port '/dev/gnss_um982': FileNotFoundError(2, 'The system cannot find the path specified.', None, 3)
2026-05-12 17:39:30.218 | WARNING  | HALService | [GNSS Node] Cannot open /dev/gnss_um982: could not open port '/dev/gnss_um982': FileNotFoundError(2, 'The system cannot find the path specified.', None, 3). Retrying in 5.0s...
2026-05-12 17:39:34.867 | WARNING  | HALService | [IMU Node] Cannot open /dev/serial0: could not open port '/dev/serial0': FileNotFoundError(2, 'The system cannot find the path specified.', None, 3). Retrying in 5.0s...
2026-05-12 17:39:35.227 | ERROR    | HALService | [UM982] Start failed: could not open port '/dev/gnss_um982': FileNotFoundError(2, 'The system cannot find the path specified.', None, 3)
2026-05-12 17:39:35.227 | WARNING  | HALService | [GNSS Node] Cannot open /dev/gnss_um982: could not open port '/dev/gnss_um982': FileNotFoundError(2, 'The system cannot find the path specified.', None, 3). Retrying in 5.0s...
2026-05-12 17:39:39.867 | WARNING  | HALService | [IMU Node] Cannot open /dev/serial0: could not open port '/dev/serial0': FileNotFoundError(2, 'The system cannot find the path specified.', None, 3). Retrying in 5.0s...
2026-05-12 17:39:40.237 | ERROR    | HALService | [UM982] Start failed: could not open port '/dev/gnss_um982': FileNotFoundError(2, 'The system cannot find the path specified.', None, 3)
2026-05-12 17:39:40.237 | WARNING  | HALService | [GNSS Node] Cannot open /dev/gnss_um982: could not open port '/dev/gnss_um982': FileNotFoundError(2, 'The system cannot find the path specified.', None, 3). Retrying in 5.0s...
2026-05-12 17:39:44.868 | WARNING  | HALService | [IMU Node] Cannot open /dev/serial0: could not open port '/dev/serial0': FileNotFoundError(2, 'The system cannot find the path specified.', None, 3). Retrying in 5.0s...
2026-05-12 17:39:45.246 | ERROR    | HALService | [UM982] Start failed: could not open port '/dev/gnss_um982': FileNotFoundError(2, 'The system cannot find the path specified.', None, 3)
2026-05-12 17:39:45.246 | WARNING  | HALService | [GNSS Node] Cannot open /dev/gnss_um982: could not open port '/dev/gnss_um982': FileNotFoundError(2, 'The system cannot find the path specified.', None, 3). Retrying in 5.0s...
2026-05-12 17:39:49.868 | WARNING  | HALService | [IMU Node] Cannot open /dev/serial0: could not open port '/dev/serial0': FileNotFoundError(2, 'The system cannot find the path specified.', None, 3). Retrying in 5.0s...
2026-05-12 17:39:50.255 | ERROR    | HALService | [UM982] Start failed: could not open port '/dev/gnss_um982': FileNotFoundError(2, 'The system cannot find the path specified.', None, 3)
2026-05-12 17:39:50.255 | WARNING  | HALService | [GNSS Node] Cannot open /dev/gnss_um982: could not open port '/dev/gnss_um982': FileNotFoundError(2, 'The system cannot find the path specified.', None, 3). Retrying in 5.0s...
2026-05-12 17:39:54.869 | WARNING  | HALService | [IMU Node] Cannot open /dev/serial0: could not open port '/dev/serial0': FileNotFoundError(2, 'The system cannot find the path specified.', None, 3). Retrying in 5.0s...
2026-05-12 17:39:55.265 | ERROR    | HALService | [UM982] Start failed: could not open port '/dev/gnss_um982': FileNotFoundError(2, 'The system cannot find the path specified.', None, 3)
2026-05-12 17:39:55.265 | WARNING  | HALService | [GNSS Node] Cannot open /dev/gnss_um982: could not open port '/dev/gnss_um982': FileNotFoundError(2, 'The system cannot find the path specified.', None, 3). Retrying in 5.0s...
2026-05-12 17:39:59.870 | WARNING  | HALService | [IMU Node] Cannot open /dev/serial0: could not open port '/dev/serial0': FileNotFoundError(2, 'The system cannot find the path specified.', None, 3). Retrying in 5.0s...
2026-05-12 17:40:00.274 | ERROR    | HALService | [UM982] Start failed: could not open port '/dev/gnss_um982': FileNotFoundError(2, 'The system cannot find the path specified.', None, 3)
2026-05-12 17:40:00.274 | WARNING  | HALService | [GNSS Node] Cannot open /dev/gnss_um982: could not open port '/dev/gnss_um982': FileNotFoundError(2, 'The system cannot find the path specified.', None, 3). Retrying in 5.0s...
2026-05-12 17:40:04.870 | WARNING  | HALService | [IMU Node] Cannot open /dev/serial0: could not open port '/dev/serial0': FileNotFoundError(2, 'The system cannot find the path specified.', None, 3). Retrying in 5.0s...
2026-05-12 17:40:05.283 | ERROR    | HALService | [UM982] Start failed: could not open port '/dev/gnss_um982': FileNotFoundError(2, 'The system cannot find the path specified.', None, 3)
2026-05-12 17:40:05.284 | WARNING  | HALService | [GNSS Node] Cannot open /dev/gnss_um982: could not open port '/dev/gnss_um982': FileNotFoundError(2, 'The system cannot find the path specified.', None, 3). Retrying in 5.0s...
2026-05-12 17:40:09.871 | WARNING  | HALService | [IMU Node] Cannot open /dev/serial0: could not open port '/dev/serial0': FileNotFoundError(2, 'The system cannot find the path specified.', None, 3). Retrying in 5.0s...
2026-05-12 17:40:10.292 | ERROR    | HALService | [UM982] Start failed: could not open port '/dev/gnss_um982': FileNotFoundError(2, 'The system cannot find the path specified.', None, 3)
2026-05-12 17:40:10.292 | WARNING  | HALService | [GNSS Node] Cannot open /dev/gnss_um982: could not open port '/dev/gnss_um982': FileNotFoundError(2, 'The system cannot find the path specified.', None, 3). Retrying in 5.0s...
2026-05-12 17:40:14.872 | WARNING  | HALService | [IMU Node] Cannot open /dev/serial0: could not open port '/dev/serial0': FileNotFoundError(2, 'The system cannot find the path specified.', None, 3). Retrying in 5.0s...
2026-05-12 17:40:15.302 | ERROR    | HALService | [UM982] Start failed: could not open port '/dev/gnss_um982': FileNotFoundError(2, 'The system cannot find the path specified.', None, 3)
2026-05-12 17:40:15.302 | WARNING  | HALService | [GNSS Node] Cannot open /dev/gnss_um982: could not open port '/dev/gnss_um982': FileNotFoundError(2, 'The system cannot find the path specified.', None, 3). Retrying in 5.0s...
2026-05-12 17:40:19.872 | WARNING  | HALService | [IMU Node] Cannot open /dev/serial0: could not open port '/dev/serial0': FileNotFoundError(2, 'The system cannot find the path specified.', None, 3). Retrying in 5.0s...
2026-05-12 17:40:20.311 | ERROR    | HALService | [UM982] Start failed: could not open port '/dev/gnss_um982': FileNotFoundError(2, 'The system cannot find the path specified.', None, 3)
2026-05-12 17:40:20.311 | WARNING  | HALService | [GNSS Node] Cannot open /dev/gnss_um982: could not open port '/dev/gnss_um982': FileNotFoundError(2, 'The system cannot find the path specified.', None, 3). Retrying in 5.0s...
2026-05-12 17:40:24.873 | WARNING  | HALService | [IMU Node] Cannot open /dev/serial0: could not open port '/dev/serial0': FileNotFoundError(2, 'The system cannot find the path specified.', None, 3). Retrying in 5.0s...
2026-05-12 17:40:25.320 | ERROR    | HALService | [UM982] Start failed: could not open port '/dev/gnss_um982': FileNotFoundError(2, 'The system cannot find the path specified.', None, 3)
2026-05-12 17:40:25.320 | WARNING  | HALService | [GNSS Node] Cannot open /dev/gnss_um982: could not open port '/dev/gnss_um982': FileNotFoundError(2, 'The system cannot find the path specified.', None, 3). Retrying in 5.0s...
2026-05-12 17:40:29.874 | WARNING  | HALService | [IMU Node] Cannot open /dev/serial0: could not open port '/dev/serial0': FileNotFoundError(2, 'The system cannot find the path specified.', None, 3). Retrying in 5.0s...
2026-05-12 17:40:30.329 | ERROR    | HALService | [UM982] Start failed: could not open port '/dev/gnss_um982': FileNotFoundError(2, 'The system cannot find the path specified.', None, 3)
2026-05-12 17:40:30.329 | WARNING  | HALService | [GNSS Node] Cannot open /dev/gnss_um982: could not open port '/dev/gnss_um982': FileNotFoundError(2, 'The system cannot find the path specified.', None, 3). Retrying in 5.0s...
2026-05-12 17:40:34.875 | WARNING  | HALService | [IMU Node] Cannot open /dev/serial0: could not open port '/dev/serial0': FileNotFoundError(2, 'The system cannot find the path specified.', None, 3). Retrying in 5.0s...
2026-05-12 17:40:35.337 | ERROR    | HALService | [UM982] Start failed: could not open port '/dev/gnss_um982': FileNotFoundError(2, 'The system cannot find the path specified.', None, 3)
2026-05-12 17:40:35.337 | WARNING  | HALService | [GNSS Node] Cannot open /dev/gnss_um982: could not open port '/dev/gnss_um982': FileNotFoundError(2, 'The system cannot find the path specified.', None, 3). Retrying in 5.0s...
2026-05-12 17:40:39.875 | WARNING  | HALService | [IMU Node] Cannot open /dev/serial0: could not open port '/dev/serial0': FileNotFoundError(2, 'The system cannot find the path specified.', None, 3). Retrying in 5.0s...
2026-05-12 17:40:40.345 | ERROR    | HALService | [UM982] Start failed: could not open port '/dev/gnss_um982': FileNotFoundError(2, 'The system cannot find the path specified.', None, 3)
2026-05-12 17:40:40.345 | WARNING  | HALService | [GNSS Node] Cannot open /dev/gnss_um982: could not open port '/dev/gnss_um982': FileNotFoundError(2, 'The system cannot find the path specified.', None, 3). Retrying in 5.0s...
2026-05-12 17:40:44.876 | WARNING  | HALService | [IMU Node] Cannot open /dev/serial0: could not open port '/dev/serial0': FileNotFoundError(2, 'The system cannot find the path specified.', None, 3). Retrying in 5.0s...
2026-05-12 17:40:45.353 | ERROR    | HALService | [UM982] Start failed: could not open port '/dev/gnss_um982': FileNotFoundError(2, 'The system cannot find the path specified.', None, 3)
2026-05-12 17:40:45.353 | WARNING  | HALService | [GNSS Node] Cannot open /dev/gnss_um982: could not open port '/dev/gnss_um982': FileNotFoundError(2, 'The system cannot find the path specified.', None, 3). Retrying in 5.0s...
2026-05-12 17:40:49.876 | WARNING  | HALService | [IMU Node] Cannot open /dev/serial0: could not open port '/dev/serial0': FileNotFoundError(2, 'The system cannot find the path specified.', None, 3). Retrying in 5.0s...
2026-05-12 17:40:50.362 | ERROR    | HALService | [UM982] Start failed: could not open port '/dev/gnss_um982': FileNotFoundError(2, 'The system cannot find the path specified.', None, 3)
2026-05-12 17:40:50.362 | WARNING  | HALService | [GNSS Node] Cannot open /dev/gnss_um982: could not open port '/dev/gnss_um982': FileNotFoundError(2, 'The system cannot find the path specified.', None, 3). Retrying in 5.0s...
2026-05-12 17:40:54.877 | WARNING  | HALService | [IMU Node] Cannot open /dev/serial0: could not open port '/dev/serial0': FileNotFoundError(2, 'The system cannot find the path specified.', None, 3). Retrying in 5.0s...
2026-05-12 17:40:55.370 | ERROR    | HALService | [UM982] Start failed: could not open port '/dev/gnss_um982': FileNotFoundError(2, 'The system cannot find the path specified.', None, 3)
2026-05-12 17:40:55.370 | WARNING  | HALService | [GNSS Node] Cannot open /dev/gnss_um982: could not open port '/dev/gnss_um982': FileNotFoundError(2, 'The system cannot find the path specified.', None, 3). Retrying in 5.0s...
2026-05-12 17:40:59.877 | WARNING  | HALService | [IMU Node] Cannot open /dev/serial0: could not open port '/dev/serial0': FileNotFoundError(2, 'The system cannot find the path specified.', None, 3). Retrying in 5.0s...
2026-05-12 17:41:00.379 | ERROR    | HALService | [UM982] Start failed: could not open port '/dev/gnss_um982': FileNotFoundError(2, 'The system cannot find the path specified.', None, 3)
2026-05-12 17:41:00.380 | WARNING  | HALService | [GNSS Node] Cannot open /dev/gnss_um982: could not open port '/dev/gnss_um982': FileNotFoundError(2, 'The system cannot find the path specified.', None, 3). Retrying in 5.0s...
2026-05-12 17:41:04.878 | WARNING  | HALService | [IMU Node] Cannot open /dev/serial0: could not open port '/dev/serial0': FileNotFoundError(2, 'The system cannot find the path specified.', None, 3). Retrying in 5.0s...
2026-05-12 17:41:05.390 | ERROR    | HALService | [UM982] Start failed: could not open port '/dev/gnss_um982': FileNotFoundError(2, 'The system cannot find the path specified.', None, 3)
2026-05-12 17:41:05.390 | WARNING  | HALService | [GNSS Node] Cannot open /dev/gnss_um982: could not open port '/dev/gnss_um982': FileNotFoundError(2, 'The system cannot find the path specified.', None, 3). Retrying in 5.0s...
2026-05-12 17:41:09.879 | WARNING  | HALService | [IMU Node] Cannot open /dev/serial0: could not open port '/dev/serial0': FileNotFoundError(2, 'The system cannot find the path specified.', None, 3). Retrying in 5.0s...
2026-05-12 17:41:10.398 | ERROR    | HALService | [UM982] Start failed: could not open port '/dev/gnss_um982': FileNotFoundError(2, 'The system cannot find the path specified.', None, 3)
2026-05-12 17:41:10.399 | WARNING  | HALService | [GNSS Node] Cannot open /dev/gnss_um982: could not open port '/dev/gnss_um982': FileNotFoundError(2, 'The system cannot find the path specified.', None, 3). Retrying in 5.0s...
2026-05-12 17:41:14.881 | WARNING  | HALService | [IMU Node] Cannot open /dev/serial0: could not open port '/dev/serial0': FileNotFoundError(2, 'The system cannot find the path specified.', None, 3). Retrying in 5.0s...
2026-05-12 17:41:15.408 | ERROR    | HALService | [UM982] Start failed: could not open port '/dev/gnss_um982': FileNotFoundError(2, 'The system cannot find the path specified.', None, 3)
2026-05-12 17:41:15.408 | WARNING  | HALService | [GNSS Node] Cannot open /dev/gnss_um982: could not open port '/dev/gnss_um982': FileNotFoundError(2, 'The system cannot find the path specified.', None, 3). Retrying in 5.0s...
2026-05-12 17:41:19.881 | WARNING  | HALService | [IMU Node] Cannot open /dev/serial0: could not open port '/dev/serial0': FileNotFoundError(2, 'The system cannot find the path specified.', None, 3). Retrying in 5.0s...
2026-05-12 17:41:20.418 | ERROR    | HALService | [UM982] Start failed: could not open port '/dev/gnss_um982': FileNotFoundError(2, 'The system cannot find the path specified.', None, 3)
2026-05-12 17:41:20.418 | WARNING  | HALService | [GNSS Node] Cannot open /dev/gnss_um982: could not open port '/dev/gnss_um982': FileNotFoundError(2, 'The system cannot find the path specified.', None, 3). Retrying in 5.0s...
2026-05-12 17:41:24.882 | WARNING  | HALService | [IMU Node] Cannot open /dev/serial0: could not open port '/dev/serial0': FileNotFoundError(2, 'The system cannot find the path specified.', None, 3). Retrying in 5.0s...
2026-05-12 17:41:25.428 | ERROR    | HALService | [UM982] Start failed: could not open port '/dev/gnss_um982': FileNotFoundError(2, 'The system cannot find the path specified.', None, 3)
2026-05-12 17:41:25.428 | WARNING  | HALService | [GNSS Node] Cannot open /dev/gnss_um982: could not open port '/dev/gnss_um982': FileNotFoundError(2, 'The system cannot find the path specified.', None, 3). Retrying in 5.0s...
2026-05-12 17:41:29.882 | WARNING  | HALService | [IMU Node] Cannot open /dev/serial0: could not open port '/dev/serial0': FileNotFoundError(2, 'The system cannot find the path specified.', None, 3). Retrying in 5.0s...
2026-05-12 17:41:30.438 | ERROR    | HALService | [UM982] Start failed: could not open port '/dev/gnss_um982': FileNotFoundError(2, 'The system cannot find the path specified.', None, 3)
2026-05-12 17:41:30.439 | WARNING  | HALService | [GNSS Node] Cannot open /dev/gnss_um982: could not open port '/dev/gnss_um982': FileNotFoundError(2, 'The system cannot find the path specified.', None, 3). Retrying in 5.0s...
2026-05-12 17:41:34.883 | WARNING  | HALService | [IMU Node] Cannot open /dev/serial0: could not open port '/dev/serial0': FileNotFoundError(2, 'The system cannot find the path specified.', None, 3). Retrying in 5.0s...
2026-05-12 17:41:35.447 | ERROR    | HALService | [UM982] Start failed: could not open port '/dev/gnss_um982': FileNotFoundError(2, 'The system cannot find the path specified.', None, 3)
2026-05-12 17:41:35.447 | WARNING  | HALService | [GNSS Node] Cannot open /dev/gnss_um982: could not open port '/dev/gnss_um982': FileNotFoundError(2, 'The system cannot find the path specified.', None, 3). Retrying in 5.0s...
2026-05-12 17:41:39.884 | WARNING  | HALService | [IMU Node] Cannot open /dev/serial0: could not open port '/dev/serial0': FileNotFoundError(2, 'The system cannot find the path specified.', None, 3). Retrying in 5.0s...
2026-05-12 17:41:40.456 | ERROR    | HALService | [UM982] Start failed: could not open port '/dev/gnss_um982': FileNotFoundError(2, 'The system cannot find the path specified.', None, 3)
2026-05-12 17:41:40.456 | WARNING  | HALService | [GNSS Node] Cannot open /dev/gnss_um982: could not open port '/dev/gnss_um982': FileNotFoundError(2, 'The system cannot find the path specified.', None, 3). Retrying in 5.0s...
2026-05-12 17:41:44.884 | WARNING  | HALService | [IMU Node] Cannot open /dev/serial0: could not open port '/dev/serial0': FileNotFoundError(2, 'The system cannot find the path specified.', None, 3). Retrying in 5.0s...
2026-05-12 17:41:45.464 | ERROR    | HALService | [UM982] Start failed: could not open port '/dev/gnss_um982': FileNotFoundError(2, 'The system cannot find the path specified.', None, 3)
2026-05-12 17:41:45.464 | WARNING  | HALService | [GNSS Node] Cannot open /dev/gnss_um982: could not open port '/dev/gnss_um982': FileNotFoundError(2, 'The system cannot find the path specified.', None, 3). Retrying in 5.0s...
2026-05-12 17:41:49.885 | WARNING  | HALService | [IMU Node] Cannot open /dev/serial0: could not open port '/dev/serial0': FileNotFoundError(2, 'The system cannot find the path specified.', None, 3). Retrying in 5.0s...
2026-05-12 17:41:50.473 | ERROR    | HALService | [UM982] Start failed: could not open port '/dev/gnss_um982': FileNotFoundError(2, 'The system cannot find the path specified.', None, 3)
2026-05-12 17:41:50.473 | WARNING  | HALService | [GNSS Node] Cannot open /dev/gnss_um982: could not open port '/dev/gnss_um982': FileNotFoundError(2, 'The system cannot find the path specified.', None, 3). Retrying in 5.0s...
2026-05-12 17:41:54.886 | WARNING  | HALService | [IMU Node] Cannot open /dev/serial0: could not open port '/dev/serial0': FileNotFoundError(2, 'The system cannot find the path specified.', None, 3). Retrying in 5.0s...
2026-05-12 17:41:55.480 | ERROR    | HALService | [UM982] Start failed: could not open port '/dev/gnss_um982': FileNotFoundError(2, 'The system cannot find the path specified.', None, 3)
2026-05-12 17:41:55.480 | WARNING  | HALService | [GNSS Node] Cannot open /dev/gnss_um982: could not open port '/dev/gnss_um982': FileNotFoundError(2, 'The system cannot find the path specified.', None, 3). Retrying in 5.0s...
2026-05-12 17:41:59.886 | WARNING  | HALService | [IMU Node] Cannot open /dev/serial0: could not open port '/dev/serial0': FileNotFoundError(2, 'The system cannot find the path specified.', None, 3). Retrying in 5.0s...
2026-05-12 17:42:00.490 | ERROR    | HALService | [UM982] Start failed: could not open port '/dev/gnss_um982': FileNotFoundError(2, 'The system cannot find the path specified.', None, 3)
2026-05-12 17:42:00.491 | WARNING  | HALService | [GNSS Node] Cannot open /dev/gnss_um982: could not open port '/dev/gnss_um982': FileNotFoundError(2, 'The system cannot find the path specified.', None, 3). Retrying in 5.0s...
2026-05-12 17:42:04.887 | WARNING  | HALService | [IMU Node] Cannot open /dev/serial0: could not open port '/dev/serial0': FileNotFoundError(2, 'The system cannot find the path specified.', None, 3). Retrying in 5.0s...
2026-05-12 17:42:05.499 | ERROR    | HALService | [UM982] Start failed: could not open port '/dev/gnss_um982': FileNotFoundError(2, 'The system cannot find the path specified.', None, 3)
2026-05-12 17:42:05.499 | WARNING  | HALService | [GNSS Node] Cannot open /dev/gnss_um982: could not open port '/dev/gnss_um982': FileNotFoundError(2, 'The system cannot find the path specified.', None, 3). Retrying in 5.0s...
2026-05-12 17:42:09.888 | WARNING  | HALService | [IMU Node] Cannot open /dev/serial0: could not open port '/dev/serial0': FileNotFoundError(2, 'The system cannot find the path specified.', None, 3). Retrying in 5.0s...
2026-05-12 17:42:10.508 | ERROR    | HALService | [UM982] Start failed: could not open port '/dev/gnss_um982': FileNotFoundError(2, 'The system cannot find the path specified.', None, 3)
2026-05-12 17:42:10.508 | WARNING  | HALService | [GNSS Node] Cannot open /dev/gnss_um982: could not open port '/dev/gnss_um982': FileNotFoundError(2, 'The system cannot find the path specified.', None, 3). Retrying in 5.0s...
2026-05-12 17:42:14.888 | WARNING  | HALService | [IMU Node] Cannot open /dev/serial0: could not open port '/dev/serial0': FileNotFoundError(2, 'The system cannot find the path specified.', None, 3). Retrying in 5.0s...
2026-05-12 17:42:15.517 | ERROR    | HALService | [UM982] Start failed: could not open port '/dev/gnss_um982': FileNotFoundError(2, 'The system cannot find the path specified.', None, 3)
2026-05-12 17:42:15.517 | WARNING  | HALService | [GNSS Node] Cannot open /dev/gnss_um982: could not open port '/dev/gnss_um982': FileNotFoundError(2, 'The system cannot find the path specified.', None, 3). Retrying in 5.0s...
2026-05-12 17:42:19.520 | INFO     | CommsService | Command received and published: CommandType.SET_MODE
2026-05-12 17:42:19.584 | INFO     | ManagerService | Manager received command: CommandType.SET_MODE
2026-05-12 17:42:19.584 | INFO     | ManagerService | Mode changed to: WP_ROUTE
2026-05-12 17:42:19.889 | WARNING  | HALService | [IMU Node] Cannot open /dev/serial0: could not open port '/dev/serial0': FileNotFoundError(2, 'The system cannot find the path specified.', None, 3). Retrying in 5.0s...
2026-05-12 17:42:20.525 | ERROR    | HALService | [UM982] Start failed: could not open port '/dev/gnss_um982': FileNotFoundError(2, 'The system cannot find the path specified.', None, 3)
2026-05-12 17:42:20.525 | WARNING  | HALService | [GNSS Node] Cannot open /dev/gnss_um982: could not open port '/dev/gnss_um982': FileNotFoundError(2, 'The system cannot find the path specified.', None, 3). Retrying in 5.0s...
2026-05-12 17:42:21.581 | INFO     | CommsService | Command received and published: CommandType.SET_MODE
2026-05-12 17:42:21.593 | INFO     | ManagerService | Manager received command: CommandType.SET_MODE
2026-05-12 17:42:21.593 | INFO     | ManagerService | Mode changed to: WP_ROUTE
2026-05-12 17:42:23.937 | INFO     | CommsService | Command received and published: CommandType.START_RT_SIM
2026-05-12 17:42:23.974 | INFO     | GNCService | GNC: Starting RT simulation (Physics Engine Only)
2026-05-12 17:42:23.975 | INFO     | GNCService | GNC: RT simulation started
2026-05-12 17:42:23.988 | INFO     | HALService | HAL: Sensors MUTED (RT simulation active)
2026-05-12 17:42:24.003 | INFO     | ManagerService | Manager received command: CommandType.START_RT_SIM
2026-05-12 17:42:24.003 | INFO     | ManagerService | Manager received command: CommandType.MUTE_SENSORS
2026-05-12 17:42:24.889 | WARNING  | HALService | [IMU Node] Cannot open /dev/serial0: could not open port '/dev/serial0': FileNotFoundError(2, 'The system cannot find the path specified.', None, 3). Retrying in 5.0s...
2026-05-12 17:42:25.534 | ERROR    | HALService | [UM982] Start failed: could not open port '/dev/gnss_um982': FileNotFoundError(2, 'The system cannot find the path specified.', None, 3)
2026-05-12 17:42:25.534 | WARNING  | HALService | [GNSS Node] Cannot open /dev/gnss_um982: could not open port '/dev/gnss_um982': FileNotFoundError(2, 'The system cannot find the path specified.', None, 3). Retrying in 5.0s...
2026-05-12 17:42:26.156 | INFO     | CommsService | Command received and published: CommandType.SET_MODE
2026-05-12 17:42:26.214 | INFO     | ManagerService | Manager received command: CommandType.SET_MODE
2026-05-12 17:42:26.214 | INFO     | ManagerService | Mode changed to: WP_ROUTE
2026-05-12 17:42:29.890 | WARNING  | HALService | [IMU Node] Cannot open /dev/serial0: could not open port '/dev/serial0': FileNotFoundError(2, 'The system cannot find the path specified.', None, 3). Retrying in 5.0s...
2026-05-12 17:42:30.542 | ERROR    | HALService | [UM982] Start failed: could not open port '/dev/gnss_um982': FileNotFoundError(2, 'The system cannot find the path specified.', None, 3)
2026-05-12 17:42:30.542 | WARNING  | HALService | [GNSS Node] Cannot open /dev/gnss_um982: could not open port '/dev/gnss_um982': FileNotFoundError(2, 'The system cannot find the path specified.', None, 3). Retrying in 5.0s...
2026-05-12 17:42:32.187 | INFO     | CommsService | Command received and published: CommandType.ARM
2026-05-12 17:42:32.235 | INFO     | GNCService | GNC: Armed
2026-05-12 17:42:32.242 | INFO     | ManagerService | Manager received command: CommandType.ARM
2026-05-12 17:42:32.242 | WARNING  | ManagerService | >>> VEHICLE ARMED <<<
2026-05-12 17:42:34.891 | WARNING  | HALService | [IMU Node] Cannot open /dev/serial0: could not open port '/dev/serial0': FileNotFoundError(2, 'The system cannot find the path specified.', None, 3). Retrying in 5.0s...
2026-05-12 17:42:35.554 | ERROR    | HALService | [UM982] Start failed: could not open port '/dev/gnss_um982': FileNotFoundError(2, 'The system cannot find the path specified.', None, 3)
2026-05-12 17:42:35.554 | WARNING  | HALService | [GNSS Node] Cannot open /dev/gnss_um982: could not open port '/dev/gnss_um982': FileNotFoundError(2, 'The system cannot find the path specified.', None, 3). Retrying in 5.0s...
2026-05-12 17:42:36.813 | INFO     | CommsService | WebSocket client disconnected. Total: 0
2026-05-12 17:42:37.190 | INFO     | CommsService | WebSocket client connected. Total: 1
2026-05-12 17:42:38.599 | INFO     | CommsService | Command received and published: CommandType.START_RT_SIM
2026-05-12 17:42:38.626 | INFO     | GNCService | GNC: Starting RT simulation (Physics Engine Only)
2026-05-12 17:42:38.626 | INFO     | GNCService | GNC: RT simulation started
2026-05-12 17:42:38.636 | INFO     | HALService | HAL: Sensors MUTED (RT simulation active)
2026-05-12 17:42:38.675 | INFO     | ManagerService | Manager received command: CommandType.START_RT_SIM
2026-05-12 17:42:38.675 | INFO     | ManagerService | Manager received command: CommandType.MUTE_SENSORS
2026-05-12 17:42:39.891 | WARNING  | HALService | [IMU Node] Cannot open /dev/serial0: could not open port '/dev/serial0': FileNotFoundError(2, 'The system cannot find the path specified.', None, 3). Retrying in 5.0s...
2026-05-12 17:42:40.562 | ERROR    | HALService | [UM982] Start failed: could not open port '/dev/gnss_um982': FileNotFoundError(2, 'The system cannot find the path specified.', None, 3)
2026-05-12 17:42:40.562 | WARNING  | HALService | [GNSS Node] Cannot open /dev/gnss_um982: could not open port '/dev/gnss_um982': FileNotFoundError(2, 'The system cannot find the path specified.', None, 3). Retrying in 5.0s...
2026-05-12 17:42:43.167 | INFO     | CommsService | Command received and published: CommandType.ARM
2026-05-12 17:42:43.187 | INFO     | GNCService | GNC: Armed
2026-05-12 17:42:43.197 | INFO     | ManagerService | Manager received command: CommandType.ARM
2026-05-12 17:42:43.197 | WARNING  | ManagerService | >>> VEHICLE ARMED <<<
2026-05-12 17:42:44.892 | WARNING  | HALService | [IMU Node] Cannot open /dev/serial0: could not open port '/dev/serial0': FileNotFoundError(2, 'The system cannot find the path specified.', None, 3). Retrying in 5.0s...
2026-05-12 17:42:45.273 | INFO     | CommsService | Command received and published: CommandType.SET_MODE
2026-05-12 17:42:45.307 | INFO     | ManagerService | Manager received command: CommandType.SET_MODE
2026-05-12 17:42:45.307 | INFO     | ManagerService | Mode changed to: WP_ROUTE
2026-05-12 17:42:45.570 | ERROR    | HALService | [UM982] Start failed: could not open port '/dev/gnss_um982': FileNotFoundError(2, 'The system cannot find the path specified.', None, 3)
2026-05-12 17:42:45.571 | WARNING  | HALService | [GNSS Node] Cannot open /dev/gnss_um982: could not open port '/dev/gnss_um982': FileNotFoundError(2, 'The system cannot find the path specified.', None, 3). Retrying in 5.0s...
2026-05-12 17:42:46.069 | INFO     | CommsService | Command received and published: CommandType.SET_MODE
2026-05-12 17:42:46.111 | INFO     | ManagerService | Manager received command: CommandType.SET_MODE
2026-05-12 17:42:46.111 | INFO     | ManagerService | Mode changed to: WP_ROUTE
2026-05-12 17:42:46.309 | INFO     | CommsService | Command received and published: CommandType.SET_MODE
2026-05-12 17:42:46.312 | INFO     | ManagerService | Manager received command: CommandType.SET_MODE
2026-05-12 17:42:46.312 | INFO     | ManagerService | Mode changed to: WP_ROUTE
2026-05-12 17:42:46.489 | INFO     | CommsService | Command received and published: CommandType.SET_MODE
2026-05-12 17:42:46.514 | INFO     | ManagerService | Manager received command: CommandType.SET_MODE
2026-05-12 17:42:46.514 | INFO     | ManagerService | Mode changed to: WP_ROUTE
2026-05-12 17:42:49.893 | WARNING  | HALService | [IMU Node] Cannot open /dev/serial0: could not open port '/dev/serial0': FileNotFoundError(2, 'The system cannot find the path specified.', None, 3). Retrying in 5.0s...
2026-05-12 17:42:50.581 | ERROR    | HALService | [UM982] Start failed: could not open port '/dev/gnss_um982': FileNotFoundError(2, 'The system cannot find the path specified.', None, 3)
2026-05-12 17:42:50.581 | WARNING  | HALService | [GNSS Node] Cannot open /dev/gnss_um982: could not open port '/dev/gnss_um982': FileNotFoundError(2, 'The system cannot find the path specified.', None, 3). Retrying in 5.0s...
2026-05-12 17:42:54.894 | WARNING  | HALService | [IMU Node] Cannot open /dev/serial0: could not open port '/dev/serial0': FileNotFoundError(2, 'The system cannot find the path specified.', None, 3). Retrying in 5.0s...
2026-05-12 17:42:55.590 | ERROR    | HALService | [UM982] Start failed: could not open port '/dev/gnss_um982': FileNotFoundError(2, 'The system cannot find the path specified.', None, 3)
2026-05-12 17:42:55.590 | WARNING  | HALService | [GNSS Node] Cannot open /dev/gnss_um982: could not open port '/dev/gnss_um982': FileNotFoundError(2, 'The system cannot find the path specified.', None, 3). Retrying in 5.0s...
2026-05-12 17:42:59.895 | WARNING  | HALService | [IMU Node] Cannot open /dev/serial0: could not open port '/dev/serial0': FileNotFoundError(2, 'The system cannot find the path specified.', None, 3). Retrying in 5.0s...
2026-05-12 17:43:00.598 | ERROR    | HALService | [UM982] Start failed: could not open port '/dev/gnss_um982': FileNotFoundError(2, 'The system cannot find the path specified.', None, 3)
2026-05-12 17:43:00.598 | WARNING  | HALService | [GNSS Node] Cannot open /dev/gnss_um982: could not open port '/dev/gnss_um982': FileNotFoundError(2, 'The system cannot find the path specified.', None, 3). Retrying in 5.0s...
2026-05-12 17:43:04.895 | WARNING  | HALService | [IMU Node] Cannot open /dev/serial0: could not open port '/dev/serial0': FileNotFoundError(2, 'The system cannot find the path specified.', None, 3). Retrying in 5.0s...
2026-05-12 17:43:05.605 | ERROR    | HALService | [UM982] Start failed: could not open port '/dev/gnss_um982': FileNotFoundError(2, 'The system cannot find the path specified.', None, 3)
2026-05-12 17:43:05.606 | WARNING  | HALService | [GNSS Node] Cannot open /dev/gnss_um982: could not open port '/dev/gnss_um982': FileNotFoundError(2, 'The system cannot find the path specified.', None, 3). Retrying in 5.0s...
2026-05-12 17:43:09.896 | WARNING  | HALService | [IMU Node] Cannot open /dev/serial0: could not open port '/dev/serial0': FileNotFoundError(2, 'The system cannot find the path specified.', None, 3). Retrying in 5.0s...
2026-05-12 17:43:10.614 | ERROR    | HALService | [UM982] Start failed: could not open port '/dev/gnss_um982': FileNotFoundError(2, 'The system cannot find the path specified.', None, 3)
2026-05-12 17:43:10.614 | WARNING  | HALService | [GNSS Node] Cannot open /dev/gnss_um982: could not open port '/dev/gnss_um982': FileNotFoundError(2, 'The system cannot find the path specified.', None, 3). Retrying in 5.0s...
2026-05-12 17:43:14.897 | WARNING  | HALService | [IMU Node] Cannot open /dev/serial0: could not open port '/dev/serial0': FileNotFoundError(2, 'The system cannot find the path specified.', None, 3). Retrying in 5.0s...
2026-05-12 17:43:15.622 | ERROR    | HALService | [UM982] Start failed: could not open port '/dev/gnss_um982': FileNotFoundError(2, 'The system cannot find the path specified.', None, 3)
2026-05-12 17:43:15.623 | WARNING  | HALService | [GNSS Node] Cannot open /dev/gnss_um982: could not open port '/dev/gnss_um982': FileNotFoundError(2, 'The system cannot find the path specified.', None, 3). Retrying in 5.0s...
2026-05-12 17:43:19.898 | WARNING  | HALService | [IMU Node] Cannot open /dev/serial0: could not open port '/dev/serial0': FileNotFoundError(2, 'The system cannot find the path specified.', None, 3). Retrying in 5.0s...
2026-05-12 17:43:20.634 | ERROR    | HALService | [UM982] Start failed: could not open port '/dev/gnss_um982': FileNotFoundError(2, 'The system cannot find the path specified.', None, 3)
2026-05-12 17:43:20.634 | WARNING  | HALService | [GNSS Node] Cannot open /dev/gnss_um982: could not open port '/dev/gnss_um982': FileNotFoundError(2, 'The system cannot find the path specified.', None, 3). Retrying in 5.0s...
2026-05-12 17:43:24.898 | WARNING  | HALService | [IMU Node] Cannot open /dev/serial0: could not open port '/dev/serial0': FileNotFoundError(2, 'The system cannot find the path specified.', None, 3). Retrying in 5.0s...
2026-05-12 17:43:25.645 | ERROR    | HALService | [UM982] Start failed: could not open port '/dev/gnss_um982': FileNotFoundError(2, 'The system cannot find the path specified.', None, 3)
2026-05-12 17:43:25.645 | WARNING  | HALService | [GNSS Node] Cannot open /dev/gnss_um982: could not open port '/dev/gnss_um982': FileNotFoundError(2, 'The system cannot find the path specified.', None, 3). Retrying in 5.0s...
2026-05-12 17:43:29.899 | WARNING  | HALService | [IMU Node] Cannot open /dev/serial0: could not open port '/dev/serial0': FileNotFoundError(2, 'The system cannot find the path specified.', None, 3). Retrying in 5.0s...
2026-05-12 17:43:30.654 | ERROR    | HALService | [UM982] Start failed: could not open port '/dev/gnss_um982': FileNotFoundError(2, 'The system cannot find the path specified.', None, 3)
2026-05-12 17:43:30.654 | WARNING  | HALService | [GNSS Node] Cannot open /dev/gnss_um982: could not open port '/dev/gnss_um982': FileNotFoundError(2, 'The system cannot find the path specified.', None, 3). Retrying in 5.0s...
2026-05-12 17:43:34.900 | WARNING  | HALService | [IMU Node] Cannot open /dev/serial0: could not open port '/dev/serial0': FileNotFoundError(2, 'The system cannot find the path specified.', None, 3). Retrying in 5.0s...
2026-05-12 17:43:35.663 | ERROR    | HALService | [UM982] Start failed: could not open port '/dev/gnss_um982': FileNotFoundError(2, 'The system cannot find the path specified.', None, 3)
2026-05-12 17:43:35.664 | WARNING  | HALService | [GNSS Node] Cannot open /dev/gnss_um982: could not open port '/dev/gnss_um982': FileNotFoundError(2, 'The system cannot find the path specified.', None, 3). Retrying in 5.0s...
2026-05-12 17:43:39.901 | WARNING  | HALService | [IMU Node] Cannot open /dev/serial0: could not open port '/dev/serial0': FileNotFoundError(2, 'The system cannot find the path specified.', None, 3). Retrying in 5.0s...
2026-05-12 17:43:40.671 | ERROR    | HALService | [UM982] Start failed: could not open port '/dev/gnss_um982': FileNotFoundError(2, 'The system cannot find the path specified.', None, 3)
2026-05-12 17:43:40.671 | WARNING  | HALService | [GNSS Node] Cannot open /dev/gnss_um982: could not open port '/dev/gnss_um982': FileNotFoundError(2, 'The system cannot find the path specified.', None, 3). Retrying in 5.0s...
2026-05-12 17:43:44.901 | WARNING  | HALService | [IMU Node] Cannot open /dev/serial0: could not open port '/dev/serial0': FileNotFoundError(2, 'The system cannot find the path specified.', None, 3). Retrying in 5.0s...
2026-05-12 17:43:45.680 | ERROR    | HALService | [UM982] Start failed: could not open port '/dev/gnss_um982': FileNotFoundError(2, 'The system cannot find the path specified.', None, 3)
2026-05-12 17:43:45.680 | WARNING  | HALService | [GNSS Node] Cannot open /dev/gnss_um982: could not open port '/dev/gnss_um982': FileNotFoundError(2, 'The system cannot find the path specified.', None, 3). Retrying in 5.0s...
2026-05-12 17:43:49.901 | WARNING  | HALService | [IMU Node] Cannot open /dev/serial0: could not open port '/dev/serial0': FileNotFoundError(2, 'The system cannot find the path specified.', None, 3). Retrying in 5.0s...
2026-05-12 17:43:50.690 | ERROR    | HALService | [UM982] Start failed: could not open port '/dev/gnss_um982': FileNotFoundError(2, 'The system cannot find the path specified.', None, 3)
2026-05-12 17:43:50.690 | WARNING  | HALService | [GNSS Node] Cannot open /dev/gnss_um982: could not open port '/dev/gnss_um982': FileNotFoundError(2, 'The system cannot find the path specified.', None, 3). Retrying in 5.0s...
2026-05-12 17:43:54.902 | WARNING  | HALService | [IMU Node] Cannot open /dev/serial0: could not open port '/dev/serial0': FileNotFoundError(2, 'The system cannot find the path specified.', None, 3). Retrying in 5.0s...
2026-05-12 17:43:55.700 | ERROR    | HALService | [UM982] Start failed: could not open port '/dev/gnss_um982': FileNotFoundError(2, 'The system cannot find the path specified.', None, 3)
2026-05-12 17:43:55.700 | WARNING  | HALService | [GNSS Node] Cannot open /dev/gnss_um982: could not open port '/dev/gnss_um982': FileNotFoundError(2, 'The system cannot find the path specified.', None, 3). Retrying in 5.0s...
2026-05-12 17:43:59.903 | WARNING  | HALService | [IMU Node] Cannot open /dev/serial0: could not open port '/dev/serial0': FileNotFoundError(2, 'The system cannot find the path specified.', None, 3). Retrying in 5.0s...
2026-05-12 17:44:00.710 | ERROR    | HALService | [UM982] Start failed: could not open port '/dev/gnss_um982': FileNotFoundError(2, 'The system cannot find the path specified.', None, 3)
2026-05-12 17:44:00.710 | WARNING  | HALService | [GNSS Node] Cannot open /dev/gnss_um982: could not open port '/dev/gnss_um982': FileNotFoundError(2, 'The system cannot find the path specified.', None, 3). Retrying in 5.0s...
2026-05-12 17:44:04.904 | WARNING  | HALService | [IMU Node] Cannot open /dev/serial0: could not open port '/dev/serial0': FileNotFoundError(2, 'The system cannot find the path specified.', None, 3). Retrying in 5.0s...
2026-05-12 17:44:05.719 | ERROR    | HALService | [UM982] Start failed: could not open port '/dev/gnss_um982': FileNotFoundError(2, 'The system cannot find the path specified.', None, 3)
2026-05-12 17:44:05.720 | WARNING  | HALService | [GNSS Node] Cannot open /dev/gnss_um982: could not open port '/dev/gnss_um982': FileNotFoundError(2, 'The system cannot find the path specified.', None, 3). Retrying in 5.0s...
2026-05-12 17:44:09.904 | WARNING  | HALService | [IMU Node] Cannot open /dev/serial0: could not open port '/dev/serial0': FileNotFoundError(2, 'The system cannot find the path specified.', None, 3). Retrying in 5.0s...
2026-05-12 17:44:10.213 | INFO     | CommsService | Command received and published: CommandType.STOP_RT_SIM
2026-05-12 17:44:10.242 | INFO     | GNCService | GNC: RT simulation stopped after 90.3s
2026-05-12 17:44:10.262 | INFO     | HALService | HAL: Sensors UNMUTED
2026-05-12 17:44:10.302 | INFO     | ManagerService | Manager received command: CommandType.STOP_RT_SIM
2026-05-12 17:44:10.303 | INFO     | ManagerService | Manager received command: CommandType.UNMUTE_SENSORS
2026-05-12 17:44:10.731 | ERROR    | HALService | [UM982] Start failed: could not open port '/dev/gnss_um982': FileNotFoundError(2, 'The system cannot find the path specified.', None, 3)
2026-05-12 17:44:10.731 | WARNING  | HALService | [GNSS Node] Cannot open /dev/gnss_um982: could not open port '/dev/gnss_um982': FileNotFoundError(2, 'The system cannot find the path specified.', None, 3). Retrying in 5.0s...
2026-05-12 17:44:14.905 | WARNING  | HALService | [IMU Node] Cannot open /dev/serial0: could not open port '/dev/serial0': FileNotFoundError(2, 'The system cannot find the path specified.', None, 3). Retrying in 5.0s...
2026-05-12 17:44:15.740 | ERROR    | HALService | [UM982] Start failed: could not open port '/dev/gnss_um982': FileNotFoundError(2, 'The system cannot find the path specified.', None, 3)
2026-05-12 17:44:15.740 | WARNING  | HALService | [GNSS Node] Cannot open /dev/gnss_um982: could not open port '/dev/gnss_um982': FileNotFoundError(2, 'The system cannot find the path specified.', None, 3). Retrying in 5.0s...
2026-05-12 17:44:19.906 | WARNING  | HALService | [IMU Node] Cannot open /dev/serial0: could not open port '/dev/serial0': FileNotFoundError(2, 'The system cannot find the path specified.', None, 3). Retrying in 5.0s...
2026-05-12 17:44:20.750 | ERROR    | HALService | [UM982] Start failed: could not open port '/dev/gnss_um982': FileNotFoundError(2, 'The system cannot find the path specified.', None, 3)
2026-05-12 17:44:20.750 | WARNING  | HALService | [GNSS Node] Cannot open /dev/gnss_um982: could not open port '/dev/gnss_um982': FileNotFoundError(2, 'The system cannot find the path specified.', None, 3). Retrying in 5.0s...
2026-05-12 17:44:24.907 | WARNING  | HALService | [IMU Node] Cannot open /dev/serial0: could not open port '/dev/serial0': FileNotFoundError(2, 'The system cannot find the path specified.', None, 3). Retrying in 5.0s...
2026-05-12 17:44:25.759 | ERROR    | HALService | [UM982] Start failed: could not open port '/dev/gnss_um982': FileNotFoundError(2, 'The system cannot find the path specified.', None, 3)
2026-05-12 17:44:25.759 | WARNING  | HALService | [GNSS Node] Cannot open /dev/gnss_um982: could not open port '/dev/gnss_um982': FileNotFoundError(2, 'The system cannot find the path specified.', None, 3). Retrying in 5.0s...
2026-05-12 17:44:29.907 | WARNING  | HALService | [IMU Node] Cannot open /dev/serial0: could not open port '/dev/serial0': FileNotFoundError(2, 'The system cannot find the path specified.', None, 3). Retrying in 5.0s...
2026-05-12 17:44:30.767 | ERROR    | HALService | [UM982] Start failed: could not open port '/dev/gnss_um982': FileNotFoundError(2, 'The system cannot find the path specified.', None, 3)
2026-05-12 17:44:30.767 | WARNING  | HALService | [GNSS Node] Cannot open /dev/gnss_um982: could not open port '/dev/gnss_um982': FileNotFoundError(2, 'The system cannot find the path specified.', None, 3). Retrying in 5.0s...
2026-05-12 17:44:34.908 | WARNING  | HALService | [IMU Node] Cannot open /dev/serial0: could not open port '/dev/serial0': FileNotFoundError(2, 'The system cannot find the path specified.', None, 3). Retrying in 5.0s...
2026-05-12 17:44:35.776 | ERROR    | HALService | [UM982] Start failed: could not open port '/dev/gnss_um982': FileNotFoundError(2, 'The system cannot find the path specified.', None, 3)
2026-05-12 17:44:35.776 | WARNING  | HALService | [GNSS Node] Cannot open /dev/gnss_um982: could not open port '/dev/gnss_um982': FileNotFoundError(2, 'The system cannot find the path specified.', None, 3). Retrying in 5.0s...
2026-05-12 17:44:39.910 | WARNING  | HALService | [IMU Node] Cannot open /dev/serial0: could not open port '/dev/serial0': FileNotFoundError(2, 'The system cannot find the path specified.', None, 3). Retrying in 5.0s...
2026-05-12 17:44:40.379 | INFO     | CommsService | Command received and published: CommandType.SET_MODE
2026-05-12 17:44:40.438 | INFO     | ManagerService | Manager received command: CommandType.SET_MODE
2026-05-12 17:44:40.438 | INFO     | ManagerService | Mode changed to: WP_ROUTE
2026-05-12 17:44:40.785 | ERROR    | HALService | [UM982] Start failed: could not open port '/dev/gnss_um982': FileNotFoundError(2, 'The system cannot find the path specified.', None, 3)
2026-05-12 17:44:40.785 | WARNING  | HALService | [GNSS Node] Cannot open /dev/gnss_um982: could not open port '/dev/gnss_um982': FileNotFoundError(2, 'The system cannot find the path specified.', None, 3). Retrying in 5.0s...
2026-05-12 17:44:40.897 | INFO     | CommsService | Command received and published: CommandType.SET_MODE
2026-05-12 17:44:40.941 | INFO     | ManagerService | Manager received command: CommandType.SET_MODE
2026-05-12 17:44:40.941 | INFO     | ManagerService | Mode changed to: WP_ROUTE
2026-05-12 17:44:41.092 | INFO     | CommsService | Command received and published: CommandType.SET_MODE
2026-05-12 17:44:41.142 | INFO     | ManagerService | Manager received command: CommandType.SET_MODE
2026-05-12 17:44:41.142 | INFO     | ManagerService | Mode changed to: WP_ROUTE
2026-05-12 17:44:41.280 | INFO     | CommsService | Command received and published: CommandType.SET_MODE
2026-05-12 17:44:41.343 | INFO     | ManagerService | Manager received command: CommandType.SET_MODE
2026-05-12 17:44:41.344 | INFO     | ManagerService | Mode changed to: WP_ROUTE
2026-05-12 17:44:41.451 | INFO     | CommsService | Command received and published: CommandType.SET_MODE
2026-05-12 17:44:41.545 | INFO     | ManagerService | Manager received command: CommandType.SET_MODE
2026-05-12 17:44:41.545 | INFO     | ManagerService | Mode changed to: WP_ROUTE
2026-05-12 17:44:44.797 | INFO     | CommsService | Command received and published: CommandType.ARM
2026-05-12 17:44:44.836 | INFO     | GNCService | GNC: Armed
2026-05-12 17:44:44.860 | INFO     | ManagerService | Manager received command: CommandType.ARM
2026-05-12 17:44:44.860 | WARNING  | ManagerService | >>> VEHICLE ARMED <<<
2026-05-12 17:44:44.911 | WARNING  | HALService | [IMU Node] Cannot open /dev/serial0: could not open port '/dev/serial0': FileNotFoundError(2, 'The system cannot find the path specified.', None, 3). Retrying in 5.0s...
2026-05-12 17:44:45.793 | ERROR    | HALService | [UM982] Start failed: could not open port '/dev/gnss_um982': FileNotFoundError(2, 'The system cannot find the path specified.', None, 3)
2026-05-12 17:44:45.793 | WARNING  | HALService | [GNSS Node] Cannot open /dev/gnss_um982: could not open port '/dev/gnss_um982': FileNotFoundError(2, 'The system cannot find the path specified.', None, 3). Retrying in 5.0s...
2026-05-12 17:44:46.304 | INFO     | CommsService | Command received and published: CommandType.START_RT_SIM
2026-05-12 17:44:46.349 | INFO     | GNCService | GNC: Starting RT simulation (Physics Engine Only)
2026-05-12 17:44:46.350 | INFO     | GNCService | GNC: RT simulation started
2026-05-12 17:44:46.355 | INFO     | HALService | HAL: Sensors MUTED (RT simulation active)
2026-05-12 17:44:46.367 | INFO     | ManagerService | Manager received command: CommandType.START_RT_SIM
2026-05-12 17:44:46.367 | INFO     | ManagerService | Manager received command: CommandType.MUTE_SENSORS
2026-05-12 17:44:49.177 | INFO     | CommsService | Command received and published: CommandType.ARM
2026-05-12 17:44:49.179 | INFO     | ManagerService | Manager received command: CommandType.ARM
2026-05-12 17:44:49.179 | WARNING  | ManagerService | >>> VEHICLE ARMED <<<
2026-05-12 17:44:49.190 | INFO     | GNCService | GNC: Armed
2026-05-12 17:44:49.911 | WARNING  | HALService | [IMU Node] Cannot open /dev/serial0: could not open port '/dev/serial0': FileNotFoundError(2, 'The system cannot find the path specified.', None, 3). Retrying in 5.0s...
2026-05-12 17:44:50.802 | ERROR    | HALService | [UM982] Start failed: could not open port '/dev/gnss_um982': FileNotFoundError(2, 'The system cannot find the path specified.', None, 3)
2026-05-12 17:44:50.802 | WARNING  | HALService | [GNSS Node] Cannot open /dev/gnss_um982: could not open port '/dev/gnss_um982': FileNotFoundError(2, 'The system cannot find the path specified.', None, 3). Retrying in 5.0s...
2026-05-12 17:44:54.912 | WARNING  | HALService | [IMU Node] Cannot open /dev/serial0: could not open port '/dev/serial0': FileNotFoundError(2, 'The system cannot find the path specified.', None, 3). Retrying in 5.0s...
2026-05-12 17:44:55.810 | ERROR    | HALService | [UM982] Start failed: could not open port '/dev/gnss_um982': FileNotFoundError(2, 'The system cannot find the path specified.', None, 3)
2026-05-12 17:44:55.810 | WARNING  | HALService | [GNSS Node] Cannot open /dev/gnss_um982: could not open port '/dev/gnss_um982': FileNotFoundError(2, 'The system cannot find the path specified.', None, 3). Retrying in 5.0s...
2026-05-12 17:44:59.913 | WARNING  | HALService | [IMU Node] Cannot open /dev/serial0: could not open port '/dev/serial0': FileNotFoundError(2, 'The system cannot find the path specified.', None, 3). Retrying in 5.0s...
2026-05-12 17:45:00.535 | INFO     | CommsService | WebSocket client disconnected. Total: 0
2026-05-12 17:45:00.818 | ERROR    | HALService | [UM982] Start failed: could not open port '/dev/gnss_um982': FileNotFoundError(2, 'The system cannot find the path specified.', None, 3)
2026-05-12 17:45:00.819 | WARNING  | HALService | [GNSS Node] Cannot open /dev/gnss_um982: could not open port '/dev/gnss_um982': FileNotFoundError(2, 'The system cannot find the path specified.', None, 3). Retrying in 5.0s...
2026-05-12 17:45:04.806 | INFO     | NavigationService | Process NavigationService received signal 2. Stopping...
2026-05-12 17:45:04.806 | INFO     | ManagerService | Process ManagerService received signal 2. Stopping...
2026-05-12 17:45:04.807 | INFO     | HALService | Process HALService received signal 2. Stopping...
2026-05-12 17:45:04.807 | WARNING  | MAIN | Main process received KeyboardInterrupt. Stopping services...
2026-05-12 17:45:04.818 | INFO     | HALService | Process HALService stopped.
2026-05-12 17:45:04.850 | INFO     | GNCService | Process GNCService stopped.
2026-05-12 17:45:04.851 | INFO     | NavigationService | Process NavigationService stopped.
2026-05-12 17:45:04.855 | INFO     | ManagerService | Process ManagerService stopped.
2026-05-12 17:45:04.923 | INFO     | CommsService | ZMQ Consumer task cancelled
2026-05-12 17:45:04.926 | INFO     | CommsService | Stopping MAVLink Bridge...
2026-05-12 17:45:04.953 | INFO     | CommsService | MAVLink bridge stopped.
2026-05-12 17:45:05.018 | SUCCESS  | MAIN | All services stopped. Exiting.
2026-05-12 17:45:07.505 | INFO     | MAIN | Starting USV Control System
2026-05-12 17:45:07.506 | INFO     | MAIN | Mode: SIMULATION
2026-05-12 17:45:08.043 | INFO     | HALService | Process HALService starting...
2026-05-12 17:45:08.043 | INFO     | NavigationService | Process NavigationService starting...
2026-05-12 17:45:08.057 | INFO     | BROKER | Broker started. Publishers -> :5555 | Subscribers <- :5556
2026-05-12 17:45:08.054 | INFO     | HALService | [GNSS Node] Publisher connected to ZMQ Bus: tcp://127.0.0.1:5555
2026-05-12 17:45:08.059 | INFO     | CommsService | Starting MAVLink Bridge thread...
2026-05-12 17:45:08.064 | INFO     | CommsService | Starting Web Server on port 8000
2026-05-12 17:45:08.043 | INFO     | GNCService | Process GNCService starting...
2026-05-12 17:45:08.055 | INFO     | HALService | [GNSS Node] Subscriber connected to tcp://127.0.0.1:5556 for commands
2026-05-12 17:45:08.067 | INFO     | CommsService | MAVLink bridge sending to udpout:127.0.0.1:14550
2026-05-12 17:45:08.055 | INFO     | HALService | [GNSS Node] Starting (with auto-retry)...
2026-05-12 17:45:08.055 | ERROR    | HALService | [UM982] Start failed: could not open port '/dev/gnss_um982': FileNotFoundError(2, 'The system cannot find the path specified.', None, 3)
2026-05-12 17:45:08.057 | INFO     | HALService | GNSS Node (UM982) started on /dev/gnss_um982
2026-05-12 17:45:08.060 | INFO     | HALService | [IMU Node] Publisher connected to ZMQ Bus: tcp://127.0.0.1:5555
2026-05-12 17:45:08.060 | WARNING  | HALService | [GNSS Node] Cannot open /dev/gnss_um982: could not open port '/dev/gnss_um982': FileNotFoundError(2, 'The system cannot find the path specified.', None, 3). Retrying in 5.0s...
2026-05-12 17:45:08.061 | INFO     | HALService | [IMU Node] Starting (with auto-retry)...
2026-05-12 17:45:08.061 | INFO     | HALService | IMU Node started on /dev/serial0
2026-05-12 17:45:08.061 | WARNING  | HALService | [IMU Node] Cannot open /dev/serial0: could not open port '/dev/serial0': FileNotFoundError(2, 'The system cannot find the path specified.', None, 3). Retrying in 5.0s...
2026-05-12 17:45:08.067 | INFO     | HALService | [Power Node] Publisher connected to ZMQ Bus: tcp://127.0.0.1:5555
2026-05-12 17:45:08.069 | INFO     | HALService | [Power Node] Subscriber connected to tcp://127.0.0.1:5556 for commands
2026-05-12 17:45:08.069 | INFO     | HALService | [Power Node] Starting (with auto-retry)...
2026-05-12 17:45:08.069 | INFO     | HALService | Power Node (PZEM-017) started on /dev/power_pzem
2026-05-12 17:45:08.069 | INFO     | HALService | Process HALService entering loop at 50.0 Hz
2026-05-12 17:45:08.069 | WARNING  | HALService | [Power Node] Cannot open /dev/power_pzem: could not open port '/dev/power_pzem': FileNotFoundError(2, 'The system cannot find the path specified.', None, 3). Retrying...
2026-05-12 17:45:08.059 | INFO     | ManagerService | Process ManagerService starting...
2026-05-12 17:45:08.082 | INFO     | CommsService | Starting Web Server...
2026-05-12 17:45:08.158 | INFO     | NavigationService | Navigation Process initialized (passthrough mode)
2026-05-12 17:45:08.158 | INFO     | NavigationService | Process NavigationService entering loop at 20.0 Hz
2026-05-12 17:45:08.275 | INFO     | ManagerService | Manager: settings loaded from c:\PYTHON\ControlUSV\src\manager\..\..\data\manager_settings.json
2026-05-12 17:45:08.275 | INFO     | ManagerService | Manager Process Initialized. Waiting for commands...
2026-05-12 17:45:08.275 | INFO     | ManagerService | Process ManagerService entering loop at 10.0 Hz
2026-05-12 17:45:08.286 | INFO     | CommsService | Command publisher connected to ZMQ broker
2026-05-12 17:45:08.288 | INFO     | CommsService | Web Server ZMQ Consumer connected to tcp://127.0.0.1:5556 subscribing to ['sensor/gnss', 'sensor/imu', 'sensor/battery', 'sensor/status', 'gnc/ekf_state', 'system/status', 'gnc/control_debug', 'gnc/control_output', 'sim/status']
2026-05-12 17:45:08.678 | INFO     | GNCService | GNC Process initialized (waiting for AUTO mode)
2026-05-12 17:45:08.678 | INFO     | GNCService | Process GNCService entering loop at 20.0 Hz
2026-05-12 17:45:13.068 | ERROR    | HALService | [UM982] Start failed: could not open port '/dev/gnss_um982': FileNotFoundError(2, 'The system cannot find the path specified.', None, 3)
2026-05-12 17:45:13.069 | WARNING  | HALService | [GNSS Node] Cannot open /dev/gnss_um982: could not open port '/dev/gnss_um982': FileNotFoundError(2, 'The system cannot find the path specified.', None, 3). Retrying in 5.0s...
2026-05-12 17:45:13.069 | WARNING  | HALService | [IMU Node] Cannot open /dev/serial0: could not open port '/dev/serial0': FileNotFoundError(2, 'The system cannot find the path specified.', None, 3). Retrying in 5.0s...
2026-05-12 17:45:18.069 | WARNING  | HALService | [IMU Node] Cannot open /dev/serial0: could not open port '/dev/serial0': FileNotFoundError(2, 'The system cannot find the path specified.', None, 3). Retrying in 5.0s...
2026-05-12 17:45:18.079 | ERROR    | HALService | [UM982] Start failed: could not open port '/dev/gnss_um982': FileNotFoundError(2, 'The system cannot find the path specified.', None, 3)
2026-05-12 17:45:18.079 | WARNING  | HALService | [GNSS Node] Cannot open /dev/gnss_um982: could not open port '/dev/gnss_um982': FileNotFoundError(2, 'The system cannot find the path specified.', None, 3). Retrying in 5.0s...
2026-05-12 17:45:23.070 | WARNING  | HALService | [IMU Node] Cannot open /dev/serial0: could not open port '/dev/serial0': FileNotFoundError(2, 'The system cannot find the path specified.', None, 3). Retrying in 5.0s...
2026-05-12 17:45:23.087 | ERROR    | HALService | [UM982] Start failed: could not open port '/dev/gnss_um982': FileNotFoundError(2, 'The system cannot find the path specified.', None, 3)
2026-05-12 17:45:23.087 | WARNING  | HALService | [GNSS Node] Cannot open /dev/gnss_um982: could not open port '/dev/gnss_um982': FileNotFoundError(2, 'The system cannot find the path specified.', None, 3). Retrying in 5.0s...
2026-05-12 17:45:28.071 | WARNING  | HALService | [IMU Node] Cannot open /dev/serial0: could not open port '/dev/serial0': FileNotFoundError(2, 'The system cannot find the path specified.', None, 3). Retrying in 5.0s...
2026-05-12 17:45:28.096 | ERROR    | HALService | [UM982] Start failed: could not open port '/dev/gnss_um982': FileNotFoundError(2, 'The system cannot find the path specified.', None, 3)
2026-05-12 17:45:28.096 | WARNING  | HALService | [GNSS Node] Cannot open /dev/gnss_um982: could not open port '/dev/gnss_um982': FileNotFoundError(2, 'The system cannot find the path specified.', None, 3). Retrying in 5.0s...
2026-05-12 17:45:33.071 | WARNING  | HALService | [IMU Node] Cannot open /dev/serial0: could not open port '/dev/serial0': FileNotFoundError(2, 'The system cannot find the path specified.', None, 3). Retrying in 5.0s...
2026-05-12 17:45:33.106 | ERROR    | HALService | [UM982] Start failed: could not open port '/dev/gnss_um982': FileNotFoundError(2, 'The system cannot find the path specified.', None, 3)
2026-05-12 17:45:33.107 | WARNING  | HALService | [GNSS Node] Cannot open /dev/gnss_um982: could not open port '/dev/gnss_um982': FileNotFoundError(2, 'The system cannot find the path specified.', None, 3). Retrying in 5.0s...
2026-05-12 17:45:36.584 | INFO     | CommsService | WebSocket client connected. Total: 1
2026-05-12 17:45:38.072 | WARNING  | HALService | [IMU Node] Cannot open /dev/serial0: could not open port '/dev/serial0': FileNotFoundError(2, 'The system cannot find the path specified.', None, 3). Retrying in 5.0s...
2026-05-12 17:45:38.118 | ERROR    | HALService | [UM982] Start failed: could not open port '/dev/gnss_um982': FileNotFoundError(2, 'The system cannot find the path specified.', None, 3)
2026-05-12 17:45:38.118 | WARNING  | HALService | [GNSS Node] Cannot open /dev/gnss_um982: could not open port '/dev/gnss_um982': FileNotFoundError(2, 'The system cannot find the path specified.', None, 3). Retrying in 5.0s...
2026-05-12 17:45:40.831 | INFO     | CommsService | Command received and published: CommandType.START_RT_SIM
2026-05-12 17:45:40.868 | INFO     | GNCService | GNC: Starting RT simulation (Physics Engine Only)
2026-05-12 17:45:40.868 | INFO     | GNCService | GNC: RT simulation started
2026-05-12 17:45:40.877 | INFO     | HALService | HAL: Sensors MUTED (RT simulation active)
2026-05-12 17:45:40.919 | INFO     | ManagerService | Manager received command: CommandType.START_RT_SIM
2026-05-12 17:45:40.919 | INFO     | ManagerService | Manager received command: CommandType.MUTE_SENSORS
2026-05-12 17:45:43.073 | WARNING  | HALService | [IMU Node] Cannot open /dev/serial0: could not open port '/dev/serial0': FileNotFoundError(2, 'The system cannot find the path specified.', None, 3). Retrying in 5.0s...
2026-05-12 17:45:43.126 | ERROR    | HALService | [UM982] Start failed: could not open port '/dev/gnss_um982': FileNotFoundError(2, 'The system cannot find the path specified.', None, 3)
2026-05-12 17:45:43.126 | WARNING  | HALService | [GNSS Node] Cannot open /dev/gnss_um982: could not open port '/dev/gnss_um982': FileNotFoundError(2, 'The system cannot find the path specified.', None, 3). Retrying in 5.0s...
2026-05-12 17:45:48.074 | WARNING  | HALService | [IMU Node] Cannot open /dev/serial0: could not open port '/dev/serial0': FileNotFoundError(2, 'The system cannot find the path specified.', None, 3). Retrying in 5.0s...
2026-05-12 17:45:48.134 | ERROR    | HALService | [UM982] Start failed: could not open port '/dev/gnss_um982': FileNotFoundError(2, 'The system cannot find the path specified.', None, 3)
2026-05-12 17:45:48.134 | WARNING  | HALService | [GNSS Node] Cannot open /dev/gnss_um982: could not open port '/dev/gnss_um982': FileNotFoundError(2, 'The system cannot find the path specified.', None, 3). Retrying in 5.0s...
2026-05-12 17:45:53.075 | WARNING  | HALService | [IMU Node] Cannot open /dev/serial0: could not open port '/dev/serial0': FileNotFoundError(2, 'The system cannot find the path specified.', None, 3). Retrying in 5.0s...
2026-05-12 17:45:53.143 | ERROR    | HALService | [UM982] Start failed: could not open port '/dev/gnss_um982': FileNotFoundError(2, 'The system cannot find the path specified.', None, 3)
2026-05-12 17:45:53.143 | WARNING  | HALService | [GNSS Node] Cannot open /dev/gnss_um982: could not open port '/dev/gnss_um982': FileNotFoundError(2, 'The system cannot find the path specified.', None, 3). Retrying in 5.0s...
2026-05-12 17:45:58.076 | WARNING  | HALService | [IMU Node] Cannot open /dev/serial0: could not open port '/dev/serial0': FileNotFoundError(2, 'The system cannot find the path specified.', None, 3). Retrying in 5.0s...
2026-05-12 17:45:58.151 | ERROR    | HALService | [UM982] Start failed: could not open port '/dev/gnss_um982': FileNotFoundError(2, 'The system cannot find the path specified.', None, 3)
2026-05-12 17:45:58.151 | WARNING  | HALService | [GNSS Node] Cannot open /dev/gnss_um982: could not open port '/dev/gnss_um982': FileNotFoundError(2, 'The system cannot find the path specified.', None, 3). Retrying in 5.0s...
2026-05-12 17:46:03.077 | WARNING  | HALService | [IMU Node] Cannot open /dev/serial0: could not open port '/dev/serial0': FileNotFoundError(2, 'The system cannot find the path specified.', None, 3). Retrying in 5.0s...
2026-05-12 17:46:03.162 | ERROR    | HALService | [UM982] Start failed: could not open port '/dev/gnss_um982': FileNotFoundError(2, 'The system cannot find the path specified.', None, 3)
2026-05-12 17:46:03.163 | WARNING  | HALService | [GNSS Node] Cannot open /dev/gnss_um982: could not open port '/dev/gnss_um982': FileNotFoundError(2, 'The system cannot find the path specified.', None, 3). Retrying in 5.0s...
2026-05-12 17:46:08.078 | WARNING  | HALService | [IMU Node] Cannot open /dev/serial0: could not open port '/dev/serial0': FileNotFoundError(2, 'The system cannot find the path specified.', None, 3). Retrying in 5.0s...
2026-05-12 17:46:08.170 | ERROR    | HALService | [UM982] Start failed: could not open port '/dev/gnss_um982': FileNotFoundError(2, 'The system cannot find the path specified.', None, 3)
2026-05-12 17:46:08.170 | WARNING  | HALService | [GNSS Node] Cannot open /dev/gnss_um982: could not open port '/dev/gnss_um982': FileNotFoundError(2, 'The system cannot find the path specified.', None, 3). Retrying in 5.0s...
2026-05-12 17:46:13.078 | WARNING  | HALService | [IMU Node] Cannot open /dev/serial0: could not open port '/dev/serial0': FileNotFoundError(2, 'The system cannot find the path specified.', None, 3). Retrying in 5.0s...
2026-05-12 17:46:13.179 | ERROR    | HALService | [UM982] Start failed: could not open port '/dev/gnss_um982': FileNotFoundError(2, 'The system cannot find the path specified.', None, 3)
2026-05-12 17:46:13.180 | WARNING  | HALService | [GNSS Node] Cannot open /dev/gnss_um982: could not open port '/dev/gnss_um982': FileNotFoundError(2, 'The system cannot find the path specified.', None, 3). Retrying in 5.0s...
2026-05-12 17:46:18.079 | WARNING  | HALService | [IMU Node] Cannot open /dev/serial0: could not open port '/dev/serial0': FileNotFoundError(2, 'The system cannot find the path specified.', None, 3). Retrying in 5.0s...
2026-05-12 17:46:18.189 | ERROR    | HALService | [UM982] Start failed: could not open port '/dev/gnss_um982': FileNotFoundError(2, 'The system cannot find the path specified.', None, 3)
2026-05-12 17:46:18.189 | WARNING  | HALService | [GNSS Node] Cannot open /dev/gnss_um982: could not open port '/dev/gnss_um982': FileNotFoundError(2, 'The system cannot find the path specified.', None, 3). Retrying in 5.0s...
2026-05-12 17:46:23.080 | WARNING  | HALService | [IMU Node] Cannot open /dev/serial0: could not open port '/dev/serial0': FileNotFoundError(2, 'The system cannot find the path specified.', None, 3). Retrying in 5.0s...
2026-05-12 17:46:23.197 | ERROR    | HALService | [UM982] Start failed: could not open port '/dev/gnss_um982': FileNotFoundError(2, 'The system cannot find the path specified.', None, 3)
2026-05-12 17:46:23.197 | WARNING  | HALService | [GNSS Node] Cannot open /dev/gnss_um982: could not open port '/dev/gnss_um982': FileNotFoundError(2, 'The system cannot find the path specified.', None, 3). Retrying in 5.0s...
2026-05-12 17:46:28.080 | WARNING  | HALService | [IMU Node] Cannot open /dev/serial0: could not open port '/dev/serial0': FileNotFoundError(2, 'The system cannot find the path specified.', None, 3). Retrying in 5.0s...
2026-05-12 17:46:28.206 | ERROR    | HALService | [UM982] Start failed: could not open port '/dev/gnss_um982': FileNotFoundError(2, 'The system cannot find the path specified.', None, 3)
2026-05-12 17:46:28.206 | WARNING  | HALService | [GNSS Node] Cannot open /dev/gnss_um982: could not open port '/dev/gnss_um982': FileNotFoundError(2, 'The system cannot find the path specified.', None, 3). Retrying in 5.0s...
2026-05-12 17:46:33.081 | WARNING  | HALService | [IMU Node] Cannot open /dev/serial0: could not open port '/dev/serial0': FileNotFoundError(2, 'The system cannot find the path specified.', None, 3). Retrying in 5.0s...
2026-05-12 17:46:33.216 | ERROR    | HALService | [UM982] Start failed: could not open port '/dev/gnss_um982': FileNotFoundError(2, 'The system cannot find the path specified.', None, 3)
2026-05-12 17:46:33.216 | WARNING  | HALService | [GNSS Node] Cannot open /dev/gnss_um982: could not open port '/dev/gnss_um982': FileNotFoundError(2, 'The system cannot find the path specified.', None, 3). Retrying in 5.0s...
2026-05-12 17:46:38.082 | WARNING  | HALService | [IMU Node] Cannot open /dev/serial0: could not open port '/dev/serial0': FileNotFoundError(2, 'The system cannot find the path specified.', None, 3). Retrying in 5.0s...
2026-05-12 17:46:38.224 | ERROR    | HALService | [UM982] Start failed: could not open port '/dev/gnss_um982': FileNotFoundError(2, 'The system cannot find the path specified.', None, 3)
2026-05-12 17:46:38.224 | WARNING  | HALService | [GNSS Node] Cannot open /dev/gnss_um982: could not open port '/dev/gnss_um982': FileNotFoundError(2, 'The system cannot find the path specified.', None, 3). Retrying in 5.0s...
2026-05-12 17:46:43.082 | WARNING  | HALService | [IMU Node] Cannot open /dev/serial0: could not open port '/dev/serial0': FileNotFoundError(2, 'The system cannot find the path specified.', None, 3). Retrying in 5.0s...
2026-05-12 17:46:43.232 | ERROR    | HALService | [UM982] Start failed: could not open port '/dev/gnss_um982': FileNotFoundError(2, 'The system cannot find the path specified.', None, 3)
2026-05-12 17:46:43.232 | WARNING  | HALService | [GNSS Node] Cannot open /dev/gnss_um982: could not open port '/dev/gnss_um982': FileNotFoundError(2, 'The system cannot find the path specified.', None, 3). Retrying in 5.0s...
2026-05-12 17:46:48.083 | WARNING  | HALService | [IMU Node] Cannot open /dev/serial0: could not open port '/dev/serial0': FileNotFoundError(2, 'The system cannot find the path specified.', None, 3). Retrying in 5.0s...
2026-05-12 17:46:48.240 | ERROR    | HALService | [UM982] Start failed: could not open port '/dev/gnss_um982': FileNotFoundError(2, 'The system cannot find the path specified.', None, 3)
2026-05-12 17:46:48.240 | WARNING  | HALService | [GNSS Node] Cannot open /dev/gnss_um982: could not open port '/dev/gnss_um982': FileNotFoundError(2, 'The system cannot find the path specified.', None, 3). Retrying in 5.0s...
2026-05-12 17:46:53.084 | WARNING  | HALService | [IMU Node] Cannot open /dev/serial0: could not open port '/dev/serial0': FileNotFoundError(2, 'The system cannot find the path specified.', None, 3). Retrying in 5.0s...
2026-05-12 17:46:53.248 | ERROR    | HALService | [UM982] Start failed: could not open port '/dev/gnss_um982': FileNotFoundError(2, 'The system cannot find the path specified.', None, 3)
2026-05-12 17:46:53.248 | WARNING  | HALService | [GNSS Node] Cannot open /dev/gnss_um982: could not open port '/dev/gnss_um982': FileNotFoundError(2, 'The system cannot find the path specified.', None, 3). Retrying in 5.0s...
2026-05-12 17:46:58.085 | WARNING  | HALService | [IMU Node] Cannot open /dev/serial0: could not open port '/dev/serial0': FileNotFoundError(2, 'The system cannot find the path specified.', None, 3). Retrying in 5.0s...
2026-05-12 17:46:58.257 | ERROR    | HALService | [UM982] Start failed: could not open port '/dev/gnss_um982': FileNotFoundError(2, 'The system cannot find the path specified.', None, 3)
2026-05-12 17:46:58.257 | WARNING  | HALService | [GNSS Node] Cannot open /dev/gnss_um982: could not open port '/dev/gnss_um982': FileNotFoundError(2, 'The system cannot find the path specified.', None, 3). Retrying in 5.0s...
2026-05-12 17:47:03.085 | WARNING  | HALService | [IMU Node] Cannot open /dev/serial0: could not open port '/dev/serial0': FileNotFoundError(2, 'The system cannot find the path specified.', None, 3). Retrying in 5.0s...
2026-05-12 17:47:03.267 | ERROR    | HALService | [UM982] Start failed: could not open port '/dev/gnss_um982': FileNotFoundError(2, 'The system cannot find the path specified.', None, 3)
2026-05-12 17:47:03.267 | WARNING  | HALService | [GNSS Node] Cannot open /dev/gnss_um982: could not open port '/dev/gnss_um982': FileNotFoundError(2, 'The system cannot find the path specified.', None, 3). Retrying in 5.0s...
2026-05-12 17:47:08.086 | WARNING  | HALService | [IMU Node] Cannot open /dev/serial0: could not open port '/dev/serial0': FileNotFoundError(2, 'The system cannot find the path specified.', None, 3). Retrying in 5.0s...
2026-05-12 17:47:08.276 | ERROR    | HALService | [UM982] Start failed: could not open port '/dev/gnss_um982': FileNotFoundError(2, 'The system cannot find the path specified.', None, 3)
2026-05-12 17:47:08.276 | WARNING  | HALService | [GNSS Node] Cannot open /dev/gnss_um982: could not open port '/dev/gnss_um982': FileNotFoundError(2, 'The system cannot find the path specified.', None, 3). Retrying in 5.0s...
2026-05-12 17:47:13.087 | WARNING  | HALService | [IMU Node] Cannot open /dev/serial0: could not open port '/dev/serial0': FileNotFoundError(2, 'The system cannot find the path specified.', None, 3). Retrying in 5.0s...
2026-05-12 17:47:13.285 | ERROR    | HALService | [UM982] Start failed: could not open port '/dev/gnss_um982': FileNotFoundError(2, 'The system cannot find the path specified.', None, 3)
2026-05-12 17:47:13.285 | WARNING  | HALService | [GNSS Node] Cannot open /dev/gnss_um982: could not open port '/dev/gnss_um982': FileNotFoundError(2, 'The system cannot find the path specified.', None, 3). Retrying in 5.0s...
2026-05-12 17:47:18.088 | WARNING  | HALService | [IMU Node] Cannot open /dev/serial0: could not open port '/dev/serial0': FileNotFoundError(2, 'The system cannot find the path specified.', None, 3). Retrying in 5.0s...
2026-05-12 17:47:18.294 | ERROR    | HALService | [UM982] Start failed: could not open port '/dev/gnss_um982': FileNotFoundError(2, 'The system cannot find the path specified.', None, 3)
2026-05-12 17:47:18.294 | WARNING  | HALService | [GNSS Node] Cannot open /dev/gnss_um982: could not open port '/dev/gnss_um982': FileNotFoundError(2, 'The system cannot find the path specified.', None, 3). Retrying in 5.0s...
2026-05-12 17:47:23.088 | WARNING  | HALService | [IMU Node] Cannot open /dev/serial0: could not open port '/dev/serial0': FileNotFoundError(2, 'The system cannot find the path specified.', None, 3). Retrying in 5.0s...
2026-05-12 17:47:23.303 | ERROR    | HALService | [UM982] Start failed: could not open port '/dev/gnss_um982': FileNotFoundError(2, 'The system cannot find the path specified.', None, 3)
2026-05-12 17:47:23.303 | WARNING  | HALService | [GNSS Node] Cannot open /dev/gnss_um982: could not open port '/dev/gnss_um982': FileNotFoundError(2, 'The system cannot find the path specified.', None, 3). Retrying in 5.0s...
2026-05-12 17:47:28.089 | WARNING  | HALService | [IMU Node] Cannot open /dev/serial0: could not open port '/dev/serial0': FileNotFoundError(2, 'The system cannot find the path specified.', None, 3). Retrying in 5.0s...
2026-05-12 17:47:28.311 | ERROR    | HALService | [UM982] Start failed: could not open port '/dev/gnss_um982': FileNotFoundError(2, 'The system cannot find the path specified.', None, 3)
2026-05-12 17:47:28.311 | WARNING  | HALService | [GNSS Node] Cannot open /dev/gnss_um982: could not open port '/dev/gnss_um982': FileNotFoundError(2, 'The system cannot find the path specified.', None, 3). Retrying in 5.0s...
2026-05-12 17:47:33.090 | WARNING  | HALService | [IMU Node] Cannot open /dev/serial0: could not open port '/dev/serial0': FileNotFoundError(2, 'The system cannot find the path specified.', None, 3). Retrying in 5.0s...
2026-05-12 17:47:33.323 | ERROR    | HALService | [UM982] Start failed: could not open port '/dev/gnss_um982': FileNotFoundError(2, 'The system cannot find the path specified.', None, 3)
2026-05-12 17:47:33.323 | WARNING  | HALService | [GNSS Node] Cannot open /dev/gnss_um982: could not open port '/dev/gnss_um982': FileNotFoundError(2, 'The system cannot find the path specified.', None, 3). Retrying in 5.0s...
2026-05-12 17:47:38.091 | WARNING  | HALService | [IMU Node] Cannot open /dev/serial0: could not open port '/dev/serial0': FileNotFoundError(2, 'The system cannot find the path specified.', None, 3). Retrying in 5.0s...
2026-05-12 17:47:38.331 | ERROR    | HALService | [UM982] Start failed: could not open port '/dev/gnss_um982': FileNotFoundError(2, 'The system cannot find the path specified.', None, 3)
2026-05-12 17:47:38.331 | WARNING  | HALService | [GNSS Node] Cannot open /dev/gnss_um982: could not open port '/dev/gnss_um982': FileNotFoundError(2, 'The system cannot find the path specified.', None, 3). Retrying in 5.0s...
2026-05-12 17:47:43.091 | WARNING  | HALService | [IMU Node] Cannot open /dev/serial0: could not open port '/dev/serial0': FileNotFoundError(2, 'The system cannot find the path specified.', None, 3). Retrying in 5.0s...
2026-05-12 17:47:43.340 | ERROR    | HALService | [UM982] Start failed: could not open port '/dev/gnss_um982': FileNotFoundError(2, 'The system cannot find the path specified.', None, 3)
2026-05-12 17:47:43.340 | WARNING  | HALService | [GNSS Node] Cannot open /dev/gnss_um982: could not open port '/dev/gnss_um982': FileNotFoundError(2, 'The system cannot find the path specified.', None, 3). Retrying in 5.0s...
2026-05-12 17:47:48.092 | WARNING  | HALService | [IMU Node] Cannot open /dev/serial0: could not open port '/dev/serial0': FileNotFoundError(2, 'The system cannot find the path specified.', None, 3). Retrying in 5.0s...
2026-05-12 17:47:48.351 | ERROR    | HALService | [UM982] Start failed: could not open port '/dev/gnss_um982': FileNotFoundError(2, 'The system cannot find the path specified.', None, 3)
2026-05-12 17:47:48.351 | WARNING  | HALService | [GNSS Node] Cannot open /dev/gnss_um982: could not open port '/dev/gnss_um982': FileNotFoundError(2, 'The system cannot find the path specified.', None, 3). Retrying in 5.0s...
2026-05-12 17:47:53.093 | WARNING  | HALService | [IMU Node] Cannot open /dev/serial0: could not open port '/dev/serial0': FileNotFoundError(2, 'The system cannot find the path specified.', None, 3). Retrying in 5.0s...
2026-05-12 17:47:53.361 | ERROR    | HALService | [UM982] Start failed: could not open port '/dev/gnss_um982': FileNotFoundError(2, 'The system cannot find the path specified.', None, 3)
2026-05-12 17:47:53.361 | WARNING  | HALService | [GNSS Node] Cannot open /dev/gnss_um982: could not open port '/dev/gnss_um982': FileNotFoundError(2, 'The system cannot find the path specified.', None, 3). Retrying in 5.0s...
2026-05-12 17:47:58.093 | WARNING  | HALService | [IMU Node] Cannot open /dev/serial0: could not open port '/dev/serial0': FileNotFoundError(2, 'The system cannot find the path specified.', None, 3). Retrying in 5.0s...
2026-05-12 17:47:58.371 | ERROR    | HALService | [UM982] Start failed: could not open port '/dev/gnss_um982': FileNotFoundError(2, 'The system cannot find the path specified.', None, 3)
2026-05-12 17:47:58.372 | WARNING  | HALService | [GNSS Node] Cannot open /dev/gnss_um982: could not open port '/dev/gnss_um982': FileNotFoundError(2, 'The system cannot find the path specified.', None, 3). Retrying in 5.0s...
2026-05-12 17:48:03.094 | WARNING  | HALService | [IMU Node] Cannot open /dev/serial0: could not open port '/dev/serial0': FileNotFoundError(2, 'The system cannot find the path specified.', None, 3). Retrying in 5.0s...
2026-05-12 17:48:03.380 | ERROR    | HALService | [UM982] Start failed: could not open port '/dev/gnss_um982': FileNotFoundError(2, 'The system cannot find the path specified.', None, 3)
2026-05-12 17:48:03.380 | WARNING  | HALService | [GNSS Node] Cannot open /dev/gnss_um982: could not open port '/dev/gnss_um982': FileNotFoundError(2, 'The system cannot find the path specified.', None, 3). Retrying in 5.0s...
2026-05-12 17:48:08.095 | WARNING  | HALService | [IMU Node] Cannot open /dev/serial0: could not open port '/dev/serial0': FileNotFoundError(2, 'The system cannot find the path specified.', None, 3). Retrying in 5.0s...
2026-05-12 17:48:08.390 | ERROR    | HALService | [UM982] Start failed: could not open port '/dev/gnss_um982': FileNotFoundError(2, 'The system cannot find the path specified.', None, 3)
2026-05-12 17:48:08.390 | WARNING  | HALService | [GNSS Node] Cannot open /dev/gnss_um982: could not open port '/dev/gnss_um982': FileNotFoundError(2, 'The system cannot find the path specified.', None, 3). Retrying in 5.0s...
2026-05-12 17:48:13.096 | WARNING  | HALService | [IMU Node] Cannot open /dev/serial0: could not open port '/dev/serial0': FileNotFoundError(2, 'The system cannot find the path specified.', None, 3). Retrying in 5.0s...
2026-05-12 17:48:13.400 | ERROR    | HALService | [UM982] Start failed: could not open port '/dev/gnss_um982': FileNotFoundError(2, 'The system cannot find the path specified.', None, 3)
2026-05-12 17:48:13.400 | WARNING  | HALService | [GNSS Node] Cannot open /dev/gnss_um982: could not open port '/dev/gnss_um982': FileNotFoundError(2, 'The system cannot find the path specified.', None, 3). Retrying in 5.0s...
2026-05-12 17:48:18.096 | WARNING  | HALService | [IMU Node] Cannot open /dev/serial0: could not open port '/dev/serial0': FileNotFoundError(2, 'The system cannot find the path specified.', None, 3). Retrying in 5.0s...
2026-05-12 17:48:18.408 | ERROR    | HALService | [UM982] Start failed: could not open port '/dev/gnss_um982': FileNotFoundError(2, 'The system cannot find the path specified.', None, 3)
2026-05-12 17:48:18.408 | WARNING  | HALService | [GNSS Node] Cannot open /dev/gnss_um982: could not open port '/dev/gnss_um982': FileNotFoundError(2, 'The system cannot find the path specified.', None, 3). Retrying in 5.0s...
2026-05-12 17:48:23.097 | WARNING  | HALService | [IMU Node] Cannot open /dev/serial0: could not open port '/dev/serial0': FileNotFoundError(2, 'The system cannot find the path specified.', None, 3). Retrying in 5.0s...
2026-05-12 17:48:23.415 | ERROR    | HALService | [UM982] Start failed: could not open port '/dev/gnss_um982': FileNotFoundError(2, 'The system cannot find the path specified.', None, 3)
2026-05-12 17:48:23.416 | WARNING  | HALService | [GNSS Node] Cannot open /dev/gnss_um982: could not open port '/dev/gnss_um982': FileNotFoundError(2, 'The system cannot find the path specified.', None, 3). Retrying in 5.0s...
2026-05-12 17:48:28.098 | WARNING  | HALService | [IMU Node] Cannot open /dev/serial0: could not open port '/dev/serial0': FileNotFoundError(2, 'The system cannot find the path specified.', None, 3). Retrying in 5.0s...
2026-05-12 17:48:28.425 | ERROR    | HALService | [UM982] Start failed: could not open port '/dev/gnss_um982': FileNotFoundError(2, 'The system cannot find the path specified.', None, 3)
2026-05-12 17:48:28.425 | WARNING  | HALService | [GNSS Node] Cannot open /dev/gnss_um982: could not open port '/dev/gnss_um982': FileNotFoundError(2, 'The system cannot find the path specified.', None, 3). Retrying in 5.0s...
2026-05-12 17:48:33.099 | WARNING  | HALService | [IMU Node] Cannot open /dev/serial0: could not open port '/dev/serial0': FileNotFoundError(2, 'The system cannot find the path specified.', None, 3). Retrying in 5.0s...
2026-05-12 17:48:33.432 | ERROR    | HALService | [UM982] Start failed: could not open port '/dev/gnss_um982': FileNotFoundError(2, 'The system cannot find the path specified.', None, 3)
2026-05-12 17:48:33.432 | WARNING  | HALService | [GNSS Node] Cannot open /dev/gnss_um982: could not open port '/dev/gnss_um982': FileNotFoundError(2, 'The system cannot find the path specified.', None, 3). Retrying in 5.0s...
2026-05-12 17:48:38.100 | WARNING  | HALService | [IMU Node] Cannot open /dev/serial0: could not open port '/dev/serial0': FileNotFoundError(2, 'The system cannot find the path specified.', None, 3). Retrying in 5.0s...
2026-05-12 17:48:38.441 | ERROR    | HALService | [UM982] Start failed: could not open port '/dev/gnss_um982': FileNotFoundError(2, 'The system cannot find the path specified.', None, 3)
2026-05-12 17:48:38.441 | WARNING  | HALService | [GNSS Node] Cannot open /dev/gnss_um982: could not open port '/dev/gnss_um982': FileNotFoundError(2, 'The system cannot find the path specified.', None, 3). Retrying in 5.0s...
2026-05-12 17:48:43.100 | WARNING  | HALService | [IMU Node] Cannot open /dev/serial0: could not open port '/dev/serial0': FileNotFoundError(2, 'The system cannot find the path specified.', None, 3). Retrying in 5.0s...
2026-05-12 17:48:43.450 | ERROR    | HALService | [UM982] Start failed: could not open port '/dev/gnss_um982': FileNotFoundError(2, 'The system cannot find the path specified.', None, 3)
2026-05-12 17:48:43.450 | WARNING  | HALService | [GNSS Node] Cannot open /dev/gnss_um982: could not open port '/dev/gnss_um982': FileNotFoundError(2, 'The system cannot find the path specified.', None, 3). Retrying in 5.0s...
2026-05-12 17:48:48.101 | WARNING  | HALService | [IMU Node] Cannot open /dev/serial0: could not open port '/dev/serial0': FileNotFoundError(2, 'The system cannot find the path specified.', None, 3). Retrying in 5.0s...
2026-05-12 17:48:48.460 | ERROR    | HALService | [UM982] Start failed: could not open port '/dev/gnss_um982': FileNotFoundError(2, 'The system cannot find the path specified.', None, 3)
2026-05-12 17:48:48.460 | WARNING  | HALService | [GNSS Node] Cannot open /dev/gnss_um982: could not open port '/dev/gnss_um982': FileNotFoundError(2, 'The system cannot find the path specified.', None, 3). Retrying in 5.0s...
2026-05-12 17:48:53.102 | WARNING  | HALService | [IMU Node] Cannot open /dev/serial0: could not open port '/dev/serial0': FileNotFoundError(2, 'The system cannot find the path specified.', None, 3). Retrying in 5.0s...
2026-05-12 17:48:53.468 | ERROR    | HALService | [UM982] Start failed: could not open port '/dev/gnss_um982': FileNotFoundError(2, 'The system cannot find the path specified.', None, 3)
2026-05-12 17:48:53.468 | WARNING  | HALService | [GNSS Node] Cannot open /dev/gnss_um982: could not open port '/dev/gnss_um982': FileNotFoundError(2, 'The system cannot find the path specified.', None, 3). Retrying in 5.0s...
2026-05-12 17:48:58.103 | WARNING  | HALService | [IMU Node] Cannot open /dev/serial0: could not open port '/dev/serial0': FileNotFoundError(2, 'The system cannot find the path specified.', None, 3). Retrying in 5.0s...
2026-05-12 17:48:58.477 | ERROR    | HALService | [UM982] Start failed: could not open port '/dev/gnss_um982': FileNotFoundError(2, 'The system cannot find the path specified.', None, 3)
2026-05-12 17:48:58.477 | WARNING  | HALService | [GNSS Node] Cannot open /dev/gnss_um982: could not open port '/dev/gnss_um982': FileNotFoundError(2, 'The system cannot find the path specified.', None, 3). Retrying in 5.0s...
2026-05-12 17:49:03.103 | WARNING  | HALService | [IMU Node] Cannot open /dev/serial0: could not open port '/dev/serial0': FileNotFoundError(2, 'The system cannot find the path specified.', None, 3). Retrying in 5.0s...
2026-05-12 17:49:03.485 | ERROR    | HALService | [UM982] Start failed: could not open port '/dev/gnss_um982': FileNotFoundError(2, 'The system cannot find the path specified.', None, 3)
2026-05-12 17:49:03.485 | WARNING  | HALService | [GNSS Node] Cannot open /dev/gnss_um982: could not open port '/dev/gnss_um982': FileNotFoundError(2, 'The system cannot find the path specified.', None, 3). Retrying in 5.0s...
2026-05-12 17:49:08.104 | WARNING  | HALService | [IMU Node] Cannot open /dev/serial0: could not open port '/dev/serial0': FileNotFoundError(2, 'The system cannot find the path specified.', None, 3). Retrying in 5.0s...
2026-05-12 17:49:08.494 | ERROR    | HALService | [UM982] Start failed: could not open port '/dev/gnss_um982': FileNotFoundError(2, 'The system cannot find the path specified.', None, 3)
2026-05-12 17:49:08.494 | WARNING  | HALService | [GNSS Node] Cannot open /dev/gnss_um982: could not open port '/dev/gnss_um982': FileNotFoundError(2, 'The system cannot find the path specified.', None, 3). Retrying in 5.0s...
2026-05-12 17:49:13.104 | WARNING  | HALService | [IMU Node] Cannot open /dev/serial0: could not open port '/dev/serial0': FileNotFoundError(2, 'The system cannot find the path specified.', None, 3). Retrying in 5.0s...
2026-05-12 17:49:13.503 | ERROR    | HALService | [UM982] Start failed: could not open port '/dev/gnss_um982': FileNotFoundError(2, 'The system cannot find the path specified.', None, 3)
2026-05-12 17:49:13.503 | WARNING  | HALService | [GNSS Node] Cannot open /dev/gnss_um982: could not open port '/dev/gnss_um982': FileNotFoundError(2, 'The system cannot find the path specified.', None, 3). Retrying in 5.0s...
2026-05-12 17:49:18.105 | WARNING  | HALService | [IMU Node] Cannot open /dev/serial0: could not open port '/dev/serial0': FileNotFoundError(2, 'The system cannot find the path specified.', None, 3). Retrying in 5.0s...
2026-05-12 17:49:18.512 | ERROR    | HALService | [UM982] Start failed: could not open port '/dev/gnss_um982': FileNotFoundError(2, 'The system cannot find the path specified.', None, 3)
2026-05-12 17:49:18.512 | WARNING  | HALService | [GNSS Node] Cannot open /dev/gnss_um982: could not open port '/dev/gnss_um982': FileNotFoundError(2, 'The system cannot find the path specified.', None, 3). Retrying in 5.0s...
2026-05-12 17:49:23.106 | WARNING  | HALService | [IMU Node] Cannot open /dev/serial0: could not open port '/dev/serial0': FileNotFoundError(2, 'The system cannot find the path specified.', None, 3). Retrying in 5.0s...
2026-05-12 17:49:23.521 | ERROR    | HALService | [UM982] Start failed: could not open port '/dev/gnss_um982': FileNotFoundError(2, 'The system cannot find the path specified.', None, 3)
2026-05-12 17:49:23.521 | WARNING  | HALService | [GNSS Node] Cannot open /dev/gnss_um982: could not open port '/dev/gnss_um982': FileNotFoundError(2, 'The system cannot find the path specified.', None, 3). Retrying in 5.0s...
2026-05-12 17:49:28.107 | WARNING  | HALService | [IMU Node] Cannot open /dev/serial0: could not open port '/dev/serial0': FileNotFoundError(2, 'The system cannot find the path specified.', None, 3). Retrying in 5.0s...
2026-05-12 17:49:28.530 | ERROR    | HALService | [UM982] Start failed: could not open port '/dev/gnss_um982': FileNotFoundError(2, 'The system cannot find the path specified.', None, 3)
2026-05-12 17:49:28.530 | WARNING  | HALService | [GNSS Node] Cannot open /dev/gnss_um982: could not open port '/dev/gnss_um982': FileNotFoundError(2, 'The system cannot find the path specified.', None, 3). Retrying in 5.0s...
2026-05-12 17:49:33.107 | WARNING  | HALService | [IMU Node] Cannot open /dev/serial0: could not open port '/dev/serial0': FileNotFoundError(2, 'The system cannot find the path specified.', None, 3). Retrying in 5.0s...
2026-05-12 17:49:33.538 | ERROR    | HALService | [UM982] Start failed: could not open port '/dev/gnss_um982': FileNotFoundError(2, 'The system cannot find the path specified.', None, 3)
2026-05-12 17:49:33.539 | WARNING  | HALService | [GNSS Node] Cannot open /dev/gnss_um982: could not open port '/dev/gnss_um982': FileNotFoundError(2, 'The system cannot find the path specified.', None, 3). Retrying in 5.0s...
2026-05-12 17:49:38.108 | WARNING  | HALService | [IMU Node] Cannot open /dev/serial0: could not open port '/dev/serial0': FileNotFoundError(2, 'The system cannot find the path specified.', None, 3). Retrying in 5.0s...
2026-05-12 17:49:38.549 | ERROR    | HALService | [UM982] Start failed: could not open port '/dev/gnss_um982': FileNotFoundError(2, 'The system cannot find the path specified.', None, 3)
2026-05-12 17:49:38.549 | WARNING  | HALService | [GNSS Node] Cannot open /dev/gnss_um982: could not open port '/dev/gnss_um982': FileNotFoundError(2, 'The system cannot find the path specified.', None, 3). Retrying in 5.0s...
2026-05-12 17:49:43.109 | WARNING  | HALService | [IMU Node] Cannot open /dev/serial0: could not open port '/dev/serial0': FileNotFoundError(2, 'The system cannot find the path specified.', None, 3). Retrying in 5.0s...
2026-05-12 17:49:43.557 | ERROR    | HALService | [UM982] Start failed: could not open port '/dev/gnss_um982': FileNotFoundError(2, 'The system cannot find the path specified.', None, 3)
2026-05-12 17:49:43.557 | WARNING  | HALService | [GNSS Node] Cannot open /dev/gnss_um982: could not open port '/dev/gnss_um982': FileNotFoundError(2, 'The system cannot find the path specified.', None, 3). Retrying in 5.0s...
2026-05-12 17:49:48.110 | WARNING  | HALService | [IMU Node] Cannot open /dev/serial0: could not open port '/dev/serial0': FileNotFoundError(2, 'The system cannot find the path specified.', None, 3). Retrying in 5.0s...
2026-05-12 17:49:48.565 | ERROR    | HALService | [UM982] Start failed: could not open port '/dev/gnss_um982': FileNotFoundError(2, 'The system cannot find the path specified.', None, 3)
2026-05-12 17:49:48.565 | WARNING  | HALService | [GNSS Node] Cannot open /dev/gnss_um982: could not open port '/dev/gnss_um982': FileNotFoundError(2, 'The system cannot find the path specified.', None, 3). Retrying in 5.0s...
2026-05-12 17:49:53.110 | WARNING  | HALService | [IMU Node] Cannot open /dev/serial0: could not open port '/dev/serial0': FileNotFoundError(2, 'The system cannot find the path specified.', None, 3). Retrying in 5.0s...
2026-05-12 17:49:53.573 | ERROR    | HALService | [UM982] Start failed: could not open port '/dev/gnss_um982': FileNotFoundError(2, 'The system cannot find the path specified.', None, 3)
2026-05-12 17:49:53.573 | WARNING  | HALService | [GNSS Node] Cannot open /dev/gnss_um982: could not open port '/dev/gnss_um982': FileNotFoundError(2, 'The system cannot find the path specified.', None, 3). Retrying in 5.0s...
2026-05-12 17:49:58.111 | WARNING  | HALService | [IMU Node] Cannot open /dev/serial0: could not open port '/dev/serial0': FileNotFoundError(2, 'The system cannot find the path specified.', None, 3). Retrying in 5.0s...
2026-05-12 17:49:58.582 | ERROR    | HALService | [UM982] Start failed: could not open port '/dev/gnss_um982': FileNotFoundError(2, 'The system cannot find the path specified.', None, 3)
2026-05-12 17:49:58.582 | WARNING  | HALService | [GNSS Node] Cannot open /dev/gnss_um982: could not open port '/dev/gnss_um982': FileNotFoundError(2, 'The system cannot find the path specified.', None, 3). Retrying in 5.0s...
2026-05-12 17:50:03.112 | WARNING  | HALService | [IMU Node] Cannot open /dev/serial0: could not open port '/dev/serial0': FileNotFoundError(2, 'The system cannot find the path specified.', None, 3). Retrying in 5.0s...
2026-05-12 17:50:03.590 | ERROR    | HALService | [UM982] Start failed: could not open port '/dev/gnss_um982': FileNotFoundError(2, 'The system cannot find the path specified.', None, 3)
2026-05-12 17:50:03.590 | WARNING  | HALService | [GNSS Node] Cannot open /dev/gnss_um982: could not open port '/dev/gnss_um982': FileNotFoundError(2, 'The system cannot find the path specified.', None, 3). Retrying in 5.0s...
2026-05-12 17:50:08.113 | WARNING  | HALService | [IMU Node] Cannot open /dev/serial0: could not open port '/dev/serial0': FileNotFoundError(2, 'The system cannot find the path specified.', None, 3). Retrying in 5.0s...
2026-05-12 17:50:08.599 | ERROR    | HALService | [UM982] Start failed: could not open port '/dev/gnss_um982': FileNotFoundError(2, 'The system cannot find the path specified.', None, 3)
2026-05-12 17:50:08.599 | WARNING  | HALService | [GNSS Node] Cannot open /dev/gnss_um982: could not open port '/dev/gnss_um982': FileNotFoundError(2, 'The system cannot find the path specified.', None, 3). Retrying in 5.0s...
2026-05-12 17:50:13.114 | WARNING  | HALService | [IMU Node] Cannot open /dev/serial0: could not open port '/dev/serial0': FileNotFoundError(2, 'The system cannot find the path specified.', None, 3). Retrying in 5.0s...
2026-05-12 17:50:13.605 | ERROR    | HALService | [UM982] Start failed: could not open port '/dev/gnss_um982': FileNotFoundError(2, 'The system cannot find the path specified.', None, 3)
2026-05-12 17:50:13.606 | WARNING  | HALService | [GNSS Node] Cannot open /dev/gnss_um982: could not open port '/dev/gnss_um982': FileNotFoundError(2, 'The system cannot find the path specified.', None, 3). Retrying in 5.0s...
2026-05-12 17:50:18.115 | WARNING  | HALService | [IMU Node] Cannot open /dev/serial0: could not open port '/dev/serial0': FileNotFoundError(2, 'The system cannot find the path specified.', None, 3). Retrying in 5.0s...
2026-05-12 17:50:18.615 | ERROR    | HALService | [UM982] Start failed: could not open port '/dev/gnss_um982': FileNotFoundError(2, 'The system cannot find the path specified.', None, 3)
2026-05-12 17:50:18.616 | WARNING  | HALService | [GNSS Node] Cannot open /dev/gnss_um982: could not open port '/dev/gnss_um982': FileNotFoundError(2, 'The system cannot find the path specified.', None, 3). Retrying in 5.0s...
2026-05-12 17:50:23.115 | WARNING  | HALService | [IMU Node] Cannot open /dev/serial0: could not open port '/dev/serial0': FileNotFoundError(2, 'The system cannot find the path specified.', None, 3). Retrying in 5.0s...
2026-05-12 17:50:23.626 | ERROR    | HALService | [UM982] Start failed: could not open port '/dev/gnss_um982': FileNotFoundError(2, 'The system cannot find the path specified.', None, 3)
2026-05-12 17:50:23.626 | WARNING  | HALService | [GNSS Node] Cannot open /dev/gnss_um982: could not open port '/dev/gnss_um982': FileNotFoundError(2, 'The system cannot find the path specified.', None, 3). Retrying in 5.0s...
2026-05-12 17:50:28.116 | WARNING  | HALService | [IMU Node] Cannot open /dev/serial0: could not open port '/dev/serial0': FileNotFoundError(2, 'The system cannot find the path specified.', None, 3). Retrying in 5.0s...
2026-05-12 17:50:28.635 | ERROR    | HALService | [UM982] Start failed: could not open port '/dev/gnss_um982': FileNotFoundError(2, 'The system cannot find the path specified.', None, 3)
2026-05-12 17:50:28.635 | WARNING  | HALService | [GNSS Node] Cannot open /dev/gnss_um982: could not open port '/dev/gnss_um982': FileNotFoundError(2, 'The system cannot find the path specified.', None, 3). Retrying in 5.0s...
2026-05-12 17:50:33.116 | WARNING  | HALService | [IMU Node] Cannot open /dev/serial0: could not open port '/dev/serial0': FileNotFoundError(2, 'The system cannot find the path specified.', None, 3). Retrying in 5.0s...
2026-05-12 17:50:33.645 | ERROR    | HALService | [UM982] Start failed: could not open port '/dev/gnss_um982': FileNotFoundError(2, 'The system cannot find the path specified.', None, 3)
2026-05-12 17:50:33.646 | WARNING  | HALService | [GNSS Node] Cannot open /dev/gnss_um982: could not open port '/dev/gnss_um982': FileNotFoundError(2, 'The system cannot find the path specified.', None, 3). Retrying in 5.0s...
2026-05-12 17:50:38.117 | WARNING  | HALService | [IMU Node] Cannot open /dev/serial0: could not open port '/dev/serial0': FileNotFoundError(2, 'The system cannot find the path specified.', None, 3). Retrying in 5.0s...
2026-05-12 17:50:38.655 | ERROR    | HALService | [UM982] Start failed: could not open port '/dev/gnss_um982': FileNotFoundError(2, 'The system cannot find the path specified.', None, 3)
2026-05-12 17:50:38.655 | WARNING  | HALService | [GNSS Node] Cannot open /dev/gnss_um982: could not open port '/dev/gnss_um982': FileNotFoundError(2, 'The system cannot find the path specified.', None, 3). Retrying in 5.0s...
2026-05-12 17:50:43.118 | WARNING  | HALService | [IMU Node] Cannot open /dev/serial0: could not open port '/dev/serial0': FileNotFoundError(2, 'The system cannot find the path specified.', None, 3). Retrying in 5.0s...
2026-05-12 17:50:43.664 | ERROR    | HALService | [UM982] Start failed: could not open port '/dev/gnss_um982': FileNotFoundError(2, 'The system cannot find the path specified.', None, 3)
2026-05-12 17:50:43.664 | WARNING  | HALService | [GNSS Node] Cannot open /dev/gnss_um982: could not open port '/dev/gnss_um982': FileNotFoundError(2, 'The system cannot find the path specified.', None, 3). Retrying in 5.0s...
2026-05-12 17:50:48.119 | WARNING  | HALService | [IMU Node] Cannot open /dev/serial0: could not open port '/dev/serial0': FileNotFoundError(2, 'The system cannot find the path specified.', None, 3). Retrying in 5.0s...
2026-05-12 17:50:48.673 | ERROR    | HALService | [UM982] Start failed: could not open port '/dev/gnss_um982': FileNotFoundError(2, 'The system cannot find the path specified.', None, 3)
2026-05-12 17:50:48.673 | WARNING  | HALService | [GNSS Node] Cannot open /dev/gnss_um982: could not open port '/dev/gnss_um982': FileNotFoundError(2, 'The system cannot find the path specified.', None, 3). Retrying in 5.0s...
2026-05-12 17:50:53.120 | WARNING  | HALService | [IMU Node] Cannot open /dev/serial0: could not open port '/dev/serial0': FileNotFoundError(2, 'The system cannot find the path specified.', None, 3). Retrying in 5.0s...
2026-05-12 17:50:53.681 | ERROR    | HALService | [UM982] Start failed: could not open port '/dev/gnss_um982': FileNotFoundError(2, 'The system cannot find the path specified.', None, 3)
2026-05-12 17:50:53.681 | WARNING  | HALService | [GNSS Node] Cannot open /dev/gnss_um982: could not open port '/dev/gnss_um982': FileNotFoundError(2, 'The system cannot find the path specified.', None, 3). Retrying in 5.0s...
2026-05-12 17:50:58.120 | WARNING  | HALService | [IMU Node] Cannot open /dev/serial0: could not open port '/dev/serial0': FileNotFoundError(2, 'The system cannot find the path specified.', None, 3). Retrying in 5.0s...
2026-05-12 17:50:58.689 | ERROR    | HALService | [UM982] Start failed: could not open port '/dev/gnss_um982': FileNotFoundError(2, 'The system cannot find the path specified.', None, 3)
2026-05-12 17:50:58.689 | WARNING  | HALService | [GNSS Node] Cannot open /dev/gnss_um982: could not open port '/dev/gnss_um982': FileNotFoundError(2, 'The system cannot find the path specified.', None, 3). Retrying in 5.0s...
2026-05-12 17:51:03.121 | WARNING  | HALService | [IMU Node] Cannot open /dev/serial0: could not open port '/dev/serial0': FileNotFoundError(2, 'The system cannot find the path specified.', None, 3). Retrying in 5.0s...
2026-05-12 17:51:03.697 | ERROR    | HALService | [UM982] Start failed: could not open port '/dev/gnss_um982': FileNotFoundError(2, 'The system cannot find the path specified.', None, 3)
2026-05-12 17:51:03.697 | WARNING  | HALService | [GNSS Node] Cannot open /dev/gnss_um982: could not open port '/dev/gnss_um982': FileNotFoundError(2, 'The system cannot find the path specified.', None, 3). Retrying in 5.0s...
2026-05-12 17:51:08.122 | WARNING  | HALService | [IMU Node] Cannot open /dev/serial0: could not open port '/dev/serial0': FileNotFoundError(2, 'The system cannot find the path specified.', None, 3). Retrying in 5.0s...
2026-05-12 17:51:08.704 | ERROR    | HALService | [UM982] Start failed: could not open port '/dev/gnss_um982': FileNotFoundError(2, 'The system cannot find the path specified.', None, 3)
2026-05-12 17:51:08.704 | WARNING  | HALService | [GNSS Node] Cannot open /dev/gnss_um982: could not open port '/dev/gnss_um982': FileNotFoundError(2, 'The system cannot find the path specified.', None, 3). Retrying in 5.0s...
2026-05-12 17:51:13.123 | WARNING  | HALService | [IMU Node] Cannot open /dev/serial0: could not open port '/dev/serial0': FileNotFoundError(2, 'The system cannot find the path specified.', None, 3). Retrying in 5.0s...
2026-05-12 17:51:13.713 | ERROR    | HALService | [UM982] Start failed: could not open port '/dev/gnss_um982': FileNotFoundError(2, 'The system cannot find the path specified.', None, 3)
2026-05-12 17:51:13.713 | WARNING  | HALService | [GNSS Node] Cannot open /dev/gnss_um982: could not open port '/dev/gnss_um982': FileNotFoundError(2, 'The system cannot find the path specified.', None, 3). Retrying in 5.0s...
2026-05-12 17:51:18.124 | WARNING  | HALService | [IMU Node] Cannot open /dev/serial0: could not open port '/dev/serial0': FileNotFoundError(2, 'The system cannot find the path specified.', None, 3). Retrying in 5.0s...
2026-05-12 17:51:18.721 | ERROR    | HALService | [UM982] Start failed: could not open port '/dev/gnss_um982': FileNotFoundError(2, 'The system cannot find the path specified.', None, 3)
2026-05-12 17:51:18.722 | WARNING  | HALService | [GNSS Node] Cannot open /dev/gnss_um982: could not open port '/dev/gnss_um982': FileNotFoundError(2, 'The system cannot find the path specified.', None, 3). Retrying in 5.0s...
2026-05-12 17:51:23.124 | WARNING  | HALService | [IMU Node] Cannot open /dev/serial0: could not open port '/dev/serial0': FileNotFoundError(2, 'The system cannot find the path specified.', None, 3). Retrying in 5.0s...
2026-05-12 17:51:23.730 | ERROR    | HALService | [UM982] Start failed: could not open port '/dev/gnss_um982': FileNotFoundError(2, 'The system cannot find the path specified.', None, 3)
2026-05-12 17:51:23.730 | WARNING  | HALService | [GNSS Node] Cannot open /dev/gnss_um982: could not open port '/dev/gnss_um982': FileNotFoundError(2, 'The system cannot find the path specified.', None, 3). Retrying in 5.0s...
2026-05-12 17:51:28.125 | WARNING  | HALService | [IMU Node] Cannot open /dev/serial0: could not open port '/dev/serial0': FileNotFoundError(2, 'The system cannot find the path specified.', None, 3). Retrying in 5.0s...
2026-05-12 17:51:28.741 | ERROR    | HALService | [UM982] Start failed: could not open port '/dev/gnss_um982': FileNotFoundError(2, 'The system cannot find the path specified.', None, 3)
2026-05-12 17:51:28.741 | WARNING  | HALService | [GNSS Node] Cannot open /dev/gnss_um982: could not open port '/dev/gnss_um982': FileNotFoundError(2, 'The system cannot find the path specified.', None, 3). Retrying in 5.0s...
2026-05-12 17:51:33.126 | WARNING  | HALService | [IMU Node] Cannot open /dev/serial0: could not open port '/dev/serial0': FileNotFoundError(2, 'The system cannot find the path specified.', None, 3). Retrying in 5.0s...
2026-05-12 17:51:33.749 | ERROR    | HALService | [UM982] Start failed: could not open port '/dev/gnss_um982': FileNotFoundError(2, 'The system cannot find the path specified.', None, 3)
2026-05-12 17:51:33.749 | WARNING  | HALService | [GNSS Node] Cannot open /dev/gnss_um982: could not open port '/dev/gnss_um982': FileNotFoundError(2, 'The system cannot find the path specified.', None, 3). Retrying in 5.0s...
2026-05-12 17:51:38.127 | WARNING  | HALService | [IMU Node] Cannot open /dev/serial0: could not open port '/dev/serial0': FileNotFoundError(2, 'The system cannot find the path specified.', None, 3). Retrying in 5.0s...
2026-05-12 17:51:38.757 | ERROR    | HALService | [UM982] Start failed: could not open port '/dev/gnss_um982': FileNotFoundError(2, 'The system cannot find the path specified.', None, 3)
2026-05-12 17:51:38.757 | WARNING  | HALService | [GNSS Node] Cannot open /dev/gnss_um982: could not open port '/dev/gnss_um982': FileNotFoundError(2, 'The system cannot find the path specified.', None, 3). Retrying in 5.0s...
2026-05-12 17:51:43.128 | WARNING  | HALService | [IMU Node] Cannot open /dev/serial0: could not open port '/dev/serial0': FileNotFoundError(2, 'The system cannot find the path specified.', None, 3). Retrying in 5.0s...
2026-05-12 17:51:43.766 | ERROR    | HALService | [UM982] Start failed: could not open port '/dev/gnss_um982': FileNotFoundError(2, 'The system cannot find the path specified.', None, 3)
2026-05-12 17:51:43.766 | WARNING  | HALService | [GNSS Node] Cannot open /dev/gnss_um982: could not open port '/dev/gnss_um982': FileNotFoundError(2, 'The system cannot find the path specified.', None, 3). Retrying in 5.0s...
2026-05-12 17:51:48.128 | WARNING  | HALService | [IMU Node] Cannot open /dev/serial0: could not open port '/dev/serial0': FileNotFoundError(2, 'The system cannot find the path specified.', None, 3). Retrying in 5.0s...
2026-05-12 17:51:48.775 | ERROR    | HALService | [UM982] Start failed: could not open port '/dev/gnss_um982': FileNotFoundError(2, 'The system cannot find the path specified.', None, 3)
2026-05-12 17:51:48.775 | WARNING  | HALService | [GNSS Node] Cannot open /dev/gnss_um982: could not open port '/dev/gnss_um982': FileNotFoundError(2, 'The system cannot find the path specified.', None, 3). Retrying in 5.0s...
2026-05-12 17:51:53.129 | WARNING  | HALService | [IMU Node] Cannot open /dev/serial0: could not open port '/dev/serial0': FileNotFoundError(2, 'The system cannot find the path specified.', None, 3). Retrying in 5.0s...
2026-05-12 17:51:53.785 | ERROR    | HALService | [UM982] Start failed: could not open port '/dev/gnss_um982': FileNotFoundError(2, 'The system cannot find the path specified.', None, 3)
2026-05-12 17:51:53.785 | WARNING  | HALService | [GNSS Node] Cannot open /dev/gnss_um982: could not open port '/dev/gnss_um982': FileNotFoundError(2, 'The system cannot find the path specified.', None, 3). Retrying in 5.0s...
2026-05-12 17:51:58.130 | WARNING  | HALService | [IMU Node] Cannot open /dev/serial0: could not open port '/dev/serial0': FileNotFoundError(2, 'The system cannot find the path specified.', None, 3). Retrying in 5.0s...
2026-05-12 17:51:58.795 | ERROR    | HALService | [UM982] Start failed: could not open port '/dev/gnss_um982': FileNotFoundError(2, 'The system cannot find the path specified.', None, 3)
2026-05-12 17:51:58.795 | WARNING  | HALService | [GNSS Node] Cannot open /dev/gnss_um982: could not open port '/dev/gnss_um982': FileNotFoundError(2, 'The system cannot find the path specified.', None, 3). Retrying in 5.0s...
2026-05-12 17:52:03.131 | WARNING  | HALService | [IMU Node] Cannot open /dev/serial0: could not open port '/dev/serial0': FileNotFoundError(2, 'The system cannot find the path specified.', None, 3). Retrying in 5.0s...
2026-05-12 17:52:03.805 | ERROR    | HALService | [UM982] Start failed: could not open port '/dev/gnss_um982': FileNotFoundError(2, 'The system cannot find the path specified.', None, 3)
2026-05-12 17:52:03.805 | WARNING  | HALService | [GNSS Node] Cannot open /dev/gnss_um982: could not open port '/dev/gnss_um982': FileNotFoundError(2, 'The system cannot find the path specified.', None, 3). Retrying in 5.0s...
2026-05-12 17:52:08.131 | WARNING  | HALService | [IMU Node] Cannot open /dev/serial0: could not open port '/dev/serial0': FileNotFoundError(2, 'The system cannot find the path specified.', None, 3). Retrying in 5.0s...
2026-05-12 17:52:08.814 | ERROR    | HALService | [UM982] Start failed: could not open port '/dev/gnss_um982': FileNotFoundError(2, 'The system cannot find the path specified.', None, 3)
2026-05-12 17:52:08.814 | WARNING  | HALService | [GNSS Node] Cannot open /dev/gnss_um982: could not open port '/dev/gnss_um982': FileNotFoundError(2, 'The system cannot find the path specified.', None, 3). Retrying in 5.0s...
2026-05-12 17:52:13.132 | WARNING  | HALService | [IMU Node] Cannot open /dev/serial0: could not open port '/dev/serial0': FileNotFoundError(2, 'The system cannot find the path specified.', None, 3). Retrying in 5.0s...
2026-05-12 17:52:13.822 | ERROR    | HALService | [UM982] Start failed: could not open port '/dev/gnss_um982': FileNotFoundError(2, 'The system cannot find the path specified.', None, 3)
2026-05-12 17:52:13.823 | WARNING  | HALService | [GNSS Node] Cannot open /dev/gnss_um982: could not open port '/dev/gnss_um982': FileNotFoundError(2, 'The system cannot find the path specified.', None, 3). Retrying in 5.0s...
2026-05-12 17:52:18.133 | WARNING  | HALService | [IMU Node] Cannot open /dev/serial0: could not open port '/dev/serial0': FileNotFoundError(2, 'The system cannot find the path specified.', None, 3). Retrying in 5.0s...
2026-05-12 17:52:18.831 | ERROR    | HALService | [UM982] Start failed: could not open port '/dev/gnss_um982': FileNotFoundError(2, 'The system cannot find the path specified.', None, 3)
2026-05-12 17:52:18.831 | WARNING  | HALService | [GNSS Node] Cannot open /dev/gnss_um982: could not open port '/dev/gnss_um982': FileNotFoundError(2, 'The system cannot find the path specified.', None, 3). Retrying in 5.0s...
2026-05-12 17:52:23.134 | WARNING  | HALService | [IMU Node] Cannot open /dev/serial0: could not open port '/dev/serial0': FileNotFoundError(2, 'The system cannot find the path specified.', None, 3). Retrying in 5.0s...
2026-05-12 17:52:23.841 | ERROR    | HALService | [UM982] Start failed: could not open port '/dev/gnss_um982': FileNotFoundError(2, 'The system cannot find the path specified.', None, 3)
2026-05-12 17:52:23.841 | WARNING  | HALService | [GNSS Node] Cannot open /dev/gnss_um982: could not open port '/dev/gnss_um982': FileNotFoundError(2, 'The system cannot find the path specified.', None, 3). Retrying in 5.0s...
2026-05-12 17:52:28.134 | WARNING  | HALService | [IMU Node] Cannot open /dev/serial0: could not open port '/dev/serial0': FileNotFoundError(2, 'The system cannot find the path specified.', None, 3). Retrying in 5.0s...
2026-05-12 17:52:28.850 | ERROR    | HALService | [UM982] Start failed: could not open port '/dev/gnss_um982': FileNotFoundError(2, 'The system cannot find the path specified.', None, 3)
2026-05-12 17:52:28.850 | WARNING  | HALService | [GNSS Node] Cannot open /dev/gnss_um982: could not open port '/dev/gnss_um982': FileNotFoundError(2, 'The system cannot find the path specified.', None, 3). Retrying in 5.0s...
2026-05-12 17:52:33.135 | WARNING  | HALService | [IMU Node] Cannot open /dev/serial0: could not open port '/dev/serial0': FileNotFoundError(2, 'The system cannot find the path specified.', None, 3). Retrying in 5.0s...
2026-05-12 17:52:33.858 | ERROR    | HALService | [UM982] Start failed: could not open port '/dev/gnss_um982': FileNotFoundError(2, 'The system cannot find the path specified.', None, 3)
2026-05-12 17:52:33.858 | WARNING  | HALService | [GNSS Node] Cannot open /dev/gnss_um982: could not open port '/dev/gnss_um982': FileNotFoundError(2, 'The system cannot find the path specified.', None, 3). Retrying in 5.0s...
2026-05-12 17:52:38.136 | WARNING  | HALService | [IMU Node] Cannot open /dev/serial0: could not open port '/dev/serial0': FileNotFoundError(2, 'The system cannot find the path specified.', None, 3). Retrying in 5.0s...
2026-05-12 17:52:38.869 | ERROR    | HALService | [UM982] Start failed: could not open port '/dev/gnss_um982': FileNotFoundError(2, 'The system cannot find the path specified.', None, 3)
2026-05-12 17:52:38.869 | WARNING  | HALService | [GNSS Node] Cannot open /dev/gnss_um982: could not open port '/dev/gnss_um982': FileNotFoundError(2, 'The system cannot find the path specified.', None, 3). Retrying in 5.0s...
2026-05-12 17:52:43.137 | WARNING  | HALService | [IMU Node] Cannot open /dev/serial0: could not open port '/dev/serial0': FileNotFoundError(2, 'The system cannot find the path specified.', None, 3). Retrying in 5.0s...
2026-05-12 17:52:43.877 | ERROR    | HALService | [UM982] Start failed: could not open port '/dev/gnss_um982': FileNotFoundError(2, 'The system cannot find the path specified.', None, 3)
2026-05-12 17:52:43.877 | WARNING  | HALService | [GNSS Node] Cannot open /dev/gnss_um982: could not open port '/dev/gnss_um982': FileNotFoundError(2, 'The system cannot find the path specified.', None, 3). Retrying in 5.0s...
2026-05-12 17:52:48.137 | WARNING  | HALService | [IMU Node] Cannot open /dev/serial0: could not open port '/dev/serial0': FileNotFoundError(2, 'The system cannot find the path specified.', None, 3). Retrying in 5.0s...
2026-05-12 17:52:48.886 | ERROR    | HALService | [UM982] Start failed: could not open port '/dev/gnss_um982': FileNotFoundError(2, 'The system cannot find the path specified.', None, 3)
2026-05-12 17:52:48.886 | WARNING  | HALService | [GNSS Node] Cannot open /dev/gnss_um982: could not open port '/dev/gnss_um982': FileNotFoundError(2, 'The system cannot find the path specified.', None, 3). Retrying in 5.0s...
2026-05-12 17:52:53.138 | WARNING  | HALService | [IMU Node] Cannot open /dev/serial0: could not open port '/dev/serial0': FileNotFoundError(2, 'The system cannot find the path specified.', None, 3). Retrying in 5.0s...
2026-05-12 17:52:53.896 | ERROR    | HALService | [UM982] Start failed: could not open port '/dev/gnss_um982': FileNotFoundError(2, 'The system cannot find the path specified.', None, 3)
2026-05-12 17:52:53.896 | WARNING  | HALService | [GNSS Node] Cannot open /dev/gnss_um982: could not open port '/dev/gnss_um982': FileNotFoundError(2, 'The system cannot find the path specified.', None, 3). Retrying in 5.0s...
2026-05-12 17:52:58.139 | WARNING  | HALService | [IMU Node] Cannot open /dev/serial0: could not open port '/dev/serial0': FileNotFoundError(2, 'The system cannot find the path specified.', None, 3). Retrying in 5.0s...
2026-05-12 17:52:58.904 | ERROR    | HALService | [UM982] Start failed: could not open port '/dev/gnss_um982': FileNotFoundError(2, 'The system cannot find the path specified.', None, 3)
2026-05-12 17:52:58.904 | WARNING  | HALService | [GNSS Node] Cannot open /dev/gnss_um982: could not open port '/dev/gnss_um982': FileNotFoundError(2, 'The system cannot find the path specified.', None, 3). Retrying in 5.0s...
2026-05-12 17:53:03.139 | WARNING  | HALService | [IMU Node] Cannot open /dev/serial0: could not open port '/dev/serial0': FileNotFoundError(2, 'The system cannot find the path specified.', None, 3). Retrying in 5.0s...
2026-05-12 17:53:03.913 | ERROR    | HALService | [UM982] Start failed: could not open port '/dev/gnss_um982': FileNotFoundError(2, 'The system cannot find the path specified.', None, 3)
2026-05-12 17:53:03.913 | WARNING  | HALService | [GNSS Node] Cannot open /dev/gnss_um982: could not open port '/dev/gnss_um982': FileNotFoundError(2, 'The system cannot find the path specified.', None, 3). Retrying in 5.0s...
2026-05-12 17:53:08.140 | WARNING  | HALService | [IMU Node] Cannot open /dev/serial0: could not open port '/dev/serial0': FileNotFoundError(2, 'The system cannot find the path specified.', None, 3). Retrying in 5.0s...
2026-05-12 17:53:08.922 | ERROR    | HALService | [UM982] Start failed: could not open port '/dev/gnss_um982': FileNotFoundError(2, 'The system cannot find the path specified.', None, 3)
2026-05-12 17:53:08.922 | WARNING  | HALService | [GNSS Node] Cannot open /dev/gnss_um982: could not open port '/dev/gnss_um982': FileNotFoundError(2, 'The system cannot find the path specified.', None, 3). Retrying in 5.0s...
2026-05-12 17:53:13.140 | WARNING  | HALService | [IMU Node] Cannot open /dev/serial0: could not open port '/dev/serial0': FileNotFoundError(2, 'The system cannot find the path specified.', None, 3). Retrying in 5.0s...
2026-05-12 17:53:13.930 | ERROR    | HALService | [UM982] Start failed: could not open port '/dev/gnss_um982': FileNotFoundError(2, 'The system cannot find the path specified.', None, 3)
2026-05-12 17:53:13.930 | WARNING  | HALService | [GNSS Node] Cannot open /dev/gnss_um982: could not open port '/dev/gnss_um982': FileNotFoundError(2, 'The system cannot find the path specified.', None, 3). Retrying in 5.0s...
2026-05-12 17:53:18.141 | WARNING  | HALService | [IMU Node] Cannot open /dev/serial0: could not open port '/dev/serial0': FileNotFoundError(2, 'The system cannot find the path specified.', None, 3). Retrying in 5.0s...
2026-05-12 17:53:18.941 | ERROR    | HALService | [UM982] Start failed: could not open port '/dev/gnss_um982': FileNotFoundError(2, 'The system cannot find the path specified.', None, 3)
2026-05-12 17:53:18.941 | WARNING  | HALService | [GNSS Node] Cannot open /dev/gnss_um982: could not open port '/dev/gnss_um982': FileNotFoundError(2, 'The system cannot find the path specified.', None, 3). Retrying in 5.0s...
2026-05-12 17:53:23.142 | WARNING  | HALService | [IMU Node] Cannot open /dev/serial0: could not open port '/dev/serial0': FileNotFoundError(2, 'The system cannot find the path specified.', None, 3). Retrying in 5.0s...
2026-05-12 17:53:23.950 | ERROR    | HALService | [UM982] Start failed: could not open port '/dev/gnss_um982': FileNotFoundError(2, 'The system cannot find the path specified.', None, 3)
2026-05-12 17:53:23.950 | WARNING  | HALService | [GNSS Node] Cannot open /dev/gnss_um982: could not open port '/dev/gnss_um982': FileNotFoundError(2, 'The system cannot find the path specified.', None, 3). Retrying in 5.0s...
2026-05-12 17:53:28.142 | WARNING  | HALService | [IMU Node] Cannot open /dev/serial0: could not open port '/dev/serial0': FileNotFoundError(2, 'The system cannot find the path specified.', None, 3). Retrying in 5.0s...
2026-05-12 17:53:28.959 | ERROR    | HALService | [UM982] Start failed: could not open port '/dev/gnss_um982': FileNotFoundError(2, 'The system cannot find the path specified.', None, 3)
2026-05-12 17:53:28.959 | WARNING  | HALService | [GNSS Node] Cannot open /dev/gnss_um982: could not open port '/dev/gnss_um982': FileNotFoundError(2, 'The system cannot find the path specified.', None, 3). Retrying in 5.0s...
2026-05-12 17:53:33.143 | WARNING  | HALService | [IMU Node] Cannot open /dev/serial0: could not open port '/dev/serial0': FileNotFoundError(2, 'The system cannot find the path specified.', None, 3). Retrying in 5.0s...
2026-05-12 17:53:33.969 | ERROR    | HALService | [UM982] Start failed: could not open port '/dev/gnss_um982': FileNotFoundError(2, 'The system cannot find the path specified.', None, 3)
2026-05-12 17:53:33.969 | WARNING  | HALService | [GNSS Node] Cannot open /dev/gnss_um982: could not open port '/dev/gnss_um982': FileNotFoundError(2, 'The system cannot find the path specified.', None, 3). Retrying in 5.0s...
2026-05-12 17:53:38.144 | WARNING  | HALService | [IMU Node] Cannot open /dev/serial0: could not open port '/dev/serial0': FileNotFoundError(2, 'The system cannot find the path specified.', None, 3). Retrying in 5.0s...
2026-05-12 17:53:38.977 | ERROR    | HALService | [UM982] Start failed: could not open port '/dev/gnss_um982': FileNotFoundError(2, 'The system cannot find the path specified.', None, 3)
2026-05-12 17:53:38.977 | WARNING  | HALService | [GNSS Node] Cannot open /dev/gnss_um982: could not open port '/dev/gnss_um982': FileNotFoundError(2, 'The system cannot find the path specified.', None, 3). Retrying in 5.0s...
2026-05-12 17:53:43.145 | WARNING  | HALService | [IMU Node] Cannot open /dev/serial0: could not open port '/dev/serial0': FileNotFoundError(2, 'The system cannot find the path specified.', None, 3). Retrying in 5.0s...
2026-05-12 17:53:43.984 | ERROR    | HALService | [UM982] Start failed: could not open port '/dev/gnss_um982': FileNotFoundError(2, 'The system cannot find the path specified.', None, 3)
2026-05-12 17:53:43.985 | WARNING  | HALService | [GNSS Node] Cannot open /dev/gnss_um982: could not open port '/dev/gnss_um982': FileNotFoundError(2, 'The system cannot find the path specified.', None, 3). Retrying in 5.0s...
2026-05-12 17:53:48.146 | WARNING  | HALService | [IMU Node] Cannot open /dev/serial0: could not open port '/dev/serial0': FileNotFoundError(2, 'The system cannot find the path specified.', None, 3). Retrying in 5.0s...
2026-05-12 17:53:48.993 | ERROR    | HALService | [UM982] Start failed: could not open port '/dev/gnss_um982': FileNotFoundError(2, 'The system cannot find the path specified.', None, 3)
2026-05-12 17:53:48.993 | WARNING  | HALService | [GNSS Node] Cannot open /dev/gnss_um982: could not open port '/dev/gnss_um982': FileNotFoundError(2, 'The system cannot find the path specified.', None, 3). Retrying in 5.0s...
2026-05-12 17:53:53.146 | WARNING  | HALService | [IMU Node] Cannot open /dev/serial0: could not open port '/dev/serial0': FileNotFoundError(2, 'The system cannot find the path specified.', None, 3). Retrying in 5.0s...
2026-05-12 17:53:54.002 | ERROR    | HALService | [UM982] Start failed: could not open port '/dev/gnss_um982': FileNotFoundError(2, 'The system cannot find the path specified.', None, 3)
2026-05-12 17:53:54.002 | WARNING  | HALService | [GNSS Node] Cannot open /dev/gnss_um982: could not open port '/dev/gnss_um982': FileNotFoundError(2, 'The system cannot find the path specified.', None, 3). Retrying in 5.0s...
2026-05-12 17:53:58.147 | WARNING  | HALService | [IMU Node] Cannot open /dev/serial0: could not open port '/dev/serial0': FileNotFoundError(2, 'The system cannot find the path specified.', None, 3). Retrying in 5.0s...
2026-05-12 17:53:59.011 | ERROR    | HALService | [UM982] Start failed: could not open port '/dev/gnss_um982': FileNotFoundError(2, 'The system cannot find the path specified.', None, 3)
2026-05-12 17:53:59.011 | WARNING  | HALService | [GNSS Node] Cannot open /dev/gnss_um982: could not open port '/dev/gnss_um982': FileNotFoundError(2, 'The system cannot find the path specified.', None, 3). Retrying in 5.0s...
2026-05-12 17:54:03.148 | WARNING  | HALService | [IMU Node] Cannot open /dev/serial0: could not open port '/dev/serial0': FileNotFoundError(2, 'The system cannot find the path specified.', None, 3). Retrying in 5.0s...
2026-05-12 17:54:04.020 | ERROR    | HALService | [UM982] Start failed: could not open port '/dev/gnss_um982': FileNotFoundError(2, 'The system cannot find the path specified.', None, 3)
2026-05-12 17:54:04.020 | WARNING  | HALService | [GNSS Node] Cannot open /dev/gnss_um982: could not open port '/dev/gnss_um982': FileNotFoundError(2, 'The system cannot find the path specified.', None, 3). Retrying in 5.0s...
2026-05-12 17:54:08.148 | WARNING  | HALService | [IMU Node] Cannot open /dev/serial0: could not open port '/dev/serial0': FileNotFoundError(2, 'The system cannot find the path specified.', None, 3). Retrying in 5.0s...
2026-05-12 17:54:09.030 | ERROR    | HALService | [UM982] Start failed: could not open port '/dev/gnss_um982': FileNotFoundError(2, 'The system cannot find the path specified.', None, 3)
2026-05-12 17:54:09.030 | WARNING  | HALService | [GNSS Node] Cannot open /dev/gnss_um982: could not open port '/dev/gnss_um982': FileNotFoundError(2, 'The system cannot find the path specified.', None, 3). Retrying in 5.0s...
2026-05-12 17:54:13.149 | WARNING  | HALService | [IMU Node] Cannot open /dev/serial0: could not open port '/dev/serial0': FileNotFoundError(2, 'The system cannot find the path specified.', None, 3). Retrying in 5.0s...
2026-05-12 17:54:14.038 | ERROR    | HALService | [UM982] Start failed: could not open port '/dev/gnss_um982': FileNotFoundError(2, 'The system cannot find the path specified.', None, 3)
2026-05-12 17:54:14.038 | WARNING  | HALService | [GNSS Node] Cannot open /dev/gnss_um982: could not open port '/dev/gnss_um982': FileNotFoundError(2, 'The system cannot find the path specified.', None, 3). Retrying in 5.0s...
2026-05-12 17:54:18.150 | WARNING  | HALService | [IMU Node] Cannot open /dev/serial0: could not open port '/dev/serial0': FileNotFoundError(2, 'The system cannot find the path specified.', None, 3). Retrying in 5.0s...
2026-05-12 17:54:19.047 | ERROR    | HALService | [UM982] Start failed: could not open port '/dev/gnss_um982': FileNotFoundError(2, 'The system cannot find the path specified.', None, 3)
2026-05-12 17:54:19.047 | WARNING  | HALService | [GNSS Node] Cannot open /dev/gnss_um982: could not open port '/dev/gnss_um982': FileNotFoundError(2, 'The system cannot find the path specified.', None, 3). Retrying in 5.0s...
2026-05-12 17:54:23.151 | WARNING  | HALService | [IMU Node] Cannot open /dev/serial0: could not open port '/dev/serial0': FileNotFoundError(2, 'The system cannot find the path specified.', None, 3). Retrying in 5.0s...
2026-05-12 17:54:24.055 | ERROR    | HALService | [UM982] Start failed: could not open port '/dev/gnss_um982': FileNotFoundError(2, 'The system cannot find the path specified.', None, 3)
2026-05-12 17:54:24.055 | WARNING  | HALService | [GNSS Node] Cannot open /dev/gnss_um982: could not open port '/dev/gnss_um982': FileNotFoundError(2, 'The system cannot find the path specified.', None, 3). Retrying in 5.0s...
2026-05-12 17:54:28.152 | WARNING  | HALService | [IMU Node] Cannot open /dev/serial0: could not open port '/dev/serial0': FileNotFoundError(2, 'The system cannot find the path specified.', None, 3). Retrying in 5.0s...
2026-05-12 17:54:29.064 | ERROR    | HALService | [UM982] Start failed: could not open port '/dev/gnss_um982': FileNotFoundError(2, 'The system cannot find the path specified.', None, 3)
2026-05-12 17:54:29.064 | WARNING  | HALService | [GNSS Node] Cannot open /dev/gnss_um982: could not open port '/dev/gnss_um982': FileNotFoundError(2, 'The system cannot find the path specified.', None, 3). Retrying in 5.0s...
2026-05-12 17:54:33.153 | WARNING  | HALService | [IMU Node] Cannot open /dev/serial0: could not open port '/dev/serial0': FileNotFoundError(2, 'The system cannot find the path specified.', None, 3). Retrying in 5.0s...
2026-05-12 17:54:34.074 | ERROR    | HALService | [UM982] Start failed: could not open port '/dev/gnss_um982': FileNotFoundError(2, 'The system cannot find the path specified.', None, 3)
2026-05-12 17:54:34.074 | WARNING  | HALService | [GNSS Node] Cannot open /dev/gnss_um982: could not open port '/dev/gnss_um982': FileNotFoundError(2, 'The system cannot find the path specified.', None, 3). Retrying in 5.0s...
2026-05-12 17:54:38.154 | WARNING  | HALService | [IMU Node] Cannot open /dev/serial0: could not open port '/dev/serial0': FileNotFoundError(2, 'The system cannot find the path specified.', None, 3). Retrying in 5.0s...
2026-05-12 17:54:39.084 | ERROR    | HALService | [UM982] Start failed: could not open port '/dev/gnss_um982': FileNotFoundError(2, 'The system cannot find the path specified.', None, 3)
2026-05-12 17:54:39.084 | WARNING  | HALService | [GNSS Node] Cannot open /dev/gnss_um982: could not open port '/dev/gnss_um982': FileNotFoundError(2, 'The system cannot find the path specified.', None, 3). Retrying in 5.0s...
2026-05-12 17:54:43.155 | WARNING  | HALService | [IMU Node] Cannot open /dev/serial0: could not open port '/dev/serial0': FileNotFoundError(2, 'The system cannot find the path specified.', None, 3). Retrying in 5.0s...
2026-05-12 17:54:44.094 | ERROR    | HALService | [UM982] Start failed: could not open port '/dev/gnss_um982': FileNotFoundError(2, 'The system cannot find the path specified.', None, 3)
2026-05-12 17:54:44.094 | WARNING  | HALService | [GNSS Node] Cannot open /dev/gnss_um982: could not open port '/dev/gnss_um982': FileNotFoundError(2, 'The system cannot find the path specified.', None, 3). Retrying in 5.0s...
2026-05-12 17:54:48.156 | WARNING  | HALService | [IMU Node] Cannot open /dev/serial0: could not open port '/dev/serial0': FileNotFoundError(2, 'The system cannot find the path specified.', None, 3). Retrying in 5.0s...
2026-05-12 17:54:49.104 | ERROR    | HALService | [UM982] Start failed: could not open port '/dev/gnss_um982': FileNotFoundError(2, 'The system cannot find the path specified.', None, 3)
2026-05-12 17:54:49.104 | WARNING  | HALService | [GNSS Node] Cannot open /dev/gnss_um982: could not open port '/dev/gnss_um982': FileNotFoundError(2, 'The system cannot find the path specified.', None, 3). Retrying in 5.0s...
2026-05-12 17:54:53.156 | WARNING  | HALService | [IMU Node] Cannot open /dev/serial0: could not open port '/dev/serial0': FileNotFoundError(2, 'The system cannot find the path specified.', None, 3). Retrying in 5.0s...
2026-05-12 17:54:54.114 | ERROR    | HALService | [UM982] Start failed: could not open port '/dev/gnss_um982': FileNotFoundError(2, 'The system cannot find the path specified.', None, 3)
2026-05-12 17:54:54.114 | WARNING  | HALService | [GNSS Node] Cannot open /dev/gnss_um982: could not open port '/dev/gnss_um982': FileNotFoundError(2, 'The system cannot find the path specified.', None, 3). Retrying in 5.0s...
2026-05-12 17:54:58.157 | WARNING  | HALService | [IMU Node] Cannot open /dev/serial0: could not open port '/dev/serial0': FileNotFoundError(2, 'The system cannot find the path specified.', None, 3). Retrying in 5.0s...
2026-05-12 17:54:59.124 | ERROR    | HALService | [UM982] Start failed: could not open port '/dev/gnss_um982': FileNotFoundError(2, 'The system cannot find the path specified.', None, 3)
2026-05-12 17:54:59.124 | WARNING  | HALService | [GNSS Node] Cannot open /dev/gnss_um982: could not open port '/dev/gnss_um982': FileNotFoundError(2, 'The system cannot find the path specified.', None, 3). Retrying in 5.0s...
2026-05-12 17:55:03.158 | WARNING  | HALService | [IMU Node] Cannot open /dev/serial0: could not open port '/dev/serial0': FileNotFoundError(2, 'The system cannot find the path specified.', None, 3). Retrying in 5.0s...
2026-05-12 17:55:04.132 | ERROR    | HALService | [UM982] Start failed: could not open port '/dev/gnss_um982': FileNotFoundError(2, 'The system cannot find the path specified.', None, 3)
2026-05-12 17:55:04.132 | WARNING  | HALService | [GNSS Node] Cannot open /dev/gnss_um982: could not open port '/dev/gnss_um982': FileNotFoundError(2, 'The system cannot find the path specified.', None, 3). Retrying in 5.0s...
2026-05-12 17:55:08.159 | WARNING  | HALService | [IMU Node] Cannot open /dev/serial0: could not open port '/dev/serial0': FileNotFoundError(2, 'The system cannot find the path specified.', None, 3). Retrying in 5.0s...
2026-05-12 17:55:09.139 | ERROR    | HALService | [UM982] Start failed: could not open port '/dev/gnss_um982': FileNotFoundError(2, 'The system cannot find the path specified.', None, 3)
2026-05-12 17:55:09.139 | WARNING  | HALService | [GNSS Node] Cannot open /dev/gnss_um982: could not open port '/dev/gnss_um982': FileNotFoundError(2, 'The system cannot find the path specified.', None, 3). Retrying in 5.0s...
2026-05-12 17:55:13.160 | WARNING  | HALService | [IMU Node] Cannot open /dev/serial0: could not open port '/dev/serial0': FileNotFoundError(2, 'The system cannot find the path specified.', None, 3). Retrying in 5.0s...
2026-05-12 17:55:14.148 | ERROR    | HALService | [UM982] Start failed: could not open port '/dev/gnss_um982': FileNotFoundError(2, 'The system cannot find the path specified.', None, 3)
2026-05-12 17:55:14.148 | WARNING  | HALService | [GNSS Node] Cannot open /dev/gnss_um982: could not open port '/dev/gnss_um982': FileNotFoundError(2, 'The system cannot find the path specified.', None, 3). Retrying in 5.0s...
2026-05-12 17:55:18.160 | WARNING  | HALService | [IMU Node] Cannot open /dev/serial0: could not open port '/dev/serial0': FileNotFoundError(2, 'The system cannot find the path specified.', None, 3). Retrying in 5.0s...
2026-05-12 17:55:19.157 | ERROR    | HALService | [UM982] Start failed: could not open port '/dev/gnss_um982': FileNotFoundError(2, 'The system cannot find the path specified.', None, 3)
2026-05-12 17:55:19.157 | WARNING  | HALService | [GNSS Node] Cannot open /dev/gnss_um982: could not open port '/dev/gnss_um982': FileNotFoundError(2, 'The system cannot find the path specified.', None, 3). Retrying in 5.0s...
2026-05-12 17:55:23.161 | WARNING  | HALService | [IMU Node] Cannot open /dev/serial0: could not open port '/dev/serial0': FileNotFoundError(2, 'The system cannot find the path specified.', None, 3). Retrying in 5.0s...
2026-05-12 17:55:24.166 | ERROR    | HALService | [UM982] Start failed: could not open port '/dev/gnss_um982': FileNotFoundError(2, 'The system cannot find the path specified.', None, 3)
2026-05-12 17:55:24.167 | WARNING  | HALService | [GNSS Node] Cannot open /dev/gnss_um982: could not open port '/dev/gnss_um982': FileNotFoundError(2, 'The system cannot find the path specified.', None, 3). Retrying in 5.0s...
2026-05-12 17:55:25.514 | INFO     | ManagerService | Process ManagerService received signal 2. Stopping...
2026-05-12 17:55:25.515 | INFO     | HALService | Process HALService received signal 2. Stopping...
2026-05-12 17:55:25.515 | INFO     | GNCService | Process GNCService received signal 2. Stopping...
2026-05-12 17:55:25.514 | WARNING  | MAIN | Main process received KeyboardInterrupt. Stopping services...
2026-05-12 17:55:25.515 | INFO     | NavigationService | Process NavigationService received signal 2. Stopping...
2026-05-12 17:55:25.517 | INFO     | HALService | Process HALService stopped.
2026-05-12 17:55:25.528 | INFO     | ManagerService | Process ManagerService stopped.
2026-05-12 17:55:25.535 | INFO     | NavigationService | Process NavigationService stopped.
2026-05-12 17:55:25.544 | INFO     | CommsService | WebSocket client disconnected. Total: 0
2026-05-12 17:55:25.548 | INFO     | GNCService | Process GNCService stopped.
2026-05-12 17:55:25.651 | INFO     | CommsService | ZMQ Consumer task cancelled
2026-05-12 17:55:25.653 | INFO     | CommsService | Stopping MAVLink Bridge...
2026-05-12 17:55:25.665 | INFO     | CommsService | MAVLink bridge stopped.
2026-05-12 17:55:25.728 | SUCCESS  | MAIN | All services stopped. Exiting.
2026-05-12 17:55:28.046 | INFO     | MAIN | Starting USV Control System
2026-05-12 17:55:28.046 | INFO     | MAIN | Mode: SIMULATION
2026-05-12 17:55:28.592 | INFO     | BROKER | Broker started. Publishers -> :5555 | Subscribers <- :5556
2026-05-12 17:55:28.584 | INFO     | CommsService | Starting MAVLink Bridge thread...
2026-05-12 17:55:28.590 | INFO     | CommsService | Starting Web Server on port 8000
2026-05-12 17:55:28.592 | INFO     | CommsService | MAVLink bridge sending to udpout:127.0.0.1:14550
2026-05-12 17:55:28.582 | INFO     | HALService | Process HALService starting...
2026-05-12 17:55:28.594 | INFO     | HALService | [GNSS Node] Publisher connected to ZMQ Bus: tcp://127.0.0.1:5555
2026-05-12 17:55:28.598 | INFO     | HALService | [GNSS Node] Subscriber connected to tcp://127.0.0.1:5556 for commands
2026-05-12 17:55:28.584 | INFO     | ManagerService | Process ManagerService starting...
2026-05-12 17:55:28.584 | INFO     | NavigationService | Process NavigationService starting...
2026-05-12 17:55:28.582 | INFO     | GNCService | Process GNCService starting...
2026-05-12 17:55:28.598 | INFO     | HALService | [GNSS Node] Starting (with auto-retry)...
2026-05-12 17:55:28.598 | INFO     | HALService | GNSS Node (UM982) started on /dev/gnss_um982
2026-05-12 17:55:28.599 | ERROR    | HALService | [UM982] Start failed: could not open port '/dev/gnss_um982': FileNotFoundError(2, 'The system cannot find the path specified.', None, 3)
2026-05-12 17:55:28.601 | INFO     | HALService | [IMU Node] Publisher connected to ZMQ Bus: tcp://127.0.0.1:5555
2026-05-12 17:55:28.601 | WARNING  | HALService | [GNSS Node] Cannot open /dev/gnss_um982: could not open port '/dev/gnss_um982': FileNotFoundError(2, 'The system cannot find the path specified.', None, 3). Retrying in 5.0s...
2026-05-12 17:55:28.601 | INFO     | HALService | [IMU Node] Starting (with auto-retry)...
2026-05-12 17:55:28.602 | INFO     | HALService | IMU Node started on /dev/serial0
2026-05-12 17:55:28.602 | WARNING  | HALService | [IMU Node] Cannot open /dev/serial0: could not open port '/dev/serial0': FileNotFoundError(2, 'The system cannot find the path specified.', None, 3). Retrying in 5.0s...
2026-05-12 17:55:28.605 | INFO     | HALService | [Power Node] Publisher connected to ZMQ Bus: tcp://127.0.0.1:5555
2026-05-12 17:55:28.606 | INFO     | HALService | [Power Node] Subscriber connected to tcp://127.0.0.1:5556 for commands
2026-05-12 17:55:28.606 | INFO     | HALService | [Power Node] Starting (with auto-retry)...
2026-05-12 17:55:28.607 | INFO     | HALService | Power Node (PZEM-017) started on /dev/power_pzem
2026-05-12 17:55:28.607 | INFO     | HALService | Process HALService entering loop at 50.0 Hz
2026-05-12 17:55:28.607 | WARNING  | HALService | [Power Node] Cannot open /dev/power_pzem: could not open port '/dev/power_pzem': FileNotFoundError(2, 'The system cannot find the path specified.', None, 3). Retrying...
2026-05-12 17:55:28.608 | INFO     | CommsService | Starting Web Server...
2026-05-12 17:55:28.704 | INFO     | NavigationService | Navigation Process initialized (passthrough mode)
2026-05-12 17:55:28.704 | INFO     | NavigationService | Process NavigationService entering loop at 20.0 Hz
2026-05-12 17:55:28.807 | INFO     | ManagerService | Manager: settings loaded from c:\PYTHON\ControlUSV\src\manager\..\..\data\manager_settings.json
2026-05-12 17:55:28.807 | INFO     | ManagerService | Manager Process Initialized. Waiting for commands...
2026-05-12 17:55:28.807 | INFO     | ManagerService | Process ManagerService entering loop at 10.0 Hz
2026-05-12 17:55:28.812 | INFO     | CommsService | Command publisher connected to ZMQ broker
2026-05-12 17:55:28.813 | INFO     | CommsService | Web Server ZMQ Consumer connected to tcp://127.0.0.1:5556 subscribing to ['sensor/gnss', 'sensor/imu', 'sensor/battery', 'sensor/status', 'gnc/ekf_state', 'system/status', 'gnc/control_debug', 'gnc/control_output', 'sim/status']
2026-05-12 17:55:29.155 | INFO     | CommsService | WebSocket client connected. Total: 1
2026-05-12 17:55:29.218 | INFO     | GNCService | GNC Process initialized (waiting for AUTO mode)
2026-05-12 17:55:29.218 | INFO     | GNCService | Process GNCService entering loop at 20.0 Hz
2026-05-12 17:55:33.606 | WARNING  | HALService | [IMU Node] Cannot open /dev/serial0: could not open port '/dev/serial0': FileNotFoundError(2, 'The system cannot find the path specified.', None, 3). Retrying in 5.0s...
2026-05-12 17:55:33.612 | ERROR    | HALService | [UM982] Start failed: could not open port '/dev/gnss_um982': FileNotFoundError(2, 'The system cannot find the path specified.', None, 3)
2026-05-12 17:55:33.612 | WARNING  | HALService | [GNSS Node] Cannot open /dev/gnss_um982: could not open port '/dev/gnss_um982': FileNotFoundError(2, 'The system cannot find the path specified.', None, 3). Retrying in 5.0s...
2026-05-12 17:55:36.363 | INFO     | CommsService | WebSocket client disconnected. Total: 0
2026-05-12 17:55:36.740 | INFO     | CommsService | WebSocket client connected. Total: 1
2026-05-12 17:55:38.607 | WARNING  | HALService | [IMU Node] Cannot open /dev/serial0: could not open port '/dev/serial0': FileNotFoundError(2, 'The system cannot find the path specified.', None, 3). Retrying in 5.0s...
2026-05-12 17:55:38.622 | ERROR    | HALService | [UM982] Start failed: could not open port '/dev/gnss_um982': FileNotFoundError(2, 'The system cannot find the path specified.', None, 3)
2026-05-12 17:55:38.622 | WARNING  | HALService | [GNSS Node] Cannot open /dev/gnss_um982: could not open port '/dev/gnss_um982': FileNotFoundError(2, 'The system cannot find the path specified.', None, 3). Retrying in 5.0s...
2026-05-12 17:55:39.682 | INFO     | CommsService | Command received and published: CommandType.START_RT_SIM
2026-05-12 17:55:39.696 | INFO     | GNCService | GNC: Starting RT simulation (Physics Engine Only)
2026-05-12 17:55:39.697 | INFO     | GNCService | GNC: RT simulation started
2026-05-12 17:55:39.699 | INFO     | HALService | HAL: Sensors MUTED (RT simulation active)
2026-05-12 17:55:39.753 | INFO     | ManagerService | Manager received command: CommandType.START_RT_SIM
2026-05-12 17:55:39.753 | INFO     | ManagerService | Manager received command: CommandType.MUTE_SENSORS
2026-05-12 17:55:43.608 | WARNING  | HALService | [IMU Node] Cannot open /dev/serial0: could not open port '/dev/serial0': FileNotFoundError(2, 'The system cannot find the path specified.', None, 3). Retrying in 5.0s...
2026-05-12 17:55:43.632 | ERROR    | HALService | [UM982] Start failed: could not open port '/dev/gnss_um982': FileNotFoundError(2, 'The system cannot find the path specified.', None, 3)
2026-05-12 17:55:43.632 | WARNING  | HALService | [GNSS Node] Cannot open /dev/gnss_um982: could not open port '/dev/gnss_um982': FileNotFoundError(2, 'The system cannot find the path specified.', None, 3). Retrying in 5.0s...
2026-05-12 17:55:46.318 | INFO     | CommsService | Command received and published: CommandType.ARM
2026-05-12 17:55:46.331 | INFO     | GNCService | GNC: Armed
2026-05-12 17:55:46.384 | INFO     | ManagerService | Manager received command: CommandType.ARM
2026-05-12 17:55:46.384 | WARNING  | ManagerService | >>> VEHICLE ARMED <<<
2026-05-12 17:55:47.324 | INFO     | CommsService | Command received and published: CommandType.SET_MODE
2026-05-12 17:55:47.390 | INFO     | ManagerService | Manager received command: CommandType.SET_MODE
2026-05-12 17:55:47.390 | INFO     | ManagerService | Mode changed to: WP_ROUTE
2026-05-12 17:55:48.609 | WARNING  | HALService | [IMU Node] Cannot open /dev/serial0: could not open port '/dev/serial0': FileNotFoundError(2, 'The system cannot find the path specified.', None, 3). Retrying in 5.0s...
2026-05-12 17:55:48.641 | ERROR    | HALService | [UM982] Start failed: could not open port '/dev/gnss_um982': FileNotFoundError(2, 'The system cannot find the path specified.', None, 3)
2026-05-12 17:55:48.641 | WARNING  | HALService | [GNSS Node] Cannot open /dev/gnss_um982: could not open port '/dev/gnss_um982': FileNotFoundError(2, 'The system cannot find the path specified.', None, 3). Retrying in 5.0s...
2026-05-12 17:55:53.610 | WARNING  | HALService | [IMU Node] Cannot open /dev/serial0: could not open port '/dev/serial0': FileNotFoundError(2, 'The system cannot find the path specified.', None, 3). Retrying in 5.0s...
2026-05-12 17:55:53.650 | ERROR    | HALService | [UM982] Start failed: could not open port '/dev/gnss_um982': FileNotFoundError(2, 'The system cannot find the path specified.', None, 3)
2026-05-12 17:55:53.650 | WARNING  | HALService | [GNSS Node] Cannot open /dev/gnss_um982: could not open port '/dev/gnss_um982': FileNotFoundError(2, 'The system cannot find the path specified.', None, 3). Retrying in 5.0s...
2026-05-12 17:55:57.741 | INFO     | CommsService | Command received and published: CommandType.STOP_RT_SIM
2026-05-12 17:55:57.779 | INFO     | GNCService | GNC: RT simulation stopped after 17.9s
2026-05-12 17:55:57.792 | INFO     | HALService | HAL: Sensors UNMUTED
2026-05-12 17:55:57.839 | INFO     | ManagerService | Manager received command: CommandType.STOP_RT_SIM
2026-05-12 17:55:57.839 | INFO     | ManagerService | Manager received command: CommandType.UNMUTE_SENSORS
2026-05-12 17:55:58.610 | WARNING  | HALService | [IMU Node] Cannot open /dev/serial0: could not open port '/dev/serial0': FileNotFoundError(2, 'The system cannot find the path specified.', None, 3). Retrying in 5.0s...
2026-05-12 17:55:58.659 | ERROR    | HALService | [UM982] Start failed: could not open port '/dev/gnss_um982': FileNotFoundError(2, 'The system cannot find the path specified.', None, 3)
2026-05-12 17:55:58.659 | WARNING  | HALService | [GNSS Node] Cannot open /dev/gnss_um982: could not open port '/dev/gnss_um982': FileNotFoundError(2, 'The system cannot find the path specified.', None, 3). Retrying in 5.0s...
2026-05-12 17:55:58.911 | INFO     | CommsService | Command received and published: CommandType.SET_MODE
2026-05-12 17:55:58.944 | INFO     | ManagerService | Manager received command: CommandType.SET_MODE
2026-05-12 17:55:58.944 | INFO     | ManagerService | Mode changed to: WP_ROUTE
2026-05-12 17:55:59.615 | INFO     | CommsService | Command received and published: CommandType.SET_MODE
2026-05-12 17:55:59.648 | INFO     | ManagerService | Manager received command: CommandType.SET_MODE
2026-05-12 17:55:59.648 | INFO     | ManagerService | Mode changed to: STATION
2026-05-12 17:56:03.611 | WARNING  | HALService | [IMU Node] Cannot open /dev/serial0: could not open port '/dev/serial0': FileNotFoundError(2, 'The system cannot find the path specified.', None, 3). Retrying in 5.0s...
2026-05-12 17:56:03.669 | ERROR    | HALService | [UM982] Start failed: could not open port '/dev/gnss_um982': FileNotFoundError(2, 'The system cannot find the path specified.', None, 3)
2026-05-12 17:56:03.669 | WARNING  | HALService | [GNSS Node] Cannot open /dev/gnss_um982: could not open port '/dev/gnss_um982': FileNotFoundError(2, 'The system cannot find the path specified.', None, 3). Retrying in 5.0s...
2026-05-12 17:56:03.854 | INFO     | CommsService | Command received and published: CommandType.START_RT_SIM
2026-05-12 17:56:03.865 | INFO     | ManagerService | Manager received command: CommandType.START_RT_SIM
2026-05-12 17:56:03.880 | INFO     | GNCService | GNC: Starting RT simulation (Physics Engine Only)
2026-05-12 17:56:03.880 | INFO     | GNCService | GNC: RT simulation started
2026-05-12 17:56:03.893 | INFO     | HALService | HAL: Sensors MUTED (RT simulation active)
2026-05-12 17:56:03.966 | INFO     | ManagerService | Manager received command: CommandType.MUTE_SENSORS
2026-05-12 17:56:06.410 | INFO     | CommsService | Command received and published: CommandType.SET_MODE
2026-05-12 17:56:06.478 | INFO     | ManagerService | Manager received command: CommandType.SET_MODE
2026-05-12 17:56:06.478 | INFO     | ManagerService | Mode changed to: WP_ROUTE
2026-05-12 17:56:08.611 | WARNING  | HALService | [IMU Node] Cannot open /dev/serial0: could not open port '/dev/serial0': FileNotFoundError(2, 'The system cannot find the path specified.', None, 3). Retrying in 5.0s...
2026-05-12 17:56:08.678 | ERROR    | HALService | [UM982] Start failed: could not open port '/dev/gnss_um982': FileNotFoundError(2, 'The system cannot find the path specified.', None, 3)
2026-05-12 17:56:08.678 | WARNING  | HALService | [GNSS Node] Cannot open /dev/gnss_um982: could not open port '/dev/gnss_um982': FileNotFoundError(2, 'The system cannot find the path specified.', None, 3). Retrying in 5.0s...
2026-05-12 17:56:13.612 | WARNING  | HALService | [IMU Node] Cannot open /dev/serial0: could not open port '/dev/serial0': FileNotFoundError(2, 'The system cannot find the path specified.', None, 3). Retrying in 5.0s...
2026-05-12 17:56:13.687 | ERROR    | HALService | [UM982] Start failed: could not open port '/dev/gnss_um982': FileNotFoundError(2, 'The system cannot find the path specified.', None, 3)
2026-05-12 17:56:13.687 | WARNING  | HALService | [GNSS Node] Cannot open /dev/gnss_um982: could not open port '/dev/gnss_um982': FileNotFoundError(2, 'The system cannot find the path specified.', None, 3). Retrying in 5.0s...
2026-05-12 17:56:18.613 | WARNING  | HALService | [IMU Node] Cannot open /dev/serial0: could not open port '/dev/serial0': FileNotFoundError(2, 'The system cannot find the path specified.', None, 3). Retrying in 5.0s...
2026-05-12 17:56:18.695 | ERROR    | HALService | [UM982] Start failed: could not open port '/dev/gnss_um982': FileNotFoundError(2, 'The system cannot find the path specified.', None, 3)
2026-05-12 17:56:18.695 | WARNING  | HALService | [GNSS Node] Cannot open /dev/gnss_um982: could not open port '/dev/gnss_um982': FileNotFoundError(2, 'The system cannot find the path specified.', None, 3). Retrying in 5.0s...
2026-05-12 17:56:23.614 | WARNING  | HALService | [IMU Node] Cannot open /dev/serial0: could not open port '/dev/serial0': FileNotFoundError(2, 'The system cannot find the path specified.', None, 3). Retrying in 5.0s...
2026-05-12 17:56:23.704 | ERROR    | HALService | [UM982] Start failed: could not open port '/dev/gnss_um982': FileNotFoundError(2, 'The system cannot find the path specified.', None, 3)
2026-05-12 17:56:23.705 | WARNING  | HALService | [GNSS Node] Cannot open /dev/gnss_um982: could not open port '/dev/gnss_um982': FileNotFoundError(2, 'The system cannot find the path specified.', None, 3). Retrying in 5.0s...
2026-05-12 17:56:28.615 | WARNING  | HALService | [IMU Node] Cannot open /dev/serial0: could not open port '/dev/serial0': FileNotFoundError(2, 'The system cannot find the path specified.', None, 3). Retrying in 5.0s...
2026-05-12 17:56:28.713 | ERROR    | HALService | [UM982] Start failed: could not open port '/dev/gnss_um982': FileNotFoundError(2, 'The system cannot find the path specified.', None, 3)
2026-05-12 17:56:28.713 | WARNING  | HALService | [GNSS Node] Cannot open /dev/gnss_um982: could not open port '/dev/gnss_um982': FileNotFoundError(2, 'The system cannot find the path specified.', None, 3). Retrying in 5.0s...
2026-05-12 17:56:33.616 | WARNING  | HALService | [IMU Node] Cannot open /dev/serial0: could not open port '/dev/serial0': FileNotFoundError(2, 'The system cannot find the path specified.', None, 3). Retrying in 5.0s...
2026-05-12 17:56:33.723 | ERROR    | HALService | [UM982] Start failed: could not open port '/dev/gnss_um982': FileNotFoundError(2, 'The system cannot find the path specified.', None, 3)
2026-05-12 17:56:33.723 | WARNING  | HALService | [GNSS Node] Cannot open /dev/gnss_um982: could not open port '/dev/gnss_um982': FileNotFoundError(2, 'The system cannot find the path specified.', None, 3). Retrying in 5.0s...
2026-05-12 17:56:34.508 | INFO     | ManagerService | Process ManagerService received signal 2. Stopping...
2026-05-12 17:56:34.509 | INFO     | GNCService | Process GNCService received signal 2. Stopping...
2026-05-12 17:56:34.508 | INFO     | NavigationService | Process NavigationService received signal 2. Stopping...
2026-05-12 17:56:34.509 | INFO     | HALService | Process HALService received signal 2. Stopping...
2026-05-12 17:56:34.511 | INFO     | HALService | Process HALService stopped.
2026-05-12 17:56:34.520 | INFO     | GNCService | Process GNCService stopped.
2026-05-12 17:56:34.529 | INFO     | NavigationService | Process NavigationService stopped.
2026-05-12 17:56:34.588 | INFO     | CommsService | WebSocket client disconnected. Total: 0
2026-05-12 17:56:34.608 | INFO     | ManagerService | Process ManagerService stopped.
2026-05-12 17:56:34.696 | INFO     | CommsService | ZMQ Consumer task cancelled
2026-05-12 17:56:34.697 | INFO     | CommsService | Stopping MAVLink Bridge...
2026-05-12 17:56:34.712 | INFO     | CommsService | MAVLink bridge stopped.
2026-05-12 17:56:34.773 | SUCCESS  | MAIN | All services stopped. Exiting.
2026-05-12 17:57:02.183 | INFO     | MAIN | Starting USV Control System
2026-05-12 17:57:02.183 | INFO     | MAIN | Mode: SIMULATION
2026-05-12 17:57:02.708 | INFO     | HALService | Process HALService starting...
2026-05-12 17:57:02.713 | INFO     | CommsService | Starting MAVLink Bridge thread...
2026-05-12 17:57:02.715 | INFO     | ManagerService | Process ManagerService starting...
2026-05-12 17:57:02.720 | INFO     | CommsService | Starting Web Server on port 8000
2026-05-12 17:57:02.721 | INFO     | CommsService | MAVLink bridge sending to udpout:127.0.0.1:14550
2026-05-12 17:57:02.722 | INFO     | BROKER | Broker started. Publishers -> :5555 | Subscribers <- :5556
2026-05-12 17:57:02.708 | INFO     | NavigationService | Process NavigationService starting...
2026-05-12 17:57:02.720 | INFO     | HALService | [GNSS Node] Publisher connected to ZMQ Bus: tcp://127.0.0.1:5555
2026-05-12 17:57:02.722 | INFO     | HALService | [GNSS Node] Subscriber connected to tcp://127.0.0.1:5556 for commands
2026-05-12 17:57:02.722 | INFO     | HALService | [GNSS Node] Starting (with auto-retry)...
2026-05-12 17:57:02.722 | INFO     | HALService | GNSS Node (UM982) started on /dev/gnss_um982
2026-05-12 17:57:02.722 | ERROR    | HALService | [UM982] Start failed: could not open port '/dev/gnss_um982': FileNotFoundError(2, 'The system cannot find the path specified.', None, 3)
2026-05-12 17:57:02.727 | INFO     | HALService | [IMU Node] Publisher connected to ZMQ Bus: tcp://127.0.0.1:5555
2026-05-12 17:57:02.727 | WARNING  | HALService | [GNSS Node] Cannot open /dev/gnss_um982: could not open port '/dev/gnss_um982': FileNotFoundError(2, 'The system cannot find the path specified.', None, 3). Retrying in 5.0s...
2026-05-12 17:57:02.728 | INFO     | HALService | [IMU Node] Starting (with auto-retry)...
2026-05-12 17:57:02.728 | INFO     | HALService | IMU Node started on /dev/serial0
2026-05-12 17:57:02.708 | INFO     | GNCService | Process GNCService starting...
2026-05-12 17:57:02.728 | WARNING  | HALService | [IMU Node] Cannot open /dev/serial0: could not open port '/dev/serial0': FileNotFoundError(2, 'The system cannot find the path specified.', None, 3). Retrying in 5.0s...
2026-05-12 17:57:02.731 | INFO     | HALService | [Power Node] Publisher connected to ZMQ Bus: tcp://127.0.0.1:5555
2026-05-12 17:57:02.732 | INFO     | HALService | [Power Node] Subscriber connected to tcp://127.0.0.1:5556 for commands
2026-05-12 17:57:02.733 | INFO     | HALService | [Power Node] Starting (with auto-retry)...
2026-05-12 17:57:02.733 | INFO     | HALService | Power Node (PZEM-017) started on /dev/power_pzem
2026-05-12 17:57:02.733 | WARNING  | HALService | [Power Node] Cannot open /dev/power_pzem: could not open port '/dev/power_pzem': FileNotFoundError(2, 'The system cannot find the path specified.', None, 3). Retrying...
2026-05-12 17:57:02.733 | INFO     | HALService | Process HALService entering loop at 50.0 Hz
2026-05-12 17:57:02.737 | INFO     | CommsService | Starting Web Server...
2026-05-12 17:57:02.827 | INFO     | NavigationService | Navigation Process initialized (passthrough mode)
2026-05-12 17:57:02.827 | INFO     | NavigationService | Process NavigationService entering loop at 20.0 Hz
2026-05-12 17:57:02.933 | INFO     | ManagerService | Manager: settings loaded from c:\PYTHON\ControlUSV\src\manager\..\..\data\manager_settings.json
2026-05-12 17:57:02.933 | INFO     | ManagerService | Manager Process Initialized. Waiting for commands...
2026-05-12 17:57:02.933 | INFO     | ManagerService | Process ManagerService entering loop at 10.0 Hz
2026-05-12 17:57:02.941 | INFO     | CommsService | Command publisher connected to ZMQ broker
2026-05-12 17:57:02.943 | INFO     | CommsService | Web Server ZMQ Consumer connected to tcp://127.0.0.1:5556 subscribing to ['sensor/gnss', 'sensor/imu', 'sensor/battery', 'sensor/status', 'gnc/ekf_state', 'system/status', 'gnc/control_debug', 'gnc/control_output', 'sim/status']
2026-05-12 17:57:03.169 | INFO     | CommsService | WebSocket client connected. Total: 1
2026-05-12 17:57:03.345 | INFO     | GNCService | GNC Process initialized (waiting for AUTO mode)
2026-05-12 17:57:03.345 | INFO     | GNCService | Process GNCService entering loop at 20.0 Hz
2026-05-12 17:57:07.732 | WARNING  | HALService | [IMU Node] Cannot open /dev/serial0: could not open port '/dev/serial0': FileNotFoundError(2, 'The system cannot find the path specified.', None, 3). Retrying in 5.0s...
2026-05-12 17:57:07.736 | ERROR    | HALService | [UM982] Start failed: could not open port '/dev/gnss_um982': FileNotFoundError(2, 'The system cannot find the path specified.', None, 3)
2026-05-12 17:57:07.736 | WARNING  | HALService | [GNSS Node] Cannot open /dev/gnss_um982: could not open port '/dev/gnss_um982': FileNotFoundError(2, 'The system cannot find the path specified.', None, 3). Retrying in 5.0s...
2026-05-12 17:57:12.733 | WARNING  | HALService | [IMU Node] Cannot open /dev/serial0: could not open port '/dev/serial0': FileNotFoundError(2, 'The system cannot find the path specified.', None, 3). Retrying in 5.0s...
2026-05-12 17:57:12.745 | ERROR    | HALService | [UM982] Start failed: could not open port '/dev/gnss_um982': FileNotFoundError(2, 'The system cannot find the path specified.', None, 3)
2026-05-12 17:57:12.745 | WARNING  | HALService | [GNSS Node] Cannot open /dev/gnss_um982: could not open port '/dev/gnss_um982': FileNotFoundError(2, 'The system cannot find the path specified.', None, 3). Retrying in 5.0s...
2026-05-12 17:57:17.734 | WARNING  | HALService | [IMU Node] Cannot open /dev/serial0: could not open port '/dev/serial0': FileNotFoundError(2, 'The system cannot find the path specified.', None, 3). Retrying in 5.0s...
2026-05-12 17:57:17.755 | ERROR    | HALService | [UM982] Start failed: could not open port '/dev/gnss_um982': FileNotFoundError(2, 'The system cannot find the path specified.', None, 3)
2026-05-12 17:57:17.755 | WARNING  | HALService | [GNSS Node] Cannot open /dev/gnss_um982: could not open port '/dev/gnss_um982': FileNotFoundError(2, 'The system cannot find the path specified.', None, 3). Retrying in 5.0s...
2026-05-12 17:57:22.734 | WARNING  | HALService | [IMU Node] Cannot open /dev/serial0: could not open port '/dev/serial0': FileNotFoundError(2, 'The system cannot find the path specified.', None, 3). Retrying in 5.0s...
2026-05-12 17:57:22.763 | ERROR    | HALService | [UM982] Start failed: could not open port '/dev/gnss_um982': FileNotFoundError(2, 'The system cannot find the path specified.', None, 3)
2026-05-12 17:57:22.763 | WARNING  | HALService | [GNSS Node] Cannot open /dev/gnss_um982: could not open port '/dev/gnss_um982': FileNotFoundError(2, 'The system cannot find the path specified.', None, 3). Retrying in 5.0s...
2026-05-12 17:57:27.735 | WARNING  | HALService | [IMU Node] Cannot open /dev/serial0: could not open port '/dev/serial0': FileNotFoundError(2, 'The system cannot find the path specified.', None, 3). Retrying in 5.0s...
2026-05-12 17:57:27.774 | ERROR    | HALService | [UM982] Start failed: could not open port '/dev/gnss_um982': FileNotFoundError(2, 'The system cannot find the path specified.', None, 3)
2026-05-12 17:57:27.774 | WARNING  | HALService | [GNSS Node] Cannot open /dev/gnss_um982: could not open port '/dev/gnss_um982': FileNotFoundError(2, 'The system cannot find the path specified.', None, 3). Retrying in 5.0s...
2026-05-12 17:57:32.736 | WARNING  | HALService | [IMU Node] Cannot open /dev/serial0: could not open port '/dev/serial0': FileNotFoundError(2, 'The system cannot find the path specified.', None, 3). Retrying in 5.0s...
2026-05-12 17:57:32.784 | ERROR    | HALService | [UM982] Start failed: could not open port '/dev/gnss_um982': FileNotFoundError(2, 'The system cannot find the path specified.', None, 3)
2026-05-12 17:57:32.784 | WARNING  | HALService | [GNSS Node] Cannot open /dev/gnss_um982: could not open port '/dev/gnss_um982': FileNotFoundError(2, 'The system cannot find the path specified.', None, 3). Retrying in 5.0s...
2026-05-12 17:57:34.721 | INFO     | CommsService | Command received and published: CommandType.START_RT_SIM
2026-05-12 17:57:34.725 | INFO     | GNCService | GNC: Starting RT simulation (Physics Engine Only)
2026-05-12 17:57:34.725 | INFO     | GNCService | GNC: RT simulation started
2026-05-12 17:57:34.735 | INFO     | HALService | HAL: Sensors MUTED (RT simulation active)
2026-05-12 17:57:34.770 | INFO     | ManagerService | Manager received command: CommandType.START_RT_SIM
2026-05-12 17:57:34.770 | INFO     | ManagerService | Manager received command: CommandType.MUTE_SENSORS
2026-05-12 17:57:37.737 | WARNING  | HALService | [IMU Node] Cannot open /dev/serial0: could not open port '/dev/serial0': FileNotFoundError(2, 'The system cannot find the path specified.', None, 3). Retrying in 5.0s...
2026-05-12 17:57:37.793 | ERROR    | HALService | [UM982] Start failed: could not open port '/dev/gnss_um982': FileNotFoundError(2, 'The system cannot find the path specified.', None, 3)
2026-05-12 17:57:37.793 | WARNING  | HALService | [GNSS Node] Cannot open /dev/gnss_um982: could not open port '/dev/gnss_um982': FileNotFoundError(2, 'The system cannot find the path specified.', None, 3). Retrying in 5.0s...
2026-05-12 17:57:42.738 | WARNING  | HALService | [IMU Node] Cannot open /dev/serial0: could not open port '/dev/serial0': FileNotFoundError(2, 'The system cannot find the path specified.', None, 3). Retrying in 5.0s...
2026-05-12 17:57:42.802 | ERROR    | HALService | [UM982] Start failed: could not open port '/dev/gnss_um982': FileNotFoundError(2, 'The system cannot find the path specified.', None, 3)
2026-05-12 17:57:42.802 | WARNING  | HALService | [GNSS Node] Cannot open /dev/gnss_um982: could not open port '/dev/gnss_um982': FileNotFoundError(2, 'The system cannot find the path specified.', None, 3). Retrying in 5.0s...
2026-05-12 17:57:47.739 | WARNING  | HALService | [IMU Node] Cannot open /dev/serial0: could not open port '/dev/serial0': FileNotFoundError(2, 'The system cannot find the path specified.', None, 3). Retrying in 5.0s...
2026-05-12 17:57:47.812 | ERROR    | HALService | [UM982] Start failed: could not open port '/dev/gnss_um982': FileNotFoundError(2, 'The system cannot find the path specified.', None, 3)
2026-05-12 17:57:47.812 | WARNING  | HALService | [GNSS Node] Cannot open /dev/gnss_um982: could not open port '/dev/gnss_um982': FileNotFoundError(2, 'The system cannot find the path specified.', None, 3). Retrying in 5.0s...
2026-05-12 17:57:52.739 | WARNING  | HALService | [IMU Node] Cannot open /dev/serial0: could not open port '/dev/serial0': FileNotFoundError(2, 'The system cannot find the path specified.', None, 3). Retrying in 5.0s...
2026-05-12 17:57:52.822 | ERROR    | HALService | [UM982] Start failed: could not open port '/dev/gnss_um982': FileNotFoundError(2, 'The system cannot find the path specified.', None, 3)
2026-05-12 17:57:52.822 | WARNING  | HALService | [GNSS Node] Cannot open /dev/gnss_um982: could not open port '/dev/gnss_um982': FileNotFoundError(2, 'The system cannot find the path specified.', None, 3). Retrying in 5.0s...
2026-05-12 17:57:55.496 | INFO     | CommsService | Command received and published: CommandType.STOP_RT_SIM
2026-05-12 17:57:55.513 | INFO     | GNCService | GNC: RT simulation stopped after 20.5s
2026-05-12 17:57:55.529 | INFO     | HALService | HAL: Sensors UNMUTED
2026-05-12 17:57:55.570 | INFO     | ManagerService | Manager received command: CommandType.STOP_RT_SIM
2026-05-12 17:57:55.570 | INFO     | ManagerService | Manager received command: CommandType.UNMUTE_SENSORS
2026-05-12 17:57:57.740 | WARNING  | HALService | [IMU Node] Cannot open /dev/serial0: could not open port '/dev/serial0': FileNotFoundError(2, 'The system cannot find the path specified.', None, 3). Retrying in 5.0s...
2026-05-12 17:57:57.833 | ERROR    | HALService | [UM982] Start failed: could not open port '/dev/gnss_um982': FileNotFoundError(2, 'The system cannot find the path specified.', None, 3)
2026-05-12 17:57:57.833 | WARNING  | HALService | [GNSS Node] Cannot open /dev/gnss_um982: could not open port '/dev/gnss_um982': FileNotFoundError(2, 'The system cannot find the path specified.', None, 3). Retrying in 5.0s...
2026-05-12 17:57:58.240 | INFO     | CommsService | Command received and published: CommandType.START_RT_SIM
2026-05-12 17:57:58.283 | INFO     | ManagerService | Manager received command: CommandType.START_RT_SIM
2026-05-12 17:57:58.291 | INFO     | GNCService | GNC: Starting RT simulation (Physics Engine Only)
2026-05-12 17:57:58.291 | INFO     | GNCService | GNC: RT simulation started
2026-05-12 17:57:58.299 | INFO     | HALService | HAL: Sensors MUTED (RT simulation active)
2026-05-12 17:57:58.384 | INFO     | ManagerService | Manager received command: CommandType.MUTE_SENSORS
2026-05-12 17:57:59.732 | INFO     | CommsService | Command received and published: CommandType.STOP_RT_SIM
2026-05-12 17:57:59.761 | INFO     | GNCService | GNC: RT simulation stopped after 1.5s
2026-05-12 17:57:59.763 | INFO     | HALService | HAL: Sensors UNMUTED
2026-05-12 17:57:59.790 | INFO     | ManagerService | Manager received command: CommandType.STOP_RT_SIM
2026-05-12 17:57:59.790 | INFO     | ManagerService | Manager received command: CommandType.UNMUTE_SENSORS
2026-05-12 17:58:01.726 | INFO     | CommsService | Command received and published: CommandType.SET_MODE
2026-05-12 17:58:01.800 | INFO     | ManagerService | Manager received command: CommandType.SET_MODE
2026-05-12 17:58:01.800 | INFO     | ManagerService | Mode changed to: WP_ROUTE
2026-05-12 17:58:02.741 | WARNING  | HALService | [IMU Node] Cannot open /dev/serial0: could not open port '/dev/serial0': FileNotFoundError(2, 'The system cannot find the path specified.', None, 3). Retrying in 5.0s...
2026-05-12 17:58:02.843 | ERROR    | HALService | [UM982] Start failed: could not open port '/dev/gnss_um982': FileNotFoundError(2, 'The system cannot find the path specified.', None, 3)
2026-05-12 17:58:02.843 | WARNING  | HALService | [GNSS Node] Cannot open /dev/gnss_um982: could not open port '/dev/gnss_um982': FileNotFoundError(2, 'The system cannot find the path specified.', None, 3). Retrying in 5.0s...
2026-05-12 17:58:07.741 | WARNING  | HALService | [IMU Node] Cannot open /dev/serial0: could not open port '/dev/serial0': FileNotFoundError(2, 'The system cannot find the path specified.', None, 3). Retrying in 5.0s...
2026-05-12 17:58:07.852 | ERROR    | HALService | [UM982] Start failed: could not open port '/dev/gnss_um982': FileNotFoundError(2, 'The system cannot find the path specified.', None, 3)
2026-05-12 17:58:07.852 | WARNING  | HALService | [GNSS Node] Cannot open /dev/gnss_um982: could not open port '/dev/gnss_um982': FileNotFoundError(2, 'The system cannot find the path specified.', None, 3). Retrying in 5.0s...
2026-05-12 17:58:12.742 | WARNING  | HALService | [IMU Node] Cannot open /dev/serial0: could not open port '/dev/serial0': FileNotFoundError(2, 'The system cannot find the path specified.', None, 3). Retrying in 5.0s...
2026-05-12 17:58:12.860 | ERROR    | HALService | [UM982] Start failed: could not open port '/dev/gnss_um982': FileNotFoundError(2, 'The system cannot find the path specified.', None, 3)
2026-05-12 17:58:12.860 | WARNING  | HALService | [GNSS Node] Cannot open /dev/gnss_um982: could not open port '/dev/gnss_um982': FileNotFoundError(2, 'The system cannot find the path specified.', None, 3). Retrying in 5.0s...
2026-05-12 17:58:17.743 | WARNING  | HALService | [IMU Node] Cannot open /dev/serial0: could not open port '/dev/serial0': FileNotFoundError(2, 'The system cannot find the path specified.', None, 3). Retrying in 5.0s...
2026-05-12 17:58:17.869 | ERROR    | HALService | [UM982] Start failed: could not open port '/dev/gnss_um982': FileNotFoundError(2, 'The system cannot find the path specified.', None, 3)
2026-05-12 17:58:17.869 | WARNING  | HALService | [GNSS Node] Cannot open /dev/gnss_um982: could not open port '/dev/gnss_um982': FileNotFoundError(2, 'The system cannot find the path specified.', None, 3). Retrying in 5.0s...
2026-05-12 17:58:19.678 | INFO     | CommsService | WebSocket client disconnected. Total: 0
2026-05-12 17:58:22.390 | INFO     | ManagerService | Process ManagerService received signal 2. Stopping...
2026-05-12 17:58:22.390 | INFO     | NavigationService | Process NavigationService received signal 2. Stopping...
2026-05-12 17:58:22.391 | INFO     | GNCService | Process GNCService received signal 2. Stopping...
2026-05-12 17:58:22.391 | INFO     | HALService | Process HALService received signal 2. Stopping...
2026-05-12 17:58:22.391 | WARNING  | MAIN | Main process received KeyboardInterrupt. Stopping services...
2026-05-12 17:58:22.392 | INFO     | HALService | Process HALService stopped.
2026-05-12 17:58:22.400 | INFO     | GNCService | Process GNCService stopped.
2026-05-12 17:58:22.403 | INFO     | NavigationService | Process NavigationService stopped.
2026-05-12 17:58:22.489 | INFO     | ManagerService | Process ManagerService stopped.
2026-05-12 17:58:22.597 | INFO     | CommsService | ZMQ Consumer task cancelled
2026-05-12 17:58:22.597 | INFO     | CommsService | Stopping MAVLink Bridge...
2026-05-12 17:58:22.614 | INFO     | CommsService | MAVLink bridge stopped.
2026-05-12 17:58:22.672 | SUCCESS  | MAIN | All services stopped. Exiting.
2026-05-12 17:58:50.198 | INFO     | MAIN | Starting USV Control System
2026-05-12 17:58:50.198 | INFO     | MAIN | Mode: SIMULATION
2026-05-12 17:58:50.735 | INFO     | GNCService | Process GNCService starting...
2026-05-12 17:58:50.737 | INFO     | CommsService | Starting MAVLink Bridge thread...
2026-05-12 17:58:50.738 | INFO     | HALService | Process HALService starting...
2026-05-12 17:58:50.742 | INFO     | BROKER | Broker started. Publishers -> :5555 | Subscribers <- :5556
2026-05-12 17:58:50.736 | INFO     | ManagerService | Process ManagerService starting...
2026-05-12 17:58:50.743 | INFO     | CommsService | Starting Web Server on port 8000
2026-05-12 17:58:50.744 | INFO     | CommsService | MAVLink bridge sending to udpout:127.0.0.1:14550
2026-05-12 17:58:50.751 | INFO     | HALService | [GNSS Node] Publisher connected to ZMQ Bus: tcp://127.0.0.1:5555
2026-05-12 17:58:50.736 | INFO     | NavigationService | Process NavigationService starting...
2026-05-12 17:58:50.752 | INFO     | HALService | [GNSS Node] Subscriber connected to tcp://127.0.0.1:5556 for commands
2026-05-12 17:58:50.752 | INFO     | HALService | [GNSS Node] Starting (with auto-retry)...
2026-05-12 17:58:50.752 | INFO     | HALService | GNSS Node (UM982) started on /dev/gnss_um982
2026-05-12 17:58:50.752 | ERROR    | HALService | [UM982] Start failed: could not open port '/dev/gnss_um982': FileNotFoundError(2, 'The system cannot find the path specified.', None, 3)
2026-05-12 17:58:50.756 | INFO     | HALService | [IMU Node] Publisher connected to ZMQ Bus: tcp://127.0.0.1:5555
2026-05-12 17:58:50.757 | WARNING  | HALService | [GNSS Node] Cannot open /dev/gnss_um982: could not open port '/dev/gnss_um982': FileNotFoundError(2, 'The system cannot find the path specified.', None, 3). Retrying in 5.0s...
2026-05-12 17:58:50.757 | INFO     | HALService | [IMU Node] Starting (with auto-retry)...
2026-05-12 17:58:50.757 | INFO     | HALService | IMU Node started on /dev/serial0
2026-05-12 17:58:50.758 | WARNING  | HALService | [IMU Node] Cannot open /dev/serial0: could not open port '/dev/serial0': FileNotFoundError(2, 'The system cannot find the path specified.', None, 3). Retrying in 5.0s...
2026-05-12 17:58:50.760 | INFO     | HALService | [Power Node] Publisher connected to ZMQ Bus: tcp://127.0.0.1:5555
2026-05-12 17:58:50.761 | INFO     | HALService | [Power Node] Subscriber connected to tcp://127.0.0.1:5556 for commands
2026-05-12 17:58:50.761 | INFO     | HALService | [Power Node] Starting (with auto-retry)...
2026-05-12 17:58:50.761 | INFO     | HALService | Power Node (PZEM-017) started on /dev/power_pzem
2026-05-12 17:58:50.761 | INFO     | HALService | Process HALService entering loop at 50.0 Hz
2026-05-12 17:58:50.762 | WARNING  | HALService | [Power Node] Cannot open /dev/power_pzem: could not open port '/dev/power_pzem': FileNotFoundError(2, 'The system cannot find the path specified.', None, 3). Retrying...
2026-05-12 17:58:50.764 | INFO     | CommsService | Starting Web Server...
2026-05-12 17:58:50.854 | INFO     | NavigationService | Navigation Process initialized (passthrough mode)
2026-05-12 17:58:50.854 | INFO     | NavigationService | Process NavigationService entering loop at 20.0 Hz
2026-05-12 17:58:50.954 | INFO     | ManagerService | Manager: settings loaded from c:\PYTHON\ControlUSV\src\manager\..\..\data\manager_settings.json
2026-05-12 17:58:50.955 | INFO     | ManagerService | Manager Process Initialized. Waiting for commands...
2026-05-12 17:58:50.955 | INFO     | ManagerService | Process ManagerService entering loop at 10.0 Hz
2026-05-12 17:58:50.966 | INFO     | CommsService | Command publisher connected to ZMQ broker
2026-05-12 17:58:50.968 | INFO     | CommsService | Web Server ZMQ Consumer connected to tcp://127.0.0.1:5556 subscribing to ['sensor/gnss', 'sensor/imu', 'sensor/battery', 'sensor/status', 'gnc/ekf_state', 'system/status', 'gnc/control_debug', 'gnc/control_output', 'sim/status']
2026-05-12 17:58:51.369 | INFO     | GNCService | GNC Process initialized (waiting for AUTO mode)
2026-05-12 17:58:51.369 | INFO     | GNCService | Process GNCService entering loop at 20.0 Hz
2026-05-12 17:58:55.760 | WARNING  | HALService | [IMU Node] Cannot open /dev/serial0: could not open port '/dev/serial0': FileNotFoundError(2, 'The system cannot find the path specified.', None, 3). Retrying in 5.0s...
2026-05-12 17:58:55.768 | ERROR    | HALService | [UM982] Start failed: could not open port '/dev/gnss_um982': FileNotFoundError(2, 'The system cannot find the path specified.', None, 3)
2026-05-12 17:58:55.768 | WARNING  | HALService | [GNSS Node] Cannot open /dev/gnss_um982: could not open port '/dev/gnss_um982': FileNotFoundError(2, 'The system cannot find the path specified.', None, 3). Retrying in 5.0s...
2026-05-12 17:59:00.761 | WARNING  | HALService | [IMU Node] Cannot open /dev/serial0: could not open port '/dev/serial0': FileNotFoundError(2, 'The system cannot find the path specified.', None, 3). Retrying in 5.0s...
2026-05-12 17:59:00.776 | ERROR    | HALService | [UM982] Start failed: could not open port '/dev/gnss_um982': FileNotFoundError(2, 'The system cannot find the path specified.', None, 3)
2026-05-12 17:59:00.776 | WARNING  | HALService | [GNSS Node] Cannot open /dev/gnss_um982: could not open port '/dev/gnss_um982': FileNotFoundError(2, 'The system cannot find the path specified.', None, 3). Retrying in 5.0s...
2026-05-12 17:59:01.331 | INFO     | CommsService | WebSocket client connected. Total: 1
2026-05-12 17:59:04.406 | INFO     | CommsService | Command received and published: CommandType.START_RT_SIM
2026-05-12 17:59:04.413 | INFO     | ManagerService | Manager received command: CommandType.START_RT_SIM
2026-05-12 17:59:04.421 | INFO     | GNCService | GNC: Starting RT simulation (Physics Engine Only)
2026-05-12 17:59:04.422 | INFO     | GNCService | GNC: RT simulation started
2026-05-12 17:59:04.440 | INFO     | HALService | HAL: Sensors MUTED (RT simulation active)
2026-05-12 17:59:04.513 | INFO     | ManagerService | Manager received command: CommandType.MUTE_SENSORS
2026-05-12 17:59:05.762 | WARNING  | HALService | [IMU Node] Cannot open /dev/serial0: could not open port '/dev/serial0': FileNotFoundError(2, 'The system cannot find the path specified.', None, 3). Retrying in 5.0s...
2026-05-12 17:59:05.786 | ERROR    | HALService | [UM982] Start failed: could not open port '/dev/gnss_um982': FileNotFoundError(2, 'The system cannot find the path specified.', None, 3)
2026-05-12 17:59:05.786 | WARNING  | HALService | [GNSS Node] Cannot open /dev/gnss_um982: could not open port '/dev/gnss_um982': FileNotFoundError(2, 'The system cannot find the path specified.', None, 3). Retrying in 5.0s...
2026-05-12 17:59:10.763 | WARNING  | HALService | [IMU Node] Cannot open /dev/serial0: could not open port '/dev/serial0': FileNotFoundError(2, 'The system cannot find the path specified.', None, 3). Retrying in 5.0s...
2026-05-12 17:59:10.794 | ERROR    | HALService | [UM982] Start failed: could not open port '/dev/gnss_um982': FileNotFoundError(2, 'The system cannot find the path specified.', None, 3)
2026-05-12 17:59:10.794 | WARNING  | HALService | [GNSS Node] Cannot open /dev/gnss_um982: could not open port '/dev/gnss_um982': FileNotFoundError(2, 'The system cannot find the path specified.', None, 3). Retrying in 5.0s...
2026-05-12 17:59:14.067 | INFO     | CommsService | Command received and published: CommandType.ARM
2026-05-12 17:59:14.106 | INFO     | GNCService | GNC: Armed
2026-05-12 17:59:14.155 | INFO     | ManagerService | Manager received command: CommandType.ARM
2026-05-12 17:59:14.155 | WARNING  | ManagerService | >>> VEHICLE ARMED <<<
2026-05-12 17:59:15.764 | WARNING  | HALService | [IMU Node] Cannot open /dev/serial0: could not open port '/dev/serial0': FileNotFoundError(2, 'The system cannot find the path specified.', None, 3). Retrying in 5.0s...
2026-05-12 17:59:15.805 | ERROR    | HALService | [UM982] Start failed: could not open port '/dev/gnss_um982': FileNotFoundError(2, 'The system cannot find the path specified.', None, 3)
2026-05-12 17:59:15.805 | WARNING  | HALService | [GNSS Node] Cannot open /dev/gnss_um982: could not open port '/dev/gnss_um982': FileNotFoundError(2, 'The system cannot find the path specified.', None, 3). Retrying in 5.0s...
2026-05-12 17:59:20.764 | WARNING  | HALService | [IMU Node] Cannot open /dev/serial0: could not open port '/dev/serial0': FileNotFoundError(2, 'The system cannot find the path specified.', None, 3). Retrying in 5.0s...
2026-05-12 17:59:20.815 | ERROR    | HALService | [UM982] Start failed: could not open port '/dev/gnss_um982': FileNotFoundError(2, 'The system cannot find the path specified.', None, 3)
2026-05-12 17:59:20.815 | WARNING  | HALService | [GNSS Node] Cannot open /dev/gnss_um982: could not open port '/dev/gnss_um982': FileNotFoundError(2, 'The system cannot find the path specified.', None, 3). Retrying in 5.0s...
2026-05-12 17:59:25.765 | WARNING  | HALService | [IMU Node] Cannot open /dev/serial0: could not open port '/dev/serial0': FileNotFoundError(2, 'The system cannot find the path specified.', None, 3). Retrying in 5.0s...
2026-05-12 17:59:25.822 | ERROR    | HALService | [UM982] Start failed: could not open port '/dev/gnss_um982': FileNotFoundError(2, 'The system cannot find the path specified.', None, 3)
2026-05-12 17:59:25.822 | WARNING  | HALService | [GNSS Node] Cannot open /dev/gnss_um982: could not open port '/dev/gnss_um982': FileNotFoundError(2, 'The system cannot find the path specified.', None, 3). Retrying in 5.0s...
2026-05-12 17:59:30.766 | WARNING  | HALService | [IMU Node] Cannot open /dev/serial0: could not open port '/dev/serial0': FileNotFoundError(2, 'The system cannot find the path specified.', None, 3). Retrying in 5.0s...
2026-05-12 17:59:30.831 | ERROR    | HALService | [UM982] Start failed: could not open port '/dev/gnss_um982': FileNotFoundError(2, 'The system cannot find the path specified.', None, 3)
2026-05-12 17:59:30.831 | WARNING  | HALService | [GNSS Node] Cannot open /dev/gnss_um982: could not open port '/dev/gnss_um982': FileNotFoundError(2, 'The system cannot find the path specified.', None, 3). Retrying in 5.0s...
2026-05-12 17:59:35.767 | WARNING  | HALService | [IMU Node] Cannot open /dev/serial0: could not open port '/dev/serial0': FileNotFoundError(2, 'The system cannot find the path specified.', None, 3). Retrying in 5.0s...
2026-05-12 17:59:35.840 | ERROR    | HALService | [UM982] Start failed: could not open port '/dev/gnss_um982': FileNotFoundError(2, 'The system cannot find the path specified.', None, 3)
2026-05-12 17:59:35.840 | WARNING  | HALService | [GNSS Node] Cannot open /dev/gnss_um982: could not open port '/dev/gnss_um982': FileNotFoundError(2, 'The system cannot find the path specified.', None, 3). Retrying in 5.0s...
2026-05-12 17:59:35.887 | INFO     | CommsService | Command received and published: CommandType.SET_MODE
2026-05-12 17:59:35.972 | INFO     | ManagerService | Manager received command: CommandType.SET_MODE
2026-05-12 17:59:35.972 | INFO     | ManagerService | Mode changed to: WP_ROUTE
2026-05-12 17:59:40.768 | WARNING  | HALService | [IMU Node] Cannot open /dev/serial0: could not open port '/dev/serial0': FileNotFoundError(2, 'The system cannot find the path specified.', None, 3). Retrying in 5.0s...
2026-05-12 17:59:40.849 | ERROR    | HALService | [UM982] Start failed: could not open port '/dev/gnss_um982': FileNotFoundError(2, 'The system cannot find the path specified.', None, 3)
2026-05-12 17:59:40.849 | WARNING  | HALService | [GNSS Node] Cannot open /dev/gnss_um982: could not open port '/dev/gnss_um982': FileNotFoundError(2, 'The system cannot find the path specified.', None, 3). Retrying in 5.0s...
2026-05-12 17:59:45.366 | INFO     | CommsService | Command received and published: CommandType.DISARM
2026-05-12 17:59:45.389 | INFO     | GNCService | GNC: Disarmed — controller reset
2026-05-12 17:59:45.416 | INFO     | ManagerService | Manager received command: CommandType.DISARM
2026-05-12 17:59:45.416 | WARNING  | ManagerService | >>> VEHICLE DISARMED <<<
2026-05-12 17:59:45.769 | WARNING  | HALService | [IMU Node] Cannot open /dev/serial0: could not open port '/dev/serial0': FileNotFoundError(2, 'The system cannot find the path specified.', None, 3). Retrying in 5.0s...
2026-05-12 17:59:45.860 | ERROR    | HALService | [UM982] Start failed: could not open port '/dev/gnss_um982': FileNotFoundError(2, 'The system cannot find the path specified.', None, 3)
2026-05-12 17:59:45.860 | WARNING  | HALService | [GNSS Node] Cannot open /dev/gnss_um982: could not open port '/dev/gnss_um982': FileNotFoundError(2, 'The system cannot find the path specified.', None, 3). Retrying in 5.0s...
2026-05-12 17:59:46.926 | INFO     | CommsService | Command received and published: CommandType.STOP_RT_SIM
2026-05-12 17:59:46.960 | INFO     | GNCService | GNC: RT simulation stopped after 41.9s
2026-05-12 17:59:46.972 | INFO     | HALService | HAL: Sensors UNMUTED
2026-05-12 17:59:47.025 | INFO     | ManagerService | Manager received command: CommandType.STOP_RT_SIM
2026-05-12 17:59:47.025 | INFO     | ManagerService | Manager received command: CommandType.UNMUTE_SENSORS
2026-05-12 17:59:48.500 | INFO     | CommsService | Command received and published: CommandType.SET_MODE
2026-05-12 17:59:48.532 | INFO     | ManagerService | Manager received command: CommandType.SET_MODE
2026-05-12 17:59:48.532 | INFO     | ManagerService | Mode changed to: STATION
2026-05-12 17:59:49.123 | INFO     | CommsService | Command received and published: CommandType.SET_MODE
2026-05-12 17:59:49.135 | INFO     | ManagerService | Manager received command: CommandType.SET_MODE
2026-05-12 17:59:49.135 | INFO     | ManagerService | Mode changed to: MANUAL
2026-05-12 17:59:49.768 | INFO     | CommsService | Command received and published: CommandType.SET_MODE
2026-05-12 17:59:49.838 | INFO     | ManagerService | Manager received command: CommandType.SET_MODE
2026-05-12 17:59:49.838 | INFO     | ManagerService | Mode changed to: WP_ROUTE
2026-05-12 17:59:50.769 | WARNING  | HALService | [IMU Node] Cannot open /dev/serial0: could not open port '/dev/serial0': FileNotFoundError(2, 'The system cannot find the path specified.', None, 3). Retrying in 5.0s...
2026-05-12 17:59:50.868 | ERROR    | HALService | [UM982] Start failed: could not open port '/dev/gnss_um982': FileNotFoundError(2, 'The system cannot find the path specified.', None, 3)
2026-05-12 17:59:50.868 | WARNING  | HALService | [GNSS Node] Cannot open /dev/gnss_um982: could not open port '/dev/gnss_um982': FileNotFoundError(2, 'The system cannot find the path specified.', None, 3). Retrying in 5.0s...
2026-05-12 17:59:55.770 | WARNING  | HALService | [IMU Node] Cannot open /dev/serial0: could not open port '/dev/serial0': FileNotFoundError(2, 'The system cannot find the path specified.', None, 3). Retrying in 5.0s...
2026-05-12 17:59:55.877 | ERROR    | HALService | [UM982] Start failed: could not open port '/dev/gnss_um982': FileNotFoundError(2, 'The system cannot find the path specified.', None, 3)
2026-05-12 17:59:55.877 | WARNING  | HALService | [GNSS Node] Cannot open /dev/gnss_um982: could not open port '/dev/gnss_um982': FileNotFoundError(2, 'The system cannot find the path specified.', None, 3). Retrying in 5.0s...
2026-05-12 18:00:00.772 | WARNING  | HALService | [IMU Node] Cannot open /dev/serial0: could not open port '/dev/serial0': FileNotFoundError(2, 'The system cannot find the path specified.', None, 3). Retrying in 5.0s...
2026-05-12 18:00:00.886 | ERROR    | HALService | [UM982] Start failed: could not open port '/dev/gnss_um982': FileNotFoundError(2, 'The system cannot find the path specified.', None, 3)
2026-05-12 18:00:00.886 | WARNING  | HALService | [GNSS Node] Cannot open /dev/gnss_um982: could not open port '/dev/gnss_um982': FileNotFoundError(2, 'The system cannot find the path specified.', None, 3). Retrying in 5.0s...
2026-05-12 18:00:05.773 | WARNING  | HALService | [IMU Node] Cannot open /dev/serial0: could not open port '/dev/serial0': FileNotFoundError(2, 'The system cannot find the path specified.', None, 3). Retrying in 5.0s...
2026-05-12 18:00:05.895 | ERROR    | HALService | [UM982] Start failed: could not open port '/dev/gnss_um982': FileNotFoundError(2, 'The system cannot find the path specified.', None, 3)
2026-05-12 18:00:05.895 | WARNING  | HALService | [GNSS Node] Cannot open /dev/gnss_um982: could not open port '/dev/gnss_um982': FileNotFoundError(2, 'The system cannot find the path specified.', None, 3). Retrying in 5.0s...
2026-05-12 18:00:10.773 | WARNING  | HALService | [IMU Node] Cannot open /dev/serial0: could not open port '/dev/serial0': FileNotFoundError(2, 'The system cannot find the path specified.', None, 3). Retrying in 5.0s...
2026-05-12 18:00:10.903 | ERROR    | HALService | [UM982] Start failed: could not open port '/dev/gnss_um982': FileNotFoundError(2, 'The system cannot find the path specified.', None, 3)
2026-05-12 18:00:10.903 | WARNING  | HALService | [GNSS Node] Cannot open /dev/gnss_um982: could not open port '/dev/gnss_um982': FileNotFoundError(2, 'The system cannot find the path specified.', None, 3). Retrying in 5.0s...
2026-05-12 18:00:15.774 | WARNING  | HALService | [IMU Node] Cannot open /dev/serial0: could not open port '/dev/serial0': FileNotFoundError(2, 'The system cannot find the path specified.', None, 3). Retrying in 5.0s...
2026-05-12 18:00:15.911 | ERROR    | HALService | [UM982] Start failed: could not open port '/dev/gnss_um982': FileNotFoundError(2, 'The system cannot find the path specified.', None, 3)
2026-05-12 18:00:15.911 | WARNING  | HALService | [GNSS Node] Cannot open /dev/gnss_um982: could not open port '/dev/gnss_um982': FileNotFoundError(2, 'The system cannot find the path specified.', None, 3). Retrying in 5.0s...
2026-05-12 18:00:20.775 | WARNING  | HALService | [IMU Node] Cannot open /dev/serial0: could not open port '/dev/serial0': FileNotFoundError(2, 'The system cannot find the path specified.', None, 3). Retrying in 5.0s...
2026-05-12 18:00:20.922 | ERROR    | HALService | [UM982] Start failed: could not open port '/dev/gnss_um982': FileNotFoundError(2, 'The system cannot find the path specified.', None, 3)
2026-05-12 18:00:20.922 | WARNING  | HALService | [GNSS Node] Cannot open /dev/gnss_um982: could not open port '/dev/gnss_um982': FileNotFoundError(2, 'The system cannot find the path specified.', None, 3). Retrying in 5.0s...
2026-05-12 18:00:25.776 | WARNING  | HALService | [IMU Node] Cannot open /dev/serial0: could not open port '/dev/serial0': FileNotFoundError(2, 'The system cannot find the path specified.', None, 3). Retrying in 5.0s...
2026-05-12 18:00:25.932 | ERROR    | HALService | [UM982] Start failed: could not open port '/dev/gnss_um982': FileNotFoundError(2, 'The system cannot find the path specified.', None, 3)
2026-05-12 18:00:25.932 | WARNING  | HALService | [GNSS Node] Cannot open /dev/gnss_um982: could not open port '/dev/gnss_um982': FileNotFoundError(2, 'The system cannot find the path specified.', None, 3). Retrying in 5.0s...
2026-05-12 18:00:30.776 | WARNING  | HALService | [IMU Node] Cannot open /dev/serial0: could not open port '/dev/serial0': FileNotFoundError(2, 'The system cannot find the path specified.', None, 3). Retrying in 5.0s...
2026-05-12 18:00:30.941 | ERROR    | HALService | [UM982] Start failed: could not open port '/dev/gnss_um982': FileNotFoundError(2, 'The system cannot find the path specified.', None, 3)
2026-05-12 18:00:30.941 | WARNING  | HALService | [GNSS Node] Cannot open /dev/gnss_um982: could not open port '/dev/gnss_um982': FileNotFoundError(2, 'The system cannot find the path specified.', None, 3). Retrying in 5.0s...
2026-05-12 18:00:35.777 | WARNING  | HALService | [IMU Node] Cannot open /dev/serial0: could not open port '/dev/serial0': FileNotFoundError(2, 'The system cannot find the path specified.', None, 3). Retrying in 5.0s...
2026-05-12 18:00:35.949 | ERROR    | HALService | [UM982] Start failed: could not open port '/dev/gnss_um982': FileNotFoundError(2, 'The system cannot find the path specified.', None, 3)
2026-05-12 18:00:35.949 | WARNING  | HALService | [GNSS Node] Cannot open /dev/gnss_um982: could not open port '/dev/gnss_um982': FileNotFoundError(2, 'The system cannot find the path specified.', None, 3). Retrying in 5.0s...
2026-05-12 18:00:37.553 | INFO     | CommsService | Command received and published: CommandType.SET_HOME_WP
2026-05-12 18:00:37.564 | INFO     | GNCService | GNC: Home WP set: {'lat': 39.47005748539058, 'lon': -0.3733599781405985}
2026-05-12 18:00:37.641 | INFO     | ManagerService | Manager received command: CommandType.SET_HOME_WP
2026-05-12 18:00:37.641 | INFO     | ManagerService | Home WP set: {'lat': 39.47005748539058, 'lon': -0.3733599781405985}
2026-05-12 18:00:40.778 | WARNING  | HALService | [IMU Node] Cannot open /dev/serial0: could not open port '/dev/serial0': FileNotFoundError(2, 'The system cannot find the path specified.', None, 3). Retrying in 5.0s...
2026-05-12 18:00:40.956 | ERROR    | HALService | [UM982] Start failed: could not open port '/dev/gnss_um982': FileNotFoundError(2, 'The system cannot find the path specified.', None, 3)
2026-05-12 18:00:40.956 | WARNING  | HALService | [GNSS Node] Cannot open /dev/gnss_um982: could not open port '/dev/gnss_um982': FileNotFoundError(2, 'The system cannot find the path specified.', None, 3). Retrying in 5.0s...
2026-05-12 18:00:45.778 | WARNING  | HALService | [IMU Node] Cannot open /dev/serial0: could not open port '/dev/serial0': FileNotFoundError(2, 'The system cannot find the path specified.', None, 3). Retrying in 5.0s...
2026-05-12 18:00:45.966 | ERROR    | HALService | [UM982] Start failed: could not open port '/dev/gnss_um982': FileNotFoundError(2, 'The system cannot find the path specified.', None, 3)
2026-05-12 18:00:45.966 | WARNING  | HALService | [GNSS Node] Cannot open /dev/gnss_um982: could not open port '/dev/gnss_um982': FileNotFoundError(2, 'The system cannot find the path specified.', None, 3). Retrying in 5.0s...
2026-05-12 18:00:50.779 | WARNING  | HALService | [IMU Node] Cannot open /dev/serial0: could not open port '/dev/serial0': FileNotFoundError(2, 'The system cannot find the path specified.', None, 3). Retrying in 5.0s...
2026-05-12 18:00:50.976 | ERROR    | HALService | [UM982] Start failed: could not open port '/dev/gnss_um982': FileNotFoundError(2, 'The system cannot find the path specified.', None, 3)
2026-05-12 18:00:50.977 | WARNING  | HALService | [GNSS Node] Cannot open /dev/gnss_um982: could not open port '/dev/gnss_um982': FileNotFoundError(2, 'The system cannot find the path specified.', None, 3). Retrying in 5.0s...
2026-05-12 18:00:55.780 | WARNING  | HALService | [IMU Node] Cannot open /dev/serial0: could not open port '/dev/serial0': FileNotFoundError(2, 'The system cannot find the path specified.', None, 3). Retrying in 5.0s...
2026-05-12 18:00:55.985 | ERROR    | HALService | [UM982] Start failed: could not open port '/dev/gnss_um982': FileNotFoundError(2, 'The system cannot find the path specified.', None, 3)
2026-05-12 18:00:55.985 | WARNING  | HALService | [GNSS Node] Cannot open /dev/gnss_um982: could not open port '/dev/gnss_um982': FileNotFoundError(2, 'The system cannot find the path specified.', None, 3). Retrying in 5.0s...
2026-05-12 18:01:00.780 | WARNING  | HALService | [IMU Node] Cannot open /dev/serial0: could not open port '/dev/serial0': FileNotFoundError(2, 'The system cannot find the path specified.', None, 3). Retrying in 5.0s...
2026-05-12 18:01:00.996 | ERROR    | HALService | [UM982] Start failed: could not open port '/dev/gnss_um982': FileNotFoundError(2, 'The system cannot find the path specified.', None, 3)
2026-05-12 18:01:00.996 | WARNING  | HALService | [GNSS Node] Cannot open /dev/gnss_um982: could not open port '/dev/gnss_um982': FileNotFoundError(2, 'The system cannot find the path specified.', None, 3). Retrying in 5.0s...
2026-05-12 18:01:05.781 | WARNING  | HALService | [IMU Node] Cannot open /dev/serial0: could not open port '/dev/serial0': FileNotFoundError(2, 'The system cannot find the path specified.', None, 3). Retrying in 5.0s...
2026-05-12 18:01:06.005 | ERROR    | HALService | [UM982] Start failed: could not open port '/dev/gnss_um982': FileNotFoundError(2, 'The system cannot find the path specified.', None, 3)
2026-05-12 18:01:06.005 | WARNING  | HALService | [GNSS Node] Cannot open /dev/gnss_um982: could not open port '/dev/gnss_um982': FileNotFoundError(2, 'The system cannot find the path specified.', None, 3). Retrying in 5.0s...
2026-05-12 18:01:10.782 | WARNING  | HALService | [IMU Node] Cannot open /dev/serial0: could not open port '/dev/serial0': FileNotFoundError(2, 'The system cannot find the path specified.', None, 3). Retrying in 5.0s...
2026-05-12 18:01:11.013 | ERROR    | HALService | [UM982] Start failed: could not open port '/dev/gnss_um982': FileNotFoundError(2, 'The system cannot find the path specified.', None, 3)
2026-05-12 18:01:11.014 | WARNING  | HALService | [GNSS Node] Cannot open /dev/gnss_um982: could not open port '/dev/gnss_um982': FileNotFoundError(2, 'The system cannot find the path specified.', None, 3). Retrying in 5.0s...
2026-05-12 18:01:15.783 | WARNING  | HALService | [IMU Node] Cannot open /dev/serial0: could not open port '/dev/serial0': FileNotFoundError(2, 'The system cannot find the path specified.', None, 3). Retrying in 5.0s...
2026-05-12 18:01:16.022 | ERROR    | HALService | [UM982] Start failed: could not open port '/dev/gnss_um982': FileNotFoundError(2, 'The system cannot find the path specified.', None, 3)
2026-05-12 18:01:16.022 | WARNING  | HALService | [GNSS Node] Cannot open /dev/gnss_um982: could not open port '/dev/gnss_um982': FileNotFoundError(2, 'The system cannot find the path specified.', None, 3). Retrying in 5.0s...
2026-05-12 18:01:20.783 | WARNING  | HALService | [IMU Node] Cannot open /dev/serial0: could not open port '/dev/serial0': FileNotFoundError(2, 'The system cannot find the path specified.', None, 3). Retrying in 5.0s...
2026-05-12 18:01:21.030 | ERROR    | HALService | [UM982] Start failed: could not open port '/dev/gnss_um982': FileNotFoundError(2, 'The system cannot find the path specified.', None, 3)
2026-05-12 18:01:21.030 | WARNING  | HALService | [GNSS Node] Cannot open /dev/gnss_um982: could not open port '/dev/gnss_um982': FileNotFoundError(2, 'The system cannot find the path specified.', None, 3). Retrying in 5.0s...
2026-05-12 18:01:25.784 | WARNING  | HALService | [IMU Node] Cannot open /dev/serial0: could not open port '/dev/serial0': FileNotFoundError(2, 'The system cannot find the path specified.', None, 3). Retrying in 5.0s...
2026-05-12 18:01:26.039 | ERROR    | HALService | [UM982] Start failed: could not open port '/dev/gnss_um982': FileNotFoundError(2, 'The system cannot find the path specified.', None, 3)
2026-05-12 18:01:26.039 | WARNING  | HALService | [GNSS Node] Cannot open /dev/gnss_um982: could not open port '/dev/gnss_um982': FileNotFoundError(2, 'The system cannot find the path specified.', None, 3). Retrying in 5.0s...
2026-05-12 18:01:30.785 | WARNING  | HALService | [IMU Node] Cannot open /dev/serial0: could not open port '/dev/serial0': FileNotFoundError(2, 'The system cannot find the path specified.', None, 3). Retrying in 5.0s...
2026-05-12 18:01:31.050 | ERROR    | HALService | [UM982] Start failed: could not open port '/dev/gnss_um982': FileNotFoundError(2, 'The system cannot find the path specified.', None, 3)
2026-05-12 18:01:31.050 | WARNING  | HALService | [GNSS Node] Cannot open /dev/gnss_um982: could not open port '/dev/gnss_um982': FileNotFoundError(2, 'The system cannot find the path specified.', None, 3). Retrying in 5.0s...
2026-05-12 18:01:35.786 | WARNING  | HALService | [IMU Node] Cannot open /dev/serial0: could not open port '/dev/serial0': FileNotFoundError(2, 'The system cannot find the path specified.', None, 3). Retrying in 5.0s...
2026-05-12 18:01:36.058 | ERROR    | HALService | [UM982] Start failed: could not open port '/dev/gnss_um982': FileNotFoundError(2, 'The system cannot find the path specified.', None, 3)
2026-05-12 18:01:36.058 | WARNING  | HALService | [GNSS Node] Cannot open /dev/gnss_um982: could not open port '/dev/gnss_um982': FileNotFoundError(2, 'The system cannot find the path specified.', None, 3). Retrying in 5.0s...
2026-05-12 18:01:40.787 | WARNING  | HALService | [IMU Node] Cannot open /dev/serial0: could not open port '/dev/serial0': FileNotFoundError(2, 'The system cannot find the path specified.', None, 3). Retrying in 5.0s...
2026-05-12 18:01:41.067 | ERROR    | HALService | [UM982] Start failed: could not open port '/dev/gnss_um982': FileNotFoundError(2, 'The system cannot find the path specified.', None, 3)
2026-05-12 18:01:41.067 | WARNING  | HALService | [GNSS Node] Cannot open /dev/gnss_um982: could not open port '/dev/gnss_um982': FileNotFoundError(2, 'The system cannot find the path specified.', None, 3). Retrying in 5.0s...
2026-05-12 18:01:45.788 | WARNING  | HALService | [IMU Node] Cannot open /dev/serial0: could not open port '/dev/serial0': FileNotFoundError(2, 'The system cannot find the path specified.', None, 3). Retrying in 5.0s...
2026-05-12 18:01:46.074 | ERROR    | HALService | [UM982] Start failed: could not open port '/dev/gnss_um982': FileNotFoundError(2, 'The system cannot find the path specified.', None, 3)
2026-05-12 18:01:46.075 | WARNING  | HALService | [GNSS Node] Cannot open /dev/gnss_um982: could not open port '/dev/gnss_um982': FileNotFoundError(2, 'The system cannot find the path specified.', None, 3). Retrying in 5.0s...
2026-05-12 18:01:50.788 | WARNING  | HALService | [IMU Node] Cannot open /dev/serial0: could not open port '/dev/serial0': FileNotFoundError(2, 'The system cannot find the path specified.', None, 3). Retrying in 5.0s...
2026-05-12 18:01:51.082 | ERROR    | HALService | [UM982] Start failed: could not open port '/dev/gnss_um982': FileNotFoundError(2, 'The system cannot find the path specified.', None, 3)
2026-05-12 18:01:51.082 | WARNING  | HALService | [GNSS Node] Cannot open /dev/gnss_um982: could not open port '/dev/gnss_um982': FileNotFoundError(2, 'The system cannot find the path specified.', None, 3). Retrying in 5.0s...
2026-05-12 18:01:55.790 | WARNING  | HALService | [IMU Node] Cannot open /dev/serial0: could not open port '/dev/serial0': FileNotFoundError(2, 'The system cannot find the path specified.', None, 3). Retrying in 5.0s...
2026-05-12 18:01:56.091 | ERROR    | HALService | [UM982] Start failed: could not open port '/dev/gnss_um982': FileNotFoundError(2, 'The system cannot find the path specified.', None, 3)
2026-05-12 18:01:56.091 | WARNING  | HALService | [GNSS Node] Cannot open /dev/gnss_um982: could not open port '/dev/gnss_um982': FileNotFoundError(2, 'The system cannot find the path specified.', None, 3). Retrying in 5.0s...
2026-05-12 18:02:00.790 | WARNING  | HALService | [IMU Node] Cannot open /dev/serial0: could not open port '/dev/serial0': FileNotFoundError(2, 'The system cannot find the path specified.', None, 3). Retrying in 5.0s...
2026-05-12 18:02:01.099 | ERROR    | HALService | [UM982] Start failed: could not open port '/dev/gnss_um982': FileNotFoundError(2, 'The system cannot find the path specified.', None, 3)
2026-05-12 18:02:01.100 | WARNING  | HALService | [GNSS Node] Cannot open /dev/gnss_um982: could not open port '/dev/gnss_um982': FileNotFoundError(2, 'The system cannot find the path specified.', None, 3). Retrying in 5.0s...
2026-05-12 18:02:05.791 | WARNING  | HALService | [IMU Node] Cannot open /dev/serial0: could not open port '/dev/serial0': FileNotFoundError(2, 'The system cannot find the path specified.', None, 3). Retrying in 5.0s...
2026-05-12 18:02:06.109 | ERROR    | HALService | [UM982] Start failed: could not open port '/dev/gnss_um982': FileNotFoundError(2, 'The system cannot find the path specified.', None, 3)
2026-05-12 18:02:06.109 | WARNING  | HALService | [GNSS Node] Cannot open /dev/gnss_um982: could not open port '/dev/gnss_um982': FileNotFoundError(2, 'The system cannot find the path specified.', None, 3). Retrying in 5.0s...
2026-05-12 18:02:10.792 | WARNING  | HALService | [IMU Node] Cannot open /dev/serial0: could not open port '/dev/serial0': FileNotFoundError(2, 'The system cannot find the path specified.', None, 3). Retrying in 5.0s...
2026-05-12 18:02:11.118 | ERROR    | HALService | [UM982] Start failed: could not open port '/dev/gnss_um982': FileNotFoundError(2, 'The system cannot find the path specified.', None, 3)
2026-05-12 18:02:11.118 | WARNING  | HALService | [GNSS Node] Cannot open /dev/gnss_um982: could not open port '/dev/gnss_um982': FileNotFoundError(2, 'The system cannot find the path specified.', None, 3). Retrying in 5.0s...
2026-05-12 18:02:15.792 | WARNING  | HALService | [IMU Node] Cannot open /dev/serial0: could not open port '/dev/serial0': FileNotFoundError(2, 'The system cannot find the path specified.', None, 3). Retrying in 5.0s...
2026-05-12 18:02:16.128 | ERROR    | HALService | [UM982] Start failed: could not open port '/dev/gnss_um982': FileNotFoundError(2, 'The system cannot find the path specified.', None, 3)
2026-05-12 18:02:16.128 | WARNING  | HALService | [GNSS Node] Cannot open /dev/gnss_um982: could not open port '/dev/gnss_um982': FileNotFoundError(2, 'The system cannot find the path specified.', None, 3). Retrying in 5.0s...
2026-05-12 18:02:20.793 | WARNING  | HALService | [IMU Node] Cannot open /dev/serial0: could not open port '/dev/serial0': FileNotFoundError(2, 'The system cannot find the path specified.', None, 3). Retrying in 5.0s...
2026-05-12 18:02:21.137 | ERROR    | HALService | [UM982] Start failed: could not open port '/dev/gnss_um982': FileNotFoundError(2, 'The system cannot find the path specified.', None, 3)
2026-05-12 18:02:21.137 | WARNING  | HALService | [GNSS Node] Cannot open /dev/gnss_um982: could not open port '/dev/gnss_um982': FileNotFoundError(2, 'The system cannot find the path specified.', None, 3). Retrying in 5.0s...
2026-05-12 18:02:25.793 | WARNING  | HALService | [IMU Node] Cannot open /dev/serial0: could not open port '/dev/serial0': FileNotFoundError(2, 'The system cannot find the path specified.', None, 3). Retrying in 5.0s...
2026-05-12 18:02:26.144 | ERROR    | HALService | [UM982] Start failed: could not open port '/dev/gnss_um982': FileNotFoundError(2, 'The system cannot find the path specified.', None, 3)
2026-05-12 18:02:26.145 | WARNING  | HALService | [GNSS Node] Cannot open /dev/gnss_um982: could not open port '/dev/gnss_um982': FileNotFoundError(2, 'The system cannot find the path specified.', None, 3). Retrying in 5.0s...
2026-05-12 18:02:30.794 | WARNING  | HALService | [IMU Node] Cannot open /dev/serial0: could not open port '/dev/serial0': FileNotFoundError(2, 'The system cannot find the path specified.', None, 3). Retrying in 5.0s...
2026-05-12 18:02:31.153 | ERROR    | HALService | [UM982] Start failed: could not open port '/dev/gnss_um982': FileNotFoundError(2, 'The system cannot find the path specified.', None, 3)
2026-05-12 18:02:31.153 | WARNING  | HALService | [GNSS Node] Cannot open /dev/gnss_um982: could not open port '/dev/gnss_um982': FileNotFoundError(2, 'The system cannot find the path specified.', None, 3). Retrying in 5.0s...
2026-05-12 18:02:35.795 | WARNING  | HALService | [IMU Node] Cannot open /dev/serial0: could not open port '/dev/serial0': FileNotFoundError(2, 'The system cannot find the path specified.', None, 3). Retrying in 5.0s...
2026-05-12 18:02:36.163 | ERROR    | HALService | [UM982] Start failed: could not open port '/dev/gnss_um982': FileNotFoundError(2, 'The system cannot find the path specified.', None, 3)
2026-05-12 18:02:36.163 | WARNING  | HALService | [GNSS Node] Cannot open /dev/gnss_um982: could not open port '/dev/gnss_um982': FileNotFoundError(2, 'The system cannot find the path specified.', None, 3). Retrying in 5.0s...
2026-05-12 18:02:40.795 | WARNING  | HALService | [IMU Node] Cannot open /dev/serial0: could not open port '/dev/serial0': FileNotFoundError(2, 'The system cannot find the path specified.', None, 3). Retrying in 5.0s...
2026-05-12 18:02:41.171 | ERROR    | HALService | [UM982] Start failed: could not open port '/dev/gnss_um982': FileNotFoundError(2, 'The system cannot find the path specified.', None, 3)
2026-05-12 18:02:41.171 | WARNING  | HALService | [GNSS Node] Cannot open /dev/gnss_um982: could not open port '/dev/gnss_um982': FileNotFoundError(2, 'The system cannot find the path specified.', None, 3). Retrying in 5.0s...
2026-05-12 18:02:45.796 | WARNING  | HALService | [IMU Node] Cannot open /dev/serial0: could not open port '/dev/serial0': FileNotFoundError(2, 'The system cannot find the path specified.', None, 3). Retrying in 5.0s...
2026-05-12 18:02:46.181 | ERROR    | HALService | [UM982] Start failed: could not open port '/dev/gnss_um982': FileNotFoundError(2, 'The system cannot find the path specified.', None, 3)
2026-05-12 18:02:46.181 | WARNING  | HALService | [GNSS Node] Cannot open /dev/gnss_um982: could not open port '/dev/gnss_um982': FileNotFoundError(2, 'The system cannot find the path specified.', None, 3). Retrying in 5.0s...
2026-05-12 18:02:50.797 | WARNING  | HALService | [IMU Node] Cannot open /dev/serial0: could not open port '/dev/serial0': FileNotFoundError(2, 'The system cannot find the path specified.', None, 3). Retrying in 5.0s...
2026-05-12 18:02:51.190 | ERROR    | HALService | [UM982] Start failed: could not open port '/dev/gnss_um982': FileNotFoundError(2, 'The system cannot find the path specified.', None, 3)
2026-05-12 18:02:51.190 | WARNING  | HALService | [GNSS Node] Cannot open /dev/gnss_um982: could not open port '/dev/gnss_um982': FileNotFoundError(2, 'The system cannot find the path specified.', None, 3). Retrying in 5.0s...
2026-05-12 18:02:55.797 | WARNING  | HALService | [IMU Node] Cannot open /dev/serial0: could not open port '/dev/serial0': FileNotFoundError(2, 'The system cannot find the path specified.', None, 3). Retrying in 5.0s...
2026-05-12 18:02:56.200 | ERROR    | HALService | [UM982] Start failed: could not open port '/dev/gnss_um982': FileNotFoundError(2, 'The system cannot find the path specified.', None, 3)
2026-05-12 18:02:56.200 | WARNING  | HALService | [GNSS Node] Cannot open /dev/gnss_um982: could not open port '/dev/gnss_um982': FileNotFoundError(2, 'The system cannot find the path specified.', None, 3). Retrying in 5.0s...
2026-05-12 18:03:00.798 | WARNING  | HALService | [IMU Node] Cannot open /dev/serial0: could not open port '/dev/serial0': FileNotFoundError(2, 'The system cannot find the path specified.', None, 3). Retrying in 5.0s...
2026-05-12 18:03:01.209 | ERROR    | HALService | [UM982] Start failed: could not open port '/dev/gnss_um982': FileNotFoundError(2, 'The system cannot find the path specified.', None, 3)
2026-05-12 18:03:01.209 | WARNING  | HALService | [GNSS Node] Cannot open /dev/gnss_um982: could not open port '/dev/gnss_um982': FileNotFoundError(2, 'The system cannot find the path specified.', None, 3). Retrying in 5.0s...
2026-05-12 18:03:05.799 | WARNING  | HALService | [IMU Node] Cannot open /dev/serial0: could not open port '/dev/serial0': FileNotFoundError(2, 'The system cannot find the path specified.', None, 3). Retrying in 5.0s...
2026-05-12 18:03:06.218 | ERROR    | HALService | [UM982] Start failed: could not open port '/dev/gnss_um982': FileNotFoundError(2, 'The system cannot find the path specified.', None, 3)
2026-05-12 18:03:06.218 | WARNING  | HALService | [GNSS Node] Cannot open /dev/gnss_um982: could not open port '/dev/gnss_um982': FileNotFoundError(2, 'The system cannot find the path specified.', None, 3). Retrying in 5.0s...
2026-05-12 18:03:10.800 | WARNING  | HALService | [IMU Node] Cannot open /dev/serial0: could not open port '/dev/serial0': FileNotFoundError(2, 'The system cannot find the path specified.', None, 3). Retrying in 5.0s...
2026-05-12 18:03:11.228 | ERROR    | HALService | [UM982] Start failed: could not open port '/dev/gnss_um982': FileNotFoundError(2, 'The system cannot find the path specified.', None, 3)
2026-05-12 18:03:11.228 | WARNING  | HALService | [GNSS Node] Cannot open /dev/gnss_um982: could not open port '/dev/gnss_um982': FileNotFoundError(2, 'The system cannot find the path specified.', None, 3). Retrying in 5.0s...
2026-05-12 18:03:15.800 | WARNING  | HALService | [IMU Node] Cannot open /dev/serial0: could not open port '/dev/serial0': FileNotFoundError(2, 'The system cannot find the path specified.', None, 3). Retrying in 5.0s...
2026-05-12 18:03:16.238 | ERROR    | HALService | [UM982] Start failed: could not open port '/dev/gnss_um982': FileNotFoundError(2, 'The system cannot find the path specified.', None, 3)
2026-05-12 18:03:16.238 | WARNING  | HALService | [GNSS Node] Cannot open /dev/gnss_um982: could not open port '/dev/gnss_um982': FileNotFoundError(2, 'The system cannot find the path specified.', None, 3). Retrying in 5.0s...
2026-05-12 18:03:20.801 | WARNING  | HALService | [IMU Node] Cannot open /dev/serial0: could not open port '/dev/serial0': FileNotFoundError(2, 'The system cannot find the path specified.', None, 3). Retrying in 5.0s...
2026-05-12 18:03:21.247 | ERROR    | HALService | [UM982] Start failed: could not open port '/dev/gnss_um982': FileNotFoundError(2, 'The system cannot find the path specified.', None, 3)
2026-05-12 18:03:21.247 | WARNING  | HALService | [GNSS Node] Cannot open /dev/gnss_um982: could not open port '/dev/gnss_um982': FileNotFoundError(2, 'The system cannot find the path specified.', None, 3). Retrying in 5.0s...
2026-05-12 18:03:25.802 | WARNING  | HALService | [IMU Node] Cannot open /dev/serial0: could not open port '/dev/serial0': FileNotFoundError(2, 'The system cannot find the path specified.', None, 3). Retrying in 5.0s...
2026-05-12 18:03:26.256 | ERROR    | HALService | [UM982] Start failed: could not open port '/dev/gnss_um982': FileNotFoundError(2, 'The system cannot find the path specified.', None, 3)
2026-05-12 18:03:26.256 | WARNING  | HALService | [GNSS Node] Cannot open /dev/gnss_um982: could not open port '/dev/gnss_um982': FileNotFoundError(2, 'The system cannot find the path specified.', None, 3). Retrying in 5.0s...
2026-05-12 18:03:30.803 | WARNING  | HALService | [IMU Node] Cannot open /dev/serial0: could not open port '/dev/serial0': FileNotFoundError(2, 'The system cannot find the path specified.', None, 3). Retrying in 5.0s...
2026-05-12 18:03:31.265 | ERROR    | HALService | [UM982] Start failed: could not open port '/dev/gnss_um982': FileNotFoundError(2, 'The system cannot find the path specified.', None, 3)
2026-05-12 18:03:31.265 | WARNING  | HALService | [GNSS Node] Cannot open /dev/gnss_um982: could not open port '/dev/gnss_um982': FileNotFoundError(2, 'The system cannot find the path specified.', None, 3). Retrying in 5.0s...
2026-05-12 18:03:35.804 | WARNING  | HALService | [IMU Node] Cannot open /dev/serial0: could not open port '/dev/serial0': FileNotFoundError(2, 'The system cannot find the path specified.', None, 3). Retrying in 5.0s...
2026-05-12 18:03:36.274 | ERROR    | HALService | [UM982] Start failed: could not open port '/dev/gnss_um982': FileNotFoundError(2, 'The system cannot find the path specified.', None, 3)
2026-05-12 18:03:36.274 | WARNING  | HALService | [GNSS Node] Cannot open /dev/gnss_um982: could not open port '/dev/gnss_um982': FileNotFoundError(2, 'The system cannot find the path specified.', None, 3). Retrying in 5.0s...
2026-05-12 18:03:40.804 | WARNING  | HALService | [IMU Node] Cannot open /dev/serial0: could not open port '/dev/serial0': FileNotFoundError(2, 'The system cannot find the path specified.', None, 3). Retrying in 5.0s...
2026-05-12 18:03:41.284 | ERROR    | HALService | [UM982] Start failed: could not open port '/dev/gnss_um982': FileNotFoundError(2, 'The system cannot find the path specified.', None, 3)
2026-05-12 18:03:41.284 | WARNING  | HALService | [GNSS Node] Cannot open /dev/gnss_um982: could not open port '/dev/gnss_um982': FileNotFoundError(2, 'The system cannot find the path specified.', None, 3). Retrying in 5.0s...
2026-05-12 18:03:45.805 | WARNING  | HALService | [IMU Node] Cannot open /dev/serial0: could not open port '/dev/serial0': FileNotFoundError(2, 'The system cannot find the path specified.', None, 3). Retrying in 5.0s...
2026-05-12 18:03:46.292 | ERROR    | HALService | [UM982] Start failed: could not open port '/dev/gnss_um982': FileNotFoundError(2, 'The system cannot find the path specified.', None, 3)
2026-05-12 18:03:46.292 | WARNING  | HALService | [GNSS Node] Cannot open /dev/gnss_um982: could not open port '/dev/gnss_um982': FileNotFoundError(2, 'The system cannot find the path specified.', None, 3). Retrying in 5.0s...
2026-05-12 18:03:50.806 | WARNING  | HALService | [IMU Node] Cannot open /dev/serial0: could not open port '/dev/serial0': FileNotFoundError(2, 'The system cannot find the path specified.', None, 3). Retrying in 5.0s...
2026-05-12 18:03:51.300 | ERROR    | HALService | [UM982] Start failed: could not open port '/dev/gnss_um982': FileNotFoundError(2, 'The system cannot find the path specified.', None, 3)
2026-05-12 18:03:51.301 | WARNING  | HALService | [GNSS Node] Cannot open /dev/gnss_um982: could not open port '/dev/gnss_um982': FileNotFoundError(2, 'The system cannot find the path specified.', None, 3). Retrying in 5.0s...
2026-05-12 18:03:55.807 | WARNING  | HALService | [IMU Node] Cannot open /dev/serial0: could not open port '/dev/serial0': FileNotFoundError(2, 'The system cannot find the path specified.', None, 3). Retrying in 5.0s...
2026-05-12 18:03:56.307 | ERROR    | HALService | [UM982] Start failed: could not open port '/dev/gnss_um982': FileNotFoundError(2, 'The system cannot find the path specified.', None, 3)
2026-05-12 18:03:56.307 | WARNING  | HALService | [GNSS Node] Cannot open /dev/gnss_um982: could not open port '/dev/gnss_um982': FileNotFoundError(2, 'The system cannot find the path specified.', None, 3). Retrying in 5.0s...
2026-05-12 18:04:00.808 | WARNING  | HALService | [IMU Node] Cannot open /dev/serial0: could not open port '/dev/serial0': FileNotFoundError(2, 'The system cannot find the path specified.', None, 3). Retrying in 5.0s...
2026-05-12 18:04:01.316 | ERROR    | HALService | [UM982] Start failed: could not open port '/dev/gnss_um982': FileNotFoundError(2, 'The system cannot find the path specified.', None, 3)
2026-05-12 18:04:01.316 | WARNING  | HALService | [GNSS Node] Cannot open /dev/gnss_um982: could not open port '/dev/gnss_um982': FileNotFoundError(2, 'The system cannot find the path specified.', None, 3). Retrying in 5.0s...
2026-05-12 18:04:05.809 | WARNING  | HALService | [IMU Node] Cannot open /dev/serial0: could not open port '/dev/serial0': FileNotFoundError(2, 'The system cannot find the path specified.', None, 3). Retrying in 5.0s...
2026-05-12 18:04:06.326 | ERROR    | HALService | [UM982] Start failed: could not open port '/dev/gnss_um982': FileNotFoundError(2, 'The system cannot find the path specified.', None, 3)
2026-05-12 18:04:06.326 | WARNING  | HALService | [GNSS Node] Cannot open /dev/gnss_um982: could not open port '/dev/gnss_um982': FileNotFoundError(2, 'The system cannot find the path specified.', None, 3). Retrying in 5.0s...
2026-05-12 18:04:10.810 | WARNING  | HALService | [IMU Node] Cannot open /dev/serial0: could not open port '/dev/serial0': FileNotFoundError(2, 'The system cannot find the path specified.', None, 3). Retrying in 5.0s...
2026-05-12 18:04:11.336 | ERROR    | HALService | [UM982] Start failed: could not open port '/dev/gnss_um982': FileNotFoundError(2, 'The system cannot find the path specified.', None, 3)
2026-05-12 18:04:11.336 | WARNING  | HALService | [GNSS Node] Cannot open /dev/gnss_um982: could not open port '/dev/gnss_um982': FileNotFoundError(2, 'The system cannot find the path specified.', None, 3). Retrying in 5.0s...
2026-05-12 18:04:15.811 | WARNING  | HALService | [IMU Node] Cannot open /dev/serial0: could not open port '/dev/serial0': FileNotFoundError(2, 'The system cannot find the path specified.', None, 3). Retrying in 5.0s...
2026-05-12 18:04:16.344 | ERROR    | HALService | [UM982] Start failed: could not open port '/dev/gnss_um982': FileNotFoundError(2, 'The system cannot find the path specified.', None, 3)
2026-05-12 18:04:16.344 | WARNING  | HALService | [GNSS Node] Cannot open /dev/gnss_um982: could not open port '/dev/gnss_um982': FileNotFoundError(2, 'The system cannot find the path specified.', None, 3). Retrying in 5.0s...
2026-05-12 18:04:20.812 | WARNING  | HALService | [IMU Node] Cannot open /dev/serial0: could not open port '/dev/serial0': FileNotFoundError(2, 'The system cannot find the path specified.', None, 3). Retrying in 5.0s...
2026-05-12 18:04:21.355 | ERROR    | HALService | [UM982] Start failed: could not open port '/dev/gnss_um982': FileNotFoundError(2, 'The system cannot find the path specified.', None, 3)
2026-05-12 18:04:21.355 | WARNING  | HALService | [GNSS Node] Cannot open /dev/gnss_um982: could not open port '/dev/gnss_um982': FileNotFoundError(2, 'The system cannot find the path specified.', None, 3). Retrying in 5.0s...
2026-05-12 18:04:25.812 | WARNING  | HALService | [IMU Node] Cannot open /dev/serial0: could not open port '/dev/serial0': FileNotFoundError(2, 'The system cannot find the path specified.', None, 3). Retrying in 5.0s...
2026-05-12 18:04:26.364 | ERROR    | HALService | [UM982] Start failed: could not open port '/dev/gnss_um982': FileNotFoundError(2, 'The system cannot find the path specified.', None, 3)
2026-05-12 18:04:26.364 | WARNING  | HALService | [GNSS Node] Cannot open /dev/gnss_um982: could not open port '/dev/gnss_um982': FileNotFoundError(2, 'The system cannot find the path specified.', None, 3). Retrying in 5.0s...
2026-05-12 18:04:30.813 | WARNING  | HALService | [IMU Node] Cannot open /dev/serial0: could not open port '/dev/serial0': FileNotFoundError(2, 'The system cannot find the path specified.', None, 3). Retrying in 5.0s...
2026-05-12 18:04:31.374 | ERROR    | HALService | [UM982] Start failed: could not open port '/dev/gnss_um982': FileNotFoundError(2, 'The system cannot find the path specified.', None, 3)
2026-05-12 18:04:31.374 | WARNING  | HALService | [GNSS Node] Cannot open /dev/gnss_um982: could not open port '/dev/gnss_um982': FileNotFoundError(2, 'The system cannot find the path specified.', None, 3). Retrying in 5.0s...
2026-05-12 18:04:35.814 | WARNING  | HALService | [IMU Node] Cannot open /dev/serial0: could not open port '/dev/serial0': FileNotFoundError(2, 'The system cannot find the path specified.', None, 3). Retrying in 5.0s...
2026-05-12 18:04:36.384 | ERROR    | HALService | [UM982] Start failed: could not open port '/dev/gnss_um982': FileNotFoundError(2, 'The system cannot find the path specified.', None, 3)
2026-05-12 18:04:36.384 | WARNING  | HALService | [GNSS Node] Cannot open /dev/gnss_um982: could not open port '/dev/gnss_um982': FileNotFoundError(2, 'The system cannot find the path specified.', None, 3). Retrying in 5.0s...
2026-05-12 18:04:40.815 | WARNING  | HALService | [IMU Node] Cannot open /dev/serial0: could not open port '/dev/serial0': FileNotFoundError(2, 'The system cannot find the path specified.', None, 3). Retrying in 5.0s...
2026-05-12 18:04:41.392 | ERROR    | HALService | [UM982] Start failed: could not open port '/dev/gnss_um982': FileNotFoundError(2, 'The system cannot find the path specified.', None, 3)
2026-05-12 18:04:41.392 | WARNING  | HALService | [GNSS Node] Cannot open /dev/gnss_um982: could not open port '/dev/gnss_um982': FileNotFoundError(2, 'The system cannot find the path specified.', None, 3). Retrying in 5.0s...
2026-05-12 18:04:45.815 | WARNING  | HALService | [IMU Node] Cannot open /dev/serial0: could not open port '/dev/serial0': FileNotFoundError(2, 'The system cannot find the path specified.', None, 3). Retrying in 5.0s...
2026-05-12 18:04:46.401 | ERROR    | HALService | [UM982] Start failed: could not open port '/dev/gnss_um982': FileNotFoundError(2, 'The system cannot find the path specified.', None, 3)
2026-05-12 18:04:46.401 | WARNING  | HALService | [GNSS Node] Cannot open /dev/gnss_um982: could not open port '/dev/gnss_um982': FileNotFoundError(2, 'The system cannot find the path specified.', None, 3). Retrying in 5.0s...
2026-05-12 18:04:50.816 | WARNING  | HALService | [IMU Node] Cannot open /dev/serial0: could not open port '/dev/serial0': FileNotFoundError(2, 'The system cannot find the path specified.', None, 3). Retrying in 5.0s...
2026-05-12 18:04:51.411 | ERROR    | HALService | [UM982] Start failed: could not open port '/dev/gnss_um982': FileNotFoundError(2, 'The system cannot find the path specified.', None, 3)
2026-05-12 18:04:51.411 | WARNING  | HALService | [GNSS Node] Cannot open /dev/gnss_um982: could not open port '/dev/gnss_um982': FileNotFoundError(2, 'The system cannot find the path specified.', None, 3). Retrying in 5.0s...
2026-05-12 18:04:55.817 | WARNING  | HALService | [IMU Node] Cannot open /dev/serial0: could not open port '/dev/serial0': FileNotFoundError(2, 'The system cannot find the path specified.', None, 3). Retrying in 5.0s...
2026-05-12 18:04:56.423 | ERROR    | HALService | [UM982] Start failed: could not open port '/dev/gnss_um982': FileNotFoundError(2, 'The system cannot find the path specified.', None, 3)
2026-05-12 18:04:56.423 | WARNING  | HALService | [GNSS Node] Cannot open /dev/gnss_um982: could not open port '/dev/gnss_um982': FileNotFoundError(2, 'The system cannot find the path specified.', None, 3). Retrying in 5.0s...
2026-05-12 18:05:00.817 | WARNING  | HALService | [IMU Node] Cannot open /dev/serial0: could not open port '/dev/serial0': FileNotFoundError(2, 'The system cannot find the path specified.', None, 3). Retrying in 5.0s...
2026-05-12 18:05:01.432 | ERROR    | HALService | [UM982] Start failed: could not open port '/dev/gnss_um982': FileNotFoundError(2, 'The system cannot find the path specified.', None, 3)
2026-05-12 18:05:01.433 | WARNING  | HALService | [GNSS Node] Cannot open /dev/gnss_um982: could not open port '/dev/gnss_um982': FileNotFoundError(2, 'The system cannot find the path specified.', None, 3). Retrying in 5.0s...
2026-05-12 18:05:05.819 | WARNING  | HALService | [IMU Node] Cannot open /dev/serial0: could not open port '/dev/serial0': FileNotFoundError(2, 'The system cannot find the path specified.', None, 3). Retrying in 5.0s...
2026-05-12 18:05:06.444 | ERROR    | HALService | [UM982] Start failed: could not open port '/dev/gnss_um982': FileNotFoundError(2, 'The system cannot find the path specified.', None, 3)
2026-05-12 18:05:06.444 | WARNING  | HALService | [GNSS Node] Cannot open /dev/gnss_um982: could not open port '/dev/gnss_um982': FileNotFoundError(2, 'The system cannot find the path specified.', None, 3). Retrying in 5.0s...
2026-05-12 18:05:10.819 | WARNING  | HALService | [IMU Node] Cannot open /dev/serial0: could not open port '/dev/serial0': FileNotFoundError(2, 'The system cannot find the path specified.', None, 3). Retrying in 5.0s...
2026-05-12 18:05:11.455 | ERROR    | HALService | [UM982] Start failed: could not open port '/dev/gnss_um982': FileNotFoundError(2, 'The system cannot find the path specified.', None, 3)
2026-05-12 18:05:11.455 | WARNING  | HALService | [GNSS Node] Cannot open /dev/gnss_um982: could not open port '/dev/gnss_um982': FileNotFoundError(2, 'The system cannot find the path specified.', None, 3). Retrying in 5.0s...
2026-05-12 18:05:15.821 | WARNING  | HALService | [IMU Node] Cannot open /dev/serial0: could not open port '/dev/serial0': FileNotFoundError(2, 'The system cannot find the path specified.', None, 3). Retrying in 5.0s...
2026-05-12 18:05:16.465 | ERROR    | HALService | [UM982] Start failed: could not open port '/dev/gnss_um982': FileNotFoundError(2, 'The system cannot find the path specified.', None, 3)
2026-05-12 18:05:16.465 | WARNING  | HALService | [GNSS Node] Cannot open /dev/gnss_um982: could not open port '/dev/gnss_um982': FileNotFoundError(2, 'The system cannot find the path specified.', None, 3). Retrying in 5.0s...
2026-05-12 18:05:20.821 | WARNING  | HALService | [IMU Node] Cannot open /dev/serial0: could not open port '/dev/serial0': FileNotFoundError(2, 'The system cannot find the path specified.', None, 3). Retrying in 5.0s...
2026-05-12 18:05:21.475 | ERROR    | HALService | [UM982] Start failed: could not open port '/dev/gnss_um982': FileNotFoundError(2, 'The system cannot find the path specified.', None, 3)
2026-05-12 18:05:21.475 | WARNING  | HALService | [GNSS Node] Cannot open /dev/gnss_um982: could not open port '/dev/gnss_um982': FileNotFoundError(2, 'The system cannot find the path specified.', None, 3). Retrying in 5.0s...
2026-05-12 18:05:25.822 | WARNING  | HALService | [IMU Node] Cannot open /dev/serial0: could not open port '/dev/serial0': FileNotFoundError(2, 'The system cannot find the path specified.', None, 3). Retrying in 5.0s...
2026-05-12 18:05:26.484 | ERROR    | HALService | [UM982] Start failed: could not open port '/dev/gnss_um982': FileNotFoundError(2, 'The system cannot find the path specified.', None, 3)
2026-05-12 18:05:26.484 | WARNING  | HALService | [GNSS Node] Cannot open /dev/gnss_um982: could not open port '/dev/gnss_um982': FileNotFoundError(2, 'The system cannot find the path specified.', None, 3). Retrying in 5.0s...
2026-05-12 18:05:30.823 | WARNING  | HALService | [IMU Node] Cannot open /dev/serial0: could not open port '/dev/serial0': FileNotFoundError(2, 'The system cannot find the path specified.', None, 3). Retrying in 5.0s...
2026-05-12 18:05:31.493 | ERROR    | HALService | [UM982] Start failed: could not open port '/dev/gnss_um982': FileNotFoundError(2, 'The system cannot find the path specified.', None, 3)
2026-05-12 18:05:31.493 | WARNING  | HALService | [GNSS Node] Cannot open /dev/gnss_um982: could not open port '/dev/gnss_um982': FileNotFoundError(2, 'The system cannot find the path specified.', None, 3). Retrying in 5.0s...
2026-05-12 18:05:35.823 | WARNING  | HALService | [IMU Node] Cannot open /dev/serial0: could not open port '/dev/serial0': FileNotFoundError(2, 'The system cannot find the path specified.', None, 3). Retrying in 5.0s...
2026-05-12 18:05:36.502 | ERROR    | HALService | [UM982] Start failed: could not open port '/dev/gnss_um982': FileNotFoundError(2, 'The system cannot find the path specified.', None, 3)
2026-05-12 18:05:36.502 | WARNING  | HALService | [GNSS Node] Cannot open /dev/gnss_um982: could not open port '/dev/gnss_um982': FileNotFoundError(2, 'The system cannot find the path specified.', None, 3). Retrying in 5.0s...
2026-05-12 18:05:40.824 | WARNING  | HALService | [IMU Node] Cannot open /dev/serial0: could not open port '/dev/serial0': FileNotFoundError(2, 'The system cannot find the path specified.', None, 3). Retrying in 5.0s...
2026-05-12 18:05:41.511 | ERROR    | HALService | [UM982] Start failed: could not open port '/dev/gnss_um982': FileNotFoundError(2, 'The system cannot find the path specified.', None, 3)
2026-05-12 18:05:41.511 | WARNING  | HALService | [GNSS Node] Cannot open /dev/gnss_um982: could not open port '/dev/gnss_um982': FileNotFoundError(2, 'The system cannot find the path specified.', None, 3). Retrying in 5.0s...
2026-05-12 18:05:45.825 | WARNING  | HALService | [IMU Node] Cannot open /dev/serial0: could not open port '/dev/serial0': FileNotFoundError(2, 'The system cannot find the path specified.', None, 3). Retrying in 5.0s...
2026-05-12 18:05:46.518 | ERROR    | HALService | [UM982] Start failed: could not open port '/dev/gnss_um982': FileNotFoundError(2, 'The system cannot find the path specified.', None, 3)
2026-05-12 18:05:46.518 | WARNING  | HALService | [GNSS Node] Cannot open /dev/gnss_um982: could not open port '/dev/gnss_um982': FileNotFoundError(2, 'The system cannot find the path specified.', None, 3). Retrying in 5.0s...
2026-05-12 18:05:50.826 | WARNING  | HALService | [IMU Node] Cannot open /dev/serial0: could not open port '/dev/serial0': FileNotFoundError(2, 'The system cannot find the path specified.', None, 3). Retrying in 5.0s...
2026-05-12 18:05:51.526 | ERROR    | HALService | [UM982] Start failed: could not open port '/dev/gnss_um982': FileNotFoundError(2, 'The system cannot find the path specified.', None, 3)
2026-05-12 18:05:51.526 | WARNING  | HALService | [GNSS Node] Cannot open /dev/gnss_um982: could not open port '/dev/gnss_um982': FileNotFoundError(2, 'The system cannot find the path specified.', None, 3). Retrying in 5.0s...
2026-05-12 18:05:55.826 | WARNING  | HALService | [IMU Node] Cannot open /dev/serial0: could not open port '/dev/serial0': FileNotFoundError(2, 'The system cannot find the path specified.', None, 3). Retrying in 5.0s...
2026-05-12 18:05:56.537 | ERROR    | HALService | [UM982] Start failed: could not open port '/dev/gnss_um982': FileNotFoundError(2, 'The system cannot find the path specified.', None, 3)
2026-05-12 18:05:56.538 | WARNING  | HALService | [GNSS Node] Cannot open /dev/gnss_um982: could not open port '/dev/gnss_um982': FileNotFoundError(2, 'The system cannot find the path specified.', None, 3). Retrying in 5.0s...
2026-05-12 18:06:00.827 | WARNING  | HALService | [IMU Node] Cannot open /dev/serial0: could not open port '/dev/serial0': FileNotFoundError(2, 'The system cannot find the path specified.', None, 3). Retrying in 5.0s...
2026-05-12 18:06:01.548 | ERROR    | HALService | [UM982] Start failed: could not open port '/dev/gnss_um982': FileNotFoundError(2, 'The system cannot find the path specified.', None, 3)
2026-05-12 18:06:01.548 | WARNING  | HALService | [GNSS Node] Cannot open /dev/gnss_um982: could not open port '/dev/gnss_um982': FileNotFoundError(2, 'The system cannot find the path specified.', None, 3). Retrying in 5.0s...
2026-05-12 18:06:05.828 | WARNING  | HALService | [IMU Node] Cannot open /dev/serial0: could not open port '/dev/serial0': FileNotFoundError(2, 'The system cannot find the path specified.', None, 3). Retrying in 5.0s...
2026-05-12 18:06:06.557 | ERROR    | HALService | [UM982] Start failed: could not open port '/dev/gnss_um982': FileNotFoundError(2, 'The system cannot find the path specified.', None, 3)
2026-05-12 18:06:06.557 | WARNING  | HALService | [GNSS Node] Cannot open /dev/gnss_um982: could not open port '/dev/gnss_um982': FileNotFoundError(2, 'The system cannot find the path specified.', None, 3). Retrying in 5.0s...
2026-05-12 18:06:10.829 | WARNING  | HALService | [IMU Node] Cannot open /dev/serial0: could not open port '/dev/serial0': FileNotFoundError(2, 'The system cannot find the path specified.', None, 3). Retrying in 5.0s...
2026-05-12 18:06:11.566 | ERROR    | HALService | [UM982] Start failed: could not open port '/dev/gnss_um982': FileNotFoundError(2, 'The system cannot find the path specified.', None, 3)
2026-05-12 18:06:11.566 | WARNING  | HALService | [GNSS Node] Cannot open /dev/gnss_um982: could not open port '/dev/gnss_um982': FileNotFoundError(2, 'The system cannot find the path specified.', None, 3). Retrying in 5.0s...
2026-05-12 18:06:15.830 | WARNING  | HALService | [IMU Node] Cannot open /dev/serial0: could not open port '/dev/serial0': FileNotFoundError(2, 'The system cannot find the path specified.', None, 3). Retrying in 5.0s...
2026-05-12 18:06:16.573 | ERROR    | HALService | [UM982] Start failed: could not open port '/dev/gnss_um982': FileNotFoundError(2, 'The system cannot find the path specified.', None, 3)
2026-05-12 18:06:16.573 | WARNING  | HALService | [GNSS Node] Cannot open /dev/gnss_um982: could not open port '/dev/gnss_um982': FileNotFoundError(2, 'The system cannot find the path specified.', None, 3). Retrying in 5.0s...
2026-05-12 18:06:20.831 | WARNING  | HALService | [IMU Node] Cannot open /dev/serial0: could not open port '/dev/serial0': FileNotFoundError(2, 'The system cannot find the path specified.', None, 3). Retrying in 5.0s...
2026-05-12 18:06:21.582 | ERROR    | HALService | [UM982] Start failed: could not open port '/dev/gnss_um982': FileNotFoundError(2, 'The system cannot find the path specified.', None, 3)
2026-05-12 18:06:21.582 | WARNING  | HALService | [GNSS Node] Cannot open /dev/gnss_um982: could not open port '/dev/gnss_um982': FileNotFoundError(2, 'The system cannot find the path specified.', None, 3). Retrying in 5.0s...
2026-05-12 18:06:25.831 | WARNING  | HALService | [IMU Node] Cannot open /dev/serial0: could not open port '/dev/serial0': FileNotFoundError(2, 'The system cannot find the path specified.', None, 3). Retrying in 5.0s...
2026-05-12 18:06:26.590 | ERROR    | HALService | [UM982] Start failed: could not open port '/dev/gnss_um982': FileNotFoundError(2, 'The system cannot find the path specified.', None, 3)
2026-05-12 18:06:26.590 | WARNING  | HALService | [GNSS Node] Cannot open /dev/gnss_um982: could not open port '/dev/gnss_um982': FileNotFoundError(2, 'The system cannot find the path specified.', None, 3). Retrying in 5.0s...
2026-05-12 18:06:30.832 | WARNING  | HALService | [IMU Node] Cannot open /dev/serial0: could not open port '/dev/serial0': FileNotFoundError(2, 'The system cannot find the path specified.', None, 3). Retrying in 5.0s...
2026-05-12 18:06:31.599 | ERROR    | HALService | [UM982] Start failed: could not open port '/dev/gnss_um982': FileNotFoundError(2, 'The system cannot find the path specified.', None, 3)
2026-05-12 18:06:31.599 | WARNING  | HALService | [GNSS Node] Cannot open /dev/gnss_um982: could not open port '/dev/gnss_um982': FileNotFoundError(2, 'The system cannot find the path specified.', None, 3). Retrying in 5.0s...
2026-05-12 18:06:35.833 | WARNING  | HALService | [IMU Node] Cannot open /dev/serial0: could not open port '/dev/serial0': FileNotFoundError(2, 'The system cannot find the path specified.', None, 3). Retrying in 5.0s...
2026-05-12 18:06:36.609 | ERROR    | HALService | [UM982] Start failed: could not open port '/dev/gnss_um982': FileNotFoundError(2, 'The system cannot find the path specified.', None, 3)
2026-05-12 18:06:36.609 | WARNING  | HALService | [GNSS Node] Cannot open /dev/gnss_um982: could not open port '/dev/gnss_um982': FileNotFoundError(2, 'The system cannot find the path specified.', None, 3). Retrying in 5.0s...
2026-05-12 18:06:40.834 | WARNING  | HALService | [IMU Node] Cannot open /dev/serial0: could not open port '/dev/serial0': FileNotFoundError(2, 'The system cannot find the path specified.', None, 3). Retrying in 5.0s...
2026-05-12 18:06:41.619 | ERROR    | HALService | [UM982] Start failed: could not open port '/dev/gnss_um982': FileNotFoundError(2, 'The system cannot find the path specified.', None, 3)
2026-05-12 18:06:41.619 | WARNING  | HALService | [GNSS Node] Cannot open /dev/gnss_um982: could not open port '/dev/gnss_um982': FileNotFoundError(2, 'The system cannot find the path specified.', None, 3). Retrying in 5.0s...
2026-05-12 18:06:45.834 | WARNING  | HALService | [IMU Node] Cannot open /dev/serial0: could not open port '/dev/serial0': FileNotFoundError(2, 'The system cannot find the path specified.', None, 3). Retrying in 5.0s...
2026-05-12 18:06:46.629 | ERROR    | HALService | [UM982] Start failed: could not open port '/dev/gnss_um982': FileNotFoundError(2, 'The system cannot find the path specified.', None, 3)
2026-05-12 18:06:46.629 | WARNING  | HALService | [GNSS Node] Cannot open /dev/gnss_um982: could not open port '/dev/gnss_um982': FileNotFoundError(2, 'The system cannot find the path specified.', None, 3). Retrying in 5.0s...
2026-05-12 18:06:50.835 | WARNING  | HALService | [IMU Node] Cannot open /dev/serial0: could not open port '/dev/serial0': FileNotFoundError(2, 'The system cannot find the path specified.', None, 3). Retrying in 5.0s...
2026-05-12 18:06:51.640 | ERROR    | HALService | [UM982] Start failed: could not open port '/dev/gnss_um982': FileNotFoundError(2, 'The system cannot find the path specified.', None, 3)
2026-05-12 18:06:51.640 | WARNING  | HALService | [GNSS Node] Cannot open /dev/gnss_um982: could not open port '/dev/gnss_um982': FileNotFoundError(2, 'The system cannot find the path specified.', None, 3). Retrying in 5.0s...
2026-05-12 18:06:55.835 | WARNING  | HALService | [IMU Node] Cannot open /dev/serial0: could not open port '/dev/serial0': FileNotFoundError(2, 'The system cannot find the path specified.', None, 3). Retrying in 5.0s...
2026-05-12 18:06:56.650 | ERROR    | HALService | [UM982] Start failed: could not open port '/dev/gnss_um982': FileNotFoundError(2, 'The system cannot find the path specified.', None, 3)
2026-05-12 18:06:56.650 | WARNING  | HALService | [GNSS Node] Cannot open /dev/gnss_um982: could not open port '/dev/gnss_um982': FileNotFoundError(2, 'The system cannot find the path specified.', None, 3). Retrying in 5.0s...
2026-05-12 18:07:00.836 | WARNING  | HALService | [IMU Node] Cannot open /dev/serial0: could not open port '/dev/serial0': FileNotFoundError(2, 'The system cannot find the path specified.', None, 3). Retrying in 5.0s...
2026-05-12 18:07:01.660 | ERROR    | HALService | [UM982] Start failed: could not open port '/dev/gnss_um982': FileNotFoundError(2, 'The system cannot find the path specified.', None, 3)
2026-05-12 18:07:01.660 | WARNING  | HALService | [GNSS Node] Cannot open /dev/gnss_um982: could not open port '/dev/gnss_um982': FileNotFoundError(2, 'The system cannot find the path specified.', None, 3). Retrying in 5.0s...
2026-05-12 18:07:05.837 | WARNING  | HALService | [IMU Node] Cannot open /dev/serial0: could not open port '/dev/serial0': FileNotFoundError(2, 'The system cannot find the path specified.', None, 3). Retrying in 5.0s...
2026-05-12 18:07:06.668 | ERROR    | HALService | [UM982] Start failed: could not open port '/dev/gnss_um982': FileNotFoundError(2, 'The system cannot find the path specified.', None, 3)
2026-05-12 18:07:06.668 | WARNING  | HALService | [GNSS Node] Cannot open /dev/gnss_um982: could not open port '/dev/gnss_um982': FileNotFoundError(2, 'The system cannot find the path specified.', None, 3). Retrying in 5.0s...
2026-05-12 18:07:10.838 | WARNING  | HALService | [IMU Node] Cannot open /dev/serial0: could not open port '/dev/serial0': FileNotFoundError(2, 'The system cannot find the path specified.', None, 3). Retrying in 5.0s...
2026-05-12 18:07:11.677 | ERROR    | HALService | [UM982] Start failed: could not open port '/dev/gnss_um982': FileNotFoundError(2, 'The system cannot find the path specified.', None, 3)
2026-05-12 18:07:11.677 | WARNING  | HALService | [GNSS Node] Cannot open /dev/gnss_um982: could not open port '/dev/gnss_um982': FileNotFoundError(2, 'The system cannot find the path specified.', None, 3). Retrying in 5.0s...
2026-05-12 18:07:15.838 | WARNING  | HALService | [IMU Node] Cannot open /dev/serial0: could not open port '/dev/serial0': FileNotFoundError(2, 'The system cannot find the path specified.', None, 3). Retrying in 5.0s...
2026-05-12 18:07:16.686 | ERROR    | HALService | [UM982] Start failed: could not open port '/dev/gnss_um982': FileNotFoundError(2, 'The system cannot find the path specified.', None, 3)
2026-05-12 18:07:16.686 | WARNING  | HALService | [GNSS Node] Cannot open /dev/gnss_um982: could not open port '/dev/gnss_um982': FileNotFoundError(2, 'The system cannot find the path specified.', None, 3). Retrying in 5.0s...
2026-05-12 18:07:20.839 | WARNING  | HALService | [IMU Node] Cannot open /dev/serial0: could not open port '/dev/serial0': FileNotFoundError(2, 'The system cannot find the path specified.', None, 3). Retrying in 5.0s...
2026-05-12 18:07:21.696 | ERROR    | HALService | [UM982] Start failed: could not open port '/dev/gnss_um982': FileNotFoundError(2, 'The system cannot find the path specified.', None, 3)
2026-05-12 18:07:21.696 | WARNING  | HALService | [GNSS Node] Cannot open /dev/gnss_um982: could not open port '/dev/gnss_um982': FileNotFoundError(2, 'The system cannot find the path specified.', None, 3). Retrying in 5.0s...
2026-05-12 18:07:25.840 | WARNING  | HALService | [IMU Node] Cannot open /dev/serial0: could not open port '/dev/serial0': FileNotFoundError(2, 'The system cannot find the path specified.', None, 3). Retrying in 5.0s...
2026-05-12 18:07:26.706 | ERROR    | HALService | [UM982] Start failed: could not open port '/dev/gnss_um982': FileNotFoundError(2, 'The system cannot find the path specified.', None, 3)
2026-05-12 18:07:26.707 | WARNING  | HALService | [GNSS Node] Cannot open /dev/gnss_um982: could not open port '/dev/gnss_um982': FileNotFoundError(2, 'The system cannot find the path specified.', None, 3). Retrying in 5.0s...
2026-05-12 18:07:30.841 | WARNING  | HALService | [IMU Node] Cannot open /dev/serial0: could not open port '/dev/serial0': FileNotFoundError(2, 'The system cannot find the path specified.', None, 3). Retrying in 5.0s...
2026-05-12 18:07:31.718 | ERROR    | HALService | [UM982] Start failed: could not open port '/dev/gnss_um982': FileNotFoundError(2, 'The system cannot find the path specified.', None, 3)
2026-05-12 18:07:31.718 | WARNING  | HALService | [GNSS Node] Cannot open /dev/gnss_um982: could not open port '/dev/gnss_um982': FileNotFoundError(2, 'The system cannot find the path specified.', None, 3). Retrying in 5.0s...
2026-05-12 18:07:35.842 | WARNING  | HALService | [IMU Node] Cannot open /dev/serial0: could not open port '/dev/serial0': FileNotFoundError(2, 'The system cannot find the path specified.', None, 3). Retrying in 5.0s...
2026-05-12 18:07:36.727 | ERROR    | HALService | [UM982] Start failed: could not open port '/dev/gnss_um982': FileNotFoundError(2, 'The system cannot find the path specified.', None, 3)
2026-05-12 18:07:36.727 | WARNING  | HALService | [GNSS Node] Cannot open /dev/gnss_um982: could not open port '/dev/gnss_um982': FileNotFoundError(2, 'The system cannot find the path specified.', None, 3). Retrying in 5.0s...
2026-05-12 18:07:40.842 | WARNING  | HALService | [IMU Node] Cannot open /dev/serial0: could not open port '/dev/serial0': FileNotFoundError(2, 'The system cannot find the path specified.', None, 3). Retrying in 5.0s...
2026-05-12 18:07:41.736 | ERROR    | HALService | [UM982] Start failed: could not open port '/dev/gnss_um982': FileNotFoundError(2, 'The system cannot find the path specified.', None, 3)
2026-05-12 18:07:41.736 | WARNING  | HALService | [GNSS Node] Cannot open /dev/gnss_um982: could not open port '/dev/gnss_um982': FileNotFoundError(2, 'The system cannot find the path specified.', None, 3). Retrying in 5.0s...
2026-05-12 18:07:45.843 | WARNING  | HALService | [IMU Node] Cannot open /dev/serial0: could not open port '/dev/serial0': FileNotFoundError(2, 'The system cannot find the path specified.', None, 3). Retrying in 5.0s...
2026-05-12 18:07:46.746 | ERROR    | HALService | [UM982] Start failed: could not open port '/dev/gnss_um982': FileNotFoundError(2, 'The system cannot find the path specified.', None, 3)
2026-05-12 18:07:46.747 | WARNING  | HALService | [GNSS Node] Cannot open /dev/gnss_um982: could not open port '/dev/gnss_um982': FileNotFoundError(2, 'The system cannot find the path specified.', None, 3). Retrying in 5.0s...
2026-05-12 18:07:50.843 | WARNING  | HALService | [IMU Node] Cannot open /dev/serial0: could not open port '/dev/serial0': FileNotFoundError(2, 'The system cannot find the path specified.', None, 3). Retrying in 5.0s...
2026-05-12 18:07:51.755 | ERROR    | HALService | [UM982] Start failed: could not open port '/dev/gnss_um982': FileNotFoundError(2, 'The system cannot find the path specified.', None, 3)
2026-05-12 18:07:51.755 | WARNING  | HALService | [GNSS Node] Cannot open /dev/gnss_um982: could not open port '/dev/gnss_um982': FileNotFoundError(2, 'The system cannot find the path specified.', None, 3). Retrying in 5.0s...
2026-05-12 18:07:55.844 | WARNING  | HALService | [IMU Node] Cannot open /dev/serial0: could not open port '/dev/serial0': FileNotFoundError(2, 'The system cannot find the path specified.', None, 3). Retrying in 5.0s...
2026-05-12 18:07:56.764 | ERROR    | HALService | [UM982] Start failed: could not open port '/dev/gnss_um982': FileNotFoundError(2, 'The system cannot find the path specified.', None, 3)
2026-05-12 18:07:56.764 | WARNING  | HALService | [GNSS Node] Cannot open /dev/gnss_um982: could not open port '/dev/gnss_um982': FileNotFoundError(2, 'The system cannot find the path specified.', None, 3). Retrying in 5.0s...
2026-05-12 18:08:00.845 | WARNING  | HALService | [IMU Node] Cannot open /dev/serial0: could not open port '/dev/serial0': FileNotFoundError(2, 'The system cannot find the path specified.', None, 3). Retrying in 5.0s...
2026-05-12 18:08:01.775 | ERROR    | HALService | [UM982] Start failed: could not open port '/dev/gnss_um982': FileNotFoundError(2, 'The system cannot find the path specified.', None, 3)
2026-05-12 18:08:01.775 | WARNING  | HALService | [GNSS Node] Cannot open /dev/gnss_um982: could not open port '/dev/gnss_um982': FileNotFoundError(2, 'The system cannot find the path specified.', None, 3). Retrying in 5.0s...
2026-05-12 18:08:05.845 | WARNING  | HALService | [IMU Node] Cannot open /dev/serial0: could not open port '/dev/serial0': FileNotFoundError(2, 'The system cannot find the path specified.', None, 3). Retrying in 5.0s...
2026-05-12 18:08:06.785 | ERROR    | HALService | [UM982] Start failed: could not open port '/dev/gnss_um982': FileNotFoundError(2, 'The system cannot find the path specified.', None, 3)
2026-05-12 18:08:06.786 | WARNING  | HALService | [GNSS Node] Cannot open /dev/gnss_um982: could not open port '/dev/gnss_um982': FileNotFoundError(2, 'The system cannot find the path specified.', None, 3). Retrying in 5.0s...
2026-05-12 18:08:10.846 | WARNING  | HALService | [IMU Node] Cannot open /dev/serial0: could not open port '/dev/serial0': FileNotFoundError(2, 'The system cannot find the path specified.', None, 3). Retrying in 5.0s...
2026-05-12 18:08:11.794 | ERROR    | HALService | [UM982] Start failed: could not open port '/dev/gnss_um982': FileNotFoundError(2, 'The system cannot find the path specified.', None, 3)
2026-05-12 18:08:11.794 | WARNING  | HALService | [GNSS Node] Cannot open /dev/gnss_um982: could not open port '/dev/gnss_um982': FileNotFoundError(2, 'The system cannot find the path specified.', None, 3). Retrying in 5.0s...
2026-05-12 18:08:15.846 | WARNING  | HALService | [IMU Node] Cannot open /dev/serial0: could not open port '/dev/serial0': FileNotFoundError(2, 'The system cannot find the path specified.', None, 3). Retrying in 5.0s...
2026-05-12 18:08:16.803 | ERROR    | HALService | [UM982] Start failed: could not open port '/dev/gnss_um982': FileNotFoundError(2, 'The system cannot find the path specified.', None, 3)
2026-05-12 18:08:16.803 | WARNING  | HALService | [GNSS Node] Cannot open /dev/gnss_um982: could not open port '/dev/gnss_um982': FileNotFoundError(2, 'The system cannot find the path specified.', None, 3). Retrying in 5.0s...
2026-05-12 18:08:20.847 | WARNING  | HALService | [IMU Node] Cannot open /dev/serial0: could not open port '/dev/serial0': FileNotFoundError(2, 'The system cannot find the path specified.', None, 3). Retrying in 5.0s...
2026-05-12 18:08:21.812 | ERROR    | HALService | [UM982] Start failed: could not open port '/dev/gnss_um982': FileNotFoundError(2, 'The system cannot find the path specified.', None, 3)
2026-05-12 18:08:21.812 | WARNING  | HALService | [GNSS Node] Cannot open /dev/gnss_um982: could not open port '/dev/gnss_um982': FileNotFoundError(2, 'The system cannot find the path specified.', None, 3). Retrying in 5.0s...
2026-05-12 18:08:25.848 | WARNING  | HALService | [IMU Node] Cannot open /dev/serial0: could not open port '/dev/serial0': FileNotFoundError(2, 'The system cannot find the path specified.', None, 3). Retrying in 5.0s...
2026-05-12 18:08:26.821 | ERROR    | HALService | [UM982] Start failed: could not open port '/dev/gnss_um982': FileNotFoundError(2, 'The system cannot find the path specified.', None, 3)
2026-05-12 18:08:26.822 | WARNING  | HALService | [GNSS Node] Cannot open /dev/gnss_um982: could not open port '/dev/gnss_um982': FileNotFoundError(2, 'The system cannot find the path specified.', None, 3). Retrying in 5.0s...
2026-05-12 18:08:30.849 | WARNING  | HALService | [IMU Node] Cannot open /dev/serial0: could not open port '/dev/serial0': FileNotFoundError(2, 'The system cannot find the path specified.', None, 3). Retrying in 5.0s...
2026-05-12 18:08:31.830 | ERROR    | HALService | [UM982] Start failed: could not open port '/dev/gnss_um982': FileNotFoundError(2, 'The system cannot find the path specified.', None, 3)
2026-05-12 18:08:31.830 | WARNING  | HALService | [GNSS Node] Cannot open /dev/gnss_um982: could not open port '/dev/gnss_um982': FileNotFoundError(2, 'The system cannot find the path specified.', None, 3). Retrying in 5.0s...
2026-05-12 18:08:35.850 | WARNING  | HALService | [IMU Node] Cannot open /dev/serial0: could not open port '/dev/serial0': FileNotFoundError(2, 'The system cannot find the path specified.', None, 3). Retrying in 5.0s...
2026-05-12 18:08:36.840 | ERROR    | HALService | [UM982] Start failed: could not open port '/dev/gnss_um982': FileNotFoundError(2, 'The system cannot find the path specified.', None, 3)
2026-05-12 18:08:36.840 | WARNING  | HALService | [GNSS Node] Cannot open /dev/gnss_um982: could not open port '/dev/gnss_um982': FileNotFoundError(2, 'The system cannot find the path specified.', None, 3). Retrying in 5.0s...
2026-05-12 18:08:40.850 | WARNING  | HALService | [IMU Node] Cannot open /dev/serial0: could not open port '/dev/serial0': FileNotFoundError(2, 'The system cannot find the path specified.', None, 3). Retrying in 5.0s...
2026-05-12 18:08:41.850 | ERROR    | HALService | [UM982] Start failed: could not open port '/dev/gnss_um982': FileNotFoundError(2, 'The system cannot find the path specified.', None, 3)
2026-05-12 18:08:41.850 | WARNING  | HALService | [GNSS Node] Cannot open /dev/gnss_um982: could not open port '/dev/gnss_um982': FileNotFoundError(2, 'The system cannot find the path specified.', None, 3). Retrying in 5.0s...
2026-05-12 18:08:45.851 | WARNING  | HALService | [IMU Node] Cannot open /dev/serial0: could not open port '/dev/serial0': FileNotFoundError(2, 'The system cannot find the path specified.', None, 3). Retrying in 5.0s...
2026-05-12 18:08:46.860 | ERROR    | HALService | [UM982] Start failed: could not open port '/dev/gnss_um982': FileNotFoundError(2, 'The system cannot find the path specified.', None, 3)
2026-05-12 18:08:46.860 | WARNING  | HALService | [GNSS Node] Cannot open /dev/gnss_um982: could not open port '/dev/gnss_um982': FileNotFoundError(2, 'The system cannot find the path specified.', None, 3). Retrying in 5.0s...
2026-05-12 18:08:50.852 | WARNING  | HALService | [IMU Node] Cannot open /dev/serial0: could not open port '/dev/serial0': FileNotFoundError(2, 'The system cannot find the path specified.', None, 3). Retrying in 5.0s...
2026-05-12 18:08:51.871 | ERROR    | HALService | [UM982] Start failed: could not open port '/dev/gnss_um982': FileNotFoundError(2, 'The system cannot find the path specified.', None, 3)
2026-05-12 18:08:51.871 | WARNING  | HALService | [GNSS Node] Cannot open /dev/gnss_um982: could not open port '/dev/gnss_um982': FileNotFoundError(2, 'The system cannot find the path specified.', None, 3). Retrying in 5.0s...
2026-05-12 18:08:55.853 | WARNING  | HALService | [IMU Node] Cannot open /dev/serial0: could not open port '/dev/serial0': FileNotFoundError(2, 'The system cannot find the path specified.', None, 3). Retrying in 5.0s...
2026-05-12 18:08:56.878 | ERROR    | HALService | [UM982] Start failed: could not open port '/dev/gnss_um982': FileNotFoundError(2, 'The system cannot find the path specified.', None, 3)
2026-05-12 18:08:56.878 | WARNING  | HALService | [GNSS Node] Cannot open /dev/gnss_um982: could not open port '/dev/gnss_um982': FileNotFoundError(2, 'The system cannot find the path specified.', None, 3). Retrying in 5.0s...
2026-05-12 18:09:00.853 | WARNING  | HALService | [IMU Node] Cannot open /dev/serial0: could not open port '/dev/serial0': FileNotFoundError(2, 'The system cannot find the path specified.', None, 3). Retrying in 5.0s...
2026-05-12 18:09:01.888 | ERROR    | HALService | [UM982] Start failed: could not open port '/dev/gnss_um982': FileNotFoundError(2, 'The system cannot find the path specified.', None, 3)
2026-05-12 18:09:01.888 | WARNING  | HALService | [GNSS Node] Cannot open /dev/gnss_um982: could not open port '/dev/gnss_um982': FileNotFoundError(2, 'The system cannot find the path specified.', None, 3). Retrying in 5.0s...
2026-05-12 18:09:05.854 | WARNING  | HALService | [IMU Node] Cannot open /dev/serial0: could not open port '/dev/serial0': FileNotFoundError(2, 'The system cannot find the path specified.', None, 3). Retrying in 5.0s...
2026-05-12 18:09:06.898 | ERROR    | HALService | [UM982] Start failed: could not open port '/dev/gnss_um982': FileNotFoundError(2, 'The system cannot find the path specified.', None, 3)
2026-05-12 18:09:06.898 | WARNING  | HALService | [GNSS Node] Cannot open /dev/gnss_um982: could not open port '/dev/gnss_um982': FileNotFoundError(2, 'The system cannot find the path specified.', None, 3). Retrying in 5.0s...
2026-05-12 18:09:10.855 | WARNING  | HALService | [IMU Node] Cannot open /dev/serial0: could not open port '/dev/serial0': FileNotFoundError(2, 'The system cannot find the path specified.', None, 3). Retrying in 5.0s...
2026-05-12 18:09:11.908 | ERROR    | HALService | [UM982] Start failed: could not open port '/dev/gnss_um982': FileNotFoundError(2, 'The system cannot find the path specified.', None, 3)
2026-05-12 18:09:11.908 | WARNING  | HALService | [GNSS Node] Cannot open /dev/gnss_um982: could not open port '/dev/gnss_um982': FileNotFoundError(2, 'The system cannot find the path specified.', None, 3). Retrying in 5.0s...
2026-05-12 18:09:15.856 | WARNING  | HALService | [IMU Node] Cannot open /dev/serial0: could not open port '/dev/serial0': FileNotFoundError(2, 'The system cannot find the path specified.', None, 3). Retrying in 5.0s...
2026-05-12 18:09:16.920 | ERROR    | HALService | [UM982] Start failed: could not open port '/dev/gnss_um982': FileNotFoundError(2, 'The system cannot find the path specified.', None, 3)
2026-05-12 18:09:16.920 | WARNING  | HALService | [GNSS Node] Cannot open /dev/gnss_um982: could not open port '/dev/gnss_um982': FileNotFoundError(2, 'The system cannot find the path specified.', None, 3). Retrying in 5.0s...
2026-05-12 18:09:20.856 | WARNING  | HALService | [IMU Node] Cannot open /dev/serial0: could not open port '/dev/serial0': FileNotFoundError(2, 'The system cannot find the path specified.', None, 3). Retrying in 5.0s...
2026-05-12 18:09:21.930 | ERROR    | HALService | [UM982] Start failed: could not open port '/dev/gnss_um982': FileNotFoundError(2, 'The system cannot find the path specified.', None, 3)
2026-05-12 18:09:21.930 | WARNING  | HALService | [GNSS Node] Cannot open /dev/gnss_um982: could not open port '/dev/gnss_um982': FileNotFoundError(2, 'The system cannot find the path specified.', None, 3). Retrying in 5.0s...
2026-05-12 18:09:25.857 | WARNING  | HALService | [IMU Node] Cannot open /dev/serial0: could not open port '/dev/serial0': FileNotFoundError(2, 'The system cannot find the path specified.', None, 3). Retrying in 5.0s...
2026-05-12 18:09:26.939 | ERROR    | HALService | [UM982] Start failed: could not open port '/dev/gnss_um982': FileNotFoundError(2, 'The system cannot find the path specified.', None, 3)
2026-05-12 18:09:26.940 | WARNING  | HALService | [GNSS Node] Cannot open /dev/gnss_um982: could not open port '/dev/gnss_um982': FileNotFoundError(2, 'The system cannot find the path specified.', None, 3). Retrying in 5.0s...
2026-05-12 18:09:30.858 | WARNING  | HALService | [IMU Node] Cannot open /dev/serial0: could not open port '/dev/serial0': FileNotFoundError(2, 'The system cannot find the path specified.', None, 3). Retrying in 5.0s...
2026-05-12 18:09:31.950 | ERROR    | HALService | [UM982] Start failed: could not open port '/dev/gnss_um982': FileNotFoundError(2, 'The system cannot find the path specified.', None, 3)
2026-05-12 18:09:31.950 | WARNING  | HALService | [GNSS Node] Cannot open /dev/gnss_um982: could not open port '/dev/gnss_um982': FileNotFoundError(2, 'The system cannot find the path specified.', None, 3). Retrying in 5.0s...
2026-05-12 18:09:35.859 | WARNING  | HALService | [IMU Node] Cannot open /dev/serial0: could not open port '/dev/serial0': FileNotFoundError(2, 'The system cannot find the path specified.', None, 3). Retrying in 5.0s...
2026-05-12 18:09:36.961 | ERROR    | HALService | [UM982] Start failed: could not open port '/dev/gnss_um982': FileNotFoundError(2, 'The system cannot find the path specified.', None, 3)
2026-05-12 18:09:36.961 | WARNING  | HALService | [GNSS Node] Cannot open /dev/gnss_um982: could not open port '/dev/gnss_um982': FileNotFoundError(2, 'The system cannot find the path specified.', None, 3). Retrying in 5.0s...
2026-05-12 18:09:40.860 | WARNING  | HALService | [IMU Node] Cannot open /dev/serial0: could not open port '/dev/serial0': FileNotFoundError(2, 'The system cannot find the path specified.', None, 3). Retrying in 5.0s...
2026-05-12 18:09:41.969 | ERROR    | HALService | [UM982] Start failed: could not open port '/dev/gnss_um982': FileNotFoundError(2, 'The system cannot find the path specified.', None, 3)
2026-05-12 18:09:41.969 | WARNING  | HALService | [GNSS Node] Cannot open /dev/gnss_um982: could not open port '/dev/gnss_um982': FileNotFoundError(2, 'The system cannot find the path specified.', None, 3). Retrying in 5.0s...
2026-05-12 18:09:45.860 | WARNING  | HALService | [IMU Node] Cannot open /dev/serial0: could not open port '/dev/serial0': FileNotFoundError(2, 'The system cannot find the path specified.', None, 3). Retrying in 5.0s...
2026-05-12 18:09:46.979 | ERROR    | HALService | [UM982] Start failed: could not open port '/dev/gnss_um982': FileNotFoundError(2, 'The system cannot find the path specified.', None, 3)
2026-05-12 18:09:46.979 | WARNING  | HALService | [GNSS Node] Cannot open /dev/gnss_um982: could not open port '/dev/gnss_um982': FileNotFoundError(2, 'The system cannot find the path specified.', None, 3). Retrying in 5.0s...
2026-05-12 18:09:50.861 | WARNING  | HALService | [IMU Node] Cannot open /dev/serial0: could not open port '/dev/serial0': FileNotFoundError(2, 'The system cannot find the path specified.', None, 3). Retrying in 5.0s...
2026-05-12 18:09:51.990 | ERROR    | HALService | [UM982] Start failed: could not open port '/dev/gnss_um982': FileNotFoundError(2, 'The system cannot find the path specified.', None, 3)
2026-05-12 18:09:51.990 | WARNING  | HALService | [GNSS Node] Cannot open /dev/gnss_um982: could not open port '/dev/gnss_um982': FileNotFoundError(2, 'The system cannot find the path specified.', None, 3). Retrying in 5.0s...
2026-05-12 18:09:55.862 | WARNING  | HALService | [IMU Node] Cannot open /dev/serial0: could not open port '/dev/serial0': FileNotFoundError(2, 'The system cannot find the path specified.', None, 3). Retrying in 5.0s...
2026-05-12 18:09:56.999 | ERROR    | HALService | [UM982] Start failed: could not open port '/dev/gnss_um982': FileNotFoundError(2, 'The system cannot find the path specified.', None, 3)
2026-05-12 18:09:56.999 | WARNING  | HALService | [GNSS Node] Cannot open /dev/gnss_um982: could not open port '/dev/gnss_um982': FileNotFoundError(2, 'The system cannot find the path specified.', None, 3). Retrying in 5.0s...
2026-05-12 18:10:00.862 | WARNING  | HALService | [IMU Node] Cannot open /dev/serial0: could not open port '/dev/serial0': FileNotFoundError(2, 'The system cannot find the path specified.', None, 3). Retrying in 5.0s...
2026-05-12 18:10:02.010 | ERROR    | HALService | [UM982] Start failed: could not open port '/dev/gnss_um982': FileNotFoundError(2, 'The system cannot find the path specified.', None, 3)
2026-05-12 18:10:02.010 | WARNING  | HALService | [GNSS Node] Cannot open /dev/gnss_um982: could not open port '/dev/gnss_um982': FileNotFoundError(2, 'The system cannot find the path specified.', None, 3). Retrying in 5.0s...
2026-05-12 18:10:05.863 | WARNING  | HALService | [IMU Node] Cannot open /dev/serial0: could not open port '/dev/serial0': FileNotFoundError(2, 'The system cannot find the path specified.', None, 3). Retrying in 5.0s...
2026-05-12 18:10:07.018 | ERROR    | HALService | [UM982] Start failed: could not open port '/dev/gnss_um982': FileNotFoundError(2, 'The system cannot find the path specified.', None, 3)
2026-05-12 18:10:07.018 | WARNING  | HALService | [GNSS Node] Cannot open /dev/gnss_um982: could not open port '/dev/gnss_um982': FileNotFoundError(2, 'The system cannot find the path specified.', None, 3). Retrying in 5.0s...
2026-05-12 18:10:10.863 | WARNING  | HALService | [IMU Node] Cannot open /dev/serial0: could not open port '/dev/serial0': FileNotFoundError(2, 'The system cannot find the path specified.', None, 3). Retrying in 5.0s...
2026-05-12 18:10:12.026 | ERROR    | HALService | [UM982] Start failed: could not open port '/dev/gnss_um982': FileNotFoundError(2, 'The system cannot find the path specified.', None, 3)
2026-05-12 18:10:12.026 | WARNING  | HALService | [GNSS Node] Cannot open /dev/gnss_um982: could not open port '/dev/gnss_um982': FileNotFoundError(2, 'The system cannot find the path specified.', None, 3). Retrying in 5.0s...
2026-05-12 18:10:15.864 | WARNING  | HALService | [IMU Node] Cannot open /dev/serial0: could not open port '/dev/serial0': FileNotFoundError(2, 'The system cannot find the path specified.', None, 3). Retrying in 5.0s...
2026-05-12 18:10:17.034 | ERROR    | HALService | [UM982] Start failed: could not open port '/dev/gnss_um982': FileNotFoundError(2, 'The system cannot find the path specified.', None, 3)
2026-05-12 18:10:17.034 | WARNING  | HALService | [GNSS Node] Cannot open /dev/gnss_um982: could not open port '/dev/gnss_um982': FileNotFoundError(2, 'The system cannot find the path specified.', None, 3). Retrying in 5.0s...
2026-05-12 18:10:20.865 | WARNING  | HALService | [IMU Node] Cannot open /dev/serial0: could not open port '/dev/serial0': FileNotFoundError(2, 'The system cannot find the path specified.', None, 3). Retrying in 5.0s...
2026-05-12 18:10:22.043 | ERROR    | HALService | [UM982] Start failed: could not open port '/dev/gnss_um982': FileNotFoundError(2, 'The system cannot find the path specified.', None, 3)
2026-05-12 18:10:22.043 | WARNING  | HALService | [GNSS Node] Cannot open /dev/gnss_um982: could not open port '/dev/gnss_um982': FileNotFoundError(2, 'The system cannot find the path specified.', None, 3). Retrying in 5.0s...
2026-05-12 18:10:25.865 | WARNING  | HALService | [IMU Node] Cannot open /dev/serial0: could not open port '/dev/serial0': FileNotFoundError(2, 'The system cannot find the path specified.', None, 3). Retrying in 5.0s...
2026-05-12 18:10:27.052 | ERROR    | HALService | [UM982] Start failed: could not open port '/dev/gnss_um982': FileNotFoundError(2, 'The system cannot find the path specified.', None, 3)
2026-05-12 18:10:27.052 | WARNING  | HALService | [GNSS Node] Cannot open /dev/gnss_um982: could not open port '/dev/gnss_um982': FileNotFoundError(2, 'The system cannot find the path specified.', None, 3). Retrying in 5.0s...
2026-05-12 18:10:30.866 | WARNING  | HALService | [IMU Node] Cannot open /dev/serial0: could not open port '/dev/serial0': FileNotFoundError(2, 'The system cannot find the path specified.', None, 3). Retrying in 5.0s...
2026-05-12 18:10:32.062 | ERROR    | HALService | [UM982] Start failed: could not open port '/dev/gnss_um982': FileNotFoundError(2, 'The system cannot find the path specified.', None, 3)
2026-05-12 18:10:32.062 | WARNING  | HALService | [GNSS Node] Cannot open /dev/gnss_um982: could not open port '/dev/gnss_um982': FileNotFoundError(2, 'The system cannot find the path specified.', None, 3). Retrying in 5.0s...
2026-05-12 18:10:35.867 | WARNING  | HALService | [IMU Node] Cannot open /dev/serial0: could not open port '/dev/serial0': FileNotFoundError(2, 'The system cannot find the path specified.', None, 3). Retrying in 5.0s...
2026-05-12 18:10:37.072 | ERROR    | HALService | [UM982] Start failed: could not open port '/dev/gnss_um982': FileNotFoundError(2, 'The system cannot find the path specified.', None, 3)
2026-05-12 18:10:37.072 | WARNING  | HALService | [GNSS Node] Cannot open /dev/gnss_um982: could not open port '/dev/gnss_um982': FileNotFoundError(2, 'The system cannot find the path specified.', None, 3). Retrying in 5.0s...
2026-05-12 18:10:40.867 | WARNING  | HALService | [IMU Node] Cannot open /dev/serial0: could not open port '/dev/serial0': FileNotFoundError(2, 'The system cannot find the path specified.', None, 3). Retrying in 5.0s...
2026-05-12 18:10:42.083 | ERROR    | HALService | [UM982] Start failed: could not open port '/dev/gnss_um982': FileNotFoundError(2, 'The system cannot find the path specified.', None, 3)
2026-05-12 18:10:42.083 | WARNING  | HALService | [GNSS Node] Cannot open /dev/gnss_um982: could not open port '/dev/gnss_um982': FileNotFoundError(2, 'The system cannot find the path specified.', None, 3). Retrying in 5.0s...
2026-05-12 18:10:45.868 | WARNING  | HALService | [IMU Node] Cannot open /dev/serial0: could not open port '/dev/serial0': FileNotFoundError(2, 'The system cannot find the path specified.', None, 3). Retrying in 5.0s...
2026-05-12 18:10:47.093 | ERROR    | HALService | [UM982] Start failed: could not open port '/dev/gnss_um982': FileNotFoundError(2, 'The system cannot find the path specified.', None, 3)
2026-05-12 18:10:47.093 | WARNING  | HALService | [GNSS Node] Cannot open /dev/gnss_um982: could not open port '/dev/gnss_um982': FileNotFoundError(2, 'The system cannot find the path specified.', None, 3). Retrying in 5.0s...
2026-05-12 18:10:50.869 | WARNING  | HALService | [IMU Node] Cannot open /dev/serial0: could not open port '/dev/serial0': FileNotFoundError(2, 'The system cannot find the path specified.', None, 3). Retrying in 5.0s...
2026-05-12 18:10:52.102 | ERROR    | HALService | [UM982] Start failed: could not open port '/dev/gnss_um982': FileNotFoundError(2, 'The system cannot find the path specified.', None, 3)
2026-05-12 18:10:52.102 | WARNING  | HALService | [GNSS Node] Cannot open /dev/gnss_um982: could not open port '/dev/gnss_um982': FileNotFoundError(2, 'The system cannot find the path specified.', None, 3). Retrying in 5.0s...
2026-05-12 18:10:55.869 | WARNING  | HALService | [IMU Node] Cannot open /dev/serial0: could not open port '/dev/serial0': FileNotFoundError(2, 'The system cannot find the path specified.', None, 3). Retrying in 5.0s...
2026-05-12 18:10:57.113 | ERROR    | HALService | [UM982] Start failed: could not open port '/dev/gnss_um982': FileNotFoundError(2, 'The system cannot find the path specified.', None, 3)
2026-05-12 18:10:57.113 | WARNING  | HALService | [GNSS Node] Cannot open /dev/gnss_um982: could not open port '/dev/gnss_um982': FileNotFoundError(2, 'The system cannot find the path specified.', None, 3). Retrying in 5.0s...
2026-05-12 18:11:00.870 | WARNING  | HALService | [IMU Node] Cannot open /dev/serial0: could not open port '/dev/serial0': FileNotFoundError(2, 'The system cannot find the path specified.', None, 3). Retrying in 5.0s...
2026-05-12 18:11:02.121 | ERROR    | HALService | [UM982] Start failed: could not open port '/dev/gnss_um982': FileNotFoundError(2, 'The system cannot find the path specified.', None, 3)
2026-05-12 18:11:02.121 | WARNING  | HALService | [GNSS Node] Cannot open /dev/gnss_um982: could not open port '/dev/gnss_um982': FileNotFoundError(2, 'The system cannot find the path specified.', None, 3). Retrying in 5.0s...
2026-05-12 18:11:05.871 | WARNING  | HALService | [IMU Node] Cannot open /dev/serial0: could not open port '/dev/serial0': FileNotFoundError(2, 'The system cannot find the path specified.', None, 3). Retrying in 5.0s...
2026-05-12 18:11:07.130 | ERROR    | HALService | [UM982] Start failed: could not open port '/dev/gnss_um982': FileNotFoundError(2, 'The system cannot find the path specified.', None, 3)
2026-05-12 18:11:07.130 | WARNING  | HALService | [GNSS Node] Cannot open /dev/gnss_um982: could not open port '/dev/gnss_um982': FileNotFoundError(2, 'The system cannot find the path specified.', None, 3). Retrying in 5.0s...
2026-05-12 18:11:10.872 | WARNING  | HALService | [IMU Node] Cannot open /dev/serial0: could not open port '/dev/serial0': FileNotFoundError(2, 'The system cannot find the path specified.', None, 3). Retrying in 5.0s...
2026-05-12 18:11:12.138 | ERROR    | HALService | [UM982] Start failed: could not open port '/dev/gnss_um982': FileNotFoundError(2, 'The system cannot find the path specified.', None, 3)
2026-05-12 18:11:12.139 | WARNING  | HALService | [GNSS Node] Cannot open /dev/gnss_um982: could not open port '/dev/gnss_um982': FileNotFoundError(2, 'The system cannot find the path specified.', None, 3). Retrying in 5.0s...
2026-05-12 18:11:13.910 | INFO     | CommsService | WebSocket client connected. Total: 2
2026-05-12 18:11:14.142 | INFO     | CommsService | WebSocket client disconnected. Total: 1
2026-05-12 18:11:15.872 | WARNING  | HALService | [IMU Node] Cannot open /dev/serial0: could not open port '/dev/serial0': FileNotFoundError(2, 'The system cannot find the path specified.', None, 3). Retrying in 5.0s...
2026-05-12 18:11:17.148 | ERROR    | HALService | [UM982] Start failed: could not open port '/dev/gnss_um982': FileNotFoundError(2, 'The system cannot find the path specified.', None, 3)
2026-05-12 18:11:17.149 | WARNING  | HALService | [GNSS Node] Cannot open /dev/gnss_um982: could not open port '/dev/gnss_um982': FileNotFoundError(2, 'The system cannot find the path specified.', None, 3). Retrying in 5.0s...
2026-05-12 18:11:20.873 | WARNING  | HALService | [IMU Node] Cannot open /dev/serial0: could not open port '/dev/serial0': FileNotFoundError(2, 'The system cannot find the path specified.', None, 3). Retrying in 5.0s...
2026-05-12 18:11:22.157 | ERROR    | HALService | [UM982] Start failed: could not open port '/dev/gnss_um982': FileNotFoundError(2, 'The system cannot find the path specified.', None, 3)
2026-05-12 18:11:22.157 | WARNING  | HALService | [GNSS Node] Cannot open /dev/gnss_um982: could not open port '/dev/gnss_um982': FileNotFoundError(2, 'The system cannot find the path specified.', None, 3). Retrying in 5.0s...
2026-05-12 18:11:25.874 | WARNING  | HALService | [IMU Node] Cannot open /dev/serial0: could not open port '/dev/serial0': FileNotFoundError(2, 'The system cannot find the path specified.', None, 3). Retrying in 5.0s...
2026-05-12 18:11:27.168 | ERROR    | HALService | [UM982] Start failed: could not open port '/dev/gnss_um982': FileNotFoundError(2, 'The system cannot find the path specified.', None, 3)
2026-05-12 18:11:27.169 | WARNING  | HALService | [GNSS Node] Cannot open /dev/gnss_um982: could not open port '/dev/gnss_um982': FileNotFoundError(2, 'The system cannot find the path specified.', None, 3). Retrying in 5.0s...
2026-05-12 18:11:30.874 | WARNING  | HALService | [IMU Node] Cannot open /dev/serial0: could not open port '/dev/serial0': FileNotFoundError(2, 'The system cannot find the path specified.', None, 3). Retrying in 5.0s...
2026-05-12 18:11:32.178 | ERROR    | HALService | [UM982] Start failed: could not open port '/dev/gnss_um982': FileNotFoundError(2, 'The system cannot find the path specified.', None, 3)
2026-05-12 18:11:32.178 | WARNING  | HALService | [GNSS Node] Cannot open /dev/gnss_um982: could not open port '/dev/gnss_um982': FileNotFoundError(2, 'The system cannot find the path specified.', None, 3). Retrying in 5.0s...
2026-05-12 18:11:35.875 | WARNING  | HALService | [IMU Node] Cannot open /dev/serial0: could not open port '/dev/serial0': FileNotFoundError(2, 'The system cannot find the path specified.', None, 3). Retrying in 5.0s...
2026-05-12 18:11:37.188 | ERROR    | HALService | [UM982] Start failed: could not open port '/dev/gnss_um982': FileNotFoundError(2, 'The system cannot find the path specified.', None, 3)
2026-05-12 18:11:37.188 | WARNING  | HALService | [GNSS Node] Cannot open /dev/gnss_um982: could not open port '/dev/gnss_um982': FileNotFoundError(2, 'The system cannot find the path specified.', None, 3). Retrying in 5.0s...
2026-05-12 18:11:40.875 | WARNING  | HALService | [IMU Node] Cannot open /dev/serial0: could not open port '/dev/serial0': FileNotFoundError(2, 'The system cannot find the path specified.', None, 3). Retrying in 5.0s...
2026-05-12 18:11:42.198 | ERROR    | HALService | [UM982] Start failed: could not open port '/dev/gnss_um982': FileNotFoundError(2, 'The system cannot find the path specified.', None, 3)
2026-05-12 18:11:42.198 | WARNING  | HALService | [GNSS Node] Cannot open /dev/gnss_um982: could not open port '/dev/gnss_um982': FileNotFoundError(2, 'The system cannot find the path specified.', None, 3). Retrying in 5.0s...
2026-05-12 18:11:45.876 | WARNING  | HALService | [IMU Node] Cannot open /dev/serial0: could not open port '/dev/serial0': FileNotFoundError(2, 'The system cannot find the path specified.', None, 3). Retrying in 5.0s...
2026-05-12 18:11:47.206 | ERROR    | HALService | [UM982] Start failed: could not open port '/dev/gnss_um982': FileNotFoundError(2, 'The system cannot find the path specified.', None, 3)
2026-05-12 18:11:47.206 | WARNING  | HALService | [GNSS Node] Cannot open /dev/gnss_um982: could not open port '/dev/gnss_um982': FileNotFoundError(2, 'The system cannot find the path specified.', None, 3). Retrying in 5.0s...
2026-05-12 18:11:50.877 | WARNING  | HALService | [IMU Node] Cannot open /dev/serial0: could not open port '/dev/serial0': FileNotFoundError(2, 'The system cannot find the path specified.', None, 3). Retrying in 5.0s...
2026-05-12 18:11:52.215 | ERROR    | HALService | [UM982] Start failed: could not open port '/dev/gnss_um982': FileNotFoundError(2, 'The system cannot find the path specified.', None, 3)
2026-05-12 18:11:52.215 | WARNING  | HALService | [GNSS Node] Cannot open /dev/gnss_um982: could not open port '/dev/gnss_um982': FileNotFoundError(2, 'The system cannot find the path specified.', None, 3). Retrying in 5.0s...
2026-05-12 18:11:55.878 | WARNING  | HALService | [IMU Node] Cannot open /dev/serial0: could not open port '/dev/serial0': FileNotFoundError(2, 'The system cannot find the path specified.', None, 3). Retrying in 5.0s...
2026-05-12 18:11:57.224 | ERROR    | HALService | [UM982] Start failed: could not open port '/dev/gnss_um982': FileNotFoundError(2, 'The system cannot find the path specified.', None, 3)
2026-05-12 18:11:57.224 | WARNING  | HALService | [GNSS Node] Cannot open /dev/gnss_um982: could not open port '/dev/gnss_um982': FileNotFoundError(2, 'The system cannot find the path specified.', None, 3). Retrying in 5.0s...
2026-05-12 18:12:00.878 | WARNING  | HALService | [IMU Node] Cannot open /dev/serial0: could not open port '/dev/serial0': FileNotFoundError(2, 'The system cannot find the path specified.', None, 3). Retrying in 5.0s...
2026-05-12 18:12:02.235 | ERROR    | HALService | [UM982] Start failed: could not open port '/dev/gnss_um982': FileNotFoundError(2, 'The system cannot find the path specified.', None, 3)
2026-05-12 18:12:02.235 | WARNING  | HALService | [GNSS Node] Cannot open /dev/gnss_um982: could not open port '/dev/gnss_um982': FileNotFoundError(2, 'The system cannot find the path specified.', None, 3). Retrying in 5.0s...
2026-05-12 18:12:05.879 | WARNING  | HALService | [IMU Node] Cannot open /dev/serial0: could not open port '/dev/serial0': FileNotFoundError(2, 'The system cannot find the path specified.', None, 3). Retrying in 5.0s...
2026-05-12 18:12:07.244 | ERROR    | HALService | [UM982] Start failed: could not open port '/dev/gnss_um982': FileNotFoundError(2, 'The system cannot find the path specified.', None, 3)
2026-05-12 18:12:07.244 | WARNING  | HALService | [GNSS Node] Cannot open /dev/gnss_um982: could not open port '/dev/gnss_um982': FileNotFoundError(2, 'The system cannot find the path specified.', None, 3). Retrying in 5.0s...
2026-05-12 18:12:10.880 | WARNING  | HALService | [IMU Node] Cannot open /dev/serial0: could not open port '/dev/serial0': FileNotFoundError(2, 'The system cannot find the path specified.', None, 3). Retrying in 5.0s...
2026-05-12 18:12:12.255 | ERROR    | HALService | [UM982] Start failed: could not open port '/dev/gnss_um982': FileNotFoundError(2, 'The system cannot find the path specified.', None, 3)
2026-05-12 18:12:12.255 | WARNING  | HALService | [GNSS Node] Cannot open /dev/gnss_um982: could not open port '/dev/gnss_um982': FileNotFoundError(2, 'The system cannot find the path specified.', None, 3). Retrying in 5.0s...
2026-05-12 18:12:15.881 | WARNING  | HALService | [IMU Node] Cannot open /dev/serial0: could not open port '/dev/serial0': FileNotFoundError(2, 'The system cannot find the path specified.', None, 3). Retrying in 5.0s...
2026-05-12 18:12:17.264 | ERROR    | HALService | [UM982] Start failed: could not open port '/dev/gnss_um982': FileNotFoundError(2, 'The system cannot find the path specified.', None, 3)
2026-05-12 18:12:17.264 | WARNING  | HALService | [GNSS Node] Cannot open /dev/gnss_um982: could not open port '/dev/gnss_um982': FileNotFoundError(2, 'The system cannot find the path specified.', None, 3). Retrying in 5.0s...
2026-05-12 18:12:20.881 | WARNING  | HALService | [IMU Node] Cannot open /dev/serial0: could not open port '/dev/serial0': FileNotFoundError(2, 'The system cannot find the path specified.', None, 3). Retrying in 5.0s...
2026-05-12 18:12:22.273 | ERROR    | HALService | [UM982] Start failed: could not open port '/dev/gnss_um982': FileNotFoundError(2, 'The system cannot find the path specified.', None, 3)
2026-05-12 18:12:22.273 | WARNING  | HALService | [GNSS Node] Cannot open /dev/gnss_um982: could not open port '/dev/gnss_um982': FileNotFoundError(2, 'The system cannot find the path specified.', None, 3). Retrying in 5.0s...
2026-05-12 18:12:25.882 | WARNING  | HALService | [IMU Node] Cannot open /dev/serial0: could not open port '/dev/serial0': FileNotFoundError(2, 'The system cannot find the path specified.', None, 3). Retrying in 5.0s...
2026-05-12 18:12:27.281 | ERROR    | HALService | [UM982] Start failed: could not open port '/dev/gnss_um982': FileNotFoundError(2, 'The system cannot find the path specified.', None, 3)
2026-05-12 18:12:27.281 | WARNING  | HALService | [GNSS Node] Cannot open /dev/gnss_um982: could not open port '/dev/gnss_um982': FileNotFoundError(2, 'The system cannot find the path specified.', None, 3). Retrying in 5.0s...
2026-05-12 18:12:30.883 | WARNING  | HALService | [IMU Node] Cannot open /dev/serial0: could not open port '/dev/serial0': FileNotFoundError(2, 'The system cannot find the path specified.', None, 3). Retrying in 5.0s...
2026-05-12 18:12:32.288 | ERROR    | HALService | [UM982] Start failed: could not open port '/dev/gnss_um982': FileNotFoundError(2, 'The system cannot find the path specified.', None, 3)
2026-05-12 18:12:32.288 | WARNING  | HALService | [GNSS Node] Cannot open /dev/gnss_um982: could not open port '/dev/gnss_um982': FileNotFoundError(2, 'The system cannot find the path specified.', None, 3). Retrying in 5.0s...
2026-05-12 18:12:35.883 | WARNING  | HALService | [IMU Node] Cannot open /dev/serial0: could not open port '/dev/serial0': FileNotFoundError(2, 'The system cannot find the path specified.', None, 3). Retrying in 5.0s...
2026-05-12 18:12:37.298 | ERROR    | HALService | [UM982] Start failed: could not open port '/dev/gnss_um982': FileNotFoundError(2, 'The system cannot find the path specified.', None, 3)
2026-05-12 18:12:37.298 | WARNING  | HALService | [GNSS Node] Cannot open /dev/gnss_um982: could not open port '/dev/gnss_um982': FileNotFoundError(2, 'The system cannot find the path specified.', None, 3). Retrying in 5.0s...
2026-05-12 18:12:40.884 | WARNING  | HALService | [IMU Node] Cannot open /dev/serial0: could not open port '/dev/serial0': FileNotFoundError(2, 'The system cannot find the path specified.', None, 3). Retrying in 5.0s...
2026-05-12 18:12:42.309 | ERROR    | HALService | [UM982] Start failed: could not open port '/dev/gnss_um982': FileNotFoundError(2, 'The system cannot find the path specified.', None, 3)
2026-05-12 18:12:42.309 | WARNING  | HALService | [GNSS Node] Cannot open /dev/gnss_um982: could not open port '/dev/gnss_um982': FileNotFoundError(2, 'The system cannot find the path specified.', None, 3). Retrying in 5.0s...
2026-05-12 18:12:45.884 | WARNING  | HALService | [IMU Node] Cannot open /dev/serial0: could not open port '/dev/serial0': FileNotFoundError(2, 'The system cannot find the path specified.', None, 3). Retrying in 5.0s...
2026-05-12 18:12:47.318 | ERROR    | HALService | [UM982] Start failed: could not open port '/dev/gnss_um982': FileNotFoundError(2, 'The system cannot find the path specified.', None, 3)
2026-05-12 18:12:47.318 | WARNING  | HALService | [GNSS Node] Cannot open /dev/gnss_um982: could not open port '/dev/gnss_um982': FileNotFoundError(2, 'The system cannot find the path specified.', None, 3). Retrying in 5.0s...
2026-05-12 18:12:50.885 | WARNING  | HALService | [IMU Node] Cannot open /dev/serial0: could not open port '/dev/serial0': FileNotFoundError(2, 'The system cannot find the path specified.', None, 3). Retrying in 5.0s...
2026-05-12 18:12:52.328 | ERROR    | HALService | [UM982] Start failed: could not open port '/dev/gnss_um982': FileNotFoundError(2, 'The system cannot find the path specified.', None, 3)
2026-05-12 18:12:52.328 | WARNING  | HALService | [GNSS Node] Cannot open /dev/gnss_um982: could not open port '/dev/gnss_um982': FileNotFoundError(2, 'The system cannot find the path specified.', None, 3). Retrying in 5.0s...
2026-05-12 18:12:55.886 | WARNING  | HALService | [IMU Node] Cannot open /dev/serial0: could not open port '/dev/serial0': FileNotFoundError(2, 'The system cannot find the path specified.', None, 3). Retrying in 5.0s...
2026-05-12 18:12:57.339 | ERROR    | HALService | [UM982] Start failed: could not open port '/dev/gnss_um982': FileNotFoundError(2, 'The system cannot find the path specified.', None, 3)
2026-05-12 18:12:57.339 | WARNING  | HALService | [GNSS Node] Cannot open /dev/gnss_um982: could not open port '/dev/gnss_um982': FileNotFoundError(2, 'The system cannot find the path specified.', None, 3). Retrying in 5.0s...
2026-05-12 18:13:00.887 | WARNING  | HALService | [IMU Node] Cannot open /dev/serial0: could not open port '/dev/serial0': FileNotFoundError(2, 'The system cannot find the path specified.', None, 3). Retrying in 5.0s...
2026-05-12 18:13:02.347 | ERROR    | HALService | [UM982] Start failed: could not open port '/dev/gnss_um982': FileNotFoundError(2, 'The system cannot find the path specified.', None, 3)
2026-05-12 18:13:02.347 | WARNING  | HALService | [GNSS Node] Cannot open /dev/gnss_um982: could not open port '/dev/gnss_um982': FileNotFoundError(2, 'The system cannot find the path specified.', None, 3). Retrying in 5.0s...
2026-05-12 18:13:05.887 | WARNING  | HALService | [IMU Node] Cannot open /dev/serial0: could not open port '/dev/serial0': FileNotFoundError(2, 'The system cannot find the path specified.', None, 3). Retrying in 5.0s...
2026-05-12 18:13:07.360 | ERROR    | HALService | [UM982] Start failed: could not open port '/dev/gnss_um982': FileNotFoundError(2, 'The system cannot find the path specified.', None, 3)
2026-05-12 18:13:07.360 | WARNING  | HALService | [GNSS Node] Cannot open /dev/gnss_um982: could not open port '/dev/gnss_um982': FileNotFoundError(2, 'The system cannot find the path specified.', None, 3). Retrying in 5.0s...
2026-05-12 18:13:10.888 | WARNING  | HALService | [IMU Node] Cannot open /dev/serial0: could not open port '/dev/serial0': FileNotFoundError(2, 'The system cannot find the path specified.', None, 3). Retrying in 5.0s...
2026-05-12 18:13:12.369 | ERROR    | HALService | [UM982] Start failed: could not open port '/dev/gnss_um982': FileNotFoundError(2, 'The system cannot find the path specified.', None, 3)
2026-05-12 18:13:12.370 | WARNING  | HALService | [GNSS Node] Cannot open /dev/gnss_um982: could not open port '/dev/gnss_um982': FileNotFoundError(2, 'The system cannot find the path specified.', None, 3). Retrying in 5.0s...
2026-05-12 18:13:15.889 | WARNING  | HALService | [IMU Node] Cannot open /dev/serial0: could not open port '/dev/serial0': FileNotFoundError(2, 'The system cannot find the path specified.', None, 3). Retrying in 5.0s...
2026-05-12 18:13:17.379 | ERROR    | HALService | [UM982] Start failed: could not open port '/dev/gnss_um982': FileNotFoundError(2, 'The system cannot find the path specified.', None, 3)
2026-05-12 18:13:17.379 | WARNING  | HALService | [GNSS Node] Cannot open /dev/gnss_um982: could not open port '/dev/gnss_um982': FileNotFoundError(2, 'The system cannot find the path specified.', None, 3). Retrying in 5.0s...
2026-05-12 18:13:20.890 | WARNING  | HALService | [IMU Node] Cannot open /dev/serial0: could not open port '/dev/serial0': FileNotFoundError(2, 'The system cannot find the path specified.', None, 3). Retrying in 5.0s...
2026-05-12 18:13:22.388 | ERROR    | HALService | [UM982] Start failed: could not open port '/dev/gnss_um982': FileNotFoundError(2, 'The system cannot find the path specified.', None, 3)
2026-05-12 18:13:22.388 | WARNING  | HALService | [GNSS Node] Cannot open /dev/gnss_um982: could not open port '/dev/gnss_um982': FileNotFoundError(2, 'The system cannot find the path specified.', None, 3). Retrying in 5.0s...
2026-05-12 18:13:25.890 | WARNING  | HALService | [IMU Node] Cannot open /dev/serial0: could not open port '/dev/serial0': FileNotFoundError(2, 'The system cannot find the path specified.', None, 3). Retrying in 5.0s...
2026-05-12 18:13:27.399 | ERROR    | HALService | [UM982] Start failed: could not open port '/dev/gnss_um982': FileNotFoundError(2, 'The system cannot find the path specified.', None, 3)
2026-05-12 18:13:27.399 | WARNING  | HALService | [GNSS Node] Cannot open /dev/gnss_um982: could not open port '/dev/gnss_um982': FileNotFoundError(2, 'The system cannot find the path specified.', None, 3). Retrying in 5.0s...
2026-05-12 18:13:30.891 | WARNING  | HALService | [IMU Node] Cannot open /dev/serial0: could not open port '/dev/serial0': FileNotFoundError(2, 'The system cannot find the path specified.', None, 3). Retrying in 5.0s...
2026-05-12 18:13:32.406 | ERROR    | HALService | [UM982] Start failed: could not open port '/dev/gnss_um982': FileNotFoundError(2, 'The system cannot find the path specified.', None, 3)
2026-05-12 18:13:32.406 | WARNING  | HALService | [GNSS Node] Cannot open /dev/gnss_um982: could not open port '/dev/gnss_um982': FileNotFoundError(2, 'The system cannot find the path specified.', None, 3). Retrying in 5.0s...
2026-05-12 18:13:35.892 | WARNING  | HALService | [IMU Node] Cannot open /dev/serial0: could not open port '/dev/serial0': FileNotFoundError(2, 'The system cannot find the path specified.', None, 3). Retrying in 5.0s...
2026-05-12 18:13:37.415 | ERROR    | HALService | [UM982] Start failed: could not open port '/dev/gnss_um982': FileNotFoundError(2, 'The system cannot find the path specified.', None, 3)
2026-05-12 18:13:37.415 | WARNING  | HALService | [GNSS Node] Cannot open /dev/gnss_um982: could not open port '/dev/gnss_um982': FileNotFoundError(2, 'The system cannot find the path specified.', None, 3). Retrying in 5.0s...
2026-05-12 18:13:40.893 | WARNING  | HALService | [IMU Node] Cannot open /dev/serial0: could not open port '/dev/serial0': FileNotFoundError(2, 'The system cannot find the path specified.', None, 3). Retrying in 5.0s...
2026-05-12 18:13:42.423 | ERROR    | HALService | [UM982] Start failed: could not open port '/dev/gnss_um982': FileNotFoundError(2, 'The system cannot find the path specified.', None, 3)
2026-05-12 18:13:42.423 | WARNING  | HALService | [GNSS Node] Cannot open /dev/gnss_um982: could not open port '/dev/gnss_um982': FileNotFoundError(2, 'The system cannot find the path specified.', None, 3). Retrying in 5.0s...
2026-05-12 18:13:45.893 | WARNING  | HALService | [IMU Node] Cannot open /dev/serial0: could not open port '/dev/serial0': FileNotFoundError(2, 'The system cannot find the path specified.', None, 3). Retrying in 5.0s...
2026-05-12 18:13:47.432 | ERROR    | HALService | [UM982] Start failed: could not open port '/dev/gnss_um982': FileNotFoundError(2, 'The system cannot find the path specified.', None, 3)
2026-05-12 18:13:47.432 | WARNING  | HALService | [GNSS Node] Cannot open /dev/gnss_um982: could not open port '/dev/gnss_um982': FileNotFoundError(2, 'The system cannot find the path specified.', None, 3). Retrying in 5.0s...
2026-05-12 18:13:50.895 | WARNING  | HALService | [IMU Node] Cannot open /dev/serial0: could not open port '/dev/serial0': FileNotFoundError(2, 'The system cannot find the path specified.', None, 3). Retrying in 5.0s...
2026-05-12 18:13:52.441 | ERROR    | HALService | [UM982] Start failed: could not open port '/dev/gnss_um982': FileNotFoundError(2, 'The system cannot find the path specified.', None, 3)
2026-05-12 18:13:52.441 | WARNING  | HALService | [GNSS Node] Cannot open /dev/gnss_um982: could not open port '/dev/gnss_um982': FileNotFoundError(2, 'The system cannot find the path specified.', None, 3). Retrying in 5.0s...
2026-05-12 18:13:55.896 | WARNING  | HALService | [IMU Node] Cannot open /dev/serial0: could not open port '/dev/serial0': FileNotFoundError(2, 'The system cannot find the path specified.', None, 3). Retrying in 5.0s...
2026-05-12 18:13:57.450 | ERROR    | HALService | [UM982] Start failed: could not open port '/dev/gnss_um982': FileNotFoundError(2, 'The system cannot find the path specified.', None, 3)
2026-05-12 18:13:57.450 | WARNING  | HALService | [GNSS Node] Cannot open /dev/gnss_um982: could not open port '/dev/gnss_um982': FileNotFoundError(2, 'The system cannot find the path specified.', None, 3). Retrying in 5.0s...
2026-05-12 18:14:00.897 | WARNING  | HALService | [IMU Node] Cannot open /dev/serial0: could not open port '/dev/serial0': FileNotFoundError(2, 'The system cannot find the path specified.', None, 3). Retrying in 5.0s...
2026-05-12 18:14:02.461 | ERROR    | HALService | [UM982] Start failed: could not open port '/dev/gnss_um982': FileNotFoundError(2, 'The system cannot find the path specified.', None, 3)
2026-05-12 18:14:02.461 | WARNING  | HALService | [GNSS Node] Cannot open /dev/gnss_um982: could not open port '/dev/gnss_um982': FileNotFoundError(2, 'The system cannot find the path specified.', None, 3). Retrying in 5.0s...
2026-05-12 18:14:05.898 | WARNING  | HALService | [IMU Node] Cannot open /dev/serial0: could not open port '/dev/serial0': FileNotFoundError(2, 'The system cannot find the path specified.', None, 3). Retrying in 5.0s...
2026-05-12 18:14:07.471 | ERROR    | HALService | [UM982] Start failed: could not open port '/dev/gnss_um982': FileNotFoundError(2, 'The system cannot find the path specified.', None, 3)
2026-05-12 18:14:07.471 | WARNING  | HALService | [GNSS Node] Cannot open /dev/gnss_um982: could not open port '/dev/gnss_um982': FileNotFoundError(2, 'The system cannot find the path specified.', None, 3). Retrying in 5.0s...
2026-05-12 18:14:10.899 | WARNING  | HALService | [IMU Node] Cannot open /dev/serial0: could not open port '/dev/serial0': FileNotFoundError(2, 'The system cannot find the path specified.', None, 3). Retrying in 5.0s...
2026-05-12 18:14:12.480 | ERROR    | HALService | [UM982] Start failed: could not open port '/dev/gnss_um982': FileNotFoundError(2, 'The system cannot find the path specified.', None, 3)
2026-05-12 18:14:12.481 | WARNING  | HALService | [GNSS Node] Cannot open /dev/gnss_um982: could not open port '/dev/gnss_um982': FileNotFoundError(2, 'The system cannot find the path specified.', None, 3). Retrying in 5.0s...
2026-05-12 18:14:15.899 | WARNING  | HALService | [IMU Node] Cannot open /dev/serial0: could not open port '/dev/serial0': FileNotFoundError(2, 'The system cannot find the path specified.', None, 3). Retrying in 5.0s...
2026-05-12 18:14:17.492 | ERROR    | HALService | [UM982] Start failed: could not open port '/dev/gnss_um982': FileNotFoundError(2, 'The system cannot find the path specified.', None, 3)
2026-05-12 18:14:17.492 | WARNING  | HALService | [GNSS Node] Cannot open /dev/gnss_um982: could not open port '/dev/gnss_um982': FileNotFoundError(2, 'The system cannot find the path specified.', None, 3). Retrying in 5.0s...
2026-05-12 18:14:20.900 | WARNING  | HALService | [IMU Node] Cannot open /dev/serial0: could not open port '/dev/serial0': FileNotFoundError(2, 'The system cannot find the path specified.', None, 3). Retrying in 5.0s...
2026-05-12 18:14:22.502 | ERROR    | HALService | [UM982] Start failed: could not open port '/dev/gnss_um982': FileNotFoundError(2, 'The system cannot find the path specified.', None, 3)
2026-05-12 18:14:22.502 | WARNING  | HALService | [GNSS Node] Cannot open /dev/gnss_um982: could not open port '/dev/gnss_um982': FileNotFoundError(2, 'The system cannot find the path specified.', None, 3). Retrying in 5.0s...
2026-05-12 18:14:25.901 | WARNING  | HALService | [IMU Node] Cannot open /dev/serial0: could not open port '/dev/serial0': FileNotFoundError(2, 'The system cannot find the path specified.', None, 3). Retrying in 5.0s...
2026-05-12 18:14:27.510 | ERROR    | HALService | [UM982] Start failed: could not open port '/dev/gnss_um982': FileNotFoundError(2, 'The system cannot find the path specified.', None, 3)
2026-05-12 18:14:27.510 | WARNING  | HALService | [GNSS Node] Cannot open /dev/gnss_um982: could not open port '/dev/gnss_um982': FileNotFoundError(2, 'The system cannot find the path specified.', None, 3). Retrying in 5.0s...
2026-05-12 18:14:30.901 | WARNING  | HALService | [IMU Node] Cannot open /dev/serial0: could not open port '/dev/serial0': FileNotFoundError(2, 'The system cannot find the path specified.', None, 3). Retrying in 5.0s...
2026-05-12 18:14:32.520 | ERROR    | HALService | [UM982] Start failed: could not open port '/dev/gnss_um982': FileNotFoundError(2, 'The system cannot find the path specified.', None, 3)
2026-05-12 18:14:32.520 | WARNING  | HALService | [GNSS Node] Cannot open /dev/gnss_um982: could not open port '/dev/gnss_um982': FileNotFoundError(2, 'The system cannot find the path specified.', None, 3). Retrying in 5.0s...
2026-05-12 18:14:35.902 | WARNING  | HALService | [IMU Node] Cannot open /dev/serial0: could not open port '/dev/serial0': FileNotFoundError(2, 'The system cannot find the path specified.', None, 3). Retrying in 5.0s...
2026-05-12 18:14:37.530 | ERROR    | HALService | [UM982] Start failed: could not open port '/dev/gnss_um982': FileNotFoundError(2, 'The system cannot find the path specified.', None, 3)
2026-05-12 18:14:37.530 | WARNING  | HALService | [GNSS Node] Cannot open /dev/gnss_um982: could not open port '/dev/gnss_um982': FileNotFoundError(2, 'The system cannot find the path specified.', None, 3). Retrying in 5.0s...
2026-05-12 18:14:40.903 | WARNING  | HALService | [IMU Node] Cannot open /dev/serial0: could not open port '/dev/serial0': FileNotFoundError(2, 'The system cannot find the path specified.', None, 3). Retrying in 5.0s...
2026-05-12 18:14:42.539 | ERROR    | HALService | [UM982] Start failed: could not open port '/dev/gnss_um982': FileNotFoundError(2, 'The system cannot find the path specified.', None, 3)
2026-05-12 18:14:42.539 | WARNING  | HALService | [GNSS Node] Cannot open /dev/gnss_um982: could not open port '/dev/gnss_um982': FileNotFoundError(2, 'The system cannot find the path specified.', None, 3). Retrying in 5.0s...
2026-05-12 18:14:45.904 | WARNING  | HALService | [IMU Node] Cannot open /dev/serial0: could not open port '/dev/serial0': FileNotFoundError(2, 'The system cannot find the path specified.', None, 3). Retrying in 5.0s...
2026-05-12 18:14:47.548 | ERROR    | HALService | [UM982] Start failed: could not open port '/dev/gnss_um982': FileNotFoundError(2, 'The system cannot find the path specified.', None, 3)
2026-05-12 18:14:47.548 | WARNING  | HALService | [GNSS Node] Cannot open /dev/gnss_um982: could not open port '/dev/gnss_um982': FileNotFoundError(2, 'The system cannot find the path specified.', None, 3). Retrying in 5.0s...
2026-05-12 18:14:50.904 | WARNING  | HALService | [IMU Node] Cannot open /dev/serial0: could not open port '/dev/serial0': FileNotFoundError(2, 'The system cannot find the path specified.', None, 3). Retrying in 5.0s...
2026-05-12 18:14:52.556 | ERROR    | HALService | [UM982] Start failed: could not open port '/dev/gnss_um982': FileNotFoundError(2, 'The system cannot find the path specified.', None, 3)
2026-05-12 18:14:52.556 | WARNING  | HALService | [GNSS Node] Cannot open /dev/gnss_um982: could not open port '/dev/gnss_um982': FileNotFoundError(2, 'The system cannot find the path specified.', None, 3). Retrying in 5.0s...
2026-05-12 18:14:55.905 | WARNING  | HALService | [IMU Node] Cannot open /dev/serial0: could not open port '/dev/serial0': FileNotFoundError(2, 'The system cannot find the path specified.', None, 3). Retrying in 5.0s...
2026-05-12 18:14:57.566 | ERROR    | HALService | [UM982] Start failed: could not open port '/dev/gnss_um982': FileNotFoundError(2, 'The system cannot find the path specified.', None, 3)
2026-05-12 18:14:57.566 | WARNING  | HALService | [GNSS Node] Cannot open /dev/gnss_um982: could not open port '/dev/gnss_um982': FileNotFoundError(2, 'The system cannot find the path specified.', None, 3). Retrying in 5.0s...
2026-05-12 18:15:00.905 | WARNING  | HALService | [IMU Node] Cannot open /dev/serial0: could not open port '/dev/serial0': FileNotFoundError(2, 'The system cannot find the path specified.', None, 3). Retrying in 5.0s...
2026-05-12 18:15:02.575 | ERROR    | HALService | [UM982] Start failed: could not open port '/dev/gnss_um982': FileNotFoundError(2, 'The system cannot find the path specified.', None, 3)
2026-05-12 18:15:02.576 | WARNING  | HALService | [GNSS Node] Cannot open /dev/gnss_um982: could not open port '/dev/gnss_um982': FileNotFoundError(2, 'The system cannot find the path specified.', None, 3). Retrying in 5.0s...
2026-05-12 18:15:05.906 | WARNING  | HALService | [IMU Node] Cannot open /dev/serial0: could not open port '/dev/serial0': FileNotFoundError(2, 'The system cannot find the path specified.', None, 3). Retrying in 5.0s...
2026-05-12 18:15:07.585 | ERROR    | HALService | [UM982] Start failed: could not open port '/dev/gnss_um982': FileNotFoundError(2, 'The system cannot find the path specified.', None, 3)
2026-05-12 18:15:07.585 | WARNING  | HALService | [GNSS Node] Cannot open /dev/gnss_um982: could not open port '/dev/gnss_um982': FileNotFoundError(2, 'The system cannot find the path specified.', None, 3). Retrying in 5.0s...
2026-05-12 18:15:10.907 | WARNING  | HALService | [IMU Node] Cannot open /dev/serial0: could not open port '/dev/serial0': FileNotFoundError(2, 'The system cannot find the path specified.', None, 3). Retrying in 5.0s...
2026-05-12 18:15:12.593 | ERROR    | HALService | [UM982] Start failed: could not open port '/dev/gnss_um982': FileNotFoundError(2, 'The system cannot find the path specified.', None, 3)
2026-05-12 18:15:12.594 | WARNING  | HALService | [GNSS Node] Cannot open /dev/gnss_um982: could not open port '/dev/gnss_um982': FileNotFoundError(2, 'The system cannot find the path specified.', None, 3). Retrying in 5.0s...
2026-05-12 18:15:15.907 | WARNING  | HALService | [IMU Node] Cannot open /dev/serial0: could not open port '/dev/serial0': FileNotFoundError(2, 'The system cannot find the path specified.', None, 3). Retrying in 5.0s...
2026-05-12 18:15:17.602 | ERROR    | HALService | [UM982] Start failed: could not open port '/dev/gnss_um982': FileNotFoundError(2, 'The system cannot find the path specified.', None, 3)
2026-05-12 18:15:17.603 | WARNING  | HALService | [GNSS Node] Cannot open /dev/gnss_um982: could not open port '/dev/gnss_um982': FileNotFoundError(2, 'The system cannot find the path specified.', None, 3). Retrying in 5.0s...
2026-05-12 18:15:20.908 | WARNING  | HALService | [IMU Node] Cannot open /dev/serial0: could not open port '/dev/serial0': FileNotFoundError(2, 'The system cannot find the path specified.', None, 3). Retrying in 5.0s...
2026-05-12 18:15:22.613 | ERROR    | HALService | [UM982] Start failed: could not open port '/dev/gnss_um982': FileNotFoundError(2, 'The system cannot find the path specified.', None, 3)
2026-05-12 18:15:22.613 | WARNING  | HALService | [GNSS Node] Cannot open /dev/gnss_um982: could not open port '/dev/gnss_um982': FileNotFoundError(2, 'The system cannot find the path specified.', None, 3). Retrying in 5.0s...
2026-05-12 18:15:25.908 | WARNING  | HALService | [IMU Node] Cannot open /dev/serial0: could not open port '/dev/serial0': FileNotFoundError(2, 'The system cannot find the path specified.', None, 3). Retrying in 5.0s...
2026-05-12 18:15:27.623 | ERROR    | HALService | [UM982] Start failed: could not open port '/dev/gnss_um982': FileNotFoundError(2, 'The system cannot find the path specified.', None, 3)
2026-05-12 18:15:27.623 | WARNING  | HALService | [GNSS Node] Cannot open /dev/gnss_um982: could not open port '/dev/gnss_um982': FileNotFoundError(2, 'The system cannot find the path specified.', None, 3). Retrying in 5.0s...
2026-05-12 18:15:30.909 | WARNING  | HALService | [IMU Node] Cannot open /dev/serial0: could not open port '/dev/serial0': FileNotFoundError(2, 'The system cannot find the path specified.', None, 3). Retrying in 5.0s...
2026-05-12 18:15:32.632 | ERROR    | HALService | [UM982] Start failed: could not open port '/dev/gnss_um982': FileNotFoundError(2, 'The system cannot find the path specified.', None, 3)
2026-05-12 18:15:32.632 | WARNING  | HALService | [GNSS Node] Cannot open /dev/gnss_um982: could not open port '/dev/gnss_um982': FileNotFoundError(2, 'The system cannot find the path specified.', None, 3). Retrying in 5.0s...
2026-05-12 18:15:35.909 | WARNING  | HALService | [IMU Node] Cannot open /dev/serial0: could not open port '/dev/serial0': FileNotFoundError(2, 'The system cannot find the path specified.', None, 3). Retrying in 5.0s...
2026-05-12 18:15:37.641 | ERROR    | HALService | [UM982] Start failed: could not open port '/dev/gnss_um982': FileNotFoundError(2, 'The system cannot find the path specified.', None, 3)
2026-05-12 18:15:37.641 | WARNING  | HALService | [GNSS Node] Cannot open /dev/gnss_um982: could not open port '/dev/gnss_um982': FileNotFoundError(2, 'The system cannot find the path specified.', None, 3). Retrying in 5.0s...
2026-05-12 18:15:40.910 | WARNING  | HALService | [IMU Node] Cannot open /dev/serial0: could not open port '/dev/serial0': FileNotFoundError(2, 'The system cannot find the path specified.', None, 3). Retrying in 5.0s...
2026-05-12 18:15:42.650 | ERROR    | HALService | [UM982] Start failed: could not open port '/dev/gnss_um982': FileNotFoundError(2, 'The system cannot find the path specified.', None, 3)
2026-05-12 18:15:42.651 | WARNING  | HALService | [GNSS Node] Cannot open /dev/gnss_um982: could not open port '/dev/gnss_um982': FileNotFoundError(2, 'The system cannot find the path specified.', None, 3). Retrying in 5.0s...
2026-05-12 18:15:45.910 | WARNING  | HALService | [IMU Node] Cannot open /dev/serial0: could not open port '/dev/serial0': FileNotFoundError(2, 'The system cannot find the path specified.', None, 3). Retrying in 5.0s...
2026-05-12 18:15:47.659 | ERROR    | HALService | [UM982] Start failed: could not open port '/dev/gnss_um982': FileNotFoundError(2, 'The system cannot find the path specified.', None, 3)
2026-05-12 18:15:47.659 | WARNING  | HALService | [GNSS Node] Cannot open /dev/gnss_um982: could not open port '/dev/gnss_um982': FileNotFoundError(2, 'The system cannot find the path specified.', None, 3). Retrying in 5.0s...
2026-05-12 18:15:50.912 | WARNING  | HALService | [IMU Node] Cannot open /dev/serial0: could not open port '/dev/serial0': FileNotFoundError(2, 'The system cannot find the path specified.', None, 3). Retrying in 5.0s...
2026-05-12 18:15:52.669 | ERROR    | HALService | [UM982] Start failed: could not open port '/dev/gnss_um982': FileNotFoundError(2, 'The system cannot find the path specified.', None, 3)
2026-05-12 18:15:52.669 | WARNING  | HALService | [GNSS Node] Cannot open /dev/gnss_um982: could not open port '/dev/gnss_um982': FileNotFoundError(2, 'The system cannot find the path specified.', None, 3). Retrying in 5.0s...
2026-05-12 18:15:55.912 | WARNING  | HALService | [IMU Node] Cannot open /dev/serial0: could not open port '/dev/serial0': FileNotFoundError(2, 'The system cannot find the path specified.', None, 3). Retrying in 5.0s...
2026-05-12 18:15:57.677 | ERROR    | HALService | [UM982] Start failed: could not open port '/dev/gnss_um982': FileNotFoundError(2, 'The system cannot find the path specified.', None, 3)
2026-05-12 18:15:57.677 | WARNING  | HALService | [GNSS Node] Cannot open /dev/gnss_um982: could not open port '/dev/gnss_um982': FileNotFoundError(2, 'The system cannot find the path specified.', None, 3). Retrying in 5.0s...
2026-05-12 18:16:00.913 | WARNING  | HALService | [IMU Node] Cannot open /dev/serial0: could not open port '/dev/serial0': FileNotFoundError(2, 'The system cannot find the path specified.', None, 3). Retrying in 5.0s...
2026-05-12 18:16:02.687 | ERROR    | HALService | [UM982] Start failed: could not open port '/dev/gnss_um982': FileNotFoundError(2, 'The system cannot find the path specified.', None, 3)
2026-05-12 18:16:02.687 | WARNING  | HALService | [GNSS Node] Cannot open /dev/gnss_um982: could not open port '/dev/gnss_um982': FileNotFoundError(2, 'The system cannot find the path specified.', None, 3). Retrying in 5.0s...
2026-05-12 18:16:05.914 | WARNING  | HALService | [IMU Node] Cannot open /dev/serial0: could not open port '/dev/serial0': FileNotFoundError(2, 'The system cannot find the path specified.', None, 3). Retrying in 5.0s...
2026-05-12 18:16:07.696 | ERROR    | HALService | [UM982] Start failed: could not open port '/dev/gnss_um982': FileNotFoundError(2, 'The system cannot find the path specified.', None, 3)
2026-05-12 18:16:07.696 | WARNING  | HALService | [GNSS Node] Cannot open /dev/gnss_um982: could not open port '/dev/gnss_um982': FileNotFoundError(2, 'The system cannot find the path specified.', None, 3). Retrying in 5.0s...
2026-05-12 18:16:10.915 | WARNING  | HALService | [IMU Node] Cannot open /dev/serial0: could not open port '/dev/serial0': FileNotFoundError(2, 'The system cannot find the path specified.', None, 3). Retrying in 5.0s...
2026-05-12 18:16:12.705 | ERROR    | HALService | [UM982] Start failed: could not open port '/dev/gnss_um982': FileNotFoundError(2, 'The system cannot find the path specified.', None, 3)
2026-05-12 18:16:12.705 | WARNING  | HALService | [GNSS Node] Cannot open /dev/gnss_um982: could not open port '/dev/gnss_um982': FileNotFoundError(2, 'The system cannot find the path specified.', None, 3). Retrying in 5.0s...
2026-05-12 18:16:15.915 | WARNING  | HALService | [IMU Node] Cannot open /dev/serial0: could not open port '/dev/serial0': FileNotFoundError(2, 'The system cannot find the path specified.', None, 3). Retrying in 5.0s...
2026-05-12 18:16:17.715 | ERROR    | HALService | [UM982] Start failed: could not open port '/dev/gnss_um982': FileNotFoundError(2, 'The system cannot find the path specified.', None, 3)
2026-05-12 18:16:17.716 | WARNING  | HALService | [GNSS Node] Cannot open /dev/gnss_um982: could not open port '/dev/gnss_um982': FileNotFoundError(2, 'The system cannot find the path specified.', None, 3). Retrying in 5.0s...
2026-05-12 18:16:20.916 | WARNING  | HALService | [IMU Node] Cannot open /dev/serial0: could not open port '/dev/serial0': FileNotFoundError(2, 'The system cannot find the path specified.', None, 3). Retrying in 5.0s...
2026-05-12 18:16:22.724 | ERROR    | HALService | [UM982] Start failed: could not open port '/dev/gnss_um982': FileNotFoundError(2, 'The system cannot find the path specified.', None, 3)
2026-05-12 18:16:22.724 | WARNING  | HALService | [GNSS Node] Cannot open /dev/gnss_um982: could not open port '/dev/gnss_um982': FileNotFoundError(2, 'The system cannot find the path specified.', None, 3). Retrying in 5.0s...
2026-05-12 18:16:25.917 | WARNING  | HALService | [IMU Node] Cannot open /dev/serial0: could not open port '/dev/serial0': FileNotFoundError(2, 'The system cannot find the path specified.', None, 3). Retrying in 5.0s...
2026-05-12 18:16:27.735 | ERROR    | HALService | [UM982] Start failed: could not open port '/dev/gnss_um982': FileNotFoundError(2, 'The system cannot find the path specified.', None, 3)
2026-05-12 18:16:27.735 | WARNING  | HALService | [GNSS Node] Cannot open /dev/gnss_um982: could not open port '/dev/gnss_um982': FileNotFoundError(2, 'The system cannot find the path specified.', None, 3). Retrying in 5.0s...
2026-05-12 18:16:30.918 | WARNING  | HALService | [IMU Node] Cannot open /dev/serial0: could not open port '/dev/serial0': FileNotFoundError(2, 'The system cannot find the path specified.', None, 3). Retrying in 5.0s...
2026-05-12 18:16:32.745 | ERROR    | HALService | [UM982] Start failed: could not open port '/dev/gnss_um982': FileNotFoundError(2, 'The system cannot find the path specified.', None, 3)
2026-05-12 18:16:32.745 | WARNING  | HALService | [GNSS Node] Cannot open /dev/gnss_um982: could not open port '/dev/gnss_um982': FileNotFoundError(2, 'The system cannot find the path specified.', None, 3). Retrying in 5.0s...
2026-05-12 18:16:35.918 | WARNING  | HALService | [IMU Node] Cannot open /dev/serial0: could not open port '/dev/serial0': FileNotFoundError(2, 'The system cannot find the path specified.', None, 3). Retrying in 5.0s...
2026-05-12 18:16:37.753 | ERROR    | HALService | [UM982] Start failed: could not open port '/dev/gnss_um982': FileNotFoundError(2, 'The system cannot find the path specified.', None, 3)
2026-05-12 18:16:37.753 | WARNING  | HALService | [GNSS Node] Cannot open /dev/gnss_um982: could not open port '/dev/gnss_um982': FileNotFoundError(2, 'The system cannot find the path specified.', None, 3). Retrying in 5.0s...
2026-05-12 18:16:40.919 | WARNING  | HALService | [IMU Node] Cannot open /dev/serial0: could not open port '/dev/serial0': FileNotFoundError(2, 'The system cannot find the path specified.', None, 3). Retrying in 5.0s...
2026-05-12 18:16:42.761 | ERROR    | HALService | [UM982] Start failed: could not open port '/dev/gnss_um982': FileNotFoundError(2, 'The system cannot find the path specified.', None, 3)
2026-05-12 18:16:42.761 | WARNING  | HALService | [GNSS Node] Cannot open /dev/gnss_um982: could not open port '/dev/gnss_um982': FileNotFoundError(2, 'The system cannot find the path specified.', None, 3). Retrying in 5.0s...
2026-05-12 18:16:45.920 | WARNING  | HALService | [IMU Node] Cannot open /dev/serial0: could not open port '/dev/serial0': FileNotFoundError(2, 'The system cannot find the path specified.', None, 3). Retrying in 5.0s...
2026-05-12 18:16:47.771 | ERROR    | HALService | [UM982] Start failed: could not open port '/dev/gnss_um982': FileNotFoundError(2, 'The system cannot find the path specified.', None, 3)
2026-05-12 18:16:47.771 | WARNING  | HALService | [GNSS Node] Cannot open /dev/gnss_um982: could not open port '/dev/gnss_um982': FileNotFoundError(2, 'The system cannot find the path specified.', None, 3). Retrying in 5.0s...
2026-05-12 18:16:50.921 | WARNING  | HALService | [IMU Node] Cannot open /dev/serial0: could not open port '/dev/serial0': FileNotFoundError(2, 'The system cannot find the path specified.', None, 3). Retrying in 5.0s...
2026-05-12 18:16:52.781 | ERROR    | HALService | [UM982] Start failed: could not open port '/dev/gnss_um982': FileNotFoundError(2, 'The system cannot find the path specified.', None, 3)
2026-05-12 18:16:52.781 | WARNING  | HALService | [GNSS Node] Cannot open /dev/gnss_um982: could not open port '/dev/gnss_um982': FileNotFoundError(2, 'The system cannot find the path specified.', None, 3). Retrying in 5.0s...
2026-05-12 18:16:55.921 | WARNING  | HALService | [IMU Node] Cannot open /dev/serial0: could not open port '/dev/serial0': FileNotFoundError(2, 'The system cannot find the path specified.', None, 3). Retrying in 5.0s...
2026-05-12 18:16:57.790 | ERROR    | HALService | [UM982] Start failed: could not open port '/dev/gnss_um982': FileNotFoundError(2, 'The system cannot find the path specified.', None, 3)
2026-05-12 18:16:57.790 | WARNING  | HALService | [GNSS Node] Cannot open /dev/gnss_um982: could not open port '/dev/gnss_um982': FileNotFoundError(2, 'The system cannot find the path specified.', None, 3). Retrying in 5.0s...
2026-05-12 18:17:00.922 | WARNING  | HALService | [IMU Node] Cannot open /dev/serial0: could not open port '/dev/serial0': FileNotFoundError(2, 'The system cannot find the path specified.', None, 3). Retrying in 5.0s...
2026-05-12 18:17:02.799 | ERROR    | HALService | [UM982] Start failed: could not open port '/dev/gnss_um982': FileNotFoundError(2, 'The system cannot find the path specified.', None, 3)
2026-05-12 18:17:02.799 | WARNING  | HALService | [GNSS Node] Cannot open /dev/gnss_um982: could not open port '/dev/gnss_um982': FileNotFoundError(2, 'The system cannot find the path specified.', None, 3). Retrying in 5.0s...
2026-05-12 18:17:05.923 | WARNING  | HALService | [IMU Node] Cannot open /dev/serial0: could not open port '/dev/serial0': FileNotFoundError(2, 'The system cannot find the path specified.', None, 3). Retrying in 5.0s...
2026-05-12 18:17:07.807 | ERROR    | HALService | [UM982] Start failed: could not open port '/dev/gnss_um982': FileNotFoundError(2, 'The system cannot find the path specified.', None, 3)
2026-05-12 18:17:07.807 | WARNING  | HALService | [GNSS Node] Cannot open /dev/gnss_um982: could not open port '/dev/gnss_um982': FileNotFoundError(2, 'The system cannot find the path specified.', None, 3). Retrying in 5.0s...
2026-05-12 18:17:10.924 | WARNING  | HALService | [IMU Node] Cannot open /dev/serial0: could not open port '/dev/serial0': FileNotFoundError(2, 'The system cannot find the path specified.', None, 3). Retrying in 5.0s...
2026-05-12 18:17:12.814 | ERROR    | HALService | [UM982] Start failed: could not open port '/dev/gnss_um982': FileNotFoundError(2, 'The system cannot find the path specified.', None, 3)
2026-05-12 18:17:12.814 | WARNING  | HALService | [GNSS Node] Cannot open /dev/gnss_um982: could not open port '/dev/gnss_um982': FileNotFoundError(2, 'The system cannot find the path specified.', None, 3). Retrying in 5.0s...
2026-05-12 18:17:15.924 | WARNING  | HALService | [IMU Node] Cannot open /dev/serial0: could not open port '/dev/serial0': FileNotFoundError(2, 'The system cannot find the path specified.', None, 3). Retrying in 5.0s...
2026-05-12 18:17:17.825 | ERROR    | HALService | [UM982] Start failed: could not open port '/dev/gnss_um982': FileNotFoundError(2, 'The system cannot find the path specified.', None, 3)
2026-05-12 18:17:17.825 | WARNING  | HALService | [GNSS Node] Cannot open /dev/gnss_um982: could not open port '/dev/gnss_um982': FileNotFoundError(2, 'The system cannot find the path specified.', None, 3). Retrying in 5.0s...
2026-05-12 18:17:20.925 | WARNING  | HALService | [IMU Node] Cannot open /dev/serial0: could not open port '/dev/serial0': FileNotFoundError(2, 'The system cannot find the path specified.', None, 3). Retrying in 5.0s...
2026-05-12 18:17:22.834 | ERROR    | HALService | [UM982] Start failed: could not open port '/dev/gnss_um982': FileNotFoundError(2, 'The system cannot find the path specified.', None, 3)
2026-05-12 18:17:22.834 | WARNING  | HALService | [GNSS Node] Cannot open /dev/gnss_um982: could not open port '/dev/gnss_um982': FileNotFoundError(2, 'The system cannot find the path specified.', None, 3). Retrying in 5.0s...
2026-05-12 18:17:25.926 | WARNING  | HALService | [IMU Node] Cannot open /dev/serial0: could not open port '/dev/serial0': FileNotFoundError(2, 'The system cannot find the path specified.', None, 3). Retrying in 5.0s...
2026-05-12 18:17:27.842 | ERROR    | HALService | [UM982] Start failed: could not open port '/dev/gnss_um982': FileNotFoundError(2, 'The system cannot find the path specified.', None, 3)
2026-05-12 18:17:27.842 | WARNING  | HALService | [GNSS Node] Cannot open /dev/gnss_um982: could not open port '/dev/gnss_um982': FileNotFoundError(2, 'The system cannot find the path specified.', None, 3). Retrying in 5.0s...
2026-05-12 18:17:30.927 | WARNING  | HALService | [IMU Node] Cannot open /dev/serial0: could not open port '/dev/serial0': FileNotFoundError(2, 'The system cannot find the path specified.', None, 3). Retrying in 5.0s...
2026-05-12 18:17:32.849 | ERROR    | HALService | [UM982] Start failed: could not open port '/dev/gnss_um982': FileNotFoundError(2, 'The system cannot find the path specified.', None, 3)
2026-05-12 18:17:32.849 | WARNING  | HALService | [GNSS Node] Cannot open /dev/gnss_um982: could not open port '/dev/gnss_um982': FileNotFoundError(2, 'The system cannot find the path specified.', None, 3). Retrying in 5.0s...
2026-05-12 18:17:35.928 | WARNING  | HALService | [IMU Node] Cannot open /dev/serial0: could not open port '/dev/serial0': FileNotFoundError(2, 'The system cannot find the path specified.', None, 3). Retrying in 5.0s...
2026-05-12 18:17:37.858 | ERROR    | HALService | [UM982] Start failed: could not open port '/dev/gnss_um982': FileNotFoundError(2, 'The system cannot find the path specified.', None, 3)
2026-05-12 18:17:37.858 | WARNING  | HALService | [GNSS Node] Cannot open /dev/gnss_um982: could not open port '/dev/gnss_um982': FileNotFoundError(2, 'The system cannot find the path specified.', None, 3). Retrying in 5.0s...
2026-05-12 18:17:40.928 | WARNING  | HALService | [IMU Node] Cannot open /dev/serial0: could not open port '/dev/serial0': FileNotFoundError(2, 'The system cannot find the path specified.', None, 3). Retrying in 5.0s...
2026-05-12 18:17:42.868 | ERROR    | HALService | [UM982] Start failed: could not open port '/dev/gnss_um982': FileNotFoundError(2, 'The system cannot find the path specified.', None, 3)
2026-05-12 18:17:42.868 | WARNING  | HALService | [GNSS Node] Cannot open /dev/gnss_um982: could not open port '/dev/gnss_um982': FileNotFoundError(2, 'The system cannot find the path specified.', None, 3). Retrying in 5.0s...
2026-05-12 18:17:45.929 | WARNING  | HALService | [IMU Node] Cannot open /dev/serial0: could not open port '/dev/serial0': FileNotFoundError(2, 'The system cannot find the path specified.', None, 3). Retrying in 5.0s...
2026-05-12 18:17:47.877 | ERROR    | HALService | [UM982] Start failed: could not open port '/dev/gnss_um982': FileNotFoundError(2, 'The system cannot find the path specified.', None, 3)
2026-05-12 18:17:47.877 | WARNING  | HALService | [GNSS Node] Cannot open /dev/gnss_um982: could not open port '/dev/gnss_um982': FileNotFoundError(2, 'The system cannot find the path specified.', None, 3). Retrying in 5.0s...
2026-05-12 18:17:50.929 | WARNING  | HALService | [IMU Node] Cannot open /dev/serial0: could not open port '/dev/serial0': FileNotFoundError(2, 'The system cannot find the path specified.', None, 3). Retrying in 5.0s...
2026-05-12 18:17:52.885 | ERROR    | HALService | [UM982] Start failed: could not open port '/dev/gnss_um982': FileNotFoundError(2, 'The system cannot find the path specified.', None, 3)
2026-05-12 18:17:52.886 | WARNING  | HALService | [GNSS Node] Cannot open /dev/gnss_um982: could not open port '/dev/gnss_um982': FileNotFoundError(2, 'The system cannot find the path specified.', None, 3). Retrying in 5.0s...
2026-05-12 18:17:55.930 | WARNING  | HALService | [IMU Node] Cannot open /dev/serial0: could not open port '/dev/serial0': FileNotFoundError(2, 'The system cannot find the path specified.', None, 3). Retrying in 5.0s...
2026-05-12 18:17:57.895 | ERROR    | HALService | [UM982] Start failed: could not open port '/dev/gnss_um982': FileNotFoundError(2, 'The system cannot find the path specified.', None, 3)
2026-05-12 18:17:57.895 | WARNING  | HALService | [GNSS Node] Cannot open /dev/gnss_um982: could not open port '/dev/gnss_um982': FileNotFoundError(2, 'The system cannot find the path specified.', None, 3). Retrying in 5.0s...
2026-05-12 18:18:00.931 | WARNING  | HALService | [IMU Node] Cannot open /dev/serial0: could not open port '/dev/serial0': FileNotFoundError(2, 'The system cannot find the path specified.', None, 3). Retrying in 5.0s...
2026-05-12 18:18:02.903 | ERROR    | HALService | [UM982] Start failed: could not open port '/dev/gnss_um982': FileNotFoundError(2, 'The system cannot find the path specified.', None, 3)
2026-05-12 18:18:02.904 | WARNING  | HALService | [GNSS Node] Cannot open /dev/gnss_um982: could not open port '/dev/gnss_um982': FileNotFoundError(2, 'The system cannot find the path specified.', None, 3). Retrying in 5.0s...
2026-05-12 18:18:05.932 | WARNING  | HALService | [IMU Node] Cannot open /dev/serial0: could not open port '/dev/serial0': FileNotFoundError(2, 'The system cannot find the path specified.', None, 3). Retrying in 5.0s...
2026-05-12 18:18:07.911 | ERROR    | HALService | [UM982] Start failed: could not open port '/dev/gnss_um982': FileNotFoundError(2, 'The system cannot find the path specified.', None, 3)
2026-05-12 18:18:07.911 | WARNING  | HALService | [GNSS Node] Cannot open /dev/gnss_um982: could not open port '/dev/gnss_um982': FileNotFoundError(2, 'The system cannot find the path specified.', None, 3). Retrying in 5.0s...
2026-05-12 18:18:10.932 | WARNING  | HALService | [IMU Node] Cannot open /dev/serial0: could not open port '/dev/serial0': FileNotFoundError(2, 'The system cannot find the path specified.', None, 3). Retrying in 5.0s...
2026-05-12 18:18:12.919 | ERROR    | HALService | [UM982] Start failed: could not open port '/dev/gnss_um982': FileNotFoundError(2, 'The system cannot find the path specified.', None, 3)
2026-05-12 18:18:12.919 | WARNING  | HALService | [GNSS Node] Cannot open /dev/gnss_um982: could not open port '/dev/gnss_um982': FileNotFoundError(2, 'The system cannot find the path specified.', None, 3). Retrying in 5.0s...
2026-05-12 18:18:15.933 | WARNING  | HALService | [IMU Node] Cannot open /dev/serial0: could not open port '/dev/serial0': FileNotFoundError(2, 'The system cannot find the path specified.', None, 3). Retrying in 5.0s...
2026-05-12 18:18:17.927 | ERROR    | HALService | [UM982] Start failed: could not open port '/dev/gnss_um982': FileNotFoundError(2, 'The system cannot find the path specified.', None, 3)
2026-05-12 18:18:17.927 | WARNING  | HALService | [GNSS Node] Cannot open /dev/gnss_um982: could not open port '/dev/gnss_um982': FileNotFoundError(2, 'The system cannot find the path specified.', None, 3). Retrying in 5.0s...
2026-05-12 18:18:20.933 | WARNING  | HALService | [IMU Node] Cannot open /dev/serial0: could not open port '/dev/serial0': FileNotFoundError(2, 'The system cannot find the path specified.', None, 3). Retrying in 5.0s...
2026-05-12 18:18:22.934 | ERROR    | HALService | [UM982] Start failed: could not open port '/dev/gnss_um982': FileNotFoundError(2, 'The system cannot find the path specified.', None, 3)
2026-05-12 18:18:22.934 | WARNING  | HALService | [GNSS Node] Cannot open /dev/gnss_um982: could not open port '/dev/gnss_um982': FileNotFoundError(2, 'The system cannot find the path specified.', None, 3). Retrying in 5.0s...
2026-05-12 18:18:25.934 | WARNING  | HALService | [IMU Node] Cannot open /dev/serial0: could not open port '/dev/serial0': FileNotFoundError(2, 'The system cannot find the path specified.', None, 3). Retrying in 5.0s...
2026-05-12 18:18:27.945 | ERROR    | HALService | [UM982] Start failed: could not open port '/dev/gnss_um982': FileNotFoundError(2, 'The system cannot find the path specified.', None, 3)
2026-05-12 18:18:27.945 | WARNING  | HALService | [GNSS Node] Cannot open /dev/gnss_um982: could not open port '/dev/gnss_um982': FileNotFoundError(2, 'The system cannot find the path specified.', None, 3). Retrying in 5.0s...
2026-05-12 18:18:30.935 | WARNING  | HALService | [IMU Node] Cannot open /dev/serial0: could not open port '/dev/serial0': FileNotFoundError(2, 'The system cannot find the path specified.', None, 3). Retrying in 5.0s...
2026-05-12 18:18:32.953 | ERROR    | HALService | [UM982] Start failed: could not open port '/dev/gnss_um982': FileNotFoundError(2, 'The system cannot find the path specified.', None, 3)
2026-05-12 18:18:32.953 | WARNING  | HALService | [GNSS Node] Cannot open /dev/gnss_um982: could not open port '/dev/gnss_um982': FileNotFoundError(2, 'The system cannot find the path specified.', None, 3). Retrying in 5.0s...
2026-05-12 18:18:35.936 | WARNING  | HALService | [IMU Node] Cannot open /dev/serial0: could not open port '/dev/serial0': FileNotFoundError(2, 'The system cannot find the path specified.', None, 3). Retrying in 5.0s...
2026-05-12 18:18:37.962 | ERROR    | HALService | [UM982] Start failed: could not open port '/dev/gnss_um982': FileNotFoundError(2, 'The system cannot find the path specified.', None, 3)
2026-05-12 18:18:37.962 | WARNING  | HALService | [GNSS Node] Cannot open /dev/gnss_um982: could not open port '/dev/gnss_um982': FileNotFoundError(2, 'The system cannot find the path specified.', None, 3). Retrying in 5.0s...
2026-05-12 18:18:40.936 | WARNING  | HALService | [IMU Node] Cannot open /dev/serial0: could not open port '/dev/serial0': FileNotFoundError(2, 'The system cannot find the path specified.', None, 3). Retrying in 5.0s...
2026-05-12 18:18:42.970 | ERROR    | HALService | [UM982] Start failed: could not open port '/dev/gnss_um982': FileNotFoundError(2, 'The system cannot find the path specified.', None, 3)
2026-05-12 18:18:42.971 | WARNING  | HALService | [GNSS Node] Cannot open /dev/gnss_um982: could not open port '/dev/gnss_um982': FileNotFoundError(2, 'The system cannot find the path specified.', None, 3). Retrying in 5.0s...
2026-05-12 18:18:45.937 | WARNING  | HALService | [IMU Node] Cannot open /dev/serial0: could not open port '/dev/serial0': FileNotFoundError(2, 'The system cannot find the path specified.', None, 3). Retrying in 5.0s...
2026-05-12 18:18:47.981 | ERROR    | HALService | [UM982] Start failed: could not open port '/dev/gnss_um982': FileNotFoundError(2, 'The system cannot find the path specified.', None, 3)
2026-05-12 18:18:47.981 | WARNING  | HALService | [GNSS Node] Cannot open /dev/gnss_um982: could not open port '/dev/gnss_um982': FileNotFoundError(2, 'The system cannot find the path specified.', None, 3). Retrying in 5.0s...
2026-05-12 18:18:50.938 | WARNING  | HALService | [IMU Node] Cannot open /dev/serial0: could not open port '/dev/serial0': FileNotFoundError(2, 'The system cannot find the path specified.', None, 3). Retrying in 5.0s...
2026-05-12 18:18:52.990 | ERROR    | HALService | [UM982] Start failed: could not open port '/dev/gnss_um982': FileNotFoundError(2, 'The system cannot find the path specified.', None, 3)
2026-05-12 18:18:52.990 | WARNING  | HALService | [GNSS Node] Cannot open /dev/gnss_um982: could not open port '/dev/gnss_um982': FileNotFoundError(2, 'The system cannot find the path specified.', None, 3). Retrying in 5.0s...
2026-05-12 18:18:55.939 | WARNING  | HALService | [IMU Node] Cannot open /dev/serial0: could not open port '/dev/serial0': FileNotFoundError(2, 'The system cannot find the path specified.', None, 3). Retrying in 5.0s...
2026-05-12 18:18:57.999 | ERROR    | HALService | [UM982] Start failed: could not open port '/dev/gnss_um982': FileNotFoundError(2, 'The system cannot find the path specified.', None, 3)
2026-05-12 18:18:57.999 | WARNING  | HALService | [GNSS Node] Cannot open /dev/gnss_um982: could not open port '/dev/gnss_um982': FileNotFoundError(2, 'The system cannot find the path specified.', None, 3). Retrying in 5.0s...
2026-05-12 18:19:00.939 | WARNING  | HALService | [IMU Node] Cannot open /dev/serial0: could not open port '/dev/serial0': FileNotFoundError(2, 'The system cannot find the path specified.', None, 3). Retrying in 5.0s...
2026-05-12 18:19:03.008 | ERROR    | HALService | [UM982] Start failed: could not open port '/dev/gnss_um982': FileNotFoundError(2, 'The system cannot find the path specified.', None, 3)
2026-05-12 18:19:03.008 | WARNING  | HALService | [GNSS Node] Cannot open /dev/gnss_um982: could not open port '/dev/gnss_um982': FileNotFoundError(2, 'The system cannot find the path specified.', None, 3). Retrying in 5.0s...
2026-05-12 18:19:05.940 | WARNING  | HALService | [IMU Node] Cannot open /dev/serial0: could not open port '/dev/serial0': FileNotFoundError(2, 'The system cannot find the path specified.', None, 3). Retrying in 5.0s...
2026-05-12 18:19:08.017 | ERROR    | HALService | [UM982] Start failed: could not open port '/dev/gnss_um982': FileNotFoundError(2, 'The system cannot find the path specified.', None, 3)
2026-05-12 18:19:08.017 | WARNING  | HALService | [GNSS Node] Cannot open /dev/gnss_um982: could not open port '/dev/gnss_um982': FileNotFoundError(2, 'The system cannot find the path specified.', None, 3). Retrying in 5.0s...
2026-05-12 18:19:10.941 | WARNING  | HALService | [IMU Node] Cannot open /dev/serial0: could not open port '/dev/serial0': FileNotFoundError(2, 'The system cannot find the path specified.', None, 3). Retrying in 5.0s...
2026-05-12 18:19:13.025 | ERROR    | HALService | [UM982] Start failed: could not open port '/dev/gnss_um982': FileNotFoundError(2, 'The system cannot find the path specified.', None, 3)
2026-05-12 18:19:13.025 | WARNING  | HALService | [GNSS Node] Cannot open /dev/gnss_um982: could not open port '/dev/gnss_um982': FileNotFoundError(2, 'The system cannot find the path specified.', None, 3). Retrying in 5.0s...
2026-05-12 18:19:15.941 | WARNING  | HALService | [IMU Node] Cannot open /dev/serial0: could not open port '/dev/serial0': FileNotFoundError(2, 'The system cannot find the path specified.', None, 3). Retrying in 5.0s...
2026-05-12 18:19:18.033 | ERROR    | HALService | [UM982] Start failed: could not open port '/dev/gnss_um982': FileNotFoundError(2, 'The system cannot find the path specified.', None, 3)
2026-05-12 18:19:18.034 | WARNING  | HALService | [GNSS Node] Cannot open /dev/gnss_um982: could not open port '/dev/gnss_um982': FileNotFoundError(2, 'The system cannot find the path specified.', None, 3). Retrying in 5.0s...
2026-05-12 18:19:20.942 | WARNING  | HALService | [IMU Node] Cannot open /dev/serial0: could not open port '/dev/serial0': FileNotFoundError(2, 'The system cannot find the path specified.', None, 3). Retrying in 5.0s...
2026-05-12 18:19:23.044 | ERROR    | HALService | [UM982] Start failed: could not open port '/dev/gnss_um982': FileNotFoundError(2, 'The system cannot find the path specified.', None, 3)
2026-05-12 18:19:23.044 | WARNING  | HALService | [GNSS Node] Cannot open /dev/gnss_um982: could not open port '/dev/gnss_um982': FileNotFoundError(2, 'The system cannot find the path specified.', None, 3). Retrying in 5.0s...
2026-05-12 18:19:25.943 | WARNING  | HALService | [IMU Node] Cannot open /dev/serial0: could not open port '/dev/serial0': FileNotFoundError(2, 'The system cannot find the path specified.', None, 3). Retrying in 5.0s...
2026-05-12 18:19:28.055 | ERROR    | HALService | [UM982] Start failed: could not open port '/dev/gnss_um982': FileNotFoundError(2, 'The system cannot find the path specified.', None, 3)
2026-05-12 18:19:28.055 | WARNING  | HALService | [GNSS Node] Cannot open /dev/gnss_um982: could not open port '/dev/gnss_um982': FileNotFoundError(2, 'The system cannot find the path specified.', None, 3). Retrying in 5.0s...
2026-05-12 18:19:30.943 | WARNING  | HALService | [IMU Node] Cannot open /dev/serial0: could not open port '/dev/serial0': FileNotFoundError(2, 'The system cannot find the path specified.', None, 3). Retrying in 5.0s...
2026-05-12 18:19:33.064 | ERROR    | HALService | [UM982] Start failed: could not open port '/dev/gnss_um982': FileNotFoundError(2, 'The system cannot find the path specified.', None, 3)
2026-05-12 18:19:33.064 | WARNING  | HALService | [GNSS Node] Cannot open /dev/gnss_um982: could not open port '/dev/gnss_um982': FileNotFoundError(2, 'The system cannot find the path specified.', None, 3). Retrying in 5.0s...
2026-05-12 18:19:35.944 | WARNING  | HALService | [IMU Node] Cannot open /dev/serial0: could not open port '/dev/serial0': FileNotFoundError(2, 'The system cannot find the path specified.', None, 3). Retrying in 5.0s...
2026-05-12 18:19:38.072 | ERROR    | HALService | [UM982] Start failed: could not open port '/dev/gnss_um982': FileNotFoundError(2, 'The system cannot find the path specified.', None, 3)
2026-05-12 18:19:38.072 | WARNING  | HALService | [GNSS Node] Cannot open /dev/gnss_um982: could not open port '/dev/gnss_um982': FileNotFoundError(2, 'The system cannot find the path specified.', None, 3). Retrying in 5.0s...
2026-05-12 18:19:40.945 | WARNING  | HALService | [IMU Node] Cannot open /dev/serial0: could not open port '/dev/serial0': FileNotFoundError(2, 'The system cannot find the path specified.', None, 3). Retrying in 5.0s...
2026-05-12 18:19:43.080 | ERROR    | HALService | [UM982] Start failed: could not open port '/dev/gnss_um982': FileNotFoundError(2, 'The system cannot find the path specified.', None, 3)
2026-05-12 18:19:43.080 | WARNING  | HALService | [GNSS Node] Cannot open /dev/gnss_um982: could not open port '/dev/gnss_um982': FileNotFoundError(2, 'The system cannot find the path specified.', None, 3). Retrying in 5.0s...
2026-05-12 18:19:45.946 | WARNING  | HALService | [IMU Node] Cannot open /dev/serial0: could not open port '/dev/serial0': FileNotFoundError(2, 'The system cannot find the path specified.', None, 3). Retrying in 5.0s...
2026-05-12 18:19:48.089 | ERROR    | HALService | [UM982] Start failed: could not open port '/dev/gnss_um982': FileNotFoundError(2, 'The system cannot find the path specified.', None, 3)
2026-05-12 18:19:48.089 | WARNING  | HALService | [GNSS Node] Cannot open /dev/gnss_um982: could not open port '/dev/gnss_um982': FileNotFoundError(2, 'The system cannot find the path specified.', None, 3). Retrying in 5.0s...
2026-05-12 18:19:50.946 | WARNING  | HALService | [IMU Node] Cannot open /dev/serial0: could not open port '/dev/serial0': FileNotFoundError(2, 'The system cannot find the path specified.', None, 3). Retrying in 5.0s...
2026-05-12 18:19:53.098 | ERROR    | HALService | [UM982] Start failed: could not open port '/dev/gnss_um982': FileNotFoundError(2, 'The system cannot find the path specified.', None, 3)
2026-05-12 18:19:53.098 | WARNING  | HALService | [GNSS Node] Cannot open /dev/gnss_um982: could not open port '/dev/gnss_um982': FileNotFoundError(2, 'The system cannot find the path specified.', None, 3). Retrying in 5.0s...
2026-05-12 18:19:55.947 | WARNING  | HALService | [IMU Node] Cannot open /dev/serial0: could not open port '/dev/serial0': FileNotFoundError(2, 'The system cannot find the path specified.', None, 3). Retrying in 5.0s...
2026-05-12 18:19:58.108 | ERROR    | HALService | [UM982] Start failed: could not open port '/dev/gnss_um982': FileNotFoundError(2, 'The system cannot find the path specified.', None, 3)
2026-05-12 18:19:58.108 | WARNING  | HALService | [GNSS Node] Cannot open /dev/gnss_um982: could not open port '/dev/gnss_um982': FileNotFoundError(2, 'The system cannot find the path specified.', None, 3). Retrying in 5.0s...
2026-05-12 18:20:00.948 | WARNING  | HALService | [IMU Node] Cannot open /dev/serial0: could not open port '/dev/serial0': FileNotFoundError(2, 'The system cannot find the path specified.', None, 3). Retrying in 5.0s...
2026-05-12 18:20:03.117 | ERROR    | HALService | [UM982] Start failed: could not open port '/dev/gnss_um982': FileNotFoundError(2, 'The system cannot find the path specified.', None, 3)
2026-05-12 18:20:03.117 | WARNING  | HALService | [GNSS Node] Cannot open /dev/gnss_um982: could not open port '/dev/gnss_um982': FileNotFoundError(2, 'The system cannot find the path specified.', None, 3). Retrying in 5.0s...
2026-05-12 18:20:05.950 | WARNING  | HALService | [IMU Node] Cannot open /dev/serial0: could not open port '/dev/serial0': FileNotFoundError(2, 'The system cannot find the path specified.', None, 3). Retrying in 5.0s...
2026-05-12 18:20:08.127 | ERROR    | HALService | [UM982] Start failed: could not open port '/dev/gnss_um982': FileNotFoundError(2, 'The system cannot find the path specified.', None, 3)
2026-05-12 18:20:08.127 | WARNING  | HALService | [GNSS Node] Cannot open /dev/gnss_um982: could not open port '/dev/gnss_um982': FileNotFoundError(2, 'The system cannot find the path specified.', None, 3). Retrying in 5.0s...
2026-05-12 18:20:10.950 | WARNING  | HALService | [IMU Node] Cannot open /dev/serial0: could not open port '/dev/serial0': FileNotFoundError(2, 'The system cannot find the path specified.', None, 3). Retrying in 5.0s...
2026-05-12 18:20:13.136 | ERROR    | HALService | [UM982] Start failed: could not open port '/dev/gnss_um982': FileNotFoundError(2, 'The system cannot find the path specified.', None, 3)
2026-05-12 18:20:13.136 | WARNING  | HALService | [GNSS Node] Cannot open /dev/gnss_um982: could not open port '/dev/gnss_um982': FileNotFoundError(2, 'The system cannot find the path specified.', None, 3). Retrying in 5.0s...
2026-05-12 18:20:15.951 | WARNING  | HALService | [IMU Node] Cannot open /dev/serial0: could not open port '/dev/serial0': FileNotFoundError(2, 'The system cannot find the path specified.', None, 3). Retrying in 5.0s...
2026-05-12 18:20:18.146 | ERROR    | HALService | [UM982] Start failed: could not open port '/dev/gnss_um982': FileNotFoundError(2, 'The system cannot find the path specified.', None, 3)
2026-05-12 18:20:18.146 | WARNING  | HALService | [GNSS Node] Cannot open /dev/gnss_um982: could not open port '/dev/gnss_um982': FileNotFoundError(2, 'The system cannot find the path specified.', None, 3). Retrying in 5.0s...
2026-05-12 18:20:20.951 | WARNING  | HALService | [IMU Node] Cannot open /dev/serial0: could not open port '/dev/serial0': FileNotFoundError(2, 'The system cannot find the path specified.', None, 3). Retrying in 5.0s...
2026-05-12 18:20:23.155 | ERROR    | HALService | [UM982] Start failed: could not open port '/dev/gnss_um982': FileNotFoundError(2, 'The system cannot find the path specified.', None, 3)
2026-05-12 18:20:23.155 | WARNING  | HALService | [GNSS Node] Cannot open /dev/gnss_um982: could not open port '/dev/gnss_um982': FileNotFoundError(2, 'The system cannot find the path specified.', None, 3). Retrying in 5.0s...
2026-05-12 18:20:25.952 | WARNING  | HALService | [IMU Node] Cannot open /dev/serial0: could not open port '/dev/serial0': FileNotFoundError(2, 'The system cannot find the path specified.', None, 3). Retrying in 5.0s...
2026-05-12 18:20:28.162 | ERROR    | HALService | [UM982] Start failed: could not open port '/dev/gnss_um982': FileNotFoundError(2, 'The system cannot find the path specified.', None, 3)
2026-05-12 18:20:28.162 | WARNING  | HALService | [GNSS Node] Cannot open /dev/gnss_um982: could not open port '/dev/gnss_um982': FileNotFoundError(2, 'The system cannot find the path specified.', None, 3). Retrying in 5.0s...
2026-05-12 18:20:30.953 | WARNING  | HALService | [IMU Node] Cannot open /dev/serial0: could not open port '/dev/serial0': FileNotFoundError(2, 'The system cannot find the path specified.', None, 3). Retrying in 5.0s...
2026-05-12 18:20:33.171 | ERROR    | HALService | [UM982] Start failed: could not open port '/dev/gnss_um982': FileNotFoundError(2, 'The system cannot find the path specified.', None, 3)
2026-05-12 18:20:33.171 | WARNING  | HALService | [GNSS Node] Cannot open /dev/gnss_um982: could not open port '/dev/gnss_um982': FileNotFoundError(2, 'The system cannot find the path specified.', None, 3). Retrying in 5.0s...
2026-05-12 18:20:35.954 | WARNING  | HALService | [IMU Node] Cannot open /dev/serial0: could not open port '/dev/serial0': FileNotFoundError(2, 'The system cannot find the path specified.', None, 3). Retrying in 5.0s...
2026-05-12 18:20:38.180 | ERROR    | HALService | [UM982] Start failed: could not open port '/dev/gnss_um982': FileNotFoundError(2, 'The system cannot find the path specified.', None, 3)
2026-05-12 18:20:38.180 | WARNING  | HALService | [GNSS Node] Cannot open /dev/gnss_um982: could not open port '/dev/gnss_um982': FileNotFoundError(2, 'The system cannot find the path specified.', None, 3). Retrying in 5.0s...
2026-05-12 18:20:40.955 | WARNING  | HALService | [IMU Node] Cannot open /dev/serial0: could not open port '/dev/serial0': FileNotFoundError(2, 'The system cannot find the path specified.', None, 3). Retrying in 5.0s...
2026-05-12 18:20:43.190 | ERROR    | HALService | [UM982] Start failed: could not open port '/dev/gnss_um982': FileNotFoundError(2, 'The system cannot find the path specified.', None, 3)
2026-05-12 18:20:43.190 | WARNING  | HALService | [GNSS Node] Cannot open /dev/gnss_um982: could not open port '/dev/gnss_um982': FileNotFoundError(2, 'The system cannot find the path specified.', None, 3). Retrying in 5.0s...
2026-05-12 18:20:45.956 | WARNING  | HALService | [IMU Node] Cannot open /dev/serial0: could not open port '/dev/serial0': FileNotFoundError(2, 'The system cannot find the path specified.', None, 3). Retrying in 5.0s...
2026-05-12 18:20:48.199 | ERROR    | HALService | [UM982] Start failed: could not open port '/dev/gnss_um982': FileNotFoundError(2, 'The system cannot find the path specified.', None, 3)
2026-05-12 18:20:48.199 | WARNING  | HALService | [GNSS Node] Cannot open /dev/gnss_um982: could not open port '/dev/gnss_um982': FileNotFoundError(2, 'The system cannot find the path specified.', None, 3). Retrying in 5.0s...
2026-05-12 18:20:50.957 | WARNING  | HALService | [IMU Node] Cannot open /dev/serial0: could not open port '/dev/serial0': FileNotFoundError(2, 'The system cannot find the path specified.', None, 3). Retrying in 5.0s...
2026-05-12 18:20:53.211 | ERROR    | HALService | [UM982] Start failed: could not open port '/dev/gnss_um982': FileNotFoundError(2, 'The system cannot find the path specified.', None, 3)
2026-05-12 18:20:53.211 | WARNING  | HALService | [GNSS Node] Cannot open /dev/gnss_um982: could not open port '/dev/gnss_um982': FileNotFoundError(2, 'The system cannot find the path specified.', None, 3). Retrying in 5.0s...
2026-05-12 18:20:55.958 | WARNING  | HALService | [IMU Node] Cannot open /dev/serial0: could not open port '/dev/serial0': FileNotFoundError(2, 'The system cannot find the path specified.', None, 3). Retrying in 5.0s...
2026-05-12 18:20:58.221 | ERROR    | HALService | [UM982] Start failed: could not open port '/dev/gnss_um982': FileNotFoundError(2, 'The system cannot find the path specified.', None, 3)
2026-05-12 18:20:58.221 | WARNING  | HALService | [GNSS Node] Cannot open /dev/gnss_um982: could not open port '/dev/gnss_um982': FileNotFoundError(2, 'The system cannot find the path specified.', None, 3). Retrying in 5.0s...
2026-05-12 18:21:00.959 | WARNING  | HALService | [IMU Node] Cannot open /dev/serial0: could not open port '/dev/serial0': FileNotFoundError(2, 'The system cannot find the path specified.', None, 3). Retrying in 5.0s...
2026-05-12 18:21:03.231 | ERROR    | HALService | [UM982] Start failed: could not open port '/dev/gnss_um982': FileNotFoundError(2, 'The system cannot find the path specified.', None, 3)
2026-05-12 18:21:03.231 | WARNING  | HALService | [GNSS Node] Cannot open /dev/gnss_um982: could not open port '/dev/gnss_um982': FileNotFoundError(2, 'The system cannot find the path specified.', None, 3). Retrying in 5.0s...
2026-05-12 18:21:05.960 | WARNING  | HALService | [IMU Node] Cannot open /dev/serial0: could not open port '/dev/serial0': FileNotFoundError(2, 'The system cannot find the path specified.', None, 3). Retrying in 5.0s...
2026-05-12 18:21:08.239 | ERROR    | HALService | [UM982] Start failed: could not open port '/dev/gnss_um982': FileNotFoundError(2, 'The system cannot find the path specified.', None, 3)
2026-05-12 18:21:08.239 | WARNING  | HALService | [GNSS Node] Cannot open /dev/gnss_um982: could not open port '/dev/gnss_um982': FileNotFoundError(2, 'The system cannot find the path specified.', None, 3). Retrying in 5.0s...
2026-05-12 18:21:10.961 | WARNING  | HALService | [IMU Node] Cannot open /dev/serial0: could not open port '/dev/serial0': FileNotFoundError(2, 'The system cannot find the path specified.', None, 3). Retrying in 5.0s...
2026-05-12 18:21:13.248 | ERROR    | HALService | [UM982] Start failed: could not open port '/dev/gnss_um982': FileNotFoundError(2, 'The system cannot find the path specified.', None, 3)
2026-05-12 18:21:13.248 | WARNING  | HALService | [GNSS Node] Cannot open /dev/gnss_um982: could not open port '/dev/gnss_um982': FileNotFoundError(2, 'The system cannot find the path specified.', None, 3). Retrying in 5.0s...
2026-05-12 18:21:15.962 | WARNING  | HALService | [IMU Node] Cannot open /dev/serial0: could not open port '/dev/serial0': FileNotFoundError(2, 'The system cannot find the path specified.', None, 3). Retrying in 5.0s...
2026-05-12 18:21:18.257 | ERROR    | HALService | [UM982] Start failed: could not open port '/dev/gnss_um982': FileNotFoundError(2, 'The system cannot find the path specified.', None, 3)
2026-05-12 18:21:18.257 | WARNING  | HALService | [GNSS Node] Cannot open /dev/gnss_um982: could not open port '/dev/gnss_um982': FileNotFoundError(2, 'The system cannot find the path specified.', None, 3). Retrying in 5.0s...
2026-05-12 18:21:20.963 | WARNING  | HALService | [IMU Node] Cannot open /dev/serial0: could not open port '/dev/serial0': FileNotFoundError(2, 'The system cannot find the path specified.', None, 3). Retrying in 5.0s...
2026-05-12 18:21:23.266 | ERROR    | HALService | [UM982] Start failed: could not open port '/dev/gnss_um982': FileNotFoundError(2, 'The system cannot find the path specified.', None, 3)
2026-05-12 18:21:23.266 | WARNING  | HALService | [GNSS Node] Cannot open /dev/gnss_um982: could not open port '/dev/gnss_um982': FileNotFoundError(2, 'The system cannot find the path specified.', None, 3). Retrying in 5.0s...
2026-05-12 18:21:25.964 | WARNING  | HALService | [IMU Node] Cannot open /dev/serial0: could not open port '/dev/serial0': FileNotFoundError(2, 'The system cannot find the path specified.', None, 3). Retrying in 5.0s...
2026-05-12 18:21:28.276 | ERROR    | HALService | [UM982] Start failed: could not open port '/dev/gnss_um982': FileNotFoundError(2, 'The system cannot find the path specified.', None, 3)
2026-05-12 18:21:28.276 | WARNING  | HALService | [GNSS Node] Cannot open /dev/gnss_um982: could not open port '/dev/gnss_um982': FileNotFoundError(2, 'The system cannot find the path specified.', None, 3). Retrying in 5.0s...
2026-05-12 18:21:30.965 | WARNING  | HALService | [IMU Node] Cannot open /dev/serial0: could not open port '/dev/serial0': FileNotFoundError(2, 'The system cannot find the path specified.', None, 3). Retrying in 5.0s...
2026-05-12 18:21:33.285 | ERROR    | HALService | [UM982] Start failed: could not open port '/dev/gnss_um982': FileNotFoundError(2, 'The system cannot find the path specified.', None, 3)
2026-05-12 18:21:33.285 | WARNING  | HALService | [GNSS Node] Cannot open /dev/gnss_um982: could not open port '/dev/gnss_um982': FileNotFoundError(2, 'The system cannot find the path specified.', None, 3). Retrying in 5.0s...
2026-05-12 18:21:35.967 | WARNING  | HALService | [IMU Node] Cannot open /dev/serial0: could not open port '/dev/serial0': FileNotFoundError(2, 'The system cannot find the path specified.', None, 3). Retrying in 5.0s...
2026-05-12 18:21:38.295 | ERROR    | HALService | [UM982] Start failed: could not open port '/dev/gnss_um982': FileNotFoundError(2, 'The system cannot find the path specified.', None, 3)
2026-05-12 18:21:38.295 | WARNING  | HALService | [GNSS Node] Cannot open /dev/gnss_um982: could not open port '/dev/gnss_um982': FileNotFoundError(2, 'The system cannot find the path specified.', None, 3). Retrying in 5.0s...
2026-05-12 18:21:40.968 | WARNING  | HALService | [IMU Node] Cannot open /dev/serial0: could not open port '/dev/serial0': FileNotFoundError(2, 'The system cannot find the path specified.', None, 3). Retrying in 5.0s...
2026-05-12 18:21:43.305 | ERROR    | HALService | [UM982] Start failed: could not open port '/dev/gnss_um982': FileNotFoundError(2, 'The system cannot find the path specified.', None, 3)
2026-05-12 18:21:43.305 | WARNING  | HALService | [GNSS Node] Cannot open /dev/gnss_um982: could not open port '/dev/gnss_um982': FileNotFoundError(2, 'The system cannot find the path specified.', None, 3). Retrying in 5.0s...
2026-05-12 18:21:45.968 | WARNING  | HALService | [IMU Node] Cannot open /dev/serial0: could not open port '/dev/serial0': FileNotFoundError(2, 'The system cannot find the path specified.', None, 3). Retrying in 5.0s...
2026-05-12 18:21:48.315 | ERROR    | HALService | [UM982] Start failed: could not open port '/dev/gnss_um982': FileNotFoundError(2, 'The system cannot find the path specified.', None, 3)
2026-05-12 18:21:48.315 | WARNING  | HALService | [GNSS Node] Cannot open /dev/gnss_um982: could not open port '/dev/gnss_um982': FileNotFoundError(2, 'The system cannot find the path specified.', None, 3). Retrying in 5.0s...
2026-05-12 18:21:50.969 | WARNING  | HALService | [IMU Node] Cannot open /dev/serial0: could not open port '/dev/serial0': FileNotFoundError(2, 'The system cannot find the path specified.', None, 3). Retrying in 5.0s...
2026-05-12 18:21:53.326 | ERROR    | HALService | [UM982] Start failed: could not open port '/dev/gnss_um982': FileNotFoundError(2, 'The system cannot find the path specified.', None, 3)
2026-05-12 18:21:53.326 | WARNING  | HALService | [GNSS Node] Cannot open /dev/gnss_um982: could not open port '/dev/gnss_um982': FileNotFoundError(2, 'The system cannot find the path specified.', None, 3). Retrying in 5.0s...
2026-05-12 18:21:55.970 | WARNING  | HALService | [IMU Node] Cannot open /dev/serial0: could not open port '/dev/serial0': FileNotFoundError(2, 'The system cannot find the path specified.', None, 3). Retrying in 5.0s...
2026-05-12 18:21:58.336 | ERROR    | HALService | [UM982] Start failed: could not open port '/dev/gnss_um982': FileNotFoundError(2, 'The system cannot find the path specified.', None, 3)
2026-05-12 18:21:58.336 | WARNING  | HALService | [GNSS Node] Cannot open /dev/gnss_um982: could not open port '/dev/gnss_um982': FileNotFoundError(2, 'The system cannot find the path specified.', None, 3). Retrying in 5.0s...
2026-05-12 18:22:00.971 | WARNING  | HALService | [IMU Node] Cannot open /dev/serial0: could not open port '/dev/serial0': FileNotFoundError(2, 'The system cannot find the path specified.', None, 3). Retrying in 5.0s...
2026-05-12 18:22:03.346 | ERROR    | HALService | [UM982] Start failed: could not open port '/dev/gnss_um982': FileNotFoundError(2, 'The system cannot find the path specified.', None, 3)
2026-05-12 18:22:03.346 | WARNING  | HALService | [GNSS Node] Cannot open /dev/gnss_um982: could not open port '/dev/gnss_um982': FileNotFoundError(2, 'The system cannot find the path specified.', None, 3). Retrying in 5.0s...
2026-05-12 18:22:05.971 | WARNING  | HALService | [IMU Node] Cannot open /dev/serial0: could not open port '/dev/serial0': FileNotFoundError(2, 'The system cannot find the path specified.', None, 3). Retrying in 5.0s...
2026-05-12 18:22:08.358 | ERROR    | HALService | [UM982] Start failed: could not open port '/dev/gnss_um982': FileNotFoundError(2, 'The system cannot find the path specified.', None, 3)
2026-05-12 18:22:08.358 | WARNING  | HALService | [GNSS Node] Cannot open /dev/gnss_um982: could not open port '/dev/gnss_um982': FileNotFoundError(2, 'The system cannot find the path specified.', None, 3). Retrying in 5.0s...
2026-05-12 18:22:10.972 | WARNING  | HALService | [IMU Node] Cannot open /dev/serial0: could not open port '/dev/serial0': FileNotFoundError(2, 'The system cannot find the path specified.', None, 3). Retrying in 5.0s...
2026-05-12 18:22:13.367 | ERROR    | HALService | [UM982] Start failed: could not open port '/dev/gnss_um982': FileNotFoundError(2, 'The system cannot find the path specified.', None, 3)
2026-05-12 18:22:13.367 | WARNING  | HALService | [GNSS Node] Cannot open /dev/gnss_um982: could not open port '/dev/gnss_um982': FileNotFoundError(2, 'The system cannot find the path specified.', None, 3). Retrying in 5.0s...
2026-05-12 18:22:15.972 | WARNING  | HALService | [IMU Node] Cannot open /dev/serial0: could not open port '/dev/serial0': FileNotFoundError(2, 'The system cannot find the path specified.', None, 3). Retrying in 5.0s...
2026-05-12 18:22:18.376 | ERROR    | HALService | [UM982] Start failed: could not open port '/dev/gnss_um982': FileNotFoundError(2, 'The system cannot find the path specified.', None, 3)
2026-05-12 18:22:18.376 | WARNING  | HALService | [GNSS Node] Cannot open /dev/gnss_um982: could not open port '/dev/gnss_um982': FileNotFoundError(2, 'The system cannot find the path specified.', None, 3). Retrying in 5.0s...
2026-05-12 18:22:20.973 | WARNING  | HALService | [IMU Node] Cannot open /dev/serial0: could not open port '/dev/serial0': FileNotFoundError(2, 'The system cannot find the path specified.', None, 3). Retrying in 5.0s...
2026-05-12 18:22:23.386 | ERROR    | HALService | [UM982] Start failed: could not open port '/dev/gnss_um982': FileNotFoundError(2, 'The system cannot find the path specified.', None, 3)
2026-05-12 18:22:23.386 | WARNING  | HALService | [GNSS Node] Cannot open /dev/gnss_um982: could not open port '/dev/gnss_um982': FileNotFoundError(2, 'The system cannot find the path specified.', None, 3). Retrying in 5.0s...
2026-05-12 18:22:25.974 | WARNING  | HALService | [IMU Node] Cannot open /dev/serial0: could not open port '/dev/serial0': FileNotFoundError(2, 'The system cannot find the path specified.', None, 3). Retrying in 5.0s...
2026-05-12 18:22:28.394 | ERROR    | HALService | [UM982] Start failed: could not open port '/dev/gnss_um982': FileNotFoundError(2, 'The system cannot find the path specified.', None, 3)
2026-05-12 18:22:28.395 | WARNING  | HALService | [GNSS Node] Cannot open /dev/gnss_um982: could not open port '/dev/gnss_um982': FileNotFoundError(2, 'The system cannot find the path specified.', None, 3). Retrying in 5.0s...
2026-05-12 18:22:30.975 | WARNING  | HALService | [IMU Node] Cannot open /dev/serial0: could not open port '/dev/serial0': FileNotFoundError(2, 'The system cannot find the path specified.', None, 3). Retrying in 5.0s...
2026-05-12 18:22:33.405 | ERROR    | HALService | [UM982] Start failed: could not open port '/dev/gnss_um982': FileNotFoundError(2, 'The system cannot find the path specified.', None, 3)
2026-05-12 18:22:33.405 | WARNING  | HALService | [GNSS Node] Cannot open /dev/gnss_um982: could not open port '/dev/gnss_um982': FileNotFoundError(2, 'The system cannot find the path specified.', None, 3). Retrying in 5.0s...
2026-05-12 18:22:35.975 | WARNING  | HALService | [IMU Node] Cannot open /dev/serial0: could not open port '/dev/serial0': FileNotFoundError(2, 'The system cannot find the path specified.', None, 3). Retrying in 5.0s...
2026-05-12 18:22:38.414 | ERROR    | HALService | [UM982] Start failed: could not open port '/dev/gnss_um982': FileNotFoundError(2, 'The system cannot find the path specified.', None, 3)
2026-05-12 18:22:38.414 | WARNING  | HALService | [GNSS Node] Cannot open /dev/gnss_um982: could not open port '/dev/gnss_um982': FileNotFoundError(2, 'The system cannot find the path specified.', None, 3). Retrying in 5.0s...
2026-05-12 18:22:40.977 | WARNING  | HALService | [IMU Node] Cannot open /dev/serial0: could not open port '/dev/serial0': FileNotFoundError(2, 'The system cannot find the path specified.', None, 3). Retrying in 5.0s...
2026-05-12 18:22:43.425 | ERROR    | HALService | [UM982] Start failed: could not open port '/dev/gnss_um982': FileNotFoundError(2, 'The system cannot find the path specified.', None, 3)
2026-05-12 18:22:43.425 | WARNING  | HALService | [GNSS Node] Cannot open /dev/gnss_um982: could not open port '/dev/gnss_um982': FileNotFoundError(2, 'The system cannot find the path specified.', None, 3). Retrying in 5.0s...
2026-05-12 18:22:45.977 | WARNING  | HALService | [IMU Node] Cannot open /dev/serial0: could not open port '/dev/serial0': FileNotFoundError(2, 'The system cannot find the path specified.', None, 3). Retrying in 5.0s...
2026-05-12 18:22:48.436 | ERROR    | HALService | [UM982] Start failed: could not open port '/dev/gnss_um982': FileNotFoundError(2, 'The system cannot find the path specified.', None, 3)
2026-05-12 18:22:48.437 | WARNING  | HALService | [GNSS Node] Cannot open /dev/gnss_um982: could not open port '/dev/gnss_um982': FileNotFoundError(2, 'The system cannot find the path specified.', None, 3). Retrying in 5.0s...
2026-05-12 18:22:50.978 | WARNING  | HALService | [IMU Node] Cannot open /dev/serial0: could not open port '/dev/serial0': FileNotFoundError(2, 'The system cannot find the path specified.', None, 3). Retrying in 5.0s...
2026-05-12 18:22:53.446 | ERROR    | HALService | [UM982] Start failed: could not open port '/dev/gnss_um982': FileNotFoundError(2, 'The system cannot find the path specified.', None, 3)
2026-05-12 18:22:53.446 | WARNING  | HALService | [GNSS Node] Cannot open /dev/gnss_um982: could not open port '/dev/gnss_um982': FileNotFoundError(2, 'The system cannot find the path specified.', None, 3). Retrying in 5.0s...
2026-05-12 18:22:55.979 | WARNING  | HALService | [IMU Node] Cannot open /dev/serial0: could not open port '/dev/serial0': FileNotFoundError(2, 'The system cannot find the path specified.', None, 3). Retrying in 5.0s...
2026-05-12 18:22:58.453 | ERROR    | HALService | [UM982] Start failed: could not open port '/dev/gnss_um982': FileNotFoundError(2, 'The system cannot find the path specified.', None, 3)
2026-05-12 18:22:58.453 | WARNING  | HALService | [GNSS Node] Cannot open /dev/gnss_um982: could not open port '/dev/gnss_um982': FileNotFoundError(2, 'The system cannot find the path specified.', None, 3). Retrying in 5.0s...
2026-05-12 18:23:00.980 | WARNING  | HALService | [IMU Node] Cannot open /dev/serial0: could not open port '/dev/serial0': FileNotFoundError(2, 'The system cannot find the path specified.', None, 3). Retrying in 5.0s...
2026-05-12 18:23:03.461 | ERROR    | HALService | [UM982] Start failed: could not open port '/dev/gnss_um982': FileNotFoundError(2, 'The system cannot find the path specified.', None, 3)
2026-05-12 18:23:03.461 | WARNING  | HALService | [GNSS Node] Cannot open /dev/gnss_um982: could not open port '/dev/gnss_um982': FileNotFoundError(2, 'The system cannot find the path specified.', None, 3). Retrying in 5.0s...
2026-05-12 18:23:05.980 | WARNING  | HALService | [IMU Node] Cannot open /dev/serial0: could not open port '/dev/serial0': FileNotFoundError(2, 'The system cannot find the path specified.', None, 3). Retrying in 5.0s...
2026-05-12 18:23:08.471 | ERROR    | HALService | [UM982] Start failed: could not open port '/dev/gnss_um982': FileNotFoundError(2, 'The system cannot find the path specified.', None, 3)
2026-05-12 18:23:08.472 | WARNING  | HALService | [GNSS Node] Cannot open /dev/gnss_um982: could not open port '/dev/gnss_um982': FileNotFoundError(2, 'The system cannot find the path specified.', None, 3). Retrying in 5.0s...
2026-05-12 18:23:10.981 | WARNING  | HALService | [IMU Node] Cannot open /dev/serial0: could not open port '/dev/serial0': FileNotFoundError(2, 'The system cannot find the path specified.', None, 3). Retrying in 5.0s...
2026-05-12 18:23:13.481 | ERROR    | HALService | [UM982] Start failed: could not open port '/dev/gnss_um982': FileNotFoundError(2, 'The system cannot find the path specified.', None, 3)
2026-05-12 18:23:13.481 | WARNING  | HALService | [GNSS Node] Cannot open /dev/gnss_um982: could not open port '/dev/gnss_um982': FileNotFoundError(2, 'The system cannot find the path specified.', None, 3). Retrying in 5.0s...
2026-05-12 18:23:15.982 | WARNING  | HALService | [IMU Node] Cannot open /dev/serial0: could not open port '/dev/serial0': FileNotFoundError(2, 'The system cannot find the path specified.', None, 3). Retrying in 5.0s...
2026-05-12 18:23:18.490 | ERROR    | HALService | [UM982] Start failed: could not open port '/dev/gnss_um982': FileNotFoundError(2, 'The system cannot find the path specified.', None, 3)
2026-05-12 18:23:18.490 | WARNING  | HALService | [GNSS Node] Cannot open /dev/gnss_um982: could not open port '/dev/gnss_um982': FileNotFoundError(2, 'The system cannot find the path specified.', None, 3). Retrying in 5.0s...
2026-05-12 18:23:20.983 | WARNING  | HALService | [IMU Node] Cannot open /dev/serial0: could not open port '/dev/serial0': FileNotFoundError(2, 'The system cannot find the path specified.', None, 3). Retrying in 5.0s...
2026-05-12 18:23:23.501 | ERROR    | HALService | [UM982] Start failed: could not open port '/dev/gnss_um982': FileNotFoundError(2, 'The system cannot find the path specified.', None, 3)
2026-05-12 18:23:23.501 | WARNING  | HALService | [GNSS Node] Cannot open /dev/gnss_um982: could not open port '/dev/gnss_um982': FileNotFoundError(2, 'The system cannot find the path specified.', None, 3). Retrying in 5.0s...
2026-05-12 18:23:25.984 | WARNING  | HALService | [IMU Node] Cannot open /dev/serial0: could not open port '/dev/serial0': FileNotFoundError(2, 'The system cannot find the path specified.', None, 3). Retrying in 5.0s...
2026-05-12 18:23:28.511 | ERROR    | HALService | [UM982] Start failed: could not open port '/dev/gnss_um982': FileNotFoundError(2, 'The system cannot find the path specified.', None, 3)
2026-05-12 18:23:28.511 | WARNING  | HALService | [GNSS Node] Cannot open /dev/gnss_um982: could not open port '/dev/gnss_um982': FileNotFoundError(2, 'The system cannot find the path specified.', None, 3). Retrying in 5.0s...
2026-05-12 18:23:30.985 | WARNING  | HALService | [IMU Node] Cannot open /dev/serial0: could not open port '/dev/serial0': FileNotFoundError(2, 'The system cannot find the path specified.', None, 3). Retrying in 5.0s...
2026-05-12 18:23:33.521 | ERROR    | HALService | [UM982] Start failed: could not open port '/dev/gnss_um982': FileNotFoundError(2, 'The system cannot find the path specified.', None, 3)
2026-05-12 18:23:33.521 | WARNING  | HALService | [GNSS Node] Cannot open /dev/gnss_um982: could not open port '/dev/gnss_um982': FileNotFoundError(2, 'The system cannot find the path specified.', None, 3). Retrying in 5.0s...
2026-05-12 18:23:35.986 | WARNING  | HALService | [IMU Node] Cannot open /dev/serial0: could not open port '/dev/serial0': FileNotFoundError(2, 'The system cannot find the path specified.', None, 3). Retrying in 5.0s...
2026-05-12 18:23:38.530 | ERROR    | HALService | [UM982] Start failed: could not open port '/dev/gnss_um982': FileNotFoundError(2, 'The system cannot find the path specified.', None, 3)
2026-05-12 18:23:38.530 | WARNING  | HALService | [GNSS Node] Cannot open /dev/gnss_um982: could not open port '/dev/gnss_um982': FileNotFoundError(2, 'The system cannot find the path specified.', None, 3). Retrying in 5.0s...
2026-05-12 18:23:40.987 | WARNING  | HALService | [IMU Node] Cannot open /dev/serial0: could not open port '/dev/serial0': FileNotFoundError(2, 'The system cannot find the path specified.', None, 3). Retrying in 5.0s...
2026-05-12 18:23:43.539 | ERROR    | HALService | [UM982] Start failed: could not open port '/dev/gnss_um982': FileNotFoundError(2, 'The system cannot find the path specified.', None, 3)
2026-05-12 18:23:43.539 | WARNING  | HALService | [GNSS Node] Cannot open /dev/gnss_um982: could not open port '/dev/gnss_um982': FileNotFoundError(2, 'The system cannot find the path specified.', None, 3). Retrying in 5.0s...
2026-05-12 18:23:45.988 | WARNING  | HALService | [IMU Node] Cannot open /dev/serial0: could not open port '/dev/serial0': FileNotFoundError(2, 'The system cannot find the path specified.', None, 3). Retrying in 5.0s...
2026-05-12 18:23:48.549 | ERROR    | HALService | [UM982] Start failed: could not open port '/dev/gnss_um982': FileNotFoundError(2, 'The system cannot find the path specified.', None, 3)
2026-05-12 18:23:48.549 | WARNING  | HALService | [GNSS Node] Cannot open /dev/gnss_um982: could not open port '/dev/gnss_um982': FileNotFoundError(2, 'The system cannot find the path specified.', None, 3). Retrying in 5.0s...
2026-05-12 18:23:50.988 | WARNING  | HALService | [IMU Node] Cannot open /dev/serial0: could not open port '/dev/serial0': FileNotFoundError(2, 'The system cannot find the path specified.', None, 3). Retrying in 5.0s...
2026-05-12 18:23:53.560 | ERROR    | HALService | [UM982] Start failed: could not open port '/dev/gnss_um982': FileNotFoundError(2, 'The system cannot find the path specified.', None, 3)
2026-05-12 18:23:53.560 | WARNING  | HALService | [GNSS Node] Cannot open /dev/gnss_um982: could not open port '/dev/gnss_um982': FileNotFoundError(2, 'The system cannot find the path specified.', None, 3). Retrying in 5.0s...
2026-05-12 18:23:55.989 | WARNING  | HALService | [IMU Node] Cannot open /dev/serial0: could not open port '/dev/serial0': FileNotFoundError(2, 'The system cannot find the path specified.', None, 3). Retrying in 5.0s...
2026-05-12 18:23:58.567 | ERROR    | HALService | [UM982] Start failed: could not open port '/dev/gnss_um982': FileNotFoundError(2, 'The system cannot find the path specified.', None, 3)
2026-05-12 18:23:58.567 | WARNING  | HALService | [GNSS Node] Cannot open /dev/gnss_um982: could not open port '/dev/gnss_um982': FileNotFoundError(2, 'The system cannot find the path specified.', None, 3). Retrying in 5.0s...
2026-05-12 18:24:00.990 | WARNING  | HALService | [IMU Node] Cannot open /dev/serial0: could not open port '/dev/serial0': FileNotFoundError(2, 'The system cannot find the path specified.', None, 3). Retrying in 5.0s...
2026-05-12 18:24:03.576 | ERROR    | HALService | [UM982] Start failed: could not open port '/dev/gnss_um982': FileNotFoundError(2, 'The system cannot find the path specified.', None, 3)
2026-05-12 18:24:03.576 | WARNING  | HALService | [GNSS Node] Cannot open /dev/gnss_um982: could not open port '/dev/gnss_um982': FileNotFoundError(2, 'The system cannot find the path specified.', None, 3). Retrying in 5.0s...
2026-05-12 18:24:05.991 | WARNING  | HALService | [IMU Node] Cannot open /dev/serial0: could not open port '/dev/serial0': FileNotFoundError(2, 'The system cannot find the path specified.', None, 3). Retrying in 5.0s...
2026-05-12 18:24:08.587 | ERROR    | HALService | [UM982] Start failed: could not open port '/dev/gnss_um982': FileNotFoundError(2, 'The system cannot find the path specified.', None, 3)
2026-05-12 18:24:08.587 | WARNING  | HALService | [GNSS Node] Cannot open /dev/gnss_um982: could not open port '/dev/gnss_um982': FileNotFoundError(2, 'The system cannot find the path specified.', None, 3). Retrying in 5.0s...
2026-05-12 18:24:10.991 | WARNING  | HALService | [IMU Node] Cannot open /dev/serial0: could not open port '/dev/serial0': FileNotFoundError(2, 'The system cannot find the path specified.', None, 3). Retrying in 5.0s...
2026-05-12 18:24:13.596 | ERROR    | HALService | [UM982] Start failed: could not open port '/dev/gnss_um982': FileNotFoundError(2, 'The system cannot find the path specified.', None, 3)
2026-05-12 18:24:13.596 | WARNING  | HALService | [GNSS Node] Cannot open /dev/gnss_um982: could not open port '/dev/gnss_um982': FileNotFoundError(2, 'The system cannot find the path specified.', None, 3). Retrying in 5.0s...
2026-05-12 18:24:15.992 | WARNING  | HALService | [IMU Node] Cannot open /dev/serial0: could not open port '/dev/serial0': FileNotFoundError(2, 'The system cannot find the path specified.', None, 3). Retrying in 5.0s...
2026-05-12 18:24:18.604 | ERROR    | HALService | [UM982] Start failed: could not open port '/dev/gnss_um982': FileNotFoundError(2, 'The system cannot find the path specified.', None, 3)
2026-05-12 18:24:18.604 | WARNING  | HALService | [GNSS Node] Cannot open /dev/gnss_um982: could not open port '/dev/gnss_um982': FileNotFoundError(2, 'The system cannot find the path specified.', None, 3). Retrying in 5.0s...
2026-05-12 18:24:20.993 | WARNING  | HALService | [IMU Node] Cannot open /dev/serial0: could not open port '/dev/serial0': FileNotFoundError(2, 'The system cannot find the path specified.', None, 3). Retrying in 5.0s...
2026-05-12 18:24:23.613 | ERROR    | HALService | [UM982] Start failed: could not open port '/dev/gnss_um982': FileNotFoundError(2, 'The system cannot find the path specified.', None, 3)
2026-05-12 18:24:23.613 | WARNING  | HALService | [GNSS Node] Cannot open /dev/gnss_um982: could not open port '/dev/gnss_um982': FileNotFoundError(2, 'The system cannot find the path specified.', None, 3). Retrying in 5.0s...
2026-05-12 18:24:25.993 | WARNING  | HALService | [IMU Node] Cannot open /dev/serial0: could not open port '/dev/serial0': FileNotFoundError(2, 'The system cannot find the path specified.', None, 3). Retrying in 5.0s...
2026-05-12 18:24:28.622 | ERROR    | HALService | [UM982] Start failed: could not open port '/dev/gnss_um982': FileNotFoundError(2, 'The system cannot find the path specified.', None, 3)
2026-05-12 18:24:28.622 | WARNING  | HALService | [GNSS Node] Cannot open /dev/gnss_um982: could not open port '/dev/gnss_um982': FileNotFoundError(2, 'The system cannot find the path specified.', None, 3). Retrying in 5.0s...
2026-05-12 18:24:30.994 | WARNING  | HALService | [IMU Node] Cannot open /dev/serial0: could not open port '/dev/serial0': FileNotFoundError(2, 'The system cannot find the path specified.', None, 3). Retrying in 5.0s...
2026-05-12 18:24:33.632 | ERROR    | HALService | [UM982] Start failed: could not open port '/dev/gnss_um982': FileNotFoundError(2, 'The system cannot find the path specified.', None, 3)
2026-05-12 18:24:33.632 | WARNING  | HALService | [GNSS Node] Cannot open /dev/gnss_um982: could not open port '/dev/gnss_um982': FileNotFoundError(2, 'The system cannot find the path specified.', None, 3). Retrying in 5.0s...
2026-05-12 18:24:35.995 | WARNING  | HALService | [IMU Node] Cannot open /dev/serial0: could not open port '/dev/serial0': FileNotFoundError(2, 'The system cannot find the path specified.', None, 3). Retrying in 5.0s...
2026-05-12 18:24:38.641 | ERROR    | HALService | [UM982] Start failed: could not open port '/dev/gnss_um982': FileNotFoundError(2, 'The system cannot find the path specified.', None, 3)
2026-05-12 18:24:38.641 | WARNING  | HALService | [GNSS Node] Cannot open /dev/gnss_um982: could not open port '/dev/gnss_um982': FileNotFoundError(2, 'The system cannot find the path specified.', None, 3). Retrying in 5.0s...
2026-05-12 18:24:40.996 | WARNING  | HALService | [IMU Node] Cannot open /dev/serial0: could not open port '/dev/serial0': FileNotFoundError(2, 'The system cannot find the path specified.', None, 3). Retrying in 5.0s...
2026-05-12 18:24:43.651 | ERROR    | HALService | [UM982] Start failed: could not open port '/dev/gnss_um982': FileNotFoundError(2, 'The system cannot find the path specified.', None, 3)
2026-05-12 18:24:43.651 | WARNING  | HALService | [GNSS Node] Cannot open /dev/gnss_um982: could not open port '/dev/gnss_um982': FileNotFoundError(2, 'The system cannot find the path specified.', None, 3). Retrying in 5.0s...
2026-05-12 18:24:45.997 | WARNING  | HALService | [IMU Node] Cannot open /dev/serial0: could not open port '/dev/serial0': FileNotFoundError(2, 'The system cannot find the path specified.', None, 3). Retrying in 5.0s...
2026-05-12 18:24:48.659 | ERROR    | HALService | [UM982] Start failed: could not open port '/dev/gnss_um982': FileNotFoundError(2, 'The system cannot find the path specified.', None, 3)
2026-05-12 18:24:48.659 | WARNING  | HALService | [GNSS Node] Cannot open /dev/gnss_um982: could not open port '/dev/gnss_um982': FileNotFoundError(2, 'The system cannot find the path specified.', None, 3). Retrying in 5.0s...
2026-05-12 18:24:49.186 | INFO     | ManagerService | Process ManagerService received signal 2. Stopping...
g...
2026-05-12 18:24:49.187 | INFO     | GNCService | Process GNCService received signal 2. Stopping...
2026-05-12 18:24:49.187 | INFO     | HALService | Process HALService received signal 2. Stopping...
2026-05-12 18:24:49.187 | WARNING  | MAIN | Main process received KeyboardInterrupt. Stopping services...
2026-05-12 18:24:49.195 | INFO     | GNCService | Process GNCService stopped.
2026-05-12 18:24:49.200 | INFO     | HALService | Process HALService stopped.
2026-05-12 18:24:49.210 | INFO     | ManagerService | Process ManagerService stopped.
2026-05-12 18:24:49.222 | INFO     | NavigationService | Process NavigationService stopped.
2026-05-12 18:24:49.223 | INFO     | CommsService | WebSocket client disconnected. Total: 0
2026-05-12 18:24:49.329 | INFO     | CommsService | ZMQ Consumer task cancelled
2026-05-12 18:24:49.331 | INFO     | CommsService | Stopping MAVLink Bridge...
2026-05-12 18:24:49.344 | INFO     | CommsService | MAVLink bridge stopped.
2026-05-12 18:24:49.407 | SUCCESS  | MAIN | All services stopped. Exiting.
2026-05-12 18:42:08.018 | INFO     | MAIN | Starting USV Control System
2026-05-12 18:42:08.018 | INFO     | MAIN | Mode: SIMULATION
2026-05-12 18:42:08.563 | INFO     | CommsService | Starting MAVLink Bridge thread...
2026-05-12 18:42:08.569 | INFO     | CommsService | Starting Web Server on port 8000
2026-05-12 18:42:08.570 | INFO     | CommsService | MAVLink bridge sending to udpout:127.0.0.1:14550
2026-05-12 18:42:08.573 | INFO     | BROKER | Broker started. Publishers -> :5555 | Subscribers <- :5556
2026-05-12 18:42:08.565 | INFO     | HALService | Process HALService starting...
2026-05-12 18:42:08.578 | INFO     | HALService | [GNSS Node] Publisher connected to ZMQ Bus: tcp://127.0.0.1:5555
2026-05-12 18:42:08.565 | INFO     | ManagerService | Process ManagerService starting...
2026-05-12 18:42:08.564 | INFO     | NavigationService | Process NavigationService starting...
2026-05-12 18:42:08.581 | INFO     | HALService | [GNSS Node] Subscriber connected to tcp://127.0.0.1:5556 for commands
2026-05-12 18:42:08.565 | INFO     | GNCService | Process GNCService starting...
2026-05-12 18:42:08.581 | INFO     | HALService | [GNSS Node] Starting (with auto-retry)...
2026-05-12 18:42:08.582 | ERROR    | HALService | [UM982] Start failed: could not open port '/dev/gnss_um982': FileNotFoundError(2, 'The system cannot find the path specified.', None, 3)
2026-05-12 18:42:08.582 | INFO     | HALService | GNSS Node (UM982) started on /dev/gnss_um982
2026-05-12 18:42:08.582 | WARNING  | HALService | [GNSS Node] Cannot open /dev/gnss_um982: could not open port '/dev/gnss_um982': FileNotFoundError(2, 'The system cannot find the path specified.', None, 3). Retrying in 5.0s...
2026-05-12 18:42:08.584 | INFO     | HALService | [IMU Node] Publisher connected to ZMQ Bus: tcp://127.0.0.1:5555
2026-05-12 18:42:08.585 | INFO     | HALService | [IMU Node] Starting (with auto-retry)...
2026-05-12 18:42:08.587 | INFO     | CommsService | Starting Web Server...
erial0
2026-05-12 18:42:08.587 | INFO     | HALService | [Power Node] Publisher connected to ZMQ Bus: tcp://127.0.0.1:5555
2026-05-12 18:42:08.587 | WARNING  | HALService | [IMU Node] Cannot open /dev/serial0: could not open port '/dev/serial0': FileNotFoundError(2, 'The system cannot find the path specified.', None, 3). Retrying in 5.0s...
2026-05-12 18:42:08.589 | INFO     | HALService | [Power Node] Subscriber connected to tcp://127.0.0.1:5556 for commands
2026-05-12 18:42:08.589 | INFO     | HALService | [Power Node] Starting (with auto-retry)...
2026-05-12 18:42:08.589 | INFO     | HALService | Power Node (PZEM-017) started on /dev/power_pzem
2026-05-12 18:42:08.589 | WARNING  | HALService | [Power Node] Cannot open /dev/power_pzem: could not open port '/dev/power_pzem': FileNotFoundError(2, 'The system cannot find the path specified.', None, 3). Retrying...
2026-05-12 18:42:08.591 | INFO     | HALService | Process HALService entering loop at 50.0 Hz
2026-05-12 18:42:08.682 | INFO     | NavigationService | Navigation Process initialized (passthrough mode)
2026-05-12 18:42:08.682 | INFO     | NavigationService | Process NavigationService entering loop at 20.0 Hz
2026-05-12 18:42:08.785 | INFO     | ManagerService | Manager: settings loaded from c:\PYTHON\ControlUSV\src\manager\..\..\data\manager_settings.json
2026-05-12 18:42:08.786 | INFO     | ManagerService | Manager Process Initialized. Waiting for commands...
2026-05-12 18:42:08.786 | INFO     | ManagerService | Process ManagerService entering loop at 10.0 Hz
2026-05-12 18:42:08.791 | INFO     | CommsService | Command publisher connected to ZMQ broker
2026-05-12 18:42:08.794 | INFO     | CommsService | Web Server ZMQ Consumer connected to tcp://127.0.0.1:5556 subscribing to ['sensor/gnss', 'sensor/imu', 'sensor/battery', 'sensor/status', 'gnc/ekf_state', 'system/status', 'gnc/control_debug', 'gnc/control_output', 'sim/status']
2026-05-12 18:42:09.196 | INFO     | GNCService | GNC Process initialized (waiting for AUTO mode)
2026-05-12 18:42:09.196 | INFO     | GNCService | Process GNCService entering loop at 20.0 Hz
2026-05-12 18:42:12.655 | INFO     | CommsService | WebSocket client connected. Total: 1
2026-05-12 18:42:12.657 | INFO     | CommsService | Command received and published: CommandType.SET_HOME_WP
2026-05-12 18:42:12.674 | INFO     | GNCService | GNC: Home WP set: {'lat': 39.47005748539058, 'lon': -0.3733599781405985}
2026-05-12 18:42:12.703 | INFO     | ManagerService | Manager received command: CommandType.SET_HOME_WP
2026-05-12 18:42:12.703 | INFO     | ManagerService | Home WP set: {'lat': 39.47005748539058, 'lon': -0.3733599781405985}
2026-05-12 18:42:13.590 | WARNING  | HALService | [IMU Node] Cannot open /dev/serial0: could not open port '/dev/serial0': FileNotFoundError(2, 'The system cannot find the path specified.', None, 3). Retrying in 5.0s...
2026-05-12 18:42:13.592 | ERROR    | HALService | [UM982] Start failed: could not open port '/dev/gnss_um982': FileNotFoundError(2, 'The system cannot find the path specified.', None, 3)
2026-05-12 18:42:13.592 | WARNING  | HALService | [GNSS Node] Cannot open /dev/gnss_um982: could not open port '/dev/gnss_um982': FileNotFoundError(2, 'The system cannot find the path specified.', None, 3). Retrying in 5.0s...
2026-05-12 18:42:18.591 | WARNING  | HALService | [IMU Node] Cannot open /dev/serial0: could not open port '/dev/serial0': FileNotFoundError(2, 'The system cannot find the path specified.', None, 3). Retrying in 5.0s...
2026-05-12 18:42:18.601 | ERROR    | HALService | [UM982] Start failed: could not open port '/dev/gnss_um982': FileNotFoundError(2, 'The system cannot find the path specified.', None, 3)
2026-05-12 18:42:18.601 | WARNING  | HALService | [GNSS Node] Cannot open /dev/gnss_um982: could not open port '/dev/gnss_um982': FileNotFoundError(2, 'The system cannot find the path specified.', None, 3). Retrying in 5.0s...
2026-05-12 18:42:19.458 | INFO     | CommsService | WebSocket client disconnected. Total: 0
2026-05-12 18:42:20.096 | INFO     | CommsService | WebSocket client connected. Total: 1
2026-05-12 18:42:20.097 | INFO     | CommsService | Command received and published: CommandType.SET_HOME_WP
2026-05-12 18:42:20.130 | INFO     | GNCService | GNC: Home WP set: {'lat': 39.47005748539058, 'lon': -0.3733599781405985}
2026-05-12 18:42:20.138 | INFO     | ManagerService | Manager received command: CommandType.SET_HOME_WP
2026-05-12 18:42:20.138 | INFO     | ManagerService | Home WP set: {'lat': 39.47005748539058, 'lon': -0.3733599781405985}
2026-05-12 18:42:23.148 | INFO     | CommsService | Command received and published: CommandType.SET_MODE
2026-05-12 18:42:23.151 | INFO     | ManagerService | Manager received command: CommandType.SET_MODE
2026-05-12 18:42:23.152 | INFO     | ManagerService | Mode changed to: WP_ROUTE
2026-05-12 18:42:23.591 | WARNING  | HALService | [IMU Node] Cannot open /dev/serial0: could not open port '/dev/serial0': FileNotFoundError(2, 'The system cannot find the path specified.', None, 3). Retrying in 5.0s...
2026-05-12 18:42:23.609 | ERROR    | HALService | [UM982] Start failed: could not open port '/dev/gnss_um982': FileNotFoundError(2, 'The system cannot find the path specified.', None, 3)
2026-05-12 18:42:23.609 | WARNING  | HALService | [GNSS Node] Cannot open /dev/gnss_um982: could not open port '/dev/gnss_um982': FileNotFoundError(2, 'The system cannot find the path specified.', None, 3). Retrying in 5.0s...
2026-05-12 18:42:25.263 | INFO     | CommsService | Command received and published: CommandType.SET_MODE
2026-05-12 18:42:25.362 | INFO     | ManagerService | Manager received command: CommandType.SET_MODE
2026-05-12 18:42:25.362 | INFO     | ManagerService | Mode changed to: STATION
2026-05-12 18:42:26.313 | INFO     | CommsService | Command received and published: CommandType.SET_MODE
2026-05-12 18:42:26.366 | INFO     | ManagerService | Manager received command: CommandType.SET_MODE
2026-05-12 18:42:26.366 | INFO     | ManagerService | Mode changed to: WP_ROUTE
2026-05-12 18:42:28.592 | WARNING  | HALService | [IMU Node] Cannot open /dev/serial0: could not open port '/dev/serial0': FileNotFoundError(2, 'The system cannot find the path specified.', None, 3). Retrying in 5.0s...
2026-05-12 18:42:28.619 | ERROR    | HALService | [UM982] Start failed: could not open port '/dev/gnss_um982': FileNotFoundError(2, 'The system cannot find the path specified.', None, 3)
2026-05-12 18:42:28.619 | WARNING  | HALService | [GNSS Node] Cannot open /dev/gnss_um982: could not open port '/dev/gnss_um982': FileNotFoundError(2, 'The system cannot find the path specified.', None, 3). Retrying in 5.0s...
2026-05-12 18:42:28.660 | INFO     | CommsService | Command received and published: CommandType.SET_MODE
2026-05-12 18:42:28.678 | INFO     | ManagerService | Manager received command: CommandType.SET_MODE
2026-05-12 18:42:28.678 | INFO     | ManagerService | Mode changed to: STATION
2026-05-12 18:42:29.538 | INFO     | CommsService | Command received and published: CommandType.SET_MODE
2026-05-12 18:42:29.581 | INFO     | ManagerService | Manager received command: CommandType.SET_MODE
2026-05-12 18:42:29.581 | INFO     | ManagerService | Mode changed to: WP_ROUTE
2026-05-12 18:42:33.593 | WARNING  | HALService | [IMU Node] Cannot open /dev/serial0: could not open port '/dev/serial0': FileNotFoundError(2, 'The system cannot find the path specified.', None, 3). Retrying in 5.0s...
2026-05-12 18:42:33.628 | ERROR    | HALService | [UM982] Start failed: could not open port '/dev/gnss_um982': FileNotFoundError(2, 'The system cannot find the path specified.', None, 3)
2026-05-12 18:42:33.629 | WARNING  | HALService | [GNSS Node] Cannot open /dev/gnss_um982: could not open port '/dev/gnss_um982': FileNotFoundError(2, 'The system cannot find the path specified.', None, 3). Retrying in 5.0s...
2026-05-12 18:42:38.594 | WARNING  | HALService | [IMU Node] Cannot open /dev/serial0: could not open port '/dev/serial0': FileNotFoundError(2, 'The system cannot find the path specified.', None, 3). Retrying in 5.0s...
2026-05-12 18:42:38.638 | ERROR    | HALService | [UM982] Start failed: could not open port '/dev/gnss_um982': FileNotFoundError(2, 'The system cannot find the path specified.', None, 3)
2026-05-12 18:42:38.638 | WARNING  | HALService | [GNSS Node] Cannot open /dev/gnss_um982: could not open port '/dev/gnss_um982': FileNotFoundError(2, 'The system cannot find the path specified.', None, 3). Retrying in 5.0s...
2026-05-12 18:42:43.594 | WARNING  | HALService | [IMU Node] Cannot open /dev/serial0: could not open port '/dev/serial0': FileNotFoundError(2, 'The system cannot find the path specified.', None, 3). Retrying in 5.0s...
2026-05-12 18:42:43.647 | ERROR    | HALService | [UM982] Start failed: could not open port '/dev/gnss_um982': FileNotFoundError(2, 'The system cannot find the path specified.', None, 3)
2026-05-12 18:42:43.647 | WARNING  | HALService | [GNSS Node] Cannot open /dev/gnss_um982: could not open port '/dev/gnss_um982': FileNotFoundError(2, 'The system cannot find the path specified.', None, 3). Retrying in 5.0s...
2026-05-12 18:42:48.595 | WARNING  | HALService | [IMU Node] Cannot open /dev/serial0: could not open port '/dev/serial0': FileNotFoundError(2, 'The system cannot find the path specified.', None, 3). Retrying in 5.0s...
2026-05-12 18:42:48.657 | ERROR    | HALService | [UM982] Start failed: could not open port '/dev/gnss_um982': FileNotFoundError(2, 'The system cannot find the path specified.', None, 3)
2026-05-12 18:42:48.657 | WARNING  | HALService | [GNSS Node] Cannot open /dev/gnss_um982: could not open port '/dev/gnss_um982': FileNotFoundError(2, 'The system cannot find the path specified.', None, 3). Retrying in 5.0s...
2026-05-12 18:42:53.596 | WARNING  | HALService | [IMU Node] Cannot open /dev/serial0: could not open port '/dev/serial0': FileNotFoundError(2, 'The system cannot find the path specified.', None, 3). Retrying in 5.0s...
2026-05-12 18:42:53.666 | ERROR    | HALService | [UM982] Start failed: could not open port '/dev/gnss_um982': FileNotFoundError(2, 'The system cannot find the path specified.', None, 3)
2026-05-12 18:42:53.666 | WARNING  | HALService | [GNSS Node] Cannot open /dev/gnss_um982: could not open port '/dev/gnss_um982': FileNotFoundError(2, 'The system cannot find the path specified.', None, 3). Retrying in 5.0s...
2026-05-12 18:42:58.597 | WARNING  | HALService | [IMU Node] Cannot open /dev/serial0: could not open port '/dev/serial0': FileNotFoundError(2, 'The system cannot find the path specified.', None, 3). Retrying in 5.0s...
2026-05-12 18:42:58.676 | ERROR    | HALService | [UM982] Start failed: could not open port '/dev/gnss_um982': FileNotFoundError(2, 'The system cannot find the path specified.', None, 3)
2026-05-12 18:42:58.677 | WARNING  | HALService | [GNSS Node] Cannot open /dev/gnss_um982: could not open port '/dev/gnss_um982': FileNotFoundError(2, 'The system cannot find the path specified.', None, 3). Retrying in 5.0s...
2026-05-12 18:43:03.597 | WARNING  | HALService | [IMU Node] Cannot open /dev/serial0: could not open port '/dev/serial0': FileNotFoundError(2, 'The system cannot find the path specified.', None, 3). Retrying in 5.0s...
2026-05-12 18:43:03.687 | ERROR    | HALService | [UM982] Start failed: could not open port '/dev/gnss_um982': FileNotFoundError(2, 'The system cannot find the path specified.', None, 3)
2026-05-12 18:43:03.687 | WARNING  | HALService | [GNSS Node] Cannot open /dev/gnss_um982: could not open port '/dev/gnss_um982': FileNotFoundError(2, 'The system cannot find the path specified.', None, 3). Retrying in 5.0s...
2026-05-12 18:43:08.598 | WARNING  | HALService | [IMU Node] Cannot open /dev/serial0: could not open port '/dev/serial0': FileNotFoundError(2, 'The system cannot find the path specified.', None, 3). Retrying in 5.0s...
2026-05-12 18:43:08.697 | ERROR    | HALService | [UM982] Start failed: could not open port '/dev/gnss_um982': FileNotFoundError(2, 'The system cannot find the path specified.', None, 3)
2026-05-12 18:43:08.697 | WARNING  | HALService | [GNSS Node] Cannot open /dev/gnss_um982: could not open port '/dev/gnss_um982': FileNotFoundError(2, 'The system cannot find the path specified.', None, 3). Retrying in 5.0s...
2026-05-12 18:43:13.599 | WARNING  | HALService | [IMU Node] Cannot open /dev/serial0: could not open port '/dev/serial0': FileNotFoundError(2, 'The system cannot find the path specified.', None, 3). Retrying in 5.0s...
2026-05-12 18:43:13.707 | ERROR    | HALService | [UM982] Start failed: could not open port '/dev/gnss_um982': FileNotFoundError(2, 'The system cannot find the path specified.', None, 3)
2026-05-12 18:43:13.707 | WARNING  | HALService | [GNSS Node] Cannot open /dev/gnss_um982: could not open port '/dev/gnss_um982': FileNotFoundError(2, 'The system cannot find the path specified.', None, 3). Retrying in 5.0s...
2026-05-12 18:43:18.599 | WARNING  | HALService | [IMU Node] Cannot open /dev/serial0: could not open port '/dev/serial0': FileNotFoundError(2, 'The system cannot find the path specified.', None, 3). Retrying in 5.0s...
2026-05-12 18:43:18.714 | ERROR    | HALService | [UM982] Start failed: could not open port '/dev/gnss_um982': FileNotFoundError(2, 'The system cannot find the path specified.', None, 3)
2026-05-12 18:43:18.714 | WARNING  | HALService | [GNSS Node] Cannot open /dev/gnss_um982: could not open port '/dev/gnss_um982': FileNotFoundError(2, 'The system cannot find the path specified.', None, 3). Retrying in 5.0s...
2026-05-12 18:43:23.600 | WARNING  | HALService | [IMU Node] Cannot open /dev/serial0: could not open port '/dev/serial0': FileNotFoundError(2, 'The system cannot find the path specified.', None, 3). Retrying in 5.0s...
2026-05-12 18:43:23.724 | ERROR    | HALService | [UM982] Start failed: could not open port '/dev/gnss_um982': FileNotFoundError(2, 'The system cannot find the path specified.', None, 3)
2026-05-12 18:43:23.724 | WARNING  | HALService | [GNSS Node] Cannot open /dev/gnss_um982: could not open port '/dev/gnss_um982': FileNotFoundError(2, 'The system cannot find the path specified.', None, 3). Retrying in 5.0s...
2026-05-12 18:43:28.600 | WARNING  | HALService | [IMU Node] Cannot open /dev/serial0: could not open port '/dev/serial0': FileNotFoundError(2, 'The system cannot find the path specified.', None, 3). Retrying in 5.0s...
2026-05-12 18:43:28.733 | ERROR    | HALService | [UM982] Start failed: could not open port '/dev/gnss_um982': FileNotFoundError(2, 'The system cannot find the path specified.', None, 3)
2026-05-12 18:43:28.733 | WARNING  | HALService | [GNSS Node] Cannot open /dev/gnss_um982: could not open port '/dev/gnss_um982': FileNotFoundError(2, 'The system cannot find the path specified.', None, 3). Retrying in 5.0s...
2026-05-12 18:43:33.601 | WARNING  | HALService | [IMU Node] Cannot open /dev/serial0: could not open port '/dev/serial0': FileNotFoundError(2, 'The system cannot find the path specified.', None, 3). Retrying in 5.0s...
2026-05-12 18:43:33.741 | ERROR    | HALService | [UM982] Start failed: could not open port '/dev/gnss_um982': FileNotFoundError(2, 'The system cannot find the path specified.', None, 3)
2026-05-12 18:43:33.741 | WARNING  | HALService | [GNSS Node] Cannot open /dev/gnss_um982: could not open port '/dev/gnss_um982': FileNotFoundError(2, 'The system cannot find the path specified.', None, 3). Retrying in 5.0s...
2026-05-12 18:43:38.602 | WARNING  | HALService | [IMU Node] Cannot open /dev/serial0: could not open port '/dev/serial0': FileNotFoundError(2, 'The system cannot find the path specified.', None, 3). Retrying in 5.0s...
2026-05-12 18:43:38.750 | ERROR    | HALService | [UM982] Start failed: could not open port '/dev/gnss_um982': FileNotFoundError(2, 'The system cannot find the path specified.', None, 3)
2026-05-12 18:43:38.750 | WARNING  | HALService | [GNSS Node] Cannot open /dev/gnss_um982: could not open port '/dev/gnss_um982': FileNotFoundError(2, 'The system cannot find the path specified.', None, 3). Retrying in 5.0s...
2026-05-12 18:43:43.603 | WARNING  | HALService | [IMU Node] Cannot open /dev/serial0: could not open port '/dev/serial0': FileNotFoundError(2, 'The system cannot find the path specified.', None, 3). Retrying in 5.0s...
2026-05-12 18:43:43.759 | ERROR    | HALService | [UM982] Start failed: could not open port '/dev/gnss_um982': FileNotFoundError(2, 'The system cannot find the path specified.', None, 3)
2026-05-12 18:43:43.759 | WARNING  | HALService | [GNSS Node] Cannot open /dev/gnss_um982: could not open port '/dev/gnss_um982': FileNotFoundError(2, 'The system cannot find the path specified.', None, 3). Retrying in 5.0s...
2026-05-12 18:43:48.603 | WARNING  | HALService | [IMU Node] Cannot open /dev/serial0: could not open port '/dev/serial0': FileNotFoundError(2, 'The system cannot find the path specified.', None, 3). Retrying in 5.0s...
2026-05-12 18:43:48.767 | ERROR    | HALService | [UM982] Start failed: could not open port '/dev/gnss_um982': FileNotFoundError(2, 'The system cannot find the path specified.', None, 3)
2026-05-12 18:43:48.767 | WARNING  | HALService | [GNSS Node] Cannot open /dev/gnss_um982: could not open port '/dev/gnss_um982': FileNotFoundError(2, 'The system cannot find the path specified.', None, 3). Retrying in 5.0s...
2026-05-12 18:43:53.605 | WARNING  | HALService | [IMU Node] Cannot open /dev/serial0: could not open port '/dev/serial0': FileNotFoundError(2, 'The system cannot find the path specified.', None, 3). Retrying in 5.0s...
2026-05-12 18:43:53.776 | ERROR    | HALService | [UM982] Start failed: could not open port '/dev/gnss_um982': FileNotFoundError(2, 'The system cannot find the path specified.', None, 3)
2026-05-12 18:43:53.776 | WARNING  | HALService | [GNSS Node] Cannot open /dev/gnss_um982: could not open port '/dev/gnss_um982': FileNotFoundError(2, 'The system cannot find the path specified.', None, 3). Retrying in 5.0s...
2026-05-12 18:43:58.605 | WARNING  | HALService | [IMU Node] Cannot open /dev/serial0: could not open port '/dev/serial0': FileNotFoundError(2, 'The system cannot find the path specified.', None, 3). Retrying in 5.0s...
2026-05-12 18:43:58.788 | ERROR    | HALService | [UM982] Start failed: could not open port '/dev/gnss_um982': FileNotFoundError(2, 'The system cannot find the path specified.', None, 3)
2026-05-12 18:43:58.788 | WARNING  | HALService | [GNSS Node] Cannot open /dev/gnss_um982: could not open port '/dev/gnss_um982': FileNotFoundError(2, 'The system cannot find the path specified.', None, 3). Retrying in 5.0s...
2026-05-12 18:44:03.606 | WARNING  | HALService | [IMU Node] Cannot open /dev/serial0: could not open port '/dev/serial0': FileNotFoundError(2, 'The system cannot find the path specified.', None, 3). Retrying in 5.0s...
2026-05-12 18:44:03.798 | ERROR    | HALService | [UM982] Start failed: could not open port '/dev/gnss_um982': FileNotFoundError(2, 'The system cannot find the path specified.', None, 3)
2026-05-12 18:44:03.798 | WARNING  | HALService | [GNSS Node] Cannot open /dev/gnss_um982: could not open port '/dev/gnss_um982': FileNotFoundError(2, 'The system cannot find the path specified.', None, 3). Retrying in 5.0s...
2026-05-12 18:44:08.607 | WARNING  | HALService | [IMU Node] Cannot open /dev/serial0: could not open port '/dev/serial0': FileNotFoundError(2, 'The system cannot find the path specified.', None, 3). Retrying in 5.0s...
2026-05-12 18:44:08.809 | ERROR    | HALService | [UM982] Start failed: could not open port '/dev/gnss_um982': FileNotFoundError(2, 'The system cannot find the path specified.', None, 3)
2026-05-12 18:44:08.809 | WARNING  | HALService | [GNSS Node] Cannot open /dev/gnss_um982: could not open port '/dev/gnss_um982': FileNotFoundError(2, 'The system cannot find the path specified.', None, 3). Retrying in 5.0s...
2026-05-12 18:44:13.607 | WARNING  | HALService | [IMU Node] Cannot open /dev/serial0: could not open port '/dev/serial0': FileNotFoundError(2, 'The system cannot find the path specified.', None, 3). Retrying in 5.0s...
2026-05-12 18:44:13.817 | ERROR    | HALService | [UM982] Start failed: could not open port '/dev/gnss_um982': FileNotFoundError(2, 'The system cannot find the path specified.', None, 3)
2026-05-12 18:44:13.818 | WARNING  | HALService | [GNSS Node] Cannot open /dev/gnss_um982: could not open port '/dev/gnss_um982': FileNotFoundError(2, 'The system cannot find the path specified.', None, 3). Retrying in 5.0s...
2026-05-12 18:44:18.609 | WARNING  | HALService | [IMU Node] Cannot open /dev/serial0: could not open port '/dev/serial0': FileNotFoundError(2, 'The system cannot find the path specified.', None, 3). Retrying in 5.0s...
2026-05-12 18:44:18.827 | ERROR    | HALService | [UM982] Start failed: could not open port '/dev/gnss_um982': FileNotFoundError(2, 'The system cannot find the path specified.', None, 3)
2026-05-12 18:44:18.827 | WARNING  | HALService | [GNSS Node] Cannot open /dev/gnss_um982: could not open port '/dev/gnss_um982': FileNotFoundError(2, 'The system cannot find the path specified.', None, 3). Retrying in 5.0s...
2026-05-12 18:44:23.609 | WARNING  | HALService | [IMU Node] Cannot open /dev/serial0: could not open port '/dev/serial0': FileNotFoundError(2, 'The system cannot find the path specified.', None, 3). Retrying in 5.0s...
2026-05-12 18:44:23.837 | ERROR    | HALService | [UM982] Start failed: could not open port '/dev/gnss_um982': FileNotFoundError(2, 'The system cannot find the path specified.', None, 3)
2026-05-12 18:44:23.837 | WARNING  | HALService | [GNSS Node] Cannot open /dev/gnss_um982: could not open port '/dev/gnss_um982': FileNotFoundError(2, 'The system cannot find the path specified.', None, 3). Retrying in 5.0s...
2026-05-12 18:44:28.610 | WARNING  | HALService | [IMU Node] Cannot open /dev/serial0: could not open port '/dev/serial0': FileNotFoundError(2, 'The system cannot find the path specified.', None, 3). Retrying in 5.0s...
2026-05-12 18:44:28.847 | ERROR    | HALService | [UM982] Start failed: could not open port '/dev/gnss_um982': FileNotFoundError(2, 'The system cannot find the path specified.', None, 3)
2026-05-12 18:44:28.847 | WARNING  | HALService | [GNSS Node] Cannot open /dev/gnss_um982: could not open port '/dev/gnss_um982': FileNotFoundError(2, 'The system cannot find the path specified.', None, 3). Retrying in 5.0s...
2026-05-12 18:44:33.611 | WARNING  | HALService | [IMU Node] Cannot open /dev/serial0: could not open port '/dev/serial0': FileNotFoundError(2, 'The system cannot find the path specified.', None, 3). Retrying in 5.0s...
2026-05-12 18:44:33.856 | ERROR    | HALService | [UM982] Start failed: could not open port '/dev/gnss_um982': FileNotFoundError(2, 'The system cannot find the path specified.', None, 3)
2026-05-12 18:44:33.856 | WARNING  | HALService | [GNSS Node] Cannot open /dev/gnss_um982: could not open port '/dev/gnss_um982': FileNotFoundError(2, 'The system cannot find the path specified.', None, 3). Retrying in 5.0s...
2026-05-12 18:44:38.611 | WARNING  | HALService | [IMU Node] Cannot open /dev/serial0: could not open port '/dev/serial0': FileNotFoundError(2, 'The system cannot find the path specified.', None, 3). Retrying in 5.0s...
2026-05-12 18:44:38.866 | ERROR    | HALService | [UM982] Start failed: could not open port '/dev/gnss_um982': FileNotFoundError(2, 'The system cannot find the path specified.', None, 3)
2026-05-12 18:44:38.866 | WARNING  | HALService | [GNSS Node] Cannot open /dev/gnss_um982: could not open port '/dev/gnss_um982': FileNotFoundError(2, 'The system cannot find the path specified.', None, 3). Retrying in 5.0s...
2026-05-12 18:44:43.612 | WARNING  | HALService | [IMU Node] Cannot open /dev/serial0: could not open port '/dev/serial0': FileNotFoundError(2, 'The system cannot find the path specified.', None, 3). Retrying in 5.0s...
2026-05-12 18:44:43.875 | ERROR    | HALService | [UM982] Start failed: could not open port '/dev/gnss_um982': FileNotFoundError(2, 'The system cannot find the path specified.', None, 3)
2026-05-12 18:44:43.875 | WARNING  | HALService | [GNSS Node] Cannot open /dev/gnss_um982: could not open port '/dev/gnss_um982': FileNotFoundError(2, 'The system cannot find the path specified.', None, 3). Retrying in 5.0s...
2026-05-12 18:44:48.613 | WARNING  | HALService | [IMU Node] Cannot open /dev/serial0: could not open port '/dev/serial0': FileNotFoundError(2, 'The system cannot find the path specified.', None, 3). Retrying in 5.0s...
2026-05-12 18:44:48.883 | ERROR    | HALService | [UM982] Start failed: could not open port '/dev/gnss_um982': FileNotFoundError(2, 'The system cannot find the path specified.', None, 3)
2026-05-12 18:44:48.883 | WARNING  | HALService | [GNSS Node] Cannot open /dev/gnss_um982: could not open port '/dev/gnss_um982': FileNotFoundError(2, 'The system cannot find the path specified.', None, 3). Retrying in 5.0s...
2026-05-12 18:44:53.614 | WARNING  | HALService | [IMU Node] Cannot open /dev/serial0: could not open port '/dev/serial0': FileNotFoundError(2, 'The system cannot find the path specified.', None, 3). Retrying in 5.0s...
2026-05-12 18:44:53.893 | ERROR    | HALService | [UM982] Start failed: could not open port '/dev/gnss_um982': FileNotFoundError(2, 'The system cannot find the path specified.', None, 3)
2026-05-12 18:44:53.893 | WARNING  | HALService | [GNSS Node] Cannot open /dev/gnss_um982: could not open port '/dev/gnss_um982': FileNotFoundError(2, 'The system cannot find the path specified.', None, 3). Retrying in 5.0s...
2026-05-12 18:44:58.614 | WARNING  | HALService | [IMU Node] Cannot open /dev/serial0: could not open port '/dev/serial0': FileNotFoundError(2, 'The system cannot find the path specified.', None, 3). Retrying in 5.0s...
2026-05-12 18:44:58.903 | ERROR    | HALService | [UM982] Start failed: could not open port '/dev/gnss_um982': FileNotFoundError(2, 'The system cannot find the path specified.', None, 3)
2026-05-12 18:44:58.903 | WARNING  | HALService | [GNSS Node] Cannot open /dev/gnss_um982: could not open port '/dev/gnss_um982': FileNotFoundError(2, 'The system cannot find the path specified.', None, 3). Retrying in 5.0s...
2026-05-12 18:45:03.615 | WARNING  | HALService | [IMU Node] Cannot open /dev/serial0: could not open port '/dev/serial0': FileNotFoundError(2, 'The system cannot find the path specified.', None, 3). Retrying in 5.0s...
2026-05-12 18:45:03.913 | ERROR    | HALService | [UM982] Start failed: could not open port '/dev/gnss_um982': FileNotFoundError(2, 'The system cannot find the path specified.', None, 3)
2026-05-12 18:45:03.913 | WARNING  | HALService | [GNSS Node] Cannot open /dev/gnss_um982: could not open port '/dev/gnss_um982': FileNotFoundError(2, 'The system cannot find the path specified.', None, 3). Retrying in 5.0s...
2026-05-12 18:45:08.616 | WARNING  | HALService | [IMU Node] Cannot open /dev/serial0: could not open port '/dev/serial0': FileNotFoundError(2, 'The system cannot find the path specified.', None, 3). Retrying in 5.0s...
2026-05-12 18:45:08.921 | ERROR    | HALService | [UM982] Start failed: could not open port '/dev/gnss_um982': FileNotFoundError(2, 'The system cannot find the path specified.', None, 3)
2026-05-12 18:45:08.921 | WARNING  | HALService | [GNSS Node] Cannot open /dev/gnss_um982: could not open port '/dev/gnss_um982': FileNotFoundError(2, 'The system cannot find the path specified.', None, 3). Retrying in 5.0s...
2026-05-12 18:45:13.616 | WARNING  | HALService | [IMU Node] Cannot open /dev/serial0: could not open port '/dev/serial0': FileNotFoundError(2, 'The system cannot find the path specified.', None, 3). Retrying in 5.0s...
2026-05-12 18:45:13.932 | ERROR    | HALService | [UM982] Start failed: could not open port '/dev/gnss_um982': FileNotFoundError(2, 'The system cannot find the path specified.', None, 3)
2026-05-12 18:45:13.932 | WARNING  | HALService | [GNSS Node] Cannot open /dev/gnss_um982: could not open port '/dev/gnss_um982': FileNotFoundError(2, 'The system cannot find the path specified.', None, 3). Retrying in 5.0s...
2026-05-12 18:45:18.617 | WARNING  | HALService | [IMU Node] Cannot open /dev/serial0: could not open port '/dev/serial0': FileNotFoundError(2, 'The system cannot find the path specified.', None, 3). Retrying in 5.0s...
2026-05-12 18:45:18.941 | ERROR    | HALService | [UM982] Start failed: could not open port '/dev/gnss_um982': FileNotFoundError(2, 'The system cannot find the path specified.', None, 3)
2026-05-12 18:45:18.941 | WARNING  | HALService | [GNSS Node] Cannot open /dev/gnss_um982: could not open port '/dev/gnss_um982': FileNotFoundError(2, 'The system cannot find the path specified.', None, 3). Retrying in 5.0s...
2026-05-12 18:45:23.618 | WARNING  | HALService | [IMU Node] Cannot open /dev/serial0: could not open port '/dev/serial0': FileNotFoundError(2, 'The system cannot find the path specified.', None, 3). Retrying in 5.0s...
2026-05-12 18:45:23.951 | ERROR    | HALService | [UM982] Start failed: could not open port '/dev/gnss_um982': FileNotFoundError(2, 'The system cannot find the path specified.', None, 3)
2026-05-12 18:45:23.951 | WARNING  | HALService | [GNSS Node] Cannot open /dev/gnss_um982: could not open port '/dev/gnss_um982': FileNotFoundError(2, 'The system cannot find the path specified.', None, 3). Retrying in 5.0s...
2026-05-12 18:45:28.619 | WARNING  | HALService | [IMU Node] Cannot open /dev/serial0: could not open port '/dev/serial0': FileNotFoundError(2, 'The system cannot find the path specified.', None, 3). Retrying in 5.0s...
2026-05-12 18:45:28.960 | ERROR    | HALService | [UM982] Start failed: could not open port '/dev/gnss_um982': FileNotFoundError(2, 'The system cannot find the path specified.', None, 3)
2026-05-12 18:45:28.960 | WARNING  | HALService | [GNSS Node] Cannot open /dev/gnss_um982: could not open port '/dev/gnss_um982': FileNotFoundError(2, 'The system cannot find the path specified.', None, 3). Retrying in 5.0s...
2026-05-12 18:45:33.620 | WARNING  | HALService | [IMU Node] Cannot open /dev/serial0: could not open port '/dev/serial0': FileNotFoundError(2, 'The system cannot find the path specified.', None, 3). Retrying in 5.0s...
2026-05-12 18:45:33.969 | ERROR    | HALService | [UM982] Start failed: could not open port '/dev/gnss_um982': FileNotFoundError(2, 'The system cannot find the path specified.', None, 3)
2026-05-12 18:45:33.969 | WARNING  | HALService | [GNSS Node] Cannot open /dev/gnss_um982: could not open port '/dev/gnss_um982': FileNotFoundError(2, 'The system cannot find the path specified.', None, 3). Retrying in 5.0s...
2026-05-12 18:45:38.620 | WARNING  | HALService | [IMU Node] Cannot open /dev/serial0: could not open port '/dev/serial0': FileNotFoundError(2, 'The system cannot find the path specified.', None, 3). Retrying in 5.0s...
2026-05-12 18:45:38.978 | ERROR    | HALService | [UM982] Start failed: could not open port '/dev/gnss_um982': FileNotFoundError(2, 'The system cannot find the path specified.', None, 3)
2026-05-12 18:45:38.978 | WARNING  | HALService | [GNSS Node] Cannot open /dev/gnss_um982: could not open port '/dev/gnss_um982': FileNotFoundError(2, 'The system cannot find the path specified.', None, 3). Retrying in 5.0s...
2026-05-12 18:45:43.621 | WARNING  | HALService | [IMU Node] Cannot open /dev/serial0: could not open port '/dev/serial0': FileNotFoundError(2, 'The system cannot find the path specified.', None, 3). Retrying in 5.0s...
2026-05-12 18:45:43.987 | ERROR    | HALService | [UM982] Start failed: could not open port '/dev/gnss_um982': FileNotFoundError(2, 'The system cannot find the path specified.', None, 3)
2026-05-12 18:45:43.987 | WARNING  | HALService | [GNSS Node] Cannot open /dev/gnss_um982: could not open port '/dev/gnss_um982': FileNotFoundError(2, 'The system cannot find the path specified.', None, 3). Retrying in 5.0s...
2026-05-12 18:45:48.622 | WARNING  | HALService | [IMU Node] Cannot open /dev/serial0: could not open port '/dev/serial0': FileNotFoundError(2, 'The system cannot find the path specified.', None, 3). Retrying in 5.0s...
2026-05-12 18:45:48.995 | ERROR    | HALService | [UM982] Start failed: could not open port '/dev/gnss_um982': FileNotFoundError(2, 'The system cannot find the path specified.', None, 3)
2026-05-12 18:45:48.995 | WARNING  | HALService | [GNSS Node] Cannot open /dev/gnss_um982: could not open port '/dev/gnss_um982': FileNotFoundError(2, 'The system cannot find the path specified.', None, 3). Retrying in 5.0s...
2026-05-12 18:45:53.623 | WARNING  | HALService | [IMU Node] Cannot open /dev/serial0: could not open port '/dev/serial0': FileNotFoundError(2, 'The system cannot find the path specified.', None, 3). Retrying in 5.0s...
2026-05-12 18:45:54.005 | ERROR    | HALService | [UM982] Start failed: could not open port '/dev/gnss_um982': FileNotFoundError(2, 'The system cannot find the path specified.', None, 3)
2026-05-12 18:45:54.005 | WARNING  | HALService | [GNSS Node] Cannot open /dev/gnss_um982: could not open port '/dev/gnss_um982': FileNotFoundError(2, 'The system cannot find the path specified.', None, 3). Retrying in 5.0s...
2026-05-12 18:45:58.624 | WARNING  | HALService | [IMU Node] Cannot open /dev/serial0: could not open port '/dev/serial0': FileNotFoundError(2, 'The system cannot find the path specified.', None, 3). Retrying in 5.0s...
2026-05-12 18:45:59.012 | ERROR    | HALService | [UM982] Start failed: could not open port '/dev/gnss_um982': FileNotFoundError(2, 'The system cannot find the path specified.', None, 3)
2026-05-12 18:45:59.012 | WARNING  | HALService | [GNSS Node] Cannot open /dev/gnss_um982: could not open port '/dev/gnss_um982': FileNotFoundError(2, 'The system cannot find the path specified.', None, 3). Retrying in 5.0s...
2026-05-12 18:46:03.625 | WARNING  | HALService | [IMU Node] Cannot open /dev/serial0: could not open port '/dev/serial0': FileNotFoundError(2, 'The system cannot find the path specified.', None, 3). Retrying in 5.0s...
2026-05-12 18:46:04.021 | ERROR    | HALService | [UM982] Start failed: could not open port '/dev/gnss_um982': FileNotFoundError(2, 'The system cannot find the path specified.', None, 3)
2026-05-12 18:46:04.021 | WARNING  | HALService | [GNSS Node] Cannot open /dev/gnss_um982: could not open port '/dev/gnss_um982': FileNotFoundError(2, 'The system cannot find the path specified.', None, 3). Retrying in 5.0s...
2026-05-12 18:46:08.625 | WARNING  | HALService | [IMU Node] Cannot open /dev/serial0: could not open port '/dev/serial0': FileNotFoundError(2, 'The system cannot find the path specified.', None, 3). Retrying in 5.0s...
2026-05-12 18:46:09.031 | ERROR    | HALService | [UM982] Start failed: could not open port '/dev/gnss_um982': FileNotFoundError(2, 'The system cannot find the path specified.', None, 3)
2026-05-12 18:46:09.031 | WARNING  | HALService | [GNSS Node] Cannot open /dev/gnss_um982: could not open port '/dev/gnss_um982': FileNotFoundError(2, 'The system cannot find the path specified.', None, 3). Retrying in 5.0s...
2026-05-12 18:46:13.626 | WARNING  | HALService | [IMU Node] Cannot open /dev/serial0: could not open port '/dev/serial0': FileNotFoundError(2, 'The system cannot find the path specified.', None, 3). Retrying in 5.0s...
2026-05-12 18:46:14.041 | ERROR    | HALService | [UM982] Start failed: could not open port '/dev/gnss_um982': FileNotFoundError(2, 'The system cannot find the path specified.', None, 3)
2026-05-12 18:46:14.041 | WARNING  | HALService | [GNSS Node] Cannot open /dev/gnss_um982: could not open port '/dev/gnss_um982': FileNotFoundError(2, 'The system cannot find the path specified.', None, 3). Retrying in 5.0s...
2026-05-12 18:46:18.627 | WARNING  | HALService | [IMU Node] Cannot open /dev/serial0: could not open port '/dev/serial0': FileNotFoundError(2, 'The system cannot find the path specified.', None, 3). Retrying in 5.0s...
2026-05-12 18:46:19.050 | ERROR    | HALService | [UM982] Start failed: could not open port '/dev/gnss_um982': FileNotFoundError(2, 'The system cannot find the path specified.', None, 3)
2026-05-12 18:46:19.050 | WARNING  | HALService | [GNSS Node] Cannot open /dev/gnss_um982: could not open port '/dev/gnss_um982': FileNotFoundError(2, 'The system cannot find the path specified.', None, 3). Retrying in 5.0s...
2026-05-12 18:46:23.627 | WARNING  | HALService | [IMU Node] Cannot open /dev/serial0: could not open port '/dev/serial0': FileNotFoundError(2, 'The system cannot find the path specified.', None, 3). Retrying in 5.0s...
2026-05-12 18:46:24.057 | ERROR    | HALService | [UM982] Start failed: could not open port '/dev/gnss_um982': FileNotFoundError(2, 'The system cannot find the path specified.', None, 3)
2026-05-12 18:46:24.057 | WARNING  | HALService | [GNSS Node] Cannot open /dev/gnss_um982: could not open port '/dev/gnss_um982': FileNotFoundError(2, 'The system cannot find the path specified.', None, 3). Retrying in 5.0s...
2026-05-12 18:46:28.628 | WARNING  | HALService | [IMU Node] Cannot open /dev/serial0: could not open port '/dev/serial0': FileNotFoundError(2, 'The system cannot find the path specified.', None, 3). Retrying in 5.0s...
2026-05-12 18:46:29.066 | ERROR    | HALService | [UM982] Start failed: could not open port '/dev/gnss_um982': FileNotFoundError(2, 'The system cannot find the path specified.', None, 3)
2026-05-12 18:46:29.066 | WARNING  | HALService | [GNSS Node] Cannot open /dev/gnss_um982: could not open port '/dev/gnss_um982': FileNotFoundError(2, 'The system cannot find the path specified.', None, 3). Retrying in 5.0s...
2026-05-12 18:46:33.629 | WARNING  | HALService | [IMU Node] Cannot open /dev/serial0: could not open port '/dev/serial0': FileNotFoundError(2, 'The system cannot find the path specified.', None, 3). Retrying in 5.0s...
2026-05-12 18:46:34.076 | ERROR    | HALService | [UM982] Start failed: could not open port '/dev/gnss_um982': FileNotFoundError(2, 'The system cannot find the path specified.', None, 3)
2026-05-12 18:46:34.076 | WARNING  | HALService | [GNSS Node] Cannot open /dev/gnss_um982: could not open port '/dev/gnss_um982': FileNotFoundError(2, 'The system cannot find the path specified.', None, 3). Retrying in 5.0s...
2026-05-12 18:46:38.630 | WARNING  | HALService | [IMU Node] Cannot open /dev/serial0: could not open port '/dev/serial0': FileNotFoundError(2, 'The system cannot find the path specified.', None, 3). Retrying in 5.0s...
2026-05-12 18:46:39.084 | ERROR    | HALService | [UM982] Start failed: could not open port '/dev/gnss_um982': FileNotFoundError(2, 'The system cannot find the path specified.', None, 3)
2026-05-12 18:46:39.085 | WARNING  | HALService | [GNSS Node] Cannot open /dev/gnss_um982: could not open port '/dev/gnss_um982': FileNotFoundError(2, 'The system cannot find the path specified.', None, 3). Retrying in 5.0s...
2026-05-12 18:46:43.631 | WARNING  | HALService | [IMU Node] Cannot open /dev/serial0: could not open port '/dev/serial0': FileNotFoundError(2, 'The system cannot find the path specified.', None, 3). Retrying in 5.0s...
2026-05-12 18:46:44.095 | ERROR    | HALService | [UM982] Start failed: could not open port '/dev/gnss_um982': FileNotFoundError(2, 'The system cannot find the path specified.', None, 3)
2026-05-12 18:46:44.095 | WARNING  | HALService | [GNSS Node] Cannot open /dev/gnss_um982: could not open port '/dev/gnss_um982': FileNotFoundError(2, 'The system cannot find the path specified.', None, 3). Retrying in 5.0s...
2026-05-12 18:46:48.632 | WARNING  | HALService | [IMU Node] Cannot open /dev/serial0: could not open port '/dev/serial0': FileNotFoundError(2, 'The system cannot find the path specified.', None, 3). Retrying in 5.0s...
2026-05-12 18:46:49.104 | ERROR    | HALService | [UM982] Start failed: could not open port '/dev/gnss_um982': FileNotFoundError(2, 'The system cannot find the path specified.', None, 3)
2026-05-12 18:46:49.104 | WARNING  | HALService | [GNSS Node] Cannot open /dev/gnss_um982: could not open port '/dev/gnss_um982': FileNotFoundError(2, 'The system cannot find the path specified.', None, 3). Retrying in 5.0s...
2026-05-12 18:46:53.633 | WARNING  | HALService | [IMU Node] Cannot open /dev/serial0: could not open port '/dev/serial0': FileNotFoundError(2, 'The system cannot find the path specified.', None, 3). Retrying in 5.0s...
2026-05-12 18:46:54.115 | ERROR    | HALService | [UM982] Start failed: could not open port '/dev/gnss_um982': FileNotFoundError(2, 'The system cannot find the path specified.', None, 3)
2026-05-12 18:46:54.115 | WARNING  | HALService | [GNSS Node] Cannot open /dev/gnss_um982: could not open port '/dev/gnss_um982': FileNotFoundError(2, 'The system cannot find the path specified.', None, 3). Retrying in 5.0s...
2026-05-12 18:46:58.634 | WARNING  | HALService | [IMU Node] Cannot open /dev/serial0: could not open port '/dev/serial0': FileNotFoundError(2, 'The system cannot find the path specified.', None, 3). Retrying in 5.0s...
2026-05-12 18:46:59.125 | ERROR    | HALService | [UM982] Start failed: could not open port '/dev/gnss_um982': FileNotFoundError(2, 'The system cannot find the path specified.', None, 3)
2026-05-12 18:46:59.125 | WARNING  | HALService | [GNSS Node] Cannot open /dev/gnss_um982: could not open port '/dev/gnss_um982': FileNotFoundError(2, 'The system cannot find the path specified.', None, 3). Retrying in 5.0s...
2026-05-12 18:47:03.634 | WARNING  | HALService | [IMU Node] Cannot open /dev/serial0: could not open port '/dev/serial0': FileNotFoundError(2, 'The system cannot find the path specified.', None, 3). Retrying in 5.0s...
2026-05-12 18:47:04.133 | ERROR    | HALService | [UM982] Start failed: could not open port '/dev/gnss_um982': FileNotFoundError(2, 'The system cannot find the path specified.', None, 3)
2026-05-12 18:47:04.134 | WARNING  | HALService | [GNSS Node] Cannot open /dev/gnss_um982: could not open port '/dev/gnss_um982': FileNotFoundError(2, 'The system cannot find the path specified.', None, 3). Retrying in 5.0s...
2026-05-12 18:47:08.635 | WARNING  | HALService | [IMU Node] Cannot open /dev/serial0: could not open port '/dev/serial0': FileNotFoundError(2, 'The system cannot find the path specified.', None, 3). Retrying in 5.0s...
2026-05-12 18:47:09.144 | ERROR    | HALService | [UM982] Start failed: could not open port '/dev/gnss_um982': FileNotFoundError(2, 'The system cannot find the path specified.', None, 3)
2026-05-12 18:47:09.144 | WARNING  | HALService | [GNSS Node] Cannot open /dev/gnss_um982: could not open port '/dev/gnss_um982': FileNotFoundError(2, 'The system cannot find the path specified.', None, 3). Retrying in 5.0s...
2026-05-12 18:47:13.635 | WARNING  | HALService | [IMU Node] Cannot open /dev/serial0: could not open port '/dev/serial0': FileNotFoundError(2, 'The system cannot find the path specified.', None, 3). Retrying in 5.0s...
2026-05-12 18:47:14.153 | ERROR    | HALService | [UM982] Start failed: could not open port '/dev/gnss_um982': FileNotFoundError(2, 'The system cannot find the path specified.', None, 3)
2026-05-12 18:47:14.153 | WARNING  | HALService | [GNSS Node] Cannot open /dev/gnss_um982: could not open port '/dev/gnss_um982': FileNotFoundError(2, 'The system cannot find the path specified.', None, 3). Retrying in 5.0s...
2026-05-12 18:47:18.636 | WARNING  | HALService | [IMU Node] Cannot open /dev/serial0: could not open port '/dev/serial0': FileNotFoundError(2, 'The system cannot find the path specified.', None, 3). Retrying in 5.0s...
2026-05-12 18:47:19.162 | ERROR    | HALService | [UM982] Start failed: could not open port '/dev/gnss_um982': FileNotFoundError(2, 'The system cannot find the path specified.', None, 3)
2026-05-12 18:47:19.162 | WARNING  | HALService | [GNSS Node] Cannot open /dev/gnss_um982: could not open port '/dev/gnss_um982': FileNotFoundError(2, 'The system cannot find the path specified.', None, 3). Retrying in 5.0s...
2026-05-12 18:47:23.636 | WARNING  | HALService | [IMU Node] Cannot open /dev/serial0: could not open port '/dev/serial0': FileNotFoundError(2, 'The system cannot find the path specified.', None, 3). Retrying in 5.0s...
2026-05-12 18:47:24.172 | ERROR    | HALService | [UM982] Start failed: could not open port '/dev/gnss_um982': FileNotFoundError(2, 'The system cannot find the path specified.', None, 3)
2026-05-12 18:47:24.172 | WARNING  | HALService | [GNSS Node] Cannot open /dev/gnss_um982: could not open port '/dev/gnss_um982': FileNotFoundError(2, 'The system cannot find the path specified.', None, 3). Retrying in 5.0s...
2026-05-12 18:47:28.637 | WARNING  | HALService | [IMU Node] Cannot open /dev/serial0: could not open port '/dev/serial0': FileNotFoundError(2, 'The system cannot find the path specified.', None, 3). Retrying in 5.0s...
2026-05-12 18:47:29.183 | ERROR    | HALService | [UM982] Start failed: could not open port '/dev/gnss_um982': FileNotFoundError(2, 'The system cannot find the path specified.', None, 3)
2026-05-12 18:47:29.183 | WARNING  | HALService | [GNSS Node] Cannot open /dev/gnss_um982: could not open port '/dev/gnss_um982': FileNotFoundError(2, 'The system cannot find the path specified.', None, 3). Retrying in 5.0s...
2026-05-12 18:47:33.638 | WARNING  | HALService | [IMU Node] Cannot open /dev/serial0: could not open port '/dev/serial0': FileNotFoundError(2, 'The system cannot find the path specified.', None, 3). Retrying in 5.0s...
2026-05-12 18:47:34.192 | ERROR    | HALService | [UM982] Start failed: could not open port '/dev/gnss_um982': FileNotFoundError(2, 'The system cannot find the path specified.', None, 3)
2026-05-12 18:47:34.193 | WARNING  | HALService | [GNSS Node] Cannot open /dev/gnss_um982: could not open port '/dev/gnss_um982': FileNotFoundError(2, 'The system cannot find the path specified.', None, 3). Retrying in 5.0s...
2026-05-12 18:47:38.639 | WARNING  | HALService | [IMU Node] Cannot open /dev/serial0: could not open port '/dev/serial0': FileNotFoundError(2, 'The system cannot find the path specified.', None, 3). Retrying in 5.0s...
2026-05-12 18:47:39.201 | ERROR    | HALService | [UM982] Start failed: could not open port '/dev/gnss_um982': FileNotFoundError(2, 'The system cannot find the path specified.', None, 3)
2026-05-12 18:47:39.201 | WARNING  | HALService | [GNSS Node] Cannot open /dev/gnss_um982: could not open port '/dev/gnss_um982': FileNotFoundError(2, 'The system cannot find the path specified.', None, 3). Retrying in 5.0s...
2026-05-12 18:47:43.640 | WARNING  | HALService | [IMU Node] Cannot open /dev/serial0: could not open port '/dev/serial0': FileNotFoundError(2, 'The system cannot find the path specified.', None, 3). Retrying in 5.0s...
2026-05-12 18:47:44.212 | ERROR    | HALService | [UM982] Start failed: could not open port '/dev/gnss_um982': FileNotFoundError(2, 'The system cannot find the path specified.', None, 3)
2026-05-12 18:47:44.212 | WARNING  | HALService | [GNSS Node] Cannot open /dev/gnss_um982: could not open port '/dev/gnss_um982': FileNotFoundError(2, 'The system cannot find the path specified.', None, 3). Retrying in 5.0s...
2026-05-12 18:47:48.641 | WARNING  | HALService | [IMU Node] Cannot open /dev/serial0: could not open port '/dev/serial0': FileNotFoundError(2, 'The system cannot find the path specified.', None, 3). Retrying in 5.0s...
2026-05-12 18:47:49.222 | ERROR    | HALService | [UM982] Start failed: could not open port '/dev/gnss_um982': FileNotFoundError(2, 'The system cannot find the path specified.', None, 3)
2026-05-12 18:47:49.222 | WARNING  | HALService | [GNSS Node] Cannot open /dev/gnss_um982: could not open port '/dev/gnss_um982': FileNotFoundError(2, 'The system cannot find the path specified.', None, 3). Retrying in 5.0s...
2026-05-12 18:47:53.641 | WARNING  | HALService | [IMU Node] Cannot open /dev/serial0: could not open port '/dev/serial0': FileNotFoundError(2, 'The system cannot find the path specified.', None, 3). Retrying in 5.0s...
2026-05-12 18:47:54.231 | ERROR    | HALService | [UM982] Start failed: could not open port '/dev/gnss_um982': FileNotFoundError(2, 'The system cannot find the path specified.', None, 3)
2026-05-12 18:47:54.231 | WARNING  | HALService | [GNSS Node] Cannot open /dev/gnss_um982: could not open port '/dev/gnss_um982': FileNotFoundError(2, 'The system cannot find the path specified.', None, 3). Retrying in 5.0s...
2026-05-12 18:47:58.642 | WARNING  | HALService | [IMU Node] Cannot open /dev/serial0: could not open port '/dev/serial0': FileNotFoundError(2, 'The system cannot find the path specified.', None, 3). Retrying in 5.0s...
2026-05-12 18:47:59.241 | ERROR    | HALService | [UM982] Start failed: could not open port '/dev/gnss_um982': FileNotFoundError(2, 'The system cannot find the path specified.', None, 3)
2026-05-12 18:47:59.241 | WARNING  | HALService | [GNSS Node] Cannot open /dev/gnss_um982: could not open port '/dev/gnss_um982': FileNotFoundError(2, 'The system cannot find the path specified.', None, 3). Retrying in 5.0s...
2026-05-12 18:48:03.643 | WARNING  | HALService | [IMU Node] Cannot open /dev/serial0: could not open port '/dev/serial0': FileNotFoundError(2, 'The system cannot find the path specified.', None, 3). Retrying in 5.0s...
2026-05-12 18:48:04.250 | ERROR    | HALService | [UM982] Start failed: could not open port '/dev/gnss_um982': FileNotFoundError(2, 'The system cannot find the path specified.', None, 3)
2026-05-12 18:48:04.250 | WARNING  | HALService | [GNSS Node] Cannot open /dev/gnss_um982: could not open port '/dev/gnss_um982': FileNotFoundError(2, 'The system cannot find the path specified.', None, 3). Retrying in 5.0s...
2026-05-12 18:48:08.644 | WARNING  | HALService | [IMU Node] Cannot open /dev/serial0: could not open port '/dev/serial0': FileNotFoundError(2, 'The system cannot find the path specified.', None, 3). Retrying in 5.0s...
2026-05-12 18:48:09.261 | ERROR    | HALService | [UM982] Start failed: could not open port '/dev/gnss_um982': FileNotFoundError(2, 'The system cannot find the path specified.', None, 3)
2026-05-12 18:48:09.261 | WARNING  | HALService | [GNSS Node] Cannot open /dev/gnss_um982: could not open port '/dev/gnss_um982': FileNotFoundError(2, 'The system cannot find the path specified.', None, 3). Retrying in 5.0s...
2026-05-12 18:48:13.645 | WARNING  | HALService | [IMU Node] Cannot open /dev/serial0: could not open port '/dev/serial0': FileNotFoundError(2, 'The system cannot find the path specified.', None, 3). Retrying in 5.0s...
2026-05-12 18:48:14.270 | ERROR    | HALService | [UM982] Start failed: could not open port '/dev/gnss_um982': FileNotFoundError(2, 'The system cannot find the path specified.', None, 3)
2026-05-12 18:48:14.270 | WARNING  | HALService | [GNSS Node] Cannot open /dev/gnss_um982: could not open port '/dev/gnss_um982': FileNotFoundError(2, 'The system cannot find the path specified.', None, 3). Retrying in 5.0s...
2026-05-12 18:48:18.646 | WARNING  | HALService | [IMU Node] Cannot open /dev/serial0: could not open port '/dev/serial0': FileNotFoundError(2, 'The system cannot find the path specified.', None, 3). Retrying in 5.0s...
2026-05-12 18:48:19.278 | ERROR    | HALService | [UM982] Start failed: could not open port '/dev/gnss_um982': FileNotFoundError(2, 'The system cannot find the path specified.', None, 3)
2026-05-12 18:48:19.278 | WARNING  | HALService | [GNSS Node] Cannot open /dev/gnss_um982: could not open port '/dev/gnss_um982': FileNotFoundError(2, 'The system cannot find the path specified.', None, 3). Retrying in 5.0s...
2026-05-12 18:48:23.647 | WARNING  | HALService | [IMU Node] Cannot open /dev/serial0: could not open port '/dev/serial0': FileNotFoundError(2, 'The system cannot find the path specified.', None, 3). Retrying in 5.0s...
2026-05-12 18:48:24.286 | ERROR    | HALService | [UM982] Start failed: could not open port '/dev/gnss_um982': FileNotFoundError(2, 'The system cannot find the path specified.', None, 3)
2026-05-12 18:48:24.286 | WARNING  | HALService | [GNSS Node] Cannot open /dev/gnss_um982: could not open port '/dev/gnss_um982': FileNotFoundError(2, 'The system cannot find the path specified.', None, 3). Retrying in 5.0s...
2026-05-12 18:48:28.647 | WARNING  | HALService | [IMU Node] Cannot open /dev/serial0: could not open port '/dev/serial0': FileNotFoundError(2, 'The system cannot find the path specified.', None, 3). Retrying in 5.0s...
2026-05-12 18:48:29.295 | ERROR    | HALService | [UM982] Start failed: could not open port '/dev/gnss_um982': FileNotFoundError(2, 'The system cannot find the path specified.', None, 3)
2026-05-12 18:48:29.295 | WARNING  | HALService | [GNSS Node] Cannot open /dev/gnss_um982: could not open port '/dev/gnss_um982': FileNotFoundError(2, 'The system cannot find the path specified.', None, 3). Retrying in 5.0s...
2026-05-12 18:48:32.722 | INFO     | CommsService | Command received and published: CommandType.SET_HOME_WP
2026-05-12 18:48:32.734 | INFO     | ManagerService | Manager received command: CommandType.SET_HOME_WP
2026-05-12 18:48:32.734 | INFO     | ManagerService | Home WP set: {'lat': 39.429999869729784, 'lon': -0.2933335056202111}
2026-05-12 18:48:32.747 | INFO     | GNCService | GNC: Home WP set: {'lat': 39.429999869729784, 'lon': -0.2933335056202111}
2026-05-12 18:48:33.648 | WARNING  | HALService | [IMU Node] Cannot open /dev/serial0: could not open port '/dev/serial0': FileNotFoundError(2, 'The system cannot find the path specified.', None, 3). Retrying in 5.0s...
2026-05-12 18:48:34.304 | ERROR    | HALService | [UM982] Start failed: could not open port '/dev/gnss_um982': FileNotFoundError(2, 'The system cannot find the path specified.', None, 3)
2026-05-12 18:48:34.304 | WARNING  | HALService | [GNSS Node] Cannot open /dev/gnss_um982: could not open port '/dev/gnss_um982': FileNotFoundError(2, 'The system cannot find the path specified.', None, 3). Retrying in 5.0s...
2026-05-12 18:48:38.649 | WARNING  | HALService | [IMU Node] Cannot open /dev/serial0: could not open port '/dev/serial0': FileNotFoundError(2, 'The system cannot find the path specified.', None, 3). Retrying in 5.0s...
2026-05-12 18:48:39.315 | ERROR    | HALService | [UM982] Start failed: could not open port '/dev/gnss_um982': FileNotFoundError(2, 'The system cannot find the path specified.', None, 3)
2026-05-12 18:48:39.315 | WARNING  | HALService | [GNSS Node] Cannot open /dev/gnss_um982: could not open port '/dev/gnss_um982': FileNotFoundError(2, 'The system cannot find the path specified.', None, 3). Retrying in 5.0s...
2026-05-12 18:48:40.663 | INFO     | CommsService | Command received and published: CommandType.SET_HOME_WP
2026-05-12 18:48:40.672 | INFO     | ManagerService | Manager received command: CommandType.SET_HOME_WP
2026-05-12 18:48:40.672 | INFO     | ManagerService | Home WP set: {'lat': 39.44023168806572, 'lon': -0.31461501653532764}
2026-05-12 18:48:40.714 | INFO     | GNCService | GNC: Home WP set: {'lat': 39.44023168806572, 'lon': -0.31461501653532764}
2026-05-12 18:48:43.650 | WARNING  | HALService | [IMU Node] Cannot open /dev/serial0: could not open port '/dev/serial0': FileNotFoundError(2, 'The system cannot find the path specified.', None, 3). Retrying in 5.0s...
2026-05-12 18:48:44.324 | ERROR    | HALService | [UM982] Start failed: could not open port '/dev/gnss_um982': FileNotFoundError(2, 'The system cannot find the path specified.', None, 3)
2026-05-12 18:48:44.324 | WARNING  | HALService | [GNSS Node] Cannot open /dev/gnss_um982: could not open port '/dev/gnss_um982': FileNotFoundError(2, 'The system cannot find the path specified.', None, 3). Retrying in 5.0s...
2026-05-12 18:48:45.943 | INFO     | CommsService | Command received and published: CommandType.SET_HOME_WP
2026-05-12 18:48:45.957 | INFO     | GNCService | GNC: Home WP set: {'lat': 39.42720537699026, 'lon': -0.2995583475625949}
2026-05-12 18:48:45.996 | INFO     | ManagerService | Manager received command: CommandType.SET_HOME_WP
2026-05-12 18:48:45.996 | INFO     | ManagerService | Home WP set: {'lat': 39.42720537699026, 'lon': -0.2995583475625949}
2026-05-12 18:48:48.650 | WARNING  | HALService | [IMU Node] Cannot open /dev/serial0: could not open port '/dev/serial0': FileNotFoundError(2, 'The system cannot find the path specified.', None, 3). Retrying in 5.0s...
2026-05-12 18:48:49.334 | ERROR    | HALService | [UM982] Start failed: could not open port '/dev/gnss_um982': FileNotFoundError(2, 'The system cannot find the path specified.', None, 3)
2026-05-12 18:48:49.334 | WARNING  | HALService | [GNSS Node] Cannot open /dev/gnss_um982: could not open port '/dev/gnss_um982': FileNotFoundError(2, 'The system cannot find the path specified.', None, 3). Retrying in 5.0s...
2026-05-12 18:48:53.651 | WARNING  | HALService | [IMU Node] Cannot open /dev/serial0: could not open port '/dev/serial0': FileNotFoundError(2, 'The system cannot find the path specified.', None, 3). Retrying in 5.0s...
2026-05-12 18:48:54.344 | ERROR    | HALService | [UM982] Start failed: could not open port '/dev/gnss_um982': FileNotFoundError(2, 'The system cannot find the path specified.', None, 3)
2026-05-12 18:48:54.344 | WARNING  | HALService | [GNSS Node] Cannot open /dev/gnss_um982: could not open port '/dev/gnss_um982': FileNotFoundError(2, 'The system cannot find the path specified.', None, 3). Retrying in 5.0s...
2026-05-12 18:48:58.652 | WARNING  | HALService | [IMU Node] Cannot open /dev/serial0: could not open port '/dev/serial0': FileNotFoundError(2, 'The system cannot find the path specified.', None, 3). Retrying in 5.0s...
2026-05-12 18:48:59.352 | ERROR    | HALService | [UM982] Start failed: could not open port '/dev/gnss_um982': FileNotFoundError(2, 'The system cannot find the path specified.', None, 3)
2026-05-12 18:48:59.352 | WARNING  | HALService | [GNSS Node] Cannot open /dev/gnss_um982: could not open port '/dev/gnss_um982': FileNotFoundError(2, 'The system cannot find the path specified.', None, 3). Retrying in 5.0s...
2026-05-12 18:49:03.653 | WARNING  | HALService | [IMU Node] Cannot open /dev/serial0: could not open port '/dev/serial0': FileNotFoundError(2, 'The system cannot find the path specified.', None, 3). Retrying in 5.0s...
2026-05-12 18:49:04.360 | ERROR    | HALService | [UM982] Start failed: could not open port '/dev/gnss_um982': FileNotFoundError(2, 'The system cannot find the path specified.', None, 3)
2026-05-12 18:49:04.360 | WARNING  | HALService | [GNSS Node] Cannot open /dev/gnss_um982: could not open port '/dev/gnss_um982': FileNotFoundError(2, 'The system cannot find the path specified.', None, 3). Retrying in 5.0s...
2026-05-12 18:49:08.654 | WARNING  | HALService | [IMU Node] Cannot open /dev/serial0: could not open port '/dev/serial0': FileNotFoundError(2, 'The system cannot find the path specified.', None, 3). Retrying in 5.0s...
2026-05-12 18:49:09.369 | ERROR    | HALService | [UM982] Start failed: could not open port '/dev/gnss_um982': FileNotFoundError(2, 'The system cannot find the path specified.', None, 3)
2026-05-12 18:49:09.369 | WARNING  | HALService | [GNSS Node] Cannot open /dev/gnss_um982: could not open port '/dev/gnss_um982': FileNotFoundError(2, 'The system cannot find the path specified.', None, 3). Retrying in 5.0s...
2026-05-12 18:49:13.655 | WARNING  | HALService | [IMU Node] Cannot open /dev/serial0: could not open port '/dev/serial0': FileNotFoundError(2, 'The system cannot find the path specified.', None, 3). Retrying in 5.0s...
2026-05-12 18:49:14.378 | ERROR    | HALService | [UM982] Start failed: could not open port '/dev/gnss_um982': FileNotFoundError(2, 'The system cannot find the path specified.', None, 3)
2026-05-12 18:49:14.378 | WARNING  | HALService | [GNSS Node] Cannot open /dev/gnss_um982: could not open port '/dev/gnss_um982': FileNotFoundError(2, 'The system cannot find the path specified.', None, 3). Retrying in 5.0s...
2026-05-12 18:49:18.656 | WARNING  | HALService | [IMU Node] Cannot open /dev/serial0: could not open port '/dev/serial0': FileNotFoundError(2, 'The system cannot find the path specified.', None, 3). Retrying in 5.0s...
2026-05-12 18:49:19.387 | ERROR    | HALService | [UM982] Start failed: could not open port '/dev/gnss_um982': FileNotFoundError(2, 'The system cannot find the path specified.', None, 3)
2026-05-12 18:49:19.387 | WARNING  | HALService | [GNSS Node] Cannot open /dev/gnss_um982: could not open port '/dev/gnss_um982': FileNotFoundError(2, 'The system cannot find the path specified.', None, 3). Retrying in 5.0s...
2026-05-12 18:49:23.656 | WARNING  | HALService | [IMU Node] Cannot open /dev/serial0: could not open port '/dev/serial0': FileNotFoundError(2, 'The system cannot find the path specified.', None, 3). Retrying in 5.0s...
2026-05-12 18:49:24.396 | ERROR    | HALService | [UM982] Start failed: could not open port '/dev/gnss_um982': FileNotFoundError(2, 'The system cannot find the path specified.', None, 3)
2026-05-12 18:49:24.396 | WARNING  | HALService | [GNSS Node] Cannot open /dev/gnss_um982: could not open port '/dev/gnss_um982': FileNotFoundError(2, 'The system cannot find the path specified.', None, 3). Retrying in 5.0s...
2026-05-12 18:49:28.657 | WARNING  | HALService | [IMU Node] Cannot open /dev/serial0: could not open port '/dev/serial0': FileNotFoundError(2, 'The system cannot find the path specified.', None, 3). Retrying in 5.0s...
2026-05-12 18:49:29.405 | ERROR    | HALService | [UM982] Start failed: could not open port '/dev/gnss_um982': FileNotFoundError(2, 'The system cannot find the path specified.', None, 3)
2026-05-12 18:49:29.405 | WARNING  | HALService | [GNSS Node] Cannot open /dev/gnss_um982: could not open port '/dev/gnss_um982': FileNotFoundError(2, 'The system cannot find the path specified.', None, 3). Retrying in 5.0s...
2026-05-12 18:49:33.658 | WARNING  | HALService | [IMU Node] Cannot open /dev/serial0: could not open port '/dev/serial0': FileNotFoundError(2, 'The system cannot find the path specified.', None, 3). Retrying in 5.0s...
2026-05-12 18:49:34.414 | ERROR    | HALService | [UM982] Start failed: could not open port '/dev/gnss_um982': FileNotFoundError(2, 'The system cannot find the path specified.', None, 3)
2026-05-12 18:49:34.414 | WARNING  | HALService | [GNSS Node] Cannot open /dev/gnss_um982: could not open port '/dev/gnss_um982': FileNotFoundError(2, 'The system cannot find the path specified.', None, 3). Retrying in 5.0s...
2026-05-12 18:49:38.659 | WARNING  | HALService | [IMU Node] Cannot open /dev/serial0: could not open port '/dev/serial0': FileNotFoundError(2, 'The system cannot find the path specified.', None, 3). Retrying in 5.0s...
2026-05-12 18:49:39.424 | ERROR    | HALService | [UM982] Start failed: could not open port '/dev/gnss_um982': FileNotFoundError(2, 'The system cannot find the path specified.', None, 3)
2026-05-12 18:49:39.424 | WARNING  | HALService | [GNSS Node] Cannot open /dev/gnss_um982: could not open port '/dev/gnss_um982': FileNotFoundError(2, 'The system cannot find the path specified.', None, 3). Retrying in 5.0s...
2026-05-12 18:49:43.660 | WARNING  | HALService | [IMU Node] Cannot open /dev/serial0: could not open port '/dev/serial0': FileNotFoundError(2, 'The system cannot find the path specified.', None, 3). Retrying in 5.0s...
2026-05-12 18:49:44.432 | ERROR    | HALService | [UM982] Start failed: could not open port '/dev/gnss_um982': FileNotFoundError(2, 'The system cannot find the path specified.', None, 3)
2026-05-12 18:49:44.432 | WARNING  | HALService | [GNSS Node] Cannot open /dev/gnss_um982: could not open port '/dev/gnss_um982': FileNotFoundError(2, 'The system cannot find the path specified.', None, 3). Retrying in 5.0s...
2026-05-12 18:49:48.661 | WARNING  | HALService | [IMU Node] Cannot open /dev/serial0: could not open port '/dev/serial0': FileNotFoundError(2, 'The system cannot find the path specified.', None, 3). Retrying in 5.0s...
2026-05-12 18:49:49.442 | ERROR    | HALService | [UM982] Start failed: could not open port '/dev/gnss_um982': FileNotFoundError(2, 'The system cannot find the path specified.', None, 3)
2026-05-12 18:49:49.442 | WARNING  | HALService | [GNSS Node] Cannot open /dev/gnss_um982: could not open port '/dev/gnss_um982': FileNotFoundError(2, 'The system cannot find the path specified.', None, 3). Retrying in 5.0s...
2026-05-12 18:49:53.661 | WARNING  | HALService | [IMU Node] Cannot open /dev/serial0: could not open port '/dev/serial0': FileNotFoundError(2, 'The system cannot find the path specified.', None, 3). Retrying in 5.0s...
2026-05-12 18:49:54.450 | ERROR    | HALService | [UM982] Start failed: could not open port '/dev/gnss_um982': FileNotFoundError(2, 'The system cannot find the path specified.', None, 3)
2026-05-12 18:49:54.450 | WARNING  | HALService | [GNSS Node] Cannot open /dev/gnss_um982: could not open port '/dev/gnss_um982': FileNotFoundError(2, 'The system cannot find the path specified.', None, 3). Retrying in 5.0s...
2026-05-12 18:49:58.663 | WARNING  | HALService | [IMU Node] Cannot open /dev/serial0: could not open port '/dev/serial0': FileNotFoundError(2, 'The system cannot find the path specified.', None, 3). Retrying in 5.0s...
2026-05-12 18:49:59.459 | ERROR    | HALService | [UM982] Start failed: could not open port '/dev/gnss_um982': FileNotFoundError(2, 'The system cannot find the path specified.', None, 3)
2026-05-12 18:49:59.459 | WARNING  | HALService | [GNSS Node] Cannot open /dev/gnss_um982: could not open port '/dev/gnss_um982': FileNotFoundError(2, 'The system cannot find the path specified.', None, 3). Retrying in 5.0s...
2026-05-12 18:50:03.663 | WARNING  | HALService | [IMU Node] Cannot open /dev/serial0: could not open port '/dev/serial0': FileNotFoundError(2, 'The system cannot find the path specified.', None, 3). Retrying in 5.0s...
2026-05-12 18:50:04.469 | ERROR    | HALService | [UM982] Start failed: could not open port '/dev/gnss_um982': FileNotFoundError(2, 'The system cannot find the path specified.', None, 3)
2026-05-12 18:50:04.469 | WARNING  | HALService | [GNSS Node] Cannot open /dev/gnss_um982: could not open port '/dev/gnss_um982': FileNotFoundError(2, 'The system cannot find the path specified.', None, 3). Retrying in 5.0s...
2026-05-12 18:50:08.664 | WARNING  | HALService | [IMU Node] Cannot open /dev/serial0: could not open port '/dev/serial0': FileNotFoundError(2, 'The system cannot find the path specified.', None, 3). Retrying in 5.0s...
2026-05-12 18:50:09.478 | ERROR    | HALService | [UM982] Start failed: could not open port '/dev/gnss_um982': FileNotFoundError(2, 'The system cannot find the path specified.', None, 3)
2026-05-12 18:50:09.478 | WARNING  | HALService | [GNSS Node] Cannot open /dev/gnss_um982: could not open port '/dev/gnss_um982': FileNotFoundError(2, 'The system cannot find the path specified.', None, 3). Retrying in 5.0s...
2026-05-12 18:50:13.665 | WARNING  | HALService | [IMU Node] Cannot open /dev/serial0: could not open port '/dev/serial0': FileNotFoundError(2, 'The system cannot find the path specified.', None, 3). Retrying in 5.0s...
2026-05-12 18:50:14.488 | ERROR    | HALService | [UM982] Start failed: could not open port '/dev/gnss_um982': FileNotFoundError(2, 'The system cannot find the path specified.', None, 3)
2026-05-12 18:50:14.488 | WARNING  | HALService | [GNSS Node] Cannot open /dev/gnss_um982: could not open port '/dev/gnss_um982': FileNotFoundError(2, 'The system cannot find the path specified.', None, 3). Retrying in 5.0s...
2026-05-12 18:50:18.666 | WARNING  | HALService | [IMU Node] Cannot open /dev/serial0: could not open port '/dev/serial0': FileNotFoundError(2, 'The system cannot find the path specified.', None, 3). Retrying in 5.0s...
2026-05-12 18:50:19.497 | ERROR    | HALService | [UM982] Start failed: could not open port '/dev/gnss_um982': FileNotFoundError(2, 'The system cannot find the path specified.', None, 3)
2026-05-12 18:50:19.497 | WARNING  | HALService | [GNSS Node] Cannot open /dev/gnss_um982: could not open port '/dev/gnss_um982': FileNotFoundError(2, 'The system cannot find the path specified.', None, 3). Retrying in 5.0s...
2026-05-12 18:50:23.666 | WARNING  | HALService | [IMU Node] Cannot open /dev/serial0: could not open port '/dev/serial0': FileNotFoundError(2, 'The system cannot find the path specified.', None, 3). Retrying in 5.0s...
2026-05-12 18:50:24.506 | ERROR    | HALService | [UM982] Start failed: could not open port '/dev/gnss_um982': FileNotFoundError(2, 'The system cannot find the path specified.', None, 3)
2026-05-12 18:50:24.506 | WARNING  | HALService | [GNSS Node] Cannot open /dev/gnss_um982: could not open port '/dev/gnss_um982': FileNotFoundError(2, 'The system cannot find the path specified.', None, 3). Retrying in 5.0s...
2026-05-12 18:50:28.668 | WARNING  | HALService | [IMU Node] Cannot open /dev/serial0: could not open port '/dev/serial0': FileNotFoundError(2, 'The system cannot find the path specified.', None, 3). Retrying in 5.0s...
2026-05-12 18:50:29.515 | ERROR    | HALService | [UM982] Start failed: could not open port '/dev/gnss_um982': FileNotFoundError(2, 'The system cannot find the path specified.', None, 3)
2026-05-12 18:50:29.515 | WARNING  | HALService | [GNSS Node] Cannot open /dev/gnss_um982: could not open port '/dev/gnss_um982': FileNotFoundError(2, 'The system cannot find the path specified.', None, 3). Retrying in 5.0s...
2026-05-12 18:50:33.668 | WARNING  | HALService | [IMU Node] Cannot open /dev/serial0: could not open port '/dev/serial0': FileNotFoundError(2, 'The system cannot find the path specified.', None, 3). Retrying in 5.0s...
2026-05-12 18:50:34.523 | ERROR    | HALService | [UM982] Start failed: could not open port '/dev/gnss_um982': FileNotFoundError(2, 'The system cannot find the path specified.', None, 3)
2026-05-12 18:50:34.523 | WARNING  | HALService | [GNSS Node] Cannot open /dev/gnss_um982: could not open port '/dev/gnss_um982': FileNotFoundError(2, 'The system cannot find the path specified.', None, 3). Retrying in 5.0s...
2026-05-12 18:50:38.669 | WARNING  | HALService | [IMU Node] Cannot open /dev/serial0: could not open port '/dev/serial0': FileNotFoundError(2, 'The system cannot find the path specified.', None, 3). Retrying in 5.0s...
2026-05-12 18:50:39.532 | ERROR    | HALService | [UM982] Start failed: could not open port '/dev/gnss_um982': FileNotFoundError(2, 'The system cannot find the path specified.', None, 3)
2026-05-12 18:50:39.532 | WARNING  | HALService | [GNSS Node] Cannot open /dev/gnss_um982: could not open port '/dev/gnss_um982': FileNotFoundError(2, 'The system cannot find the path specified.', None, 3). Retrying in 5.0s...
2026-05-12 18:50:43.670 | WARNING  | HALService | [IMU Node] Cannot open /dev/serial0: could not open port '/dev/serial0': FileNotFoundError(2, 'The system cannot find the path specified.', None, 3). Retrying in 5.0s...
2026-05-12 18:50:44.541 | ERROR    | HALService | [UM982] Start failed: could not open port '/dev/gnss_um982': FileNotFoundError(2, 'The system cannot find the path specified.', None, 3)
2026-05-12 18:50:44.541 | WARNING  | HALService | [GNSS Node] Cannot open /dev/gnss_um982: could not open port '/dev/gnss_um982': FileNotFoundError(2, 'The system cannot find the path specified.', None, 3). Retrying in 5.0s...
2026-05-12 18:50:48.670 | WARNING  | HALService | [IMU Node] Cannot open /dev/serial0: could not open port '/dev/serial0': FileNotFoundError(2, 'The system cannot find the path specified.', None, 3). Retrying in 5.0s...
2026-05-12 18:50:49.550 | ERROR    | HALService | [UM982] Start failed: could not open port '/dev/gnss_um982': FileNotFoundError(2, 'The system cannot find the path specified.', None, 3)
2026-05-12 18:50:49.551 | WARNING  | HALService | [GNSS Node] Cannot open /dev/gnss_um982: could not open port '/dev/gnss_um982': FileNotFoundError(2, 'The system cannot find the path specified.', None, 3). Retrying in 5.0s...
2026-05-12 18:50:53.671 | WARNING  | HALService | [IMU Node] Cannot open /dev/serial0: could not open port '/dev/serial0': FileNotFoundError(2, 'The system cannot find the path specified.', None, 3). Retrying in 5.0s...
2026-05-12 18:50:54.561 | ERROR    | HALService | [UM982] Start failed: could not open port '/dev/gnss_um982': FileNotFoundError(2, 'The system cannot find the path specified.', None, 3)
2026-05-12 18:50:54.561 | WARNING  | HALService | [GNSS Node] Cannot open /dev/gnss_um982: could not open port '/dev/gnss_um982': FileNotFoundError(2, 'The system cannot find the path specified.', None, 3). Retrying in 5.0s...
2026-05-12 18:50:58.672 | WARNING  | HALService | [IMU Node] Cannot open /dev/serial0: could not open port '/dev/serial0': FileNotFoundError(2, 'The system cannot find the path specified.', None, 3). Retrying in 5.0s...
2026-05-12 18:50:59.570 | ERROR    | HALService | [UM982] Start failed: could not open port '/dev/gnss_um982': FileNotFoundError(2, 'The system cannot find the path specified.', None, 3)
2026-05-12 18:50:59.570 | WARNING  | HALService | [GNSS Node] Cannot open /dev/gnss_um982: could not open port '/dev/gnss_um982': FileNotFoundError(2, 'The system cannot find the path specified.', None, 3). Retrying in 5.0s...
2026-05-12 18:51:03.672 | WARNING  | HALService | [IMU Node] Cannot open /dev/serial0: could not open port '/dev/serial0': FileNotFoundError(2, 'The system cannot find the path specified.', None, 3). Retrying in 5.0s...
2026-05-12 18:51:04.578 | ERROR    | HALService | [UM982] Start failed: could not open port '/dev/gnss_um982': FileNotFoundError(2, 'The system cannot find the path specified.', None, 3)
2026-05-12 18:51:04.578 | WARNING  | HALService | [GNSS Node] Cannot open /dev/gnss_um982: could not open port '/dev/gnss_um982': FileNotFoundError(2, 'The system cannot find the path specified.', None, 3). Retrying in 5.0s...
2026-05-12 18:51:08.673 | WARNING  | HALService | [IMU Node] Cannot open /dev/serial0: could not open port '/dev/serial0': FileNotFoundError(2, 'The system cannot find the path specified.', None, 3). Retrying in 5.0s...
2026-05-12 18:51:09.587 | ERROR    | HALService | [UM982] Start failed: could not open port '/dev/gnss_um982': FileNotFoundError(2, 'The system cannot find the path specified.', None, 3)
2026-05-12 18:51:09.587 | WARNING  | HALService | [GNSS Node] Cannot open /dev/gnss_um982: could not open port '/dev/gnss_um982': FileNotFoundError(2, 'The system cannot find the path specified.', None, 3). Retrying in 5.0s...
2026-05-12 18:51:13.674 | WARNING  | HALService | [IMU Node] Cannot open /dev/serial0: could not open port '/dev/serial0': FileNotFoundError(2, 'The system cannot find the path specified.', None, 3). Retrying in 5.0s...
2026-05-12 18:51:14.596 | ERROR    | HALService | [UM982] Start failed: could not open port '/dev/gnss_um982': FileNotFoundError(2, 'The system cannot find the path specified.', None, 3)
2026-05-12 18:51:14.596 | WARNING  | HALService | [GNSS Node] Cannot open /dev/gnss_um982: could not open port '/dev/gnss_um982': FileNotFoundError(2, 'The system cannot find the path specified.', None, 3). Retrying in 5.0s...
2026-05-12 18:51:18.675 | WARNING  | HALService | [IMU Node] Cannot open /dev/serial0: could not open port '/dev/serial0': FileNotFoundError(2, 'The system cannot find the path specified.', None, 3). Retrying in 5.0s...
2026-05-12 18:51:19.604 | ERROR    | HALService | [UM982] Start failed: could not open port '/dev/gnss_um982': FileNotFoundError(2, 'The system cannot find the path specified.', None, 3)
2026-05-12 18:51:19.604 | WARNING  | HALService | [GNSS Node] Cannot open /dev/gnss_um982: could not open port '/dev/gnss_um982': FileNotFoundError(2, 'The system cannot find the path specified.', None, 3). Retrying in 5.0s...
2026-05-12 18:51:23.675 | WARNING  | HALService | [IMU Node] Cannot open /dev/serial0: could not open port '/dev/serial0': FileNotFoundError(2, 'The system cannot find the path specified.', None, 3). Retrying in 5.0s...
2026-05-12 18:51:24.614 | ERROR    | HALService | [UM982] Start failed: could not open port '/dev/gnss_um982': FileNotFoundError(2, 'The system cannot find the path specified.', None, 3)
2026-05-12 18:51:24.614 | WARNING  | HALService | [GNSS Node] Cannot open /dev/gnss_um982: could not open port '/dev/gnss_um982': FileNotFoundError(2, 'The system cannot find the path specified.', None, 3). Retrying in 5.0s...
2026-05-12 18:51:28.676 | WARNING  | HALService | [IMU Node] Cannot open /dev/serial0: could not open port '/dev/serial0': FileNotFoundError(2, 'The system cannot find the path specified.', None, 3). Retrying in 5.0s...
2026-05-12 18:51:29.622 | ERROR    | HALService | [UM982] Start failed: could not open port '/dev/gnss_um982': FileNotFoundError(2, 'The system cannot find the path specified.', None, 3)
2026-05-12 18:51:29.622 | WARNING  | HALService | [GNSS Node] Cannot open /dev/gnss_um982: could not open port '/dev/gnss_um982': FileNotFoundError(2, 'The system cannot find the path specified.', None, 3). Retrying in 5.0s...
2026-05-12 18:51:33.677 | WARNING  | HALService | [IMU Node] Cannot open /dev/serial0: could not open port '/dev/serial0': FileNotFoundError(2, 'The system cannot find the path specified.', None, 3). Retrying in 5.0s...
2026-05-12 18:51:34.631 | ERROR    | HALService | [UM982] Start failed: could not open port '/dev/gnss_um982': FileNotFoundError(2, 'The system cannot find the path specified.', None, 3)
2026-05-12 18:51:34.631 | WARNING  | HALService | [GNSS Node] Cannot open /dev/gnss_um982: could not open port '/dev/gnss_um982': FileNotFoundError(2, 'The system cannot find the path specified.', None, 3). Retrying in 5.0s...
2026-05-12 18:51:38.677 | WARNING  | HALService | [IMU Node] Cannot open /dev/serial0: could not open port '/dev/serial0': FileNotFoundError(2, 'The system cannot find the path specified.', None, 3). Retrying in 5.0s...
2026-05-12 18:51:39.641 | ERROR    | HALService | [UM982] Start failed: could not open port '/dev/gnss_um982': FileNotFoundError(2, 'The system cannot find the path specified.', None, 3)
2026-05-12 18:51:39.641 | WARNING  | HALService | [GNSS Node] Cannot open /dev/gnss_um982: could not open port '/dev/gnss_um982': FileNotFoundError(2, 'The system cannot find the path specified.', None, 3). Retrying in 5.0s...
2026-05-12 18:51:43.678 | WARNING  | HALService | [IMU Node] Cannot open /dev/serial0: could not open port '/dev/serial0': FileNotFoundError(2, 'The system cannot find the path specified.', None, 3). Retrying in 5.0s...
2026-05-12 18:51:44.649 | ERROR    | HALService | [UM982] Start failed: could not open port '/dev/gnss_um982': FileNotFoundError(2, 'The system cannot find the path specified.', None, 3)
2026-05-12 18:51:44.650 | WARNING  | HALService | [GNSS Node] Cannot open /dev/gnss_um982: could not open port '/dev/gnss_um982': FileNotFoundError(2, 'The system cannot find the path specified.', None, 3). Retrying in 5.0s...
2026-05-12 18:51:48.679 | WARNING  | HALService | [IMU Node] Cannot open /dev/serial0: could not open port '/dev/serial0': FileNotFoundError(2, 'The system cannot find the path specified.', None, 3). Retrying in 5.0s...
2026-05-12 18:51:49.660 | ERROR    | HALService | [UM982] Start failed: could not open port '/dev/gnss_um982': FileNotFoundError(2, 'The system cannot find the path specified.', None, 3)
2026-05-12 18:51:49.660 | WARNING  | HALService | [GNSS Node] Cannot open /dev/gnss_um982: could not open port '/dev/gnss_um982': FileNotFoundError(2, 'The system cannot find the path specified.', None, 3). Retrying in 5.0s...
2026-05-12 18:51:53.679 | WARNING  | HALService | [IMU Node] Cannot open /dev/serial0: could not open port '/dev/serial0': FileNotFoundError(2, 'The system cannot find the path specified.', None, 3). Retrying in 5.0s...
2026-05-12 18:51:54.667 | ERROR    | HALService | [UM982] Start failed: could not open port '/dev/gnss_um982': FileNotFoundError(2, 'The system cannot find the path specified.', None, 3)
2026-05-12 18:51:54.667 | WARNING  | HALService | [GNSS Node] Cannot open /dev/gnss_um982: could not open port '/dev/gnss_um982': FileNotFoundError(2, 'The system cannot find the path specified.', None, 3). Retrying in 5.0s...
2026-05-12 18:51:58.680 | WARNING  | HALService | [IMU Node] Cannot open /dev/serial0: could not open port '/dev/serial0': FileNotFoundError(2, 'The system cannot find the path specified.', None, 3). Retrying in 5.0s...
2026-05-12 18:51:59.676 | ERROR    | HALService | [UM982] Start failed: could not open port '/dev/gnss_um982': FileNotFoundError(2, 'The system cannot find the path specified.', None, 3)
2026-05-12 18:51:59.676 | WARNING  | HALService | [GNSS Node] Cannot open /dev/gnss_um982: could not open port '/dev/gnss_um982': FileNotFoundError(2, 'The system cannot find the path specified.', None, 3). Retrying in 5.0s...
2026-05-12 18:52:03.681 | WARNING  | HALService | [IMU Node] Cannot open /dev/serial0: could not open port '/dev/serial0': FileNotFoundError(2, 'The system cannot find the path specified.', None, 3). Retrying in 5.0s...
2026-05-12 18:52:04.684 | ERROR    | HALService | [UM982] Start failed: could not open port '/dev/gnss_um982': FileNotFoundError(2, 'The system cannot find the path specified.', None, 3)
2026-05-12 18:52:04.685 | WARNING  | HALService | [GNSS Node] Cannot open /dev/gnss_um982: could not open port '/dev/gnss_um982': FileNotFoundError(2, 'The system cannot find the path specified.', None, 3). Retrying in 5.0s...
2026-05-12 18:52:08.682 | WARNING  | HALService | [IMU Node] Cannot open /dev/serial0: could not open port '/dev/serial0': FileNotFoundError(2, 'The system cannot find the path specified.', None, 3). Retrying in 5.0s...
2026-05-12 18:52:09.694 | ERROR    | HALService | [UM982] Start failed: could not open port '/dev/gnss_um982': FileNotFoundError(2, 'The system cannot find the path specified.', None, 3)
2026-05-12 18:52:09.694 | WARNING  | HALService | [GNSS Node] Cannot open /dev/gnss_um982: could not open port '/dev/gnss_um982': FileNotFoundError(2, 'The system cannot find the path specified.', None, 3). Retrying in 5.0s...
2026-05-12 18:52:13.683 | WARNING  | HALService | [IMU Node] Cannot open /dev/serial0: could not open port '/dev/serial0': FileNotFoundError(2, 'The system cannot find the path specified.', None, 3). Retrying in 5.0s...
2026-05-12 18:52:14.705 | ERROR    | HALService | [UM982] Start failed: could not open port '/dev/gnss_um982': FileNotFoundError(2, 'The system cannot find the path specified.', None, 3)
2026-05-12 18:52:14.705 | WARNING  | HALService | [GNSS Node] Cannot open /dev/gnss_um982: could not open port '/dev/gnss_um982': FileNotFoundError(2, 'The system cannot find the path specified.', None, 3). Retrying in 5.0s...
2026-05-12 18:52:18.684 | WARNING  | HALService | [IMU Node] Cannot open /dev/serial0: could not open port '/dev/serial0': FileNotFoundError(2, 'The system cannot find the path specified.', None, 3). Retrying in 5.0s...
2026-05-12 18:52:19.715 | ERROR    | HALService | [UM982] Start failed: could not open port '/dev/gnss_um982': FileNotFoundError(2, 'The system cannot find the path specified.', None, 3)
2026-05-12 18:52:19.715 | WARNING  | HALService | [GNSS Node] Cannot open /dev/gnss_um982: could not open port '/dev/gnss_um982': FileNotFoundError(2, 'The system cannot find the path specified.', None, 3). Retrying in 5.0s...
2026-05-12 18:52:23.684 | WARNING  | HALService | [IMU Node] Cannot open /dev/serial0: could not open port '/dev/serial0': FileNotFoundError(2, 'The system cannot find the path specified.', None, 3). Retrying in 5.0s...
2026-05-12 18:52:24.724 | ERROR    | HALService | [UM982] Start failed: could not open port '/dev/gnss_um982': FileNotFoundError(2, 'The system cannot find the path specified.', None, 3)
2026-05-12 18:52:24.724 | WARNING  | HALService | [GNSS Node] Cannot open /dev/gnss_um982: could not open port '/dev/gnss_um982': FileNotFoundError(2, 'The system cannot find the path specified.', None, 3). Retrying in 5.0s...
2026-05-12 18:52:28.685 | WARNING  | HALService | [IMU Node] Cannot open /dev/serial0: could not open port '/dev/serial0': FileNotFoundError(2, 'The system cannot find the path specified.', None, 3). Retrying in 5.0s...
2026-05-12 18:52:29.732 | ERROR    | HALService | [UM982] Start failed: could not open port '/dev/gnss_um982': FileNotFoundError(2, 'The system cannot find the path specified.', None, 3)
2026-05-12 18:52:29.732 | WARNING  | HALService | [GNSS Node] Cannot open /dev/gnss_um982: could not open port '/dev/gnss_um982': FileNotFoundError(2, 'The system cannot find the path specified.', None, 3). Retrying in 5.0s...
2026-05-12 18:52:33.686 | WARNING  | HALService | [IMU Node] Cannot open /dev/serial0: could not open port '/dev/serial0': FileNotFoundError(2, 'The system cannot find the path specified.', None, 3). Retrying in 5.0s...
2026-05-12 18:52:34.742 | ERROR    | HALService | [UM982] Start failed: could not open port '/dev/gnss_um982': FileNotFoundError(2, 'The system cannot find the path specified.', None, 3)
2026-05-12 18:52:34.742 | WARNING  | HALService | [GNSS Node] Cannot open /dev/gnss_um982: could not open port '/dev/gnss_um982': FileNotFoundError(2, 'The system cannot find the path specified.', None, 3). Retrying in 5.0s...
2026-05-12 18:52:38.686 | WARNING  | HALService | [IMU Node] Cannot open /dev/serial0: could not open port '/dev/serial0': FileNotFoundError(2, 'The system cannot find the path specified.', None, 3). Retrying in 5.0s...
2026-05-12 18:52:39.750 | ERROR    | HALService | [UM982] Start failed: could not open port '/dev/gnss_um982': FileNotFoundError(2, 'The system cannot find the path specified.', None, 3)
2026-05-12 18:52:39.750 | WARNING  | HALService | [GNSS Node] Cannot open /dev/gnss_um982: could not open port '/dev/gnss_um982': FileNotFoundError(2, 'The system cannot find the path specified.', None, 3). Retrying in 5.0s...
2026-05-12 18:52:43.687 | WARNING  | HALService | [IMU Node] Cannot open /dev/serial0: could not open port '/dev/serial0': FileNotFoundError(2, 'The system cannot find the path specified.', None, 3). Retrying in 5.0s...
2026-05-12 18:52:44.759 | ERROR    | HALService | [UM982] Start failed: could not open port '/dev/gnss_um982': FileNotFoundError(2, 'The system cannot find the path specified.', None, 3)
2026-05-12 18:52:44.759 | WARNING  | HALService | [GNSS Node] Cannot open /dev/gnss_um982: could not open port '/dev/gnss_um982': FileNotFoundError(2, 'The system cannot find the path specified.', None, 3). Retrying in 5.0s...
2026-05-12 18:52:48.688 | WARNING  | HALService | [IMU Node] Cannot open /dev/serial0: could not open port '/dev/serial0': FileNotFoundError(2, 'The system cannot find the path specified.', None, 3). Retrying in 5.0s...
2026-05-12 18:52:49.768 | ERROR    | HALService | [UM982] Start failed: could not open port '/dev/gnss_um982': FileNotFoundError(2, 'The system cannot find the path specified.', None, 3)
2026-05-12 18:52:49.768 | WARNING  | HALService | [GNSS Node] Cannot open /dev/gnss_um982: could not open port '/dev/gnss_um982': FileNotFoundError(2, 'The system cannot find the path specified.', None, 3). Retrying in 5.0s...
2026-05-12 18:52:53.689 | WARNING  | HALService | [IMU Node] Cannot open /dev/serial0: could not open port '/dev/serial0': FileNotFoundError(2, 'The system cannot find the path specified.', None, 3). Retrying in 5.0s...
2026-05-12 18:52:54.777 | ERROR    | HALService | [UM982] Start failed: could not open port '/dev/gnss_um982': FileNotFoundError(2, 'The system cannot find the path specified.', None, 3)
2026-05-12 18:52:54.777 | WARNING  | HALService | [GNSS Node] Cannot open /dev/gnss_um982: could not open port '/dev/gnss_um982': FileNotFoundError(2, 'The system cannot find the path specified.', None, 3). Retrying in 5.0s...
2026-05-12 18:52:58.690 | WARNING  | HALService | [IMU Node] Cannot open /dev/serial0: could not open port '/dev/serial0': FileNotFoundError(2, 'The system cannot find the path specified.', None, 3). Retrying in 5.0s...
2026-05-12 18:52:59.787 | ERROR    | HALService | [UM982] Start failed: could not open port '/dev/gnss_um982': FileNotFoundError(2, 'The system cannot find the path specified.', None, 3)
2026-05-12 18:52:59.787 | WARNING  | HALService | [GNSS Node] Cannot open /dev/gnss_um982: could not open port '/dev/gnss_um982': FileNotFoundError(2, 'The system cannot find the path specified.', None, 3). Retrying in 5.0s...
2026-05-12 18:53:03.690 | WARNING  | HALService | [IMU Node] Cannot open /dev/serial0: could not open port '/dev/serial0': FileNotFoundError(2, 'The system cannot find the path specified.', None, 3). Retrying in 5.0s...
2026-05-12 18:53:04.796 | ERROR    | HALService | [UM982] Start failed: could not open port '/dev/gnss_um982': FileNotFoundError(2, 'The system cannot find the path specified.', None, 3)
2026-05-12 18:53:04.796 | WARNING  | HALService | [GNSS Node] Cannot open /dev/gnss_um982: could not open port '/dev/gnss_um982': FileNotFoundError(2, 'The system cannot find the path specified.', None, 3). Retrying in 5.0s...
2026-05-12 18:53:08.691 | WARNING  | HALService | [IMU Node] Cannot open /dev/serial0: could not open port '/dev/serial0': FileNotFoundError(2, 'The system cannot find the path specified.', None, 3). Retrying in 5.0s...
2026-05-12 18:53:09.806 | ERROR    | HALService | [UM982] Start failed: could not open port '/dev/gnss_um982': FileNotFoundError(2, 'The system cannot find the path specified.', None, 3)
2026-05-12 18:53:09.806 | WARNING  | HALService | [GNSS Node] Cannot open /dev/gnss_um982: could not open port '/dev/gnss_um982': FileNotFoundError(2, 'The system cannot find the path specified.', None, 3). Retrying in 5.0s...
2026-05-12 18:53:13.692 | WARNING  | HALService | [IMU Node] Cannot open /dev/serial0: could not open port '/dev/serial0': FileNotFoundError(2, 'The system cannot find the path specified.', None, 3). Retrying in 5.0s...
2026-05-12 18:53:14.815 | ERROR    | HALService | [UM982] Start failed: could not open port '/dev/gnss_um982': FileNotFoundError(2, 'The system cannot find the path specified.', None, 3)
2026-05-12 18:53:14.815 | WARNING  | HALService | [GNSS Node] Cannot open /dev/gnss_um982: could not open port '/dev/gnss_um982': FileNotFoundError(2, 'The system cannot find the path specified.', None, 3). Retrying in 5.0s...
2026-05-12 18:53:18.693 | WARNING  | HALService | [IMU Node] Cannot open /dev/serial0: could not open port '/dev/serial0': FileNotFoundError(2, 'The system cannot find the path specified.', None, 3). Retrying in 5.0s...
2026-05-12 18:53:19.823 | ERROR    | HALService | [UM982] Start failed: could not open port '/dev/gnss_um982': FileNotFoundError(2, 'The system cannot find the path specified.', None, 3)
2026-05-12 18:53:19.824 | WARNING  | HALService | [GNSS Node] Cannot open /dev/gnss_um982: could not open port '/dev/gnss_um982': FileNotFoundError(2, 'The system cannot find the path specified.', None, 3). Retrying in 5.0s...
2026-05-12 18:53:23.693 | WARNING  | HALService | [IMU Node] Cannot open /dev/serial0: could not open port '/dev/serial0': FileNotFoundError(2, 'The system cannot find the path specified.', None, 3). Retrying in 5.0s...
2026-05-12 18:53:24.833 | ERROR    | HALService | [UM982] Start failed: could not open port '/dev/gnss_um982': FileNotFoundError(2, 'The system cannot find the path specified.', None, 3)
2026-05-12 18:53:24.833 | WARNING  | HALService | [GNSS Node] Cannot open /dev/gnss_um982: could not open port '/dev/gnss_um982': FileNotFoundError(2, 'The system cannot find the path specified.', None, 3). Retrying in 5.0s...
2026-05-12 18:53:28.694 | WARNING  | HALService | [IMU Node] Cannot open /dev/serial0: could not open port '/dev/serial0': FileNotFoundError(2, 'The system cannot find the path specified.', None, 3). Retrying in 5.0s...
2026-05-12 18:53:29.843 | ERROR    | HALService | [UM982] Start failed: could not open port '/dev/gnss_um982': FileNotFoundError(2, 'The system cannot find the path specified.', None, 3)
2026-05-12 18:53:29.843 | WARNING  | HALService | [GNSS Node] Cannot open /dev/gnss_um982: could not open port '/dev/gnss_um982': FileNotFoundError(2, 'The system cannot find the path specified.', None, 3). Retrying in 5.0s...
2026-05-12 18:53:33.695 | WARNING  | HALService | [IMU Node] Cannot open /dev/serial0: could not open port '/dev/serial0': FileNotFoundError(2, 'The system cannot find the path specified.', None, 3). Retrying in 5.0s...
2026-05-12 18:53:34.851 | ERROR    | HALService | [UM982] Start failed: could not open port '/dev/gnss_um982': FileNotFoundError(2, 'The system cannot find the path specified.', None, 3)
2026-05-12 18:53:34.851 | WARNING  | HALService | [GNSS Node] Cannot open /dev/gnss_um982: could not open port '/dev/gnss_um982': FileNotFoundError(2, 'The system cannot find the path specified.', None, 3). Retrying in 5.0s...
2026-05-12 18:53:38.696 | WARNING  | HALService | [IMU Node] Cannot open /dev/serial0: could not open port '/dev/serial0': FileNotFoundError(2, 'The system cannot find the path specified.', None, 3). Retrying in 5.0s...
2026-05-12 18:53:38.712 | INFO     | ManagerService | Process ManagerService received signal 2. Stopping...
2026-05-12 18:53:38.712 | INFO     | HALService | Process HALService received signal 2. Stopping...
2026-05-12 18:53:38.712 | INFO     | GNCService | Process GNCService received signal 2. Stopping...
2026-05-12 18:53:38.712 | INFO     | NavigationService | Process NavigationService received signal 2. Stopping...
2026-05-12 18:53:38.712 | WARNING  | MAIN | Main process received KeyboardInterrupt. Stopping services...
2026-05-12 18:53:38.715 | INFO     | HALService | Process HALService stopped.
2026-05-12 18:53:38.718 | INFO     | CommsService | WebSocket client disconnected. Total: 0
2026-05-12 18:53:38.720 | INFO     | NavigationService | Process NavigationService stopped.
2026-05-12 18:53:38.747 | INFO     | GNCService | Process GNCService stopped.
2026-05-12 18:53:38.771 | INFO     | ManagerService | Process ManagerService stopped.
2026-05-12 18:53:38.825 | INFO     | CommsService | ZMQ Consumer task cancelled
2026-05-12 18:53:38.826 | INFO     | CommsService | Stopping MAVLink Bridge...
2026-05-12 18:53:38.840 | INFO     | CommsService | MAVLink bridge stopped.
2026-05-12 18:53:38.903 | SUCCESS  | MAIN | All services stopped. Exiting.
2026-05-12 19:24:29.444 | INFO     | MAIN | Starting USV Control System
2026-05-12 19:24:29.444 | INFO     | MAIN | Mode: SIMULATION
2026-05-12 19:24:29.986 | INFO     | CommsService | Starting MAVLink Bridge thread...
2026-05-12 19:24:29.992 | INFO     | CommsService | Starting Web Server on port 8000
2026-05-12 19:24:29.992 | INFO     | BROKER | Broker started. Publishers -> :5555 | Subscribers <- :5556
2026-05-12 19:24:29.993 | INFO     | CommsService | MAVLink bridge sending to udpout:127.0.0.1:14550
2026-05-12 19:24:29.986 | INFO     | HALService | Process HALService starting...
2026-05-12 19:24:29.996 | INFO     | HALService | [GNSS Node] Publisher connected to ZMQ Bus: tcp://127.0.0.1:5555
2026-05-12 19:24:29.998 | INFO     | HALService | [GNSS Node] Subscriber connected to tcp://127.0.0.1:5556 for commands
2026-05-12 19:24:29.998 | INFO     | HALService | [GNSS Node] Starting (with auto-retry)...
2026-05-12 19:24:29.998 | INFO     | HALService | GNSS Node (UM982) started on /dev/gnss_um982
2026-05-12 19:24:29.998 | ERROR    | HALService | [UM982] Start failed: could not open port '/dev/gnss_um982': FileNotFoundError(2, 'The system cannot find the path specified.', None, 3)
2026-05-12 19:24:30.001 | INFO     | HALService | [IMU Node] Publisher connected to ZMQ Bus: tcp://127.0.0.1:5555
2026-05-12 19:24:30.001 | WARNING  | HALService | [GNSS Node] Cannot open /dev/gnss_um982: could not open port '/dev/gnss_um982': FileNotFoundError(2, 'The system cannot find the path specified.', None, 3). Retrying in 5.0s...
2026-05-12 19:24:29.985 | INFO     | NavigationService | Process NavigationService starting...
2026-05-12 19:24:29.986 | INFO     | ManagerService | Process ManagerService starting...
2026-05-12 19:24:30.004 | INFO     | HALService | [IMU Node] Starting (with auto-retry)...
2026-05-12 19:24:29.984 | INFO     | GNCService | Process GNCService starting...
2026-05-12 19:24:30.004 | INFO     | HALService | IMU Node started on /dev/serial0
2026-05-12 19:24:30.007 | INFO     | HALService | [Power Node] Publisher connected to ZMQ Bus: tcp://127.0.0.1:5555
2026-05-12 19:24:30.007 | INFO     | HALService | [Power Node] Subscriber connected to tcp://127.0.0.1:5556 for commands
2026-05-12 19:24:30.007 | WARNING  | HALService | [IMU Node] Cannot open /dev/serial0: could not open port '/dev/serial0': FileNotFoundError(2, 'The system cannot find the path specified.', None, 3). Retrying in 5.0s...
2026-05-12 19:24:30.008 | INFO     | HALService | [Power Node] Starting (with auto-retry)...
2026-05-12 19:24:30.008 | INFO     | HALService | Power Node (PZEM-017) started on /dev/power_pzem
2026-05-12 19:24:30.008 | INFO     | HALService | Process HALService entering loop at 50.0 Hz
2026-05-12 19:24:30.008 | WARNING  | HALService | [Power Node] Cannot open /dev/power_pzem: could not open port '/dev/power_pzem': FileNotFoundError(2, 'The system cannot find the path specified.', None, 3). Retrying...
2026-05-12 19:24:30.009 | INFO     | CommsService | Starting Web Server...
2026-05-12 19:24:30.104 | INFO     | NavigationService | Navigation Process initialized (passthrough mode)
2026-05-12 19:24:30.104 | INFO     | NavigationService | Process NavigationService entering loop at 20.0 Hz
2026-05-12 19:24:30.208 | INFO     | ManagerService | Manager: settings loaded from c:\PYTHON\ControlUSV\src\manager\..\..\data\manager_settings.json
2026-05-12 19:24:30.209 | INFO     | ManagerService | Manager Process Initialized. Waiting for commands...
2026-05-12 19:24:30.209 | INFO     | ManagerService | Process ManagerService entering loop at 10.0 Hz
2026-05-12 19:24:30.212 | INFO     | CommsService | Command publisher connected to ZMQ broker
2026-05-12 19:24:30.215 | INFO     | CommsService | Web Server ZMQ Consumer connected to tcp://127.0.0.1:5556 subscribing to ['sensor/gnss', 'sensor/imu', 'sensor/battery', 'sensor/status', 'gnc/ekf_state', 'system/status', 'gnc/control_debug', 'gnc/control_output', 'sim/status']
2026-05-12 19:24:30.620 | INFO     | GNCService | GNC Process initialized (waiting for AUTO mode)
2026-05-12 19:24:30.620 | INFO     | GNCService | Process GNCService entering loop at 20.0 Hz
2026-05-12 19:24:33.494 | INFO     | CommsService | WebSocket client connected. Total: 1
2026-05-12 19:24:33.496 | INFO     | CommsService | Command received and published: CommandType.SET_HOME_WP
2026-05-12 19:24:33.524 | INFO     | ManagerService | Manager received command: CommandType.SET_HOME_WP
2026-05-12 19:24:33.524 | INFO     | ManagerService | Home WP set: {'lat': 39.42720537699026, 'lon': -0.2995583475625949}
2026-05-12 19:24:33.543 | INFO     | GNCService | GNC: Home WP set: {'lat': 39.42720537699026, 'lon': -0.2995583475625949}
2026-05-12 19:24:34.118 | INFO     | CommsService | WebSocket client disconnected. Total: 0
2026-05-12 19:24:34.498 | INFO     | CommsService | WebSocket client connected. Total: 1
2026-05-12 19:24:34.499 | INFO     | CommsService | Command received and published: CommandType.SET_HOME_WP
2026-05-12 19:24:34.500 | INFO     | GNCService | GNC: Home WP set: {'lat': 39.42720537699026, 'lon': -0.2995583475625949}
2026-05-12 19:24:34.530 | INFO     | ManagerService | Manager received command: CommandType.SET_HOME_WP
2026-05-12 19:24:34.530 | INFO     | ManagerService | Home WP set: {'lat': 39.42720537699026, 'lon': -0.2995583475625949}
2026-05-12 19:24:35.009 | WARNING  | HALService | [IMU Node] Cannot open /dev/serial0: could not open port '/dev/serial0': FileNotFoundError(2, 'The system cannot find the path specified.', None, 3). Retrying in 5.0s...
2026-05-12 19:24:35.013 | ERROR    | HALService | [UM982] Start failed: could not open port '/dev/gnss_um982': FileNotFoundError(2, 'The system cannot find the path specified.', None, 3)
2026-05-12 19:24:35.013 | WARNING  | HALService | [GNSS Node] Cannot open /dev/gnss_um982: could not open port '/dev/gnss_um982': FileNotFoundError(2, 'The system cannot find the path specified.', None, 3). Retrying in 5.0s...
2026-05-12 19:24:40.009 | WARNING  | HALService | [IMU Node] Cannot open /dev/serial0: could not open port '/dev/serial0': FileNotFoundError(2, 'The system cannot find the path specified.', None, 3). Retrying in 5.0s...
2026-05-12 19:24:40.021 | ERROR    | HALService | [UM982] Start failed: could not open port '/dev/gnss_um982': FileNotFoundError(2, 'The system cannot find the path specified.', None, 3)
2026-05-12 19:24:40.021 | WARNING  | HALService | [GNSS Node] Cannot open /dev/gnss_um982: could not open port '/dev/gnss_um982': FileNotFoundError(2, 'The system cannot find the path specified.', None, 3). Retrying in 5.0s...
2026-05-12 19:24:45.010 | WARNING  | HALService | [IMU Node] Cannot open /dev/serial0: could not open port '/dev/serial0': FileNotFoundError(2, 'The system cannot find the path specified.', None, 3). Retrying in 5.0s...
2026-05-12 19:24:45.030 | ERROR    | HALService | [UM982] Start failed: could not open port '/dev/gnss_um982': FileNotFoundError(2, 'The system cannot find the path specified.', None, 3)
2026-05-12 19:24:45.030 | WARNING  | HALService | [GNSS Node] Cannot open /dev/gnss_um982: could not open port '/dev/gnss_um982': FileNotFoundError(2, 'The system cannot find the path specified.', None, 3). Retrying in 5.0s...
2026-05-12 19:24:50.010 | WARNING  | HALService | [IMU Node] Cannot open /dev/serial0: could not open port '/dev/serial0': FileNotFoundError(2, 'The system cannot find the path specified.', None, 3). Retrying in 5.0s...
2026-05-12 19:24:50.039 | ERROR    | HALService | [UM982] Start failed: could not open port '/dev/gnss_um982': FileNotFoundError(2, 'The system cannot find the path specified.', None, 3)
2026-05-12 19:24:50.039 | WARNING  | HALService | [GNSS Node] Cannot open /dev/gnss_um982: could not open port '/dev/gnss_um982': FileNotFoundError(2, 'The system cannot find the path specified.', None, 3). Retrying in 5.0s...
2026-05-12 19:24:55.011 | WARNING  | HALService | [IMU Node] Cannot open /dev/serial0: could not open port '/dev/serial0': FileNotFoundError(2, 'The system cannot find the path specified.', None, 3). Retrying in 5.0s...
2026-05-12 19:24:55.049 | ERROR    | HALService | [UM982] Start failed: could not open port '/dev/gnss_um982': FileNotFoundError(2, 'The system cannot find the path specified.', None, 3)
2026-05-12 19:24:55.049 | WARNING  | HALService | [GNSS Node] Cannot open /dev/gnss_um982: could not open port '/dev/gnss_um982': FileNotFoundError(2, 'The system cannot find the path specified.', None, 3). Retrying in 5.0s...
2026-05-12 19:25:00.012 | WARNING  | HALService | [IMU Node] Cannot open /dev/serial0: could not open port '/dev/serial0': FileNotFoundError(2, 'The system cannot find the path specified.', None, 3). Retrying in 5.0s...
2026-05-12 19:25:00.059 | ERROR    | HALService | [UM982] Start failed: could not open port '/dev/gnss_um982': FileNotFoundError(2, 'The system cannot find the path specified.', None, 3)
2026-05-12 19:25:00.059 | WARNING  | HALService | [GNSS Node] Cannot open /dev/gnss_um982: could not open port '/dev/gnss_um982': FileNotFoundError(2, 'The system cannot find the path specified.', None, 3). Retrying in 5.0s...
2026-05-12 19:25:05.014 | WARNING  | HALService | [IMU Node] Cannot open /dev/serial0: could not open port '/dev/serial0': FileNotFoundError(2, 'The system cannot find the path specified.', None, 3). Retrying in 5.0s...
2026-05-12 19:25:05.070 | ERROR    | HALService | [UM982] Start failed: could not open port '/dev/gnss_um982': FileNotFoundError(2, 'The system cannot find the path specified.', None, 3)
2026-05-12 19:25:05.070 | WARNING  | HALService | [GNSS Node] Cannot open /dev/gnss_um982: could not open port '/dev/gnss_um982': FileNotFoundError(2, 'The system cannot find the path specified.', None, 3). Retrying in 5.0s...
2026-05-12 19:25:10.015 | WARNING  | HALService | [IMU Node] Cannot open /dev/serial0: could not open port '/dev/serial0': FileNotFoundError(2, 'The system cannot find the path specified.', None, 3). Retrying in 5.0s...
2026-05-12 19:25:10.080 | ERROR    | HALService | [UM982] Start failed: could not open port '/dev/gnss_um982': FileNotFoundError(2, 'The system cannot find the path specified.', None, 3)
2026-05-12 19:25:10.080 | WARNING  | HALService | [GNSS Node] Cannot open /dev/gnss_um982: could not open port '/dev/gnss_um982': FileNotFoundError(2, 'The system cannot find the path specified.', None, 3). Retrying in 5.0s...
2026-05-12 19:25:15.015 | WARNING  | HALService | [IMU Node] Cannot open /dev/serial0: could not open port '/dev/serial0': FileNotFoundError(2, 'The system cannot find the path specified.', None, 3). Retrying in 5.0s...
2026-05-12 19:25:15.092 | ERROR    | HALService | [UM982] Start failed: could not open port '/dev/gnss_um982': FileNotFoundError(2, 'The system cannot find the path specified.', None, 3)
2026-05-12 19:25:15.092 | WARNING  | HALService | [GNSS Node] Cannot open /dev/gnss_um982: could not open port '/dev/gnss_um982': FileNotFoundError(2, 'The system cannot find the path specified.', None, 3). Retrying in 5.0s...
2026-05-12 19:25:20.016 | WARNING  | HALService | [IMU Node] Cannot open /dev/serial0: could not open port '/dev/serial0': FileNotFoundError(2, 'The system cannot find the path specified.', None, 3). Retrying in 5.0s...
2026-05-12 19:25:20.100 | ERROR    | HALService | [UM982] Start failed: could not open port '/dev/gnss_um982': FileNotFoundError(2, 'The system cannot find the path specified.', None, 3)
2026-05-12 19:25:20.100 | WARNING  | HALService | [GNSS Node] Cannot open /dev/gnss_um982: could not open port '/dev/gnss_um982': FileNotFoundError(2, 'The system cannot find the path specified.', None, 3). Retrying in 5.0s...
2026-05-12 19:25:25.017 | WARNING  | HALService | [IMU Node] Cannot open /dev/serial0: could not open port '/dev/serial0': FileNotFoundError(2, 'The system cannot find the path specified.', None, 3). Retrying in 5.0s...
2026-05-12 19:25:25.108 | ERROR    | HALService | [UM982] Start failed: could not open port '/dev/gnss_um982': FileNotFoundError(2, 'The system cannot find the path specified.', None, 3)
2026-05-12 19:25:25.108 | WARNING  | HALService | [GNSS Node] Cannot open /dev/gnss_um982: could not open port '/dev/gnss_um982': FileNotFoundError(2, 'The system cannot find the path specified.', None, 3). Retrying in 5.0s...
2026-05-12 19:25:30.017 | WARNING  | HALService | [IMU Node] Cannot open /dev/serial0: could not open port '/dev/serial0': FileNotFoundError(2, 'The system cannot find the path specified.', None, 3). Retrying in 5.0s...
2026-05-12 19:25:30.117 | ERROR    | HALService | [UM982] Start failed: could not open port '/dev/gnss_um982': FileNotFoundError(2, 'The system cannot find the path specified.', None, 3)
2026-05-12 19:25:30.117 | WARNING  | HALService | [GNSS Node] Cannot open /dev/gnss_um982: could not open port '/dev/gnss_um982': FileNotFoundError(2, 'The system cannot find the path specified.', None, 3). Retrying in 5.0s...
2026-05-12 19:25:32.178 | INFO     | CommsService | Command received and published: CommandType.SET_MODE
2026-05-12 19:25:32.194 | INFO     | ManagerService | Manager received command: CommandType.SET_MODE
2026-05-12 19:25:32.194 | INFO     | ManagerService | Mode changed to: WP_ROUTE
2026-05-12 19:25:35.018 | WARNING  | HALService | [IMU Node] Cannot open /dev/serial0: could not open port '/dev/serial0': FileNotFoundError(2, 'The system cannot find the path specified.', None, 3). Retrying in 5.0s...
2026-05-12 19:25:35.126 | ERROR    | HALService | [UM982] Start failed: could not open port '/dev/gnss_um982': FileNotFoundError(2, 'The system cannot find the path specified.', None, 3)
2026-05-12 19:25:35.126 | WARNING  | HALService | [GNSS Node] Cannot open /dev/gnss_um982: could not open port '/dev/gnss_um982': FileNotFoundError(2, 'The system cannot find the path specified.', None, 3). Retrying in 5.0s...
2026-05-12 19:25:35.675 | INFO     | CommsService | Command received and published: CommandType.SET_MODE
2026-05-12 19:25:35.711 | INFO     | ManagerService | Manager received command: CommandType.SET_MODE
2026-05-12 19:25:35.711 | INFO     | ManagerService | Mode changed to: WP_ROUTE
2026-05-12 19:25:36.962 | INFO     | CommsService | Command received and published: CommandType.SET_MODE
2026-05-12 19:25:37.018 | INFO     | ManagerService | Manager received command: CommandType.SET_MODE
2026-05-12 19:25:37.018 | INFO     | ManagerService | Mode changed to: WP_ROUTE
2026-05-12 19:25:37.195 | INFO     | CommsService | Command received and published: CommandType.SET_MODE
2026-05-12 19:25:37.220 | INFO     | ManagerService | Manager received command: CommandType.SET_MODE
2026-05-12 19:25:37.220 | INFO     | ManagerService | Mode changed to: WP_ROUTE
2026-05-12 19:25:37.412 | INFO     | CommsService | Command received and published: CommandType.SET_MODE
2026-05-12 19:25:37.421 | INFO     | ManagerService | Manager received command: CommandType.SET_MODE
2026-05-12 19:25:37.421 | INFO     | ManagerService | Mode changed to: WP_ROUTE
2026-05-12 19:25:37.653 | INFO     | CommsService | Command received and published: CommandType.SET_MODE
2026-05-12 19:25:37.723 | INFO     | ManagerService | Manager received command: CommandType.SET_MODE
2026-05-12 19:25:37.723 | INFO     | ManagerService | Mode changed to: WP_ROUTE
2026-05-12 19:25:38.620 | INFO     | CommsService | Command received and published: CommandType.SET_MODE
2026-05-12 19:25:38.628 | INFO     | ManagerService | Manager received command: CommandType.SET_MODE
2026-05-12 19:25:38.628 | INFO     | ManagerService | Mode changed to: STATION
2026-05-12 19:25:40.019 | WARNING  | HALService | [IMU Node] Cannot open /dev/serial0: could not open port '/dev/serial0': FileNotFoundError(2, 'The system cannot find the path specified.', None, 3). Retrying in 5.0s...
2026-05-12 19:25:40.136 | ERROR    | HALService | [UM982] Start failed: could not open port '/dev/gnss_um982': FileNotFoundError(2, 'The system cannot find the path specified.', None, 3)
2026-05-12 19:25:40.136 | WARNING  | HALService | [GNSS Node] Cannot open /dev/gnss_um982: could not open port '/dev/gnss_um982': FileNotFoundError(2, 'The system cannot find the path specified.', None, 3). Retrying in 5.0s...
2026-05-12 19:25:40.294 | INFO     | CommsService | Command received and published: CommandType.SET_MODE
2026-05-12 19:25:40.336 | INFO     | ManagerService | Manager received command: CommandType.SET_MODE
2026-05-12 19:25:40.336 | INFO     | ManagerService | Mode changed to: WP_ROUTE
2026-05-12 19:25:40.526 | INFO     | CommsService | Command received and published: CommandType.SET_MODE
2026-05-12 19:25:40.537 | INFO     | ManagerService | Manager received command: CommandType.SET_MODE
2026-05-12 19:25:40.537 | INFO     | ManagerService | Mode changed to: WP_ROUTE
2026-05-12 19:25:45.020 | WARNING  | HALService | [IMU Node] Cannot open /dev/serial0: could not open port '/dev/serial0': FileNotFoundError(2, 'The system cannot find the path specified.', None, 3). Retrying in 5.0s...
2026-05-12 19:25:45.147 | ERROR    | HALService | [UM982] Start failed: could not open port '/dev/gnss_um982': FileNotFoundError(2, 'The system cannot find the path specified.', None, 3)
2026-05-12 19:25:45.148 | WARNING  | HALService | [GNSS Node] Cannot open /dev/gnss_um982: could not open port '/dev/gnss_um982': FileNotFoundError(2, 'The system cannot find the path specified.', None, 3). Retrying in 5.0s...
2026-05-12 19:25:50.021 | WARNING  | HALService | [IMU Node] Cannot open /dev/serial0: could not open port '/dev/serial0': FileNotFoundError(2, 'The system cannot find the path specified.', None, 3). Retrying in 5.0s...
2026-05-12 19:25:50.157 | ERROR    | HALService | [UM982] Start failed: could not open port '/dev/gnss_um982': FileNotFoundError(2, 'The system cannot find the path specified.', None, 3)
2026-05-12 19:25:50.157 | WARNING  | HALService | [GNSS Node] Cannot open /dev/gnss_um982: could not open port '/dev/gnss_um982': FileNotFoundError(2, 'The system cannot find the path specified.', None, 3). Retrying in 5.0s...
2026-05-12 19:25:54.438 | INFO     | CommsService | Command received and published: CommandType.SET_MODE
2026-05-12 19:25:54.501 | INFO     | ManagerService | Manager received command: CommandType.SET_MODE
2026-05-12 19:25:54.501 | INFO     | ManagerService | Mode changed to: WP_ROUTE
2026-05-12 19:25:55.021 | WARNING  | HALService | [IMU Node] Cannot open /dev/serial0: could not open port '/dev/serial0': FileNotFoundError(2, 'The system cannot find the path specified.', None, 3). Retrying in 5.0s...
2026-05-12 19:25:55.167 | ERROR    | HALService | [UM982] Start failed: could not open port '/dev/gnss_um982': FileNotFoundError(2, 'The system cannot find the path specified.', None, 3)
2026-05-12 19:25:55.167 | WARNING  | HALService | [GNSS Node] Cannot open /dev/gnss_um982: could not open port '/dev/gnss_um982': FileNotFoundError(2, 'The system cannot find the path specified.', None, 3). Retrying in 5.0s...
2026-05-12 19:25:55.234 | INFO     | CommsService | Command received and published: CommandType.START_RT_SIM
2026-05-12 19:25:55.284 | INFO     | GNCService | GNC: Starting RT simulation (Physics Engine Only)
2026-05-12 19:25:55.284 | INFO     | GNCService | GNC: RT simulation started
2026-05-12 19:25:55.298 | INFO     | HALService | HAL: Sensors MUTED (RT simulation active)
2026-05-12 19:25:55.305 | INFO     | ManagerService | Manager received command: CommandType.START_RT_SIM
2026-05-12 19:25:55.305 | INFO     | ManagerService | Manager received command: CommandType.MUTE_SENSORS
2026-05-12 19:25:56.877 | INFO     | CommsService | Command received and published: CommandType.STOP_RT_SIM
2026-05-12 19:25:56.905 | INFO     | GNCService | GNC: RT simulation stopped after 1.6s
2026-05-12 19:25:56.907 | INFO     | HALService | HAL: Sensors UNMUTED
2026-05-12 19:25:56.912 | INFO     | ManagerService | Manager received command: CommandType.STOP_RT_SIM
2026-05-12 19:25:56.912 | INFO     | ManagerService | Manager received command: CommandType.UNMUTE_SENSORS
2026-05-12 19:25:57.858 | INFO     | CommsService | Command received and published: CommandType.SET_MODE
2026-05-12 19:25:57.917 | INFO     | ManagerService | Manager received command: CommandType.SET_MODE
2026-05-12 19:25:57.917 | INFO     | ManagerService | Mode changed to: WP_ROUTE
2026-05-12 19:25:59.392 | INFO     | CommsService | WebSocket client disconnected. Total: 0
2026-05-12 19:25:59.770 | INFO     | CommsService | WebSocket client connected. Total: 1
2026-05-12 19:25:59.772 | INFO     | CommsService | Command received and published: CommandType.SET_HOME_WP
2026-05-12 19:25:59.781 | INFO     | GNCService | GNC: Home WP set: {'lat': 39.42720537699026, 'lon': -0.2995583475625949}
2026-05-12 19:25:59.826 | INFO     | ManagerService | Manager received command: CommandType.SET_HOME_WP
2026-05-12 19:25:59.826 | INFO     | ManagerService | Home WP set: {'lat': 39.42720537699026, 'lon': -0.2995583475625949}
2026-05-12 19:26:00.022 | WARNING  | HALService | [IMU Node] Cannot open /dev/serial0: could not open port '/dev/serial0': FileNotFoundError(2, 'The system cannot find the path specified.', None, 3). Retrying in 5.0s...
2026-05-12 19:26:00.178 | ERROR    | HALService | [UM982] Start failed: could not open port '/dev/gnss_um982': FileNotFoundError(2, 'The system cannot find the path specified.', None, 3)
2026-05-12 19:26:00.178 | WARNING  | HALService | [GNSS Node] Cannot open /dev/gnss_um982: could not open port '/dev/gnss_um982': FileNotFoundError(2, 'The system cannot find the path specified.', None, 3). Retrying in 5.0s...
2026-05-12 19:26:01.706 | INFO     | CommsService | Command received and published: CommandType.SET_MODE
2026-05-12 19:26:01.735 | INFO     | ManagerService | Manager received command: CommandType.SET_MODE
2026-05-12 19:26:01.735 | INFO     | ManagerService | Mode changed to: WP_ROUTE
2026-05-12 19:26:05.023 | WARNING  | HALService | [IMU Node] Cannot open /dev/serial0: could not open port '/dev/serial0': FileNotFoundError(2, 'The system cannot find the path specified.', None, 3). Retrying in 5.0s...
2026-05-12 19:26:05.188 | ERROR    | HALService | [UM982] Start failed: could not open port '/dev/gnss_um982': FileNotFoundError(2, 'The system cannot find the path specified.', None, 3)
2026-05-12 19:26:05.188 | WARNING  | HALService | [GNSS Node] Cannot open /dev/gnss_um982: could not open port '/dev/gnss_um982': FileNotFoundError(2, 'The system cannot find the path specified.', None, 3). Retrying in 5.0s...
2026-05-12 19:26:09.213 | INFO     | CommsService | Command received and published: CommandType.SET_MODE
2026-05-12 19:26:09.270 | INFO     | ManagerService | Manager received command: CommandType.SET_MODE
2026-05-12 19:26:09.270 | INFO     | ManagerService | Mode changed to: WP_ROUTE
2026-05-12 19:26:09.702 | INFO     | CommsService | Command received and published: CommandType.SET_MODE
2026-05-12 19:26:09.773 | INFO     | ManagerService | Manager received command: CommandType.SET_MODE
2026-05-12 19:26:09.773 | INFO     | ManagerService | Mode changed to: WP_ROUTE
2026-05-12 19:26:09.912 | INFO     | CommsService | Command received and published: CommandType.SET_MODE
2026-05-12 19:26:09.974 | INFO     | ManagerService | Manager received command: CommandType.SET_MODE
2026-05-12 19:26:09.974 | INFO     | ManagerService | Mode changed to: WP_ROUTE
2026-05-12 19:26:10.024 | WARNING  | HALService | [IMU Node] Cannot open /dev/serial0: could not open port '/dev/serial0': FileNotFoundError(2, 'The system cannot find the path specified.', None, 3). Retrying in 5.0s...
2026-05-12 19:26:10.198 | ERROR    | HALService | [UM982] Start failed: could not open port '/dev/gnss_um982': FileNotFoundError(2, 'The system cannot find the path specified.', None, 3)
2026-05-12 19:26:10.198 | WARNING  | HALService | [GNSS Node] Cannot open /dev/gnss_um982: could not open port '/dev/gnss_um982': FileNotFoundError(2, 'The system cannot find the path specified.', None, 3). Retrying in 5.0s...
2026-05-12 19:26:15.024 | WARNING  | HALService | [IMU Node] Cannot open /dev/serial0: could not open port '/dev/serial0': FileNotFoundError(2, 'The system cannot find the path specified.', None, 3). Retrying in 5.0s...
2026-05-12 19:26:15.208 | ERROR    | HALService | [UM982] Start failed: could not open port '/dev/gnss_um982': FileNotFoundError(2, 'The system cannot find the path specified.', None, 3)
2026-05-12 19:26:15.209 | WARNING  | HALService | [GNSS Node] Cannot open /dev/gnss_um982: could not open port '/dev/gnss_um982': FileNotFoundError(2, 'The system cannot find the path specified.', None, 3). Retrying in 5.0s...
2026-05-12 19:26:20.025 | WARNING  | HALService | [IMU Node] Cannot open /dev/serial0: could not open port '/dev/serial0': FileNotFoundError(2, 'The system cannot find the path specified.', None, 3). Retrying in 5.0s...
2026-05-12 19:26:20.219 | ERROR    | HALService | [UM982] Start failed: could not open port '/dev/gnss_um982': FileNotFoundError(2, 'The system cannot find the path specified.', None, 3)
2026-05-12 19:26:20.219 | WARNING  | HALService | [GNSS Node] Cannot open /dev/gnss_um982: could not open port '/dev/gnss_um982': FileNotFoundError(2, 'The system cannot find the path specified.', None, 3). Retrying in 5.0s...
2026-05-12 19:26:25.026 | WARNING  | HALService | [IMU Node] Cannot open /dev/serial0: could not open port '/dev/serial0': FileNotFoundError(2, 'The system cannot find the path specified.', None, 3). Retrying in 5.0s...
2026-05-12 19:26:25.230 | ERROR    | HALService | [UM982] Start failed: could not open port '/dev/gnss_um982': FileNotFoundError(2, 'The system cannot find the path specified.', None, 3)
2026-05-12 19:26:25.230 | WARNING  | HALService | [GNSS Node] Cannot open /dev/gnss_um982: could not open port '/dev/gnss_um982': FileNotFoundError(2, 'The system cannot find the path specified.', None, 3). Retrying in 5.0s...
2026-05-12 19:26:30.027 | WARNING  | HALService | [IMU Node] Cannot open /dev/serial0: could not open port '/dev/serial0': FileNotFoundError(2, 'The system cannot find the path specified.', None, 3). Retrying in 5.0s...
2026-05-12 19:26:30.241 | ERROR    | HALService | [UM982] Start failed: could not open port '/dev/gnss_um982': FileNotFoundError(2, 'The system cannot find the path specified.', None, 3)
2026-05-12 19:26:30.242 | WARNING  | HALService | [GNSS Node] Cannot open /dev/gnss_um982: could not open port '/dev/gnss_um982': FileNotFoundError(2, 'The system cannot find the path specified.', None, 3). Retrying in 5.0s...
2026-05-12 19:26:35.028 | WARNING  | HALService | [IMU Node] Cannot open /dev/serial0: could not open port '/dev/serial0': FileNotFoundError(2, 'The system cannot find the path specified.', None, 3). Retrying in 5.0s...
2026-05-12 19:26:35.252 | ERROR    | HALService | [UM982] Start failed: could not open port '/dev/gnss_um982': FileNotFoundError(2, 'The system cannot find the path specified.', None, 3)
2026-05-12 19:26:35.252 | WARNING  | HALService | [GNSS Node] Cannot open /dev/gnss_um982: could not open port '/dev/gnss_um982': FileNotFoundError(2, 'The system cannot find the path specified.', None, 3). Retrying in 5.0s...
2026-05-12 19:26:40.029 | WARNING  | HALService | [IMU Node] Cannot open /dev/serial0: could not open port '/dev/serial0': FileNotFoundError(2, 'The system cannot find the path specified.', None, 3). Retrying in 5.0s...
2026-05-12 19:26:40.262 | ERROR    | HALService | [UM982] Start failed: could not open port '/dev/gnss_um982': FileNotFoundError(2, 'The system cannot find the path specified.', None, 3)
2026-05-12 19:26:40.262 | WARNING  | HALService | [GNSS Node] Cannot open /dev/gnss_um982: could not open port '/dev/gnss_um982': FileNotFoundError(2, 'The system cannot find the path specified.', None, 3). Retrying in 5.0s...
2026-05-12 19:26:45.030 | WARNING  | HALService | [IMU Node] Cannot open /dev/serial0: could not open port '/dev/serial0': FileNotFoundError(2, 'The system cannot find the path specified.', None, 3). Retrying in 5.0s...
2026-05-12 19:26:45.272 | ERROR    | HALService | [UM982] Start failed: could not open port '/dev/gnss_um982': FileNotFoundError(2, 'The system cannot find the path specified.', None, 3)
2026-05-12 19:26:45.272 | WARNING  | HALService | [GNSS Node] Cannot open /dev/gnss_um982: could not open port '/dev/gnss_um982': FileNotFoundError(2, 'The system cannot find the path specified.', None, 3). Retrying in 5.0s...
2026-05-12 19:26:49.736 | INFO     | CommsService | Command received and published: CommandType.SET_MODE
2026-05-12 19:26:49.763 | INFO     | ManagerService | Manager received command: CommandType.SET_MODE
2026-05-12 19:26:49.763 | INFO     | ManagerService | Mode changed to: WP_ROUTE
2026-05-12 19:26:50.031 | WARNING  | HALService | [IMU Node] Cannot open /dev/serial0: could not open port '/dev/serial0': FileNotFoundError(2, 'The system cannot find the path specified.', None, 3). Retrying in 5.0s...
2026-05-12 19:26:50.281 | ERROR    | HALService | [UM982] Start failed: could not open port '/dev/gnss_um982': FileNotFoundError(2, 'The system cannot find the path specified.', None, 3)
2026-05-12 19:26:50.282 | WARNING  | HALService | [GNSS Node] Cannot open /dev/gnss_um982: could not open port '/dev/gnss_um982': FileNotFoundError(2, 'The system cannot find the path specified.', None, 3). Retrying in 5.0s...
2026-05-12 19:26:52.851 | INFO     | CommsService | WebSocket client disconnected. Total: 0
2026-05-12 19:26:55.032 | WARNING  | HALService | [IMU Node] Cannot open /dev/serial0: could not open port '/dev/serial0': FileNotFoundError(2, 'The system cannot find the path specified.', None, 3). Retrying in 5.0s...
2026-05-12 19:26:55.291 | ERROR    | HALService | [UM982] Start failed: could not open port '/dev/gnss_um982': FileNotFoundError(2, 'The system cannot find the path specified.', None, 3)
2026-05-12 19:26:55.291 | WARNING  | HALService | [GNSS Node] Cannot open /dev/gnss_um982: could not open port '/dev/gnss_um982': FileNotFoundError(2, 'The system cannot find the path specified.', None, 3). Retrying in 5.0s...
2026-05-12 19:26:57.311 | INFO     | CommsService | WebSocket client connected. Total: 1
2026-05-12 19:26:57.312 | INFO     | CommsService | Command received and published: CommandType.SET_HOME_WP
2026-05-12 19:26:57.347 | INFO     | GNCService | GNC: Home WP set: {'lat': 39.42720537699026, 'lon': -0.2995583475625949}
2026-05-12 19:26:57.400 | INFO     | ManagerService | Manager received command: CommandType.SET_HOME_WP
2026-05-12 19:26:57.400 | INFO     | ManagerService | Home WP set: {'lat': 39.42720537699026, 'lon': -0.2995583475625949}
2026-05-12 19:26:58.347 | INFO     | CommsService | Command received and published: CommandType.SET_MODE
2026-05-12 19:26:58.406 | INFO     | ManagerService | Manager received command: CommandType.SET_MODE
2026-05-12 19:26:58.406 | INFO     | ManagerService | Mode changed to: WP_ROUTE
2026-05-12 19:27:00.032 | WARNING  | HALService | [IMU Node] Cannot open /dev/serial0: could not open port '/dev/serial0': FileNotFoundError(2, 'The system cannot find the path specified.', None, 3). Retrying in 5.0s...
2026-05-12 19:27:00.301 | ERROR    | HALService | [UM982] Start failed: could not open port '/dev/gnss_um982': FileNotFoundError(2, 'The system cannot find the path specified.', None, 3)
2026-05-12 19:27:00.301 | WARNING  | HALService | [GNSS Node] Cannot open /dev/gnss_um982: could not open port '/dev/gnss_um982': FileNotFoundError(2, 'The system cannot find the path specified.', None, 3). Retrying in 5.0s...
2026-05-12 19:27:03.004 | INFO     | ManagerService | Process ManagerService received signal 2. Stopping...
2026-05-12 19:27:03.004 | INFO     | GNCService | Process GNCService received signal 2. Stopping...
2026-05-12 19:27:03.004 | INFO     | HALService | Process HALService received signal 2. Stopping...
2026-05-12 19:27:03.004 | INFO     | NavigationService | Process NavigationService received signal 2. Stopping...
2026-05-12 19:27:03.004 | WARNING  | MAIN | Main process received KeyboardInterrupt. Stopping services...
2026-05-12 19:27:03.007 | INFO     | HALService | Process HALService stopped.
2026-05-12 19:27:03.029 | INFO     | ManagerService | Process ManagerService stopped.
2026-05-12 19:27:03.049 | INFO     | GNCService | Process GNCService stopped.
2026-05-12 19:27:03.049 | INFO     | CommsService | WebSocket client disconnected. Total: 0
2026-05-12 19:27:03.052 | INFO     | NavigationService | Process NavigationService stopped.
2026-05-12 19:27:03.156 | INFO     | CommsService | ZMQ Consumer task cancelled
2026-05-12 19:27:03.158 | INFO     | CommsService | Stopping MAVLink Bridge...
2026-05-12 19:27:03.171 | INFO     | CommsService | MAVLink bridge stopped.
2026-05-12 19:27:03.232 | SUCCESS  | MAIN | All services stopped. Exiting.
2026-05-12 19:27:10.114 | INFO     | MAIN | Starting USV Control System
2026-05-12 19:27:10.114 | INFO     | MAIN | Mode: SIMULATION
2026-05-12 19:27:10.631 | INFO     | HALService | Process HALService starting...
2026-05-12 19:27:10.641 | INFO     | CommsService | Starting MAVLink Bridge thread...
2026-05-12 19:27:10.639 | INFO     | HALService | [GNSS Node] Publisher connected to ZMQ Bus: tcp://127.0.0.1:5555
2026-05-12 19:27:10.641 | INFO     | HALService | [GNSS Node] Subscriber connected to tcp://127.0.0.1:5556 for commands
2026-05-12 19:27:10.631 | INFO     | NavigationService | Process NavigationService starting...
2026-05-12 19:27:10.647 | INFO     | BROKER | Broker started. Publishers -> :5555 | Subscribers <- :5556
2026-05-12 19:27:10.641 | INFO     | HALService | [GNSS Node] Starting (with auto-retry)...
2026-05-12 19:27:10.629 | INFO     | GNCService | Process GNCService starting...
2026-05-12 19:27:10.648 | INFO     | CommsService | Starting Web Server on port 8000
2026-05-12 19:27:10.641 | INFO     | HALService | GNSS Node (UM982) started on /dev/gnss_um982
2026-05-12 19:27:10.648 | ERROR    | HALService | [UM982] Start failed: could not open port '/dev/gnss_um982': FileNotFoundError(2, 'The system cannot find the path specified.', None, 3)
2026-05-12 19:27:10.648 | WARNING  | HALService | [GNSS Node] Cannot open /dev/gnss_um982: could not open port '/dev/gnss_um982': FileNotFoundError(2, 'The system cannot find the path specified.', None, 3). Retrying in 5.0s...
2026-05-12 19:27:10.648 | INFO     | HALService | [IMU Node] Publisher connected to ZMQ Bus: tcp://127.0.0.1:5555
2026-05-12 19:27:10.649 | INFO     | CommsService | MAVLink bridge sending to udpout:127.0.0.1:14550
2026-05-12 19:27:10.649 | INFO     | HALService | [IMU Node] Starting (with auto-retry)...
2026-05-12 19:27:10.641 | INFO     | ManagerService | Process ManagerService starting...
2026-05-12 19:27:10.649 | INFO     | HALService | IMU Node started on /dev/serial0
2026-05-12 19:27:10.655 | INFO     | HALService | [Power Node] Publisher connected to ZMQ Bus: tcp://127.0.0.1:5555
2026-05-12 19:27:10.655 | WARNING  | HALService | [IMU Node] Cannot open /dev/serial0: could not open port '/dev/serial0': FileNotFoundError(2, 'The system cannot find the path specified.', None, 3). Retrying in 5.0s...
2026-05-12 19:27:10.656 | INFO     | HALService | [Power Node] Subscriber connected to tcp://127.0.0.1:5556 for commands
2026-05-12 19:27:10.657 | INFO     | HALService | [Power Node] Starting (with auto-retry)...
2026-05-12 19:27:10.657 | INFO     | HALService | Power Node (PZEM-017) started on /dev/power_pzem
2026-05-12 19:27:10.657 | WARNING  | HALService | [Power Node] Cannot open /dev/power_pzem: could not open port '/dev/power_pzem': FileNotFoundError(2, 'The system cannot find the path specified.', None, 3). Retrying...
2026-05-12 19:27:10.658 | INFO     | HALService | Process HALService entering loop at 50.0 Hz
2026-05-12 19:27:10.668 | INFO     | CommsService | Starting Web Server...
2026-05-12 19:27:10.747 | INFO     | NavigationService | Navigation Process initialized (passthrough mode)
2026-05-12 19:27:10.747 | INFO     | NavigationService | Process NavigationService entering loop at 20.0 Hz
2026-05-12 19:27:10.859 | INFO     | ManagerService | Manager: settings loaded from c:\PYTHON\ControlUSV\src\manager\..\..\data\manager_settings.json
2026-05-12 19:27:10.859 | INFO     | ManagerService | Manager Process Initialized. Waiting for commands...
2026-05-12 19:27:10.859 | INFO     | ManagerService | Process ManagerService entering loop at 10.0 Hz
2026-05-12 19:27:10.872 | INFO     | CommsService | Command publisher connected to ZMQ broker
2026-05-12 19:27:10.874 | INFO     | CommsService | Web Server ZMQ Consumer connected to tcp://127.0.0.1:5556 subscribing to ['sensor/gnss', 'sensor/imu', 'sensor/battery', 'sensor/status', 'gnc/ekf_state', 'system/status', 'gnc/control_debug', 'gnc/control_output', 'sim/status']
2026-05-12 19:27:11.263 | INFO     | GNCService | GNC Process initialized (waiting for AUTO mode)
2026-05-12 19:27:11.263 | INFO     | GNCService | Process GNCService entering loop at 20.0 Hz
2026-05-12 19:27:13.117 | INFO     | CommsService | WebSocket client connected. Total: 1
2026-05-12 19:27:13.119 | INFO     | CommsService | Command received and published: CommandType.SET_HOME_WP
2026-05-12 19:27:13.126 | INFO     | GNCService | GNC: Home WP set: {'lat': 39.42720537699026, 'lon': -0.2995583475625949}
2026-05-12 19:27:13.168 | INFO     | ManagerService | Manager received command: CommandType.SET_HOME_WP
2026-05-12 19:27:13.168 | INFO     | ManagerService | Home WP set: {'lat': 39.42720537699026, 'lon': -0.2995583475625949}
2026-05-12 19:27:15.658 | WARNING  | HALService | [IMU Node] Cannot open /dev/serial0: could not open port '/dev/serial0': FileNotFoundError(2, 'The system cannot find the path specified.', None, 3). Retrying in 5.0s...
2026-05-12 19:27:15.659 | ERROR    | HALService | [UM982] Start failed: could not open port '/dev/gnss_um982': FileNotFoundError(2, 'The system cannot find the path specified.', None, 3)
2026-05-12 19:27:15.659 | WARNING  | HALService | [GNSS Node] Cannot open /dev/gnss_um982: could not open port '/dev/gnss_um982': FileNotFoundError(2, 'The system cannot find the path specified.', None, 3). Retrying in 5.0s...
2026-05-12 19:27:20.659 | WARNING  | HALService | [IMU Node] Cannot open /dev/serial0: could not open port '/dev/serial0': FileNotFoundError(2, 'The system cannot find the path specified.', None, 3). Retrying in 5.0s...
2026-05-12 19:27:20.669 | ERROR    | HALService | [UM982] Start failed: could not open port '/dev/gnss_um982': FileNotFoundError(2, 'The system cannot find the path specified.', None, 3)
2026-05-12 19:27:20.669 | WARNING  | HALService | [GNSS Node] Cannot open /dev/gnss_um982: could not open port '/dev/gnss_um982': FileNotFoundError(2, 'The system cannot find the path specified.', None, 3). Retrying in 5.0s...
2026-05-12 19:27:21.178 | INFO     | CommsService | Command received and published: CommandType.SET_MODE
2026-05-12 19:27:21.205 | INFO     | ManagerService | Manager received command: CommandType.SET_MODE
2026-05-12 19:27:21.205 | INFO     | ManagerService | Mode changed to: WP_ROUTE
2026-05-12 19:27:25.659 | WARNING  | HALService | [IMU Node] Cannot open /dev/serial0: could not open port '/dev/serial0': FileNotFoundError(2, 'The system cannot find the path specified.', None, 3). Retrying in 5.0s...
2026-05-12 19:27:25.679 | ERROR    | HALService | [UM982] Start failed: could not open port '/dev/gnss_um982': FileNotFoundError(2, 'The system cannot find the path specified.', None, 3)
2026-05-12 19:27:25.679 | WARNING  | HALService | [GNSS Node] Cannot open /dev/gnss_um982: could not open port '/dev/gnss_um982': FileNotFoundError(2, 'The system cannot find the path specified.', None, 3). Retrying in 5.0s...
2026-05-12 19:27:30.660 | WARNING  | HALService | [IMU Node] Cannot open /dev/serial0: could not open port '/dev/serial0': FileNotFoundError(2, 'The system cannot find the path specified.', None, 3). Retrying in 5.0s...
2026-05-12 19:27:30.690 | ERROR    | HALService | [UM982] Start failed: could not open port '/dev/gnss_um982': FileNotFoundError(2, 'The system cannot find the path specified.', None, 3)
2026-05-12 19:27:30.690 | WARNING  | HALService | [GNSS Node] Cannot open /dev/gnss_um982: could not open port '/dev/gnss_um982': FileNotFoundError(2, 'The system cannot find the path specified.', None, 3). Retrying in 5.0s...
2026-05-12 19:27:35.661 | WARNING  | HALService | [IMU Node] Cannot open /dev/serial0: could not open port '/dev/serial0': FileNotFoundError(2, 'The system cannot find the path specified.', None, 3). Retrying in 5.0s...
2026-05-12 19:27:35.699 | ERROR    | HALService | [UM982] Start failed: could not open port '/dev/gnss_um982': FileNotFoundError(2, 'The system cannot find the path specified.', None, 3)
2026-05-12 19:27:35.700 | WARNING  | HALService | [GNSS Node] Cannot open /dev/gnss_um982: could not open port '/dev/gnss_um982': FileNotFoundError(2, 'The system cannot find the path specified.', None, 3). Retrying in 5.0s...
2026-05-12 19:27:40.662 | WARNING  | HALService | [IMU Node] Cannot open /dev/serial0: could not open port '/dev/serial0': FileNotFoundError(2, 'The system cannot find the path specified.', None, 3). Retrying in 5.0s...
2026-05-12 19:27:40.708 | ERROR    | HALService | [UM982] Start failed: could not open port '/dev/gnss_um982': FileNotFoundError(2, 'The system cannot find the path specified.', None, 3)
2026-05-12 19:27:40.708 | WARNING  | HALService | [GNSS Node] Cannot open /dev/gnss_um982: could not open port '/dev/gnss_um982': FileNotFoundError(2, 'The system cannot find the path specified.', None, 3). Retrying in 5.0s...
2026-05-12 19:27:45.663 | WARNING  | HALService | [IMU Node] Cannot open /dev/serial0: could not open port '/dev/serial0': FileNotFoundError(2, 'The system cannot find the path specified.', None, 3). Retrying in 5.0s...
2026-05-12 19:27:45.719 | ERROR    | HALService | [UM982] Start failed: could not open port '/dev/gnss_um982': FileNotFoundError(2, 'The system cannot find the path specified.', None, 3)
2026-05-12 19:27:45.720 | WARNING  | HALService | [GNSS Node] Cannot open /dev/gnss_um982: could not open port '/dev/gnss_um982': FileNotFoundError(2, 'The system cannot find the path specified.', None, 3). Retrying in 5.0s...
2026-05-12 19:27:50.664 | WARNING  | HALService | [IMU Node] Cannot open /dev/serial0: could not open port '/dev/serial0': FileNotFoundError(2, 'The system cannot find the path specified.', None, 3). Retrying in 5.0s...
2026-05-12 19:27:50.729 | ERROR    | HALService | [UM982] Start failed: could not open port '/dev/gnss_um982': FileNotFoundError(2, 'The system cannot find the path specified.', None, 3)
2026-05-12 19:27:50.730 | WARNING  | HALService | [GNSS Node] Cannot open /dev/gnss_um982: could not open port '/dev/gnss_um982': FileNotFoundError(2, 'The system cannot find the path specified.', None, 3). Retrying in 5.0s...
2026-05-12 19:27:55.665 | WARNING  | HALService | [IMU Node] Cannot open /dev/serial0: could not open port '/dev/serial0': FileNotFoundError(2, 'The system cannot find the path specified.', None, 3). Retrying in 5.0s...
2026-05-12 19:27:55.740 | ERROR    | HALService | [UM982] Start failed: could not open port '/dev/gnss_um982': FileNotFoundError(2, 'The system cannot find the path specified.', None, 3)
2026-05-12 19:27:55.740 | WARNING  | HALService | [GNSS Node] Cannot open /dev/gnss_um982: could not open port '/dev/gnss_um982': FileNotFoundError(2, 'The system cannot find the path specified.', None, 3). Retrying in 5.0s...
2026-05-12 19:28:00.666 | WARNING  | HALService | [IMU Node] Cannot open /dev/serial0: could not open port '/dev/serial0': FileNotFoundError(2, 'The system cannot find the path specified.', None, 3). Retrying in 5.0s...
2026-05-12 19:28:00.752 | ERROR    | HALService | [UM982] Start failed: could not open port '/dev/gnss_um982': FileNotFoundError(2, 'The system cannot find the path specified.', None, 3)
2026-05-12 19:28:00.752 | WARNING  | HALService | [GNSS Node] Cannot open /dev/gnss_um982: could not open port '/dev/gnss_um982': FileNotFoundError(2, 'The system cannot find the path specified.', None, 3). Retrying in 5.0s...
2026-05-12 19:28:05.667 | WARNING  | HALService | [IMU Node] Cannot open /dev/serial0: could not open port '/dev/serial0': FileNotFoundError(2, 'The system cannot find the path specified.', None, 3). Retrying in 5.0s...
2026-05-12 19:28:05.762 | ERROR    | HALService | [UM982] Start failed: could not open port '/dev/gnss_um982': FileNotFoundError(2, 'The system cannot find the path specified.', None, 3)
2026-05-12 19:28:05.762 | WARNING  | HALService | [GNSS Node] Cannot open /dev/gnss_um982: could not open port '/dev/gnss_um982': FileNotFoundError(2, 'The system cannot find the path specified.', None, 3). Retrying in 5.0s...
2026-05-12 19:28:10.668 | WARNING  | HALService | [IMU Node] Cannot open /dev/serial0: could not open port '/dev/serial0': FileNotFoundError(2, 'The system cannot find the path specified.', None, 3). Retrying in 5.0s...
2026-05-12 19:28:10.772 | ERROR    | HALService | [UM982] Start failed: could not open port '/dev/gnss_um982': FileNotFoundError(2, 'The system cannot find the path specified.', None, 3)
2026-05-12 19:28:10.772 | WARNING  | HALService | [GNSS Node] Cannot open /dev/gnss_um982: could not open port '/dev/gnss_um982': FileNotFoundError(2, 'The system cannot find the path specified.', None, 3). Retrying in 5.0s...
2026-05-12 19:28:15.669 | WARNING  | HALService | [IMU Node] Cannot open /dev/serial0: could not open port '/dev/serial0': FileNotFoundError(2, 'The system cannot find the path specified.', None, 3). Retrying in 5.0s...
2026-05-12 19:28:15.783 | ERROR    | HALService | [UM982] Start failed: could not open port '/dev/gnss_um982': FileNotFoundError(2, 'The system cannot find the path specified.', None, 3)
2026-05-12 19:28:15.783 | WARNING  | HALService | [GNSS Node] Cannot open /dev/gnss_um982: could not open port '/dev/gnss_um982': FileNotFoundError(2, 'The system cannot find the path specified.', None, 3). Retrying in 5.0s...
2026-05-12 19:28:20.671 | WARNING  | HALService | [IMU Node] Cannot open /dev/serial0: could not open port '/dev/serial0': FileNotFoundError(2, 'The system cannot find the path specified.', None, 3). Retrying in 5.0s...
2026-05-12 19:28:20.792 | ERROR    | HALService | [UM982] Start failed: could not open port '/dev/gnss_um982': FileNotFoundError(2, 'The system cannot find the path specified.', None, 3)
2026-05-12 19:28:20.792 | WARNING  | HALService | [GNSS Node] Cannot open /dev/gnss_um982: could not open port '/dev/gnss_um982': FileNotFoundError(2, 'The system cannot find the path specified.', None, 3). Retrying in 5.0s...
2026-05-12 19:28:25.672 | WARNING  | HALService | [IMU Node] Cannot open /dev/serial0: could not open port '/dev/serial0': FileNotFoundError(2, 'The system cannot find the path specified.', None, 3). Retrying in 5.0s...
2026-05-12 19:28:25.803 | ERROR    | HALService | [UM982] Start failed: could not open port '/dev/gnss_um982': FileNotFoundError(2, 'The system cannot find the path specified.', None, 3)
2026-05-12 19:28:25.803 | WARNING  | HALService | [GNSS Node] Cannot open /dev/gnss_um982: could not open port '/dev/gnss_um982': FileNotFoundError(2, 'The system cannot find the path specified.', None, 3). Retrying in 5.0s...
2026-05-12 19:28:30.673 | WARNING  | HALService | [IMU Node] Cannot open /dev/serial0: could not open port '/dev/serial0': FileNotFoundError(2, 'The system cannot find the path specified.', None, 3). Retrying in 5.0s...
2026-05-12 19:28:30.813 | ERROR    | HALService | [UM982] Start failed: could not open port '/dev/gnss_um982': FileNotFoundError(2, 'The system cannot find the path specified.', None, 3)
2026-05-12 19:28:30.813 | WARNING  | HALService | [GNSS Node] Cannot open /dev/gnss_um982: could not open port '/dev/gnss_um982': FileNotFoundError(2, 'The system cannot find the path specified.', None, 3). Retrying in 5.0s...
2026-05-12 19:28:35.674 | WARNING  | HALService | [IMU Node] Cannot open /dev/serial0: could not open port '/dev/serial0': FileNotFoundError(2, 'The system cannot find the path specified.', None, 3). Retrying in 5.0s...
2026-05-12 19:28:35.823 | ERROR    | HALService | [UM982] Start failed: could not open port '/dev/gnss_um982': FileNotFoundError(2, 'The system cannot find the path specified.', None, 3)
2026-05-12 19:28:35.823 | WARNING  | HALService | [GNSS Node] Cannot open /dev/gnss_um982: could not open port '/dev/gnss_um982': FileNotFoundError(2, 'The system cannot find the path specified.', None, 3). Retrying in 5.0s...
2026-05-12 19:28:40.675 | WARNING  | HALService | [IMU Node] Cannot open /dev/serial0: could not open port '/dev/serial0': FileNotFoundError(2, 'The system cannot find the path specified.', None, 3). Retrying in 5.0s...
2026-05-12 19:28:40.831 | ERROR    | HALService | [UM982] Start failed: could not open port '/dev/gnss_um982': FileNotFoundError(2, 'The system cannot find the path specified.', None, 3)
2026-05-12 19:28:40.831 | WARNING  | HALService | [GNSS Node] Cannot open /dev/gnss_um982: could not open port '/dev/gnss_um982': FileNotFoundError(2, 'The system cannot find the path specified.', None, 3). Retrying in 5.0s...
2026-05-12 19:28:45.675 | WARNING  | HALService | [IMU Node] Cannot open /dev/serial0: could not open port '/dev/serial0': FileNotFoundError(2, 'The system cannot find the path specified.', None, 3). Retrying in 5.0s...
2026-05-12 19:28:45.841 | ERROR    | HALService | [UM982] Start failed: could not open port '/dev/gnss_um982': FileNotFoundError(2, 'The system cannot find the path specified.', None, 3)
2026-05-12 19:28:45.841 | WARNING  | HALService | [GNSS Node] Cannot open /dev/gnss_um982: could not open port '/dev/gnss_um982': FileNotFoundError(2, 'The system cannot find the path specified.', None, 3). Retrying in 5.0s...
2026-05-12 19:28:50.676 | WARNING  | HALService | [IMU Node] Cannot open /dev/serial0: could not open port '/dev/serial0': FileNotFoundError(2, 'The system cannot find the path specified.', None, 3). Retrying in 5.0s...
2026-05-12 19:28:50.851 | ERROR    | HALService | [UM982] Start failed: could not open port '/dev/gnss_um982': FileNotFoundError(2, 'The system cannot find the path specified.', None, 3)
2026-05-12 19:28:50.851 | WARNING  | HALService | [GNSS Node] Cannot open /dev/gnss_um982: could not open port '/dev/gnss_um982': FileNotFoundError(2, 'The system cannot find the path specified.', None, 3). Retrying in 5.0s...
2026-05-12 19:28:55.677 | WARNING  | HALService | [IMU Node] Cannot open /dev/serial0: could not open port '/dev/serial0': FileNotFoundError(2, 'The system cannot find the path specified.', None, 3). Retrying in 5.0s...
2026-05-12 19:28:55.860 | ERROR    | HALService | [UM982] Start failed: could not open port '/dev/gnss_um982': FileNotFoundError(2, 'The system cannot find the path specified.', None, 3)
2026-05-12 19:28:55.860 | WARNING  | HALService | [GNSS Node] Cannot open /dev/gnss_um982: could not open port '/dev/gnss_um982': FileNotFoundError(2, 'The system cannot find the path specified.', None, 3). Retrying in 5.0s...
2026-05-12 19:29:00.678 | WARNING  | HALService | [IMU Node] Cannot open /dev/serial0: could not open port '/dev/serial0': FileNotFoundError(2, 'The system cannot find the path specified.', None, 3). Retrying in 5.0s...
2026-05-12 19:29:00.871 | ERROR    | HALService | [UM982] Start failed: could not open port '/dev/gnss_um982': FileNotFoundError(2, 'The system cannot find the path specified.', None, 3)
2026-05-12 19:29:00.871 | WARNING  | HALService | [GNSS Node] Cannot open /dev/gnss_um982: could not open port '/dev/gnss_um982': FileNotFoundError(2, 'The system cannot find the path specified.', None, 3). Retrying in 5.0s...
2026-05-12 19:29:05.679 | WARNING  | HALService | [IMU Node] Cannot open /dev/serial0: could not open port '/dev/serial0': FileNotFoundError(2, 'The system cannot find the path specified.', None, 3). Retrying in 5.0s...
2026-05-12 19:29:05.879 | ERROR    | HALService | [UM982] Start failed: could not open port '/dev/gnss_um982': FileNotFoundError(2, 'The system cannot find the path specified.', None, 3)
2026-05-12 19:29:05.879 | WARNING  | HALService | [GNSS Node] Cannot open /dev/gnss_um982: could not open port '/dev/gnss_um982': FileNotFoundError(2, 'The system cannot find the path specified.', None, 3). Retrying in 5.0s...
2026-05-12 19:29:10.680 | WARNING  | HALService | [IMU Node] Cannot open /dev/serial0: could not open port '/dev/serial0': FileNotFoundError(2, 'The system cannot find the path specified.', None, 3). Retrying in 5.0s...
2026-05-12 19:29:10.888 | ERROR    | HALService | [UM982] Start failed: could not open port '/dev/gnss_um982': FileNotFoundError(2, 'The system cannot find the path specified.', None, 3)
2026-05-12 19:29:10.888 | WARNING  | HALService | [GNSS Node] Cannot open /dev/gnss_um982: could not open port '/dev/gnss_um982': FileNotFoundError(2, 'The system cannot find the path specified.', None, 3). Retrying in 5.0s...
2026-05-12 19:29:15.681 | WARNING  | HALService | [IMU Node] Cannot open /dev/serial0: could not open port '/dev/serial0': FileNotFoundError(2, 'The system cannot find the path specified.', None, 3). Retrying in 5.0s...
2026-05-12 19:29:15.898 | ERROR    | HALService | [UM982] Start failed: could not open port '/dev/gnss_um982': FileNotFoundError(2, 'The system cannot find the path specified.', None, 3)
2026-05-12 19:29:15.898 | WARNING  | HALService | [GNSS Node] Cannot open /dev/gnss_um982: could not open port '/dev/gnss_um982': FileNotFoundError(2, 'The system cannot find the path specified.', None, 3). Retrying in 5.0s...
2026-05-12 19:29:20.682 | WARNING  | HALService | [IMU Node] Cannot open /dev/serial0: could not open port '/dev/serial0': FileNotFoundError(2, 'The system cannot find the path specified.', None, 3). Retrying in 5.0s...
2026-05-12 19:29:20.908 | ERROR    | HALService | [UM982] Start failed: could not open port '/dev/gnss_um982': FileNotFoundError(2, 'The system cannot find the path specified.', None, 3)
2026-05-12 19:29:20.908 | WARNING  | HALService | [GNSS Node] Cannot open /dev/gnss_um982: could not open port '/dev/gnss_um982': FileNotFoundError(2, 'The system cannot find the path specified.', None, 3). Retrying in 5.0s...
2026-05-12 19:29:25.683 | WARNING  | HALService | [IMU Node] Cannot open /dev/serial0: could not open port '/dev/serial0': FileNotFoundError(2, 'The system cannot find the path specified.', None, 3). Retrying in 5.0s...
2026-05-12 19:29:25.917 | ERROR    | HALService | [UM982] Start failed: could not open port '/dev/gnss_um982': FileNotFoundError(2, 'The system cannot find the path specified.', None, 3)
2026-05-12 19:29:25.917 | WARNING  | HALService | [GNSS Node] Cannot open /dev/gnss_um982: could not open port '/dev/gnss_um982': FileNotFoundError(2, 'The system cannot find the path specified.', None, 3). Retrying in 5.0s...
2026-05-12 19:29:30.684 | WARNING  | HALService | [IMU Node] Cannot open /dev/serial0: could not open port '/dev/serial0': FileNotFoundError(2, 'The system cannot find the path specified.', None, 3). Retrying in 5.0s...
2026-05-12 19:29:30.929 | ERROR    | HALService | [UM982] Start failed: could not open port '/dev/gnss_um982': FileNotFoundError(2, 'The system cannot find the path specified.', None, 3)
2026-05-12 19:29:30.930 | WARNING  | HALService | [GNSS Node] Cannot open /dev/gnss_um982: could not open port '/dev/gnss_um982': FileNotFoundError(2, 'The system cannot find the path specified.', None, 3). Retrying in 5.0s...
2026-05-12 19:29:35.685 | WARNING  | HALService | [IMU Node] Cannot open /dev/serial0: could not open port '/dev/serial0': FileNotFoundError(2, 'The system cannot find the path specified.', None, 3). Retrying in 5.0s...
2026-05-12 19:29:35.941 | ERROR    | HALService | [UM982] Start failed: could not open port '/dev/gnss_um982': FileNotFoundError(2, 'The system cannot find the path specified.', None, 3)
2026-05-12 19:29:35.941 | WARNING  | HALService | [GNSS Node] Cannot open /dev/gnss_um982: could not open port '/dev/gnss_um982': FileNotFoundError(2, 'The system cannot find the path specified.', None, 3). Retrying in 5.0s...
2026-05-12 19:29:40.685 | WARNING  | HALService | [IMU Node] Cannot open /dev/serial0: could not open port '/dev/serial0': FileNotFoundError(2, 'The system cannot find the path specified.', None, 3). Retrying in 5.0s...
2026-05-12 19:29:40.951 | ERROR    | HALService | [UM982] Start failed: could not open port '/dev/gnss_um982': FileNotFoundError(2, 'The system cannot find the path specified.', None, 3)
2026-05-12 19:29:40.951 | WARNING  | HALService | [GNSS Node] Cannot open /dev/gnss_um982: could not open port '/dev/gnss_um982': FileNotFoundError(2, 'The system cannot find the path specified.', None, 3). Retrying in 5.0s...
2026-05-12 19:29:42.715 | INFO     | CommsService | Command received and published: CommandType.SET_HOME_WP
2026-05-12 19:29:42.763 | INFO     | GNCService | GNC: Home WP set: {'lat': 39.32343973967468, 'lon': -0.5825463913380418}
2026-05-12 19:29:42.803 | INFO     | ManagerService | Manager received command: CommandType.SET_HOME_WP
2026-05-12 19:29:42.803 | INFO     | ManagerService | Home WP set: {'lat': 39.32343973967468, 'lon': -0.5825463913380418}
2026-05-12 19:29:45.686 | WARNING  | HALService | [IMU Node] Cannot open /dev/serial0: could not open port '/dev/serial0': FileNotFoundError(2, 'The system cannot find the path specified.', None, 3). Retrying in 5.0s...
2026-05-12 19:29:45.960 | ERROR    | HALService | [UM982] Start failed: could not open port '/dev/gnss_um982': FileNotFoundError(2, 'The system cannot find the path specified.', None, 3)
2026-05-12 19:29:45.960 | WARNING  | HALService | [GNSS Node] Cannot open /dev/gnss_um982: could not open port '/dev/gnss_um982': FileNotFoundError(2, 'The system cannot find the path specified.', None, 3). Retrying in 5.0s...
2026-05-12 19:29:50.688 | WARNING  | HALService | [IMU Node] Cannot open /dev/serial0: could not open port '/dev/serial0': FileNotFoundError(2, 'The system cannot find the path specified.', None, 3). Retrying in 5.0s...
2026-05-12 19:29:50.971 | ERROR    | HALService | [UM982] Start failed: could not open port '/dev/gnss_um982': FileNotFoundError(2, 'The system cannot find the path specified.', None, 3)
2026-05-12 19:29:50.972 | WARNING  | HALService | [GNSS Node] Cannot open /dev/gnss_um982: could not open port '/dev/gnss_um982': FileNotFoundError(2, 'The system cannot find the path specified.', None, 3). Retrying in 5.0s...
2026-05-12 19:29:55.688 | WARNING  | HALService | [IMU Node] Cannot open /dev/serial0: could not open port '/dev/serial0': FileNotFoundError(2, 'The system cannot find the path specified.', None, 3). Retrying in 5.0s...
2026-05-12 19:29:55.982 | ERROR    | HALService | [UM982] Start failed: could not open port '/dev/gnss_um982': FileNotFoundError(2, 'The system cannot find the path specified.', None, 3)
2026-05-12 19:29:55.982 | WARNING  | HALService | [GNSS Node] Cannot open /dev/gnss_um982: could not open port '/dev/gnss_um982': FileNotFoundError(2, 'The system cannot find the path specified.', None, 3). Retrying in 5.0s...
2026-05-12 19:30:00.689 | WARNING  | HALService | [IMU Node] Cannot open /dev/serial0: could not open port '/dev/serial0': FileNotFoundError(2, 'The system cannot find the path specified.', None, 3). Retrying in 5.0s...
2026-05-12 19:30:00.993 | ERROR    | HALService | [UM982] Start failed: could not open port '/dev/gnss_um982': FileNotFoundError(2, 'The system cannot find the path specified.', None, 3)
2026-05-12 19:30:00.993 | WARNING  | HALService | [GNSS Node] Cannot open /dev/gnss_um982: could not open port '/dev/gnss_um982': FileNotFoundError(2, 'The system cannot find the path specified.', None, 3). Retrying in 5.0s...
2026-05-12 19:30:05.690 | WARNING  | HALService | [IMU Node] Cannot open /dev/serial0: could not open port '/dev/serial0': FileNotFoundError(2, 'The system cannot find the path specified.', None, 3). Retrying in 5.0s...
2026-05-12 19:30:06.004 | ERROR    | HALService | [UM982] Start failed: could not open port '/dev/gnss_um982': FileNotFoundError(2, 'The system cannot find the path specified.', None, 3)
2026-05-12 19:30:06.004 | WARNING  | HALService | [GNSS Node] Cannot open /dev/gnss_um982: could not open port '/dev/gnss_um982': FileNotFoundError(2, 'The system cannot find the path specified.', None, 3). Retrying in 5.0s...
2026-05-12 19:30:10.691 | WARNING  | HALService | [IMU Node] Cannot open /dev/serial0: could not open port '/dev/serial0': FileNotFoundError(2, 'The system cannot find the path specified.', None, 3). Retrying in 5.0s...
2026-05-12 19:30:11.014 | ERROR    | HALService | [UM982] Start failed: could not open port '/dev/gnss_um982': FileNotFoundError(2, 'The system cannot find the path specified.', None, 3)
2026-05-12 19:30:11.014 | WARNING  | HALService | [GNSS Node] Cannot open /dev/gnss_um982: could not open port '/dev/gnss_um982': FileNotFoundError(2, 'The system cannot find the path specified.', None, 3). Retrying in 5.0s...
2026-05-12 19:30:15.692 | WARNING  | HALService | [IMU Node] Cannot open /dev/serial0: could not open port '/dev/serial0': FileNotFoundError(2, 'The system cannot find the path specified.', None, 3). Retrying in 5.0s...
2026-05-12 19:30:16.023 | ERROR    | HALService | [UM982] Start failed: could not open port '/dev/gnss_um982': FileNotFoundError(2, 'The system cannot find the path specified.', None, 3)
2026-05-12 19:30:16.023 | WARNING  | HALService | [GNSS Node] Cannot open /dev/gnss_um982: could not open port '/dev/gnss_um982': FileNotFoundError(2, 'The system cannot find the path specified.', None, 3). Retrying in 5.0s...
2026-05-12 19:30:20.693 | WARNING  | HALService | [IMU Node] Cannot open /dev/serial0: could not open port '/dev/serial0': FileNotFoundError(2, 'The system cannot find the path specified.', None, 3). Retrying in 5.0s...
2026-05-12 19:30:21.032 | ERROR    | HALService | [UM982] Start failed: could not open port '/dev/gnss_um982': FileNotFoundError(2, 'The system cannot find the path specified.', None, 3)
2026-05-12 19:30:21.032 | WARNING  | HALService | [GNSS Node] Cannot open /dev/gnss_um982: could not open port '/dev/gnss_um982': FileNotFoundError(2, 'The system cannot find the path specified.', None, 3). Retrying in 5.0s...
2026-05-12 19:30:25.694 | WARNING  | HALService | [IMU Node] Cannot open /dev/serial0: could not open port '/dev/serial0': FileNotFoundError(2, 'The system cannot find the path specified.', None, 3). Retrying in 5.0s...
2026-05-12 19:30:26.041 | ERROR    | HALService | [UM982] Start failed: could not open port '/dev/gnss_um982': FileNotFoundError(2, 'The system cannot find the path specified.', None, 3)
2026-05-12 19:30:26.041 | WARNING  | HALService | [GNSS Node] Cannot open /dev/gnss_um982: could not open port '/dev/gnss_um982': FileNotFoundError(2, 'The system cannot find the path specified.', None, 3). Retrying in 5.0s...
2026-05-12 19:30:30.695 | WARNING  | HALService | [IMU Node] Cannot open /dev/serial0: could not open port '/dev/serial0': FileNotFoundError(2, 'The system cannot find the path specified.', None, 3). Retrying in 5.0s...
2026-05-12 19:30:31.050 | ERROR    | HALService | [UM982] Start failed: could not open port '/dev/gnss_um982': FileNotFoundError(2, 'The system cannot find the path specified.', None, 3)
2026-05-12 19:30:31.050 | WARNING  | HALService | [GNSS Node] Cannot open /dev/gnss_um982: could not open port '/dev/gnss_um982': FileNotFoundError(2, 'The system cannot find the path specified.', None, 3). Retrying in 5.0s...
2026-05-12 19:30:35.695 | WARNING  | HALService | [IMU Node] Cannot open /dev/serial0: could not open port '/dev/serial0': FileNotFoundError(2, 'The system cannot find the path specified.', None, 3). Retrying in 5.0s...
2026-05-12 19:30:36.060 | ERROR    | HALService | [UM982] Start failed: could not open port '/dev/gnss_um982': FileNotFoundError(2, 'The system cannot find the path specified.', None, 3)
2026-05-12 19:30:36.061 | WARNING  | HALService | [GNSS Node] Cannot open /dev/gnss_um982: could not open port '/dev/gnss_um982': FileNotFoundError(2, 'The system cannot find the path specified.', None, 3). Retrying in 5.0s...
2026-05-12 19:30:40.696 | WARNING  | HALService | [IMU Node] Cannot open /dev/serial0: could not open port '/dev/serial0': FileNotFoundError(2, 'The system cannot find the path specified.', None, 3). Retrying in 5.0s...
2026-05-12 19:30:41.071 | ERROR    | HALService | [UM982] Start failed: could not open port '/dev/gnss_um982': FileNotFoundError(2, 'The system cannot find the path specified.', None, 3)
2026-05-12 19:30:41.071 | WARNING  | HALService | [GNSS Node] Cannot open /dev/gnss_um982: could not open port '/dev/gnss_um982': FileNotFoundError(2, 'The system cannot find the path specified.', None, 3). Retrying in 5.0s...
2026-05-12 19:30:45.697 | WARNING  | HALService | [IMU Node] Cannot open /dev/serial0: could not open port '/dev/serial0': FileNotFoundError(2, 'The system cannot find the path specified.', None, 3). Retrying in 5.0s...
2026-05-12 19:30:46.081 | ERROR    | HALService | [UM982] Start failed: could not open port '/dev/gnss_um982': FileNotFoundError(2, 'The system cannot find the path specified.', None, 3)
2026-05-12 19:30:46.082 | WARNING  | HALService | [GNSS Node] Cannot open /dev/gnss_um982: could not open port '/dev/gnss_um982': FileNotFoundError(2, 'The system cannot find the path specified.', None, 3). Retrying in 5.0s...
2026-05-12 19:30:50.698 | WARNING  | HALService | [IMU Node] Cannot open /dev/serial0: could not open port '/dev/serial0': FileNotFoundError(2, 'The system cannot find the path specified.', None, 3). Retrying in 5.0s...
2026-05-12 19:30:51.091 | ERROR    | HALService | [UM982] Start failed: could not open port '/dev/gnss_um982': FileNotFoundError(2, 'The system cannot find the path specified.', None, 3)
2026-05-12 19:30:51.091 | WARNING  | HALService | [GNSS Node] Cannot open /dev/gnss_um982: could not open port '/dev/gnss_um982': FileNotFoundError(2, 'The system cannot find the path specified.', None, 3). Retrying in 5.0s...
2026-05-12 19:30:55.698 | WARNING  | HALService | [IMU Node] Cannot open /dev/serial0: could not open port '/dev/serial0': FileNotFoundError(2, 'The system cannot find the path specified.', None, 3). Retrying in 5.0s...
2026-05-12 19:30:56.102 | ERROR    | HALService | [UM982] Start failed: could not open port '/dev/gnss_um982': FileNotFoundError(2, 'The system cannot find the path specified.', None, 3)
2026-05-12 19:30:56.102 | WARNING  | HALService | [GNSS Node] Cannot open /dev/gnss_um982: could not open port '/dev/gnss_um982': FileNotFoundError(2, 'The system cannot find the path specified.', None, 3). Retrying in 5.0s...
2026-05-12 19:31:00.699 | WARNING  | HALService | [IMU Node] Cannot open /dev/serial0: could not open port '/dev/serial0': FileNotFoundError(2, 'The system cannot find the path specified.', None, 3). Retrying in 5.0s...
2026-05-12 19:31:01.113 | ERROR    | HALService | [UM982] Start failed: could not open port '/dev/gnss_um982': FileNotFoundError(2, 'The system cannot find the path specified.', None, 3)
2026-05-12 19:31:01.113 | WARNING  | HALService | [GNSS Node] Cannot open /dev/gnss_um982: could not open port '/dev/gnss_um982': FileNotFoundError(2, 'The system cannot find the path specified.', None, 3). Retrying in 5.0s...
2026-05-12 19:31:05.700 | WARNING  | HALService | [IMU Node] Cannot open /dev/serial0: could not open port '/dev/serial0': FileNotFoundError(2, 'The system cannot find the path specified.', None, 3). Retrying in 5.0s...
2026-05-12 19:31:06.122 | ERROR    | HALService | [UM982] Start failed: could not open port '/dev/gnss_um982': FileNotFoundError(2, 'The system cannot find the path specified.', None, 3)
2026-05-12 19:31:06.122 | WARNING  | HALService | [GNSS Node] Cannot open /dev/gnss_um982: could not open port '/dev/gnss_um982': FileNotFoundError(2, 'The system cannot find the path specified.', None, 3). Retrying in 5.0s...
2026-05-12 19:31:10.700 | WARNING  | HALService | [IMU Node] Cannot open /dev/serial0: could not open port '/dev/serial0': FileNotFoundError(2, 'The system cannot find the path specified.', None, 3). Retrying in 5.0s...
2026-05-12 19:31:11.134 | ERROR    | HALService | [UM982] Start failed: could not open port '/dev/gnss_um982': FileNotFoundError(2, 'The system cannot find the path specified.', None, 3)
2026-05-12 19:31:11.134 | WARNING  | HALService | [GNSS Node] Cannot open /dev/gnss_um982: could not open port '/dev/gnss_um982': FileNotFoundError(2, 'The system cannot find the path specified.', None, 3). Retrying in 5.0s...
2026-05-12 19:31:15.701 | WARNING  | HALService | [IMU Node] Cannot open /dev/serial0: could not open port '/dev/serial0': FileNotFoundError(2, 'The system cannot find the path specified.', None, 3). Retrying in 5.0s...
2026-05-12 19:31:16.146 | ERROR    | HALService | [UM982] Start failed: could not open port '/dev/gnss_um982': FileNotFoundError(2, 'The system cannot find the path specified.', None, 3)
2026-05-12 19:31:16.146 | WARNING  | HALService | [GNSS Node] Cannot open /dev/gnss_um982: could not open port '/dev/gnss_um982': FileNotFoundError(2, 'The system cannot find the path specified.', None, 3). Retrying in 5.0s...
2026-05-12 19:31:20.702 | WARNING  | HALService | [IMU Node] Cannot open /dev/serial0: could not open port '/dev/serial0': FileNotFoundError(2, 'The system cannot find the path specified.', None, 3). Retrying in 5.0s...
2026-05-12 19:31:21.158 | ERROR    | HALService | [UM982] Start failed: could not open port '/dev/gnss_um982': FileNotFoundError(2, 'The system cannot find the path specified.', None, 3)
2026-05-12 19:31:21.158 | WARNING  | HALService | [GNSS Node] Cannot open /dev/gnss_um982: could not open port '/dev/gnss_um982': FileNotFoundError(2, 'The system cannot find the path specified.', None, 3). Retrying in 5.0s...
2026-05-12 19:31:25.704 | WARNING  | HALService | [IMU Node] Cannot open /dev/serial0: could not open port '/dev/serial0': FileNotFoundError(2, 'The system cannot find the path specified.', None, 3). Retrying in 5.0s...
2026-05-12 19:31:26.169 | ERROR    | HALService | [UM982] Start failed: could not open port '/dev/gnss_um982': FileNotFoundError(2, 'The system cannot find the path specified.', None, 3)
2026-05-12 19:31:26.169 | WARNING  | HALService | [GNSS Node] Cannot open /dev/gnss_um982: could not open port '/dev/gnss_um982': FileNotFoundError(2, 'The system cannot find the path specified.', None, 3). Retrying in 5.0s...
2026-05-12 19:31:30.704 | WARNING  | HALService | [IMU Node] Cannot open /dev/serial0: could not open port '/dev/serial0': FileNotFoundError(2, 'The system cannot find the path specified.', None, 3). Retrying in 5.0s...
2026-05-12 19:31:31.180 | ERROR    | HALService | [UM982] Start failed: could not open port '/dev/gnss_um982': FileNotFoundError(2, 'The system cannot find the path specified.', None, 3)
2026-05-12 19:31:31.180 | WARNING  | HALService | [GNSS Node] Cannot open /dev/gnss_um982: could not open port '/dev/gnss_um982': FileNotFoundError(2, 'The system cannot find the path specified.', None, 3). Retrying in 5.0s...
2026-05-12 19:31:35.705 | WARNING  | HALService | [IMU Node] Cannot open /dev/serial0: could not open port '/dev/serial0': FileNotFoundError(2, 'The system cannot find the path specified.', None, 3). Retrying in 5.0s...
2026-05-12 19:31:36.189 | ERROR    | HALService | [UM982] Start failed: could not open port '/dev/gnss_um982': FileNotFoundError(2, 'The system cannot find the path specified.', None, 3)
2026-05-12 19:31:36.189 | WARNING  | HALService | [GNSS Node] Cannot open /dev/gnss_um982: could not open port '/dev/gnss_um982': FileNotFoundError(2, 'The system cannot find the path specified.', None, 3). Retrying in 5.0s...
2026-05-12 19:31:40.706 | WARNING  | HALService | [IMU Node] Cannot open /dev/serial0: could not open port '/dev/serial0': FileNotFoundError(2, 'The system cannot find the path specified.', None, 3). Retrying in 5.0s...
2026-05-12 19:31:41.199 | ERROR    | HALService | [UM982] Start failed: could not open port '/dev/gnss_um982': FileNotFoundError(2, 'The system cannot find the path specified.', None, 3)
2026-05-12 19:31:41.199 | WARNING  | HALService | [GNSS Node] Cannot open /dev/gnss_um982: could not open port '/dev/gnss_um982': FileNotFoundError(2, 'The system cannot find the path specified.', None, 3). Retrying in 5.0s...
2026-05-12 19:31:45.707 | WARNING  | HALService | [IMU Node] Cannot open /dev/serial0: could not open port '/dev/serial0': FileNotFoundError(2, 'The system cannot find the path specified.', None, 3). Retrying in 5.0s...
2026-05-12 19:31:46.209 | ERROR    | HALService | [UM982] Start failed: could not open port '/dev/gnss_um982': FileNotFoundError(2, 'The system cannot find the path specified.', None, 3)
2026-05-12 19:31:46.209 | WARNING  | HALService | [GNSS Node] Cannot open /dev/gnss_um982: could not open port '/dev/gnss_um982': FileNotFoundError(2, 'The system cannot find the path specified.', None, 3). Retrying in 5.0s...
2026-05-12 19:31:50.708 | WARNING  | HALService | [IMU Node] Cannot open /dev/serial0: could not open port '/dev/serial0': FileNotFoundError(2, 'The system cannot find the path specified.', None, 3). Retrying in 5.0s...
2026-05-12 19:31:51.219 | ERROR    | HALService | [UM982] Start failed: could not open port '/dev/gnss_um982': FileNotFoundError(2, 'The system cannot find the path specified.', None, 3)
2026-05-12 19:31:51.219 | WARNING  | HALService | [GNSS Node] Cannot open /dev/gnss_um982: could not open port '/dev/gnss_um982': FileNotFoundError(2, 'The system cannot find the path specified.', None, 3). Retrying in 5.0s...
2026-05-12 19:31:55.709 | WARNING  | HALService | [IMU Node] Cannot open /dev/serial0: could not open port '/dev/serial0': FileNotFoundError(2, 'The system cannot find the path specified.', None, 3). Retrying in 5.0s...
2026-05-12 19:31:56.229 | ERROR    | HALService | [UM982] Start failed: could not open port '/dev/gnss_um982': FileNotFoundError(2, 'The system cannot find the path specified.', None, 3)
2026-05-12 19:31:56.229 | WARNING  | HALService | [GNSS Node] Cannot open /dev/gnss_um982: could not open port '/dev/gnss_um982': FileNotFoundError(2, 'The system cannot find the path specified.', None, 3). Retrying in 5.0s...
2026-05-12 19:32:00.710 | WARNING  | HALService | [IMU Node] Cannot open /dev/serial0: could not open port '/dev/serial0': FileNotFoundError(2, 'The system cannot find the path specified.', None, 3). Retrying in 5.0s...
2026-05-12 19:32:01.238 | ERROR    | HALService | [UM982] Start failed: could not open port '/dev/gnss_um982': FileNotFoundError(2, 'The system cannot find the path specified.', None, 3)
2026-05-12 19:32:01.238 | WARNING  | HALService | [GNSS Node] Cannot open /dev/gnss_um982: could not open port '/dev/gnss_um982': FileNotFoundError(2, 'The system cannot find the path specified.', None, 3). Retrying in 5.0s...
2026-05-12 19:32:05.711 | WARNING  | HALService | [IMU Node] Cannot open /dev/serial0: could not open port '/dev/serial0': FileNotFoundError(2, 'The system cannot find the path specified.', None, 3). Retrying in 5.0s...
2026-05-12 19:32:06.249 | ERROR    | HALService | [UM982] Start failed: could not open port '/dev/gnss_um982': FileNotFoundError(2, 'The system cannot find the path specified.', None, 3)
2026-05-12 19:32:06.249 | WARNING  | HALService | [GNSS Node] Cannot open /dev/gnss_um982: could not open port '/dev/gnss_um982': FileNotFoundError(2, 'The system cannot find the path specified.', None, 3). Retrying in 5.0s...
2026-05-12 19:32:10.712 | WARNING  | HALService | [IMU Node] Cannot open /dev/serial0: could not open port '/dev/serial0': FileNotFoundError(2, 'The system cannot find the path specified.', None, 3). Retrying in 5.0s...
2026-05-12 19:32:11.259 | ERROR    | HALService | [UM982] Start failed: could not open port '/dev/gnss_um982': FileNotFoundError(2, 'The system cannot find the path specified.', None, 3)
2026-05-12 19:32:11.259 | WARNING  | HALService | [GNSS Node] Cannot open /dev/gnss_um982: could not open port '/dev/gnss_um982': FileNotFoundError(2, 'The system cannot find the path specified.', None, 3). Retrying in 5.0s...
2026-05-12 19:32:15.712 | WARNING  | HALService | [IMU Node] Cannot open /dev/serial0: could not open port '/dev/serial0': FileNotFoundError(2, 'The system cannot find the path specified.', None, 3). Retrying in 5.0s...
2026-05-12 19:32:16.269 | ERROR    | HALService | [UM982] Start failed: could not open port '/dev/gnss_um982': FileNotFoundError(2, 'The system cannot find the path specified.', None, 3)
2026-05-12 19:32:16.269 | WARNING  | HALService | [GNSS Node] Cannot open /dev/gnss_um982: could not open port '/dev/gnss_um982': FileNotFoundError(2, 'The system cannot find the path specified.', None, 3). Retrying in 5.0s...
2026-05-12 19:32:20.713 | WARNING  | HALService | [IMU Node] Cannot open /dev/serial0: could not open port '/dev/serial0': FileNotFoundError(2, 'The system cannot find the path specified.', None, 3). Retrying in 5.0s...
2026-05-12 19:32:21.278 | ERROR    | HALService | [UM982] Start failed: could not open port '/dev/gnss_um982': FileNotFoundError(2, 'The system cannot find the path specified.', None, 3)
2026-05-12 19:32:21.278 | WARNING  | HALService | [GNSS Node] Cannot open /dev/gnss_um982: could not open port '/dev/gnss_um982': FileNotFoundError(2, 'The system cannot find the path specified.', None, 3). Retrying in 5.0s...
2026-05-12 19:32:25.714 | WARNING  | HALService | [IMU Node] Cannot open /dev/serial0: could not open port '/dev/serial0': FileNotFoundError(2, 'The system cannot find the path specified.', None, 3). Retrying in 5.0s...
2026-05-12 19:32:26.288 | ERROR    | HALService | [UM982] Start failed: could not open port '/dev/gnss_um982': FileNotFoundError(2, 'The system cannot find the path specified.', None, 3)
2026-05-12 19:32:26.288 | WARNING  | HALService | [GNSS Node] Cannot open /dev/gnss_um982: could not open port '/dev/gnss_um982': FileNotFoundError(2, 'The system cannot find the path specified.', None, 3). Retrying in 5.0s...
2026-05-12 19:32:30.715 | WARNING  | HALService | [IMU Node] Cannot open /dev/serial0: could not open port '/dev/serial0': FileNotFoundError(2, 'The system cannot find the path specified.', None, 3). Retrying in 5.0s...
2026-05-12 19:32:31.299 | ERROR    | HALService | [UM982] Start failed: could not open port '/dev/gnss_um982': FileNotFoundError(2, 'The system cannot find the path specified.', None, 3)
2026-05-12 19:32:31.299 | WARNING  | HALService | [GNSS Node] Cannot open /dev/gnss_um982: could not open port '/dev/gnss_um982': FileNotFoundError(2, 'The system cannot find the path specified.', None, 3). Retrying in 5.0s...
2026-05-12 19:32:35.716 | WARNING  | HALService | [IMU Node] Cannot open /dev/serial0: could not open port '/dev/serial0': FileNotFoundError(2, 'The system cannot find the path specified.', None, 3). Retrying in 5.0s...
2026-05-12 19:32:36.308 | ERROR    | HALService | [UM982] Start failed: could not open port '/dev/gnss_um982': FileNotFoundError(2, 'The system cannot find the path specified.', None, 3)
2026-05-12 19:32:36.308 | WARNING  | HALService | [GNSS Node] Cannot open /dev/gnss_um982: could not open port '/dev/gnss_um982': FileNotFoundError(2, 'The system cannot find the path specified.', None, 3). Retrying in 5.0s...
2026-05-12 19:32:40.717 | WARNING  | HALService | [IMU Node] Cannot open /dev/serial0: could not open port '/dev/serial0': FileNotFoundError(2, 'The system cannot find the path specified.', None, 3). Retrying in 5.0s...
2026-05-12 19:32:41.319 | ERROR    | HALService | [UM982] Start failed: could not open port '/dev/gnss_um982': FileNotFoundError(2, 'The system cannot find the path specified.', None, 3)
2026-05-12 19:32:41.319 | WARNING  | HALService | [GNSS Node] Cannot open /dev/gnss_um982: could not open port '/dev/gnss_um982': FileNotFoundError(2, 'The system cannot find the path specified.', None, 3). Retrying in 5.0s...
2026-05-12 19:32:45.717 | WARNING  | HALService | [IMU Node] Cannot open /dev/serial0: could not open port '/dev/serial0': FileNotFoundError(2, 'The system cannot find the path specified.', None, 3). Retrying in 5.0s...
2026-05-12 19:32:46.330 | ERROR    | HALService | [UM982] Start failed: could not open port '/dev/gnss_um982': FileNotFoundError(2, 'The system cannot find the path specified.', None, 3)
2026-05-12 19:32:46.330 | WARNING  | HALService | [GNSS Node] Cannot open /dev/gnss_um982: could not open port '/dev/gnss_um982': FileNotFoundError(2, 'The system cannot find the path specified.', None, 3). Retrying in 5.0s...
2026-05-12 19:32:50.718 | WARNING  | HALService | [IMU Node] Cannot open /dev/serial0: could not open port '/dev/serial0': FileNotFoundError(2, 'The system cannot find the path specified.', None, 3). Retrying in 5.0s...
2026-05-12 19:32:51.339 | ERROR    | HALService | [UM982] Start failed: could not open port '/dev/gnss_um982': FileNotFoundError(2, 'The system cannot find the path specified.', None, 3)
2026-05-12 19:32:51.339 | WARNING  | HALService | [GNSS Node] Cannot open /dev/gnss_um982: could not open port '/dev/gnss_um982': FileNotFoundError(2, 'The system cannot find the path specified.', None, 3). Retrying in 5.0s...
2026-05-12 19:32:55.719 | WARNING  | HALService | [IMU Node] Cannot open /dev/serial0: could not open port '/dev/serial0': FileNotFoundError(2, 'The system cannot find the path specified.', None, 3). Retrying in 5.0s...
2026-05-12 19:32:56.351 | ERROR    | HALService | [UM982] Start failed: could not open port '/dev/gnss_um982': FileNotFoundError(2, 'The system cannot find the path specified.', None, 3)
2026-05-12 19:32:56.351 | WARNING  | HALService | [GNSS Node] Cannot open /dev/gnss_um982: could not open port '/dev/gnss_um982': FileNotFoundError(2, 'The system cannot find the path specified.', None, 3). Retrying in 5.0s...
2026-05-12 19:33:00.720 | WARNING  | HALService | [IMU Node] Cannot open /dev/serial0: could not open port '/dev/serial0': FileNotFoundError(2, 'The system cannot find the path specified.', None, 3). Retrying in 5.0s...
2026-05-12 19:33:01.360 | ERROR    | HALService | [UM982] Start failed: could not open port '/dev/gnss_um982': FileNotFoundError(2, 'The system cannot find the path specified.', None, 3)
2026-05-12 19:33:01.361 | WARNING  | HALService | [GNSS Node] Cannot open /dev/gnss_um982: could not open port '/dev/gnss_um982': FileNotFoundError(2, 'The system cannot find the path specified.', None, 3). Retrying in 5.0s...
2026-05-12 19:33:05.721 | WARNING  | HALService | [IMU Node] Cannot open /dev/serial0: could not open port '/dev/serial0': FileNotFoundError(2, 'The system cannot find the path specified.', None, 3). Retrying in 5.0s...
2026-05-12 19:33:06.372 | ERROR    | HALService | [UM982] Start failed: could not open port '/dev/gnss_um982': FileNotFoundError(2, 'The system cannot find the path specified.', None, 3)
2026-05-12 19:33:06.372 | WARNING  | HALService | [GNSS Node] Cannot open /dev/gnss_um982: could not open port '/dev/gnss_um982': FileNotFoundError(2, 'The system cannot find the path specified.', None, 3). Retrying in 5.0s...
2026-05-12 19:33:10.721 | WARNING  | HALService | [IMU Node] Cannot open /dev/serial0: could not open port '/dev/serial0': FileNotFoundError(2, 'The system cannot find the path specified.', None, 3). Retrying in 5.0s...
2026-05-12 19:33:11.381 | ERROR    | HALService | [UM982] Start failed: could not open port '/dev/gnss_um982': FileNotFoundError(2, 'The system cannot find the path specified.', None, 3)
2026-05-12 19:33:11.382 | WARNING  | HALService | [GNSS Node] Cannot open /dev/gnss_um982: could not open port '/dev/gnss_um982': FileNotFoundError(2, 'The system cannot find the path specified.', None, 3). Retrying in 5.0s...
2026-05-12 19:33:15.722 | WARNING  | HALService | [IMU Node] Cannot open /dev/serial0: could not open port '/dev/serial0': FileNotFoundError(2, 'The system cannot find the path specified.', None, 3). Retrying in 5.0s...
2026-05-12 19:33:16.391 | ERROR    | HALService | [UM982] Start failed: could not open port '/dev/gnss_um982': FileNotFoundError(2, 'The system cannot find the path specified.', None, 3)
2026-05-12 19:33:16.391 | WARNING  | HALService | [GNSS Node] Cannot open /dev/gnss_um982: could not open port '/dev/gnss_um982': FileNotFoundError(2, 'The system cannot find the path specified.', None, 3). Retrying in 5.0s...
2026-05-12 19:33:20.723 | WARNING  | HALService | [IMU Node] Cannot open /dev/serial0: could not open port '/dev/serial0': FileNotFoundError(2, 'The system cannot find the path specified.', None, 3). Retrying in 5.0s...
2026-05-12 19:33:21.402 | ERROR    | HALService | [UM982] Start failed: could not open port '/dev/gnss_um982': FileNotFoundError(2, 'The system cannot find the path specified.', None, 3)
2026-05-12 19:33:21.402 | WARNING  | HALService | [GNSS Node] Cannot open /dev/gnss_um982: could not open port '/dev/gnss_um982': FileNotFoundError(2, 'The system cannot find the path specified.', None, 3). Retrying in 5.0s...
2026-05-12 19:33:25.724 | WARNING  | HALService | [IMU Node] Cannot open /dev/serial0: could not open port '/dev/serial0': FileNotFoundError(2, 'The system cannot find the path specified.', None, 3). Retrying in 5.0s...
2026-05-12 19:33:26.413 | ERROR    | HALService | [UM982] Start failed: could not open port '/dev/gnss_um982': FileNotFoundError(2, 'The system cannot find the path specified.', None, 3)
2026-05-12 19:33:26.413 | WARNING  | HALService | [GNSS Node] Cannot open /dev/gnss_um982: could not open port '/dev/gnss_um982': FileNotFoundError(2, 'The system cannot find the path specified.', None, 3). Retrying in 5.0s...
2026-05-12 19:33:30.725 | WARNING  | HALService | [IMU Node] Cannot open /dev/serial0: could not open port '/dev/serial0': FileNotFoundError(2, 'The system cannot find the path specified.', None, 3). Retrying in 5.0s...
2026-05-12 19:33:31.424 | ERROR    | HALService | [UM982] Start failed: could not open port '/dev/gnss_um982': FileNotFoundError(2, 'The system cannot find the path specified.', None, 3)
2026-05-12 19:33:31.424 | WARNING  | HALService | [GNSS Node] Cannot open /dev/gnss_um982: could not open port '/dev/gnss_um982': FileNotFoundError(2, 'The system cannot find the path specified.', None, 3). Retrying in 5.0s...
2026-05-12 19:33:35.726 | WARNING  | HALService | [IMU Node] Cannot open /dev/serial0: could not open port '/dev/serial0': FileNotFoundError(2, 'The system cannot find the path specified.', None, 3). Retrying in 5.0s...
2026-05-12 19:33:36.433 | ERROR    | HALService | [UM982] Start failed: could not open port '/dev/gnss_um982': FileNotFoundError(2, 'The system cannot find the path specified.', None, 3)
2026-05-12 19:33:36.433 | WARNING  | HALService | [GNSS Node] Cannot open /dev/gnss_um982: could not open port '/dev/gnss_um982': FileNotFoundError(2, 'The system cannot find the path specified.', None, 3). Retrying in 5.0s...
2026-05-12 19:33:40.727 | WARNING  | HALService | [IMU Node] Cannot open /dev/serial0: could not open port '/dev/serial0': FileNotFoundError(2, 'The system cannot find the path specified.', None, 3). Retrying in 5.0s...
2026-05-12 19:33:41.443 | ERROR    | HALService | [UM982] Start failed: could not open port '/dev/gnss_um982': FileNotFoundError(2, 'The system cannot find the path specified.', None, 3)
2026-05-12 19:33:41.443 | WARNING  | HALService | [GNSS Node] Cannot open /dev/gnss_um982: could not open port '/dev/gnss_um982': FileNotFoundError(2, 'The system cannot find the path specified.', None, 3). Retrying in 5.0s...
2026-05-12 19:33:45.728 | WARNING  | HALService | [IMU Node] Cannot open /dev/serial0: could not open port '/dev/serial0': FileNotFoundError(2, 'The system cannot find the path specified.', None, 3). Retrying in 5.0s...
2026-05-12 19:33:46.454 | ERROR    | HALService | [UM982] Start failed: could not open port '/dev/gnss_um982': FileNotFoundError(2, 'The system cannot find the path specified.', None, 3)
2026-05-12 19:33:46.455 | WARNING  | HALService | [GNSS Node] Cannot open /dev/gnss_um982: could not open port '/dev/gnss_um982': FileNotFoundError(2, 'The system cannot find the path specified.', None, 3). Retrying in 5.0s...
2026-05-12 19:33:50.729 | WARNING  | HALService | [IMU Node] Cannot open /dev/serial0: could not open port '/dev/serial0': FileNotFoundError(2, 'The system cannot find the path specified.', None, 3). Retrying in 5.0s...
2026-05-12 19:33:51.464 | ERROR    | HALService | [UM982] Start failed: could not open port '/dev/gnss_um982': FileNotFoundError(2, 'The system cannot find the path specified.', None, 3)
2026-05-12 19:33:51.464 | WARNING  | HALService | [GNSS Node] Cannot open /dev/gnss_um982: could not open port '/dev/gnss_um982': FileNotFoundError(2, 'The system cannot find the path specified.', None, 3). Retrying in 5.0s...
2026-05-12 19:33:55.729 | WARNING  | HALService | [IMU Node] Cannot open /dev/serial0: could not open port '/dev/serial0': FileNotFoundError(2, 'The system cannot find the path specified.', None, 3). Retrying in 5.0s...
2026-05-12 19:33:56.473 | ERROR    | HALService | [UM982] Start failed: could not open port '/dev/gnss_um982': FileNotFoundError(2, 'The system cannot find the path specified.', None, 3)
2026-05-12 19:33:56.473 | WARNING  | HALService | [GNSS Node] Cannot open /dev/gnss_um982: could not open port '/dev/gnss_um982': FileNotFoundError(2, 'The system cannot find the path specified.', None, 3). Retrying in 5.0s...
2026-05-12 19:34:00.730 | WARNING  | HALService | [IMU Node] Cannot open /dev/serial0: could not open port '/dev/serial0': FileNotFoundError(2, 'The system cannot find the path specified.', None, 3). Retrying in 5.0s...
2026-05-12 19:34:01.484 | ERROR    | HALService | [UM982] Start failed: could not open port '/dev/gnss_um982': FileNotFoundError(2, 'The system cannot find the path specified.', None, 3)
2026-05-12 19:34:01.484 | WARNING  | HALService | [GNSS Node] Cannot open /dev/gnss_um982: could not open port '/dev/gnss_um982': FileNotFoundError(2, 'The system cannot find the path specified.', None, 3). Retrying in 5.0s...
2026-05-12 19:34:05.731 | WARNING  | HALService | [IMU Node] Cannot open /dev/serial0: could not open port '/dev/serial0': FileNotFoundError(2, 'The system cannot find the path specified.', None, 3). Retrying in 5.0s...
2026-05-12 19:34:06.494 | ERROR    | HALService | [UM982] Start failed: could not open port '/dev/gnss_um982': FileNotFoundError(2, 'The system cannot find the path specified.', None, 3)
2026-05-12 19:34:06.494 | WARNING  | HALService | [GNSS Node] Cannot open /dev/gnss_um982: could not open port '/dev/gnss_um982': FileNotFoundError(2, 'The system cannot find the path specified.', None, 3). Retrying in 5.0s...
2026-05-12 19:34:10.732 | WARNING  | HALService | [IMU Node] Cannot open /dev/serial0: could not open port '/dev/serial0': FileNotFoundError(2, 'The system cannot find the path specified.', None, 3). Retrying in 5.0s...
2026-05-12 19:34:11.505 | ERROR    | HALService | [UM982] Start failed: could not open port '/dev/gnss_um982': FileNotFoundError(2, 'The system cannot find the path specified.', None, 3)
2026-05-12 19:34:11.505 | WARNING  | HALService | [GNSS Node] Cannot open /dev/gnss_um982: could not open port '/dev/gnss_um982': FileNotFoundError(2, 'The system cannot find the path specified.', None, 3). Retrying in 5.0s...
2026-05-12 19:34:15.733 | WARNING  | HALService | [IMU Node] Cannot open /dev/serial0: could not open port '/dev/serial0': FileNotFoundError(2, 'The system cannot find the path specified.', None, 3). Retrying in 5.0s...
2026-05-12 19:34:16.513 | ERROR    | HALService | [UM982] Start failed: could not open port '/dev/gnss_um982': FileNotFoundError(2, 'The system cannot find the path specified.', None, 3)
2026-05-12 19:34:16.513 | WARNING  | HALService | [GNSS Node] Cannot open /dev/gnss_um982: could not open port '/dev/gnss_um982': FileNotFoundError(2, 'The system cannot find the path specified.', None, 3). Retrying in 5.0s...
2026-05-12 19:34:20.734 | WARNING  | HALService | [IMU Node] Cannot open /dev/serial0: could not open port '/dev/serial0': FileNotFoundError(2, 'The system cannot find the path specified.', None, 3). Retrying in 5.0s...
2026-05-12 19:34:21.522 | ERROR    | HALService | [UM982] Start failed: could not open port '/dev/gnss_um982': FileNotFoundError(2, 'The system cannot find the path specified.', None, 3)
2026-05-12 19:34:21.522 | WARNING  | HALService | [GNSS Node] Cannot open /dev/gnss_um982: could not open port '/dev/gnss_um982': FileNotFoundError(2, 'The system cannot find the path specified.', None, 3). Retrying in 5.0s...
2026-05-12 19:34:21.907 | INFO     | CommsService | Command received and published: CommandType.START_RT_SIM
2026-05-12 19:34:21.925 | INFO     | GNCService | GNC: Starting RT simulation (Physics Engine Only)
2026-05-12 19:34:21.926 | INFO     | GNCService | GNC: RT simulation started
2026-05-12 19:34:21.946 | INFO     | HALService | HAL: Sensors MUTED (RT simulation active)
2026-05-12 19:34:21.958 | INFO     | ManagerService | Manager received command: CommandType.START_RT_SIM
2026-05-12 19:34:21.958 | INFO     | ManagerService | Manager received command: CommandType.MUTE_SENSORS
2026-05-12 19:34:25.735 | WARNING  | HALService | [IMU Node] Cannot open /dev/serial0: could not open port '/dev/serial0': FileNotFoundError(2, 'The system cannot find the path specified.', None, 3). Retrying in 5.0s...
2026-05-12 19:34:26.531 | ERROR    | HALService | [UM982] Start failed: could not open port '/dev/gnss_um982': FileNotFoundError(2, 'The system cannot find the path specified.', None, 3)
2026-05-12 19:34:26.531 | WARNING  | HALService | [GNSS Node] Cannot open /dev/gnss_um982: could not open port '/dev/gnss_um982': FileNotFoundError(2, 'The system cannot find the path specified.', None, 3). Retrying in 5.0s...
2026-05-12 19:34:30.736 | WARNING  | HALService | [IMU Node] Cannot open /dev/serial0: could not open port '/dev/serial0': FileNotFoundError(2, 'The system cannot find the path specified.', None, 3). Retrying in 5.0s...
2026-05-12 19:34:31.541 | ERROR    | HALService | [UM982] Start failed: could not open port '/dev/gnss_um982': FileNotFoundError(2, 'The system cannot find the path specified.', None, 3)
2026-05-12 19:34:31.541 | WARNING  | HALService | [GNSS Node] Cannot open /dev/gnss_um982: could not open port '/dev/gnss_um982': FileNotFoundError(2, 'The system cannot find the path specified.', None, 3). Retrying in 5.0s...
2026-05-12 19:34:34.320 | INFO     | CommsService | Command received and published: CommandType.ARM
2026-05-12 19:34:34.321 | INFO     | ManagerService | Manager received command: CommandType.ARM
2026-05-12 19:34:34.321 | WARNING  | ManagerService | >>> VEHICLE ARMED <<<
2026-05-12 19:34:34.334 | INFO     | GNCService | GNC: Armed
2026-05-12 19:34:35.737 | WARNING  | HALService | [IMU Node] Cannot open /dev/serial0: could not open port '/dev/serial0': FileNotFoundError(2, 'The system cannot find the path specified.', None, 3). Retrying in 5.0s...
2026-05-12 19:34:36.549 | ERROR    | HALService | [UM982] Start failed: could not open port '/dev/gnss_um982': FileNotFoundError(2, 'The system cannot find the path specified.', None, 3)
2026-05-12 19:34:36.550 | WARNING  | HALService | [GNSS Node] Cannot open /dev/gnss_um982: could not open port '/dev/gnss_um982': FileNotFoundError(2, 'The system cannot find the path specified.', None, 3). Retrying in 5.0s...
2026-05-12 19:34:40.737 | WARNING  | HALService | [IMU Node] Cannot open /dev/serial0: could not open port '/dev/serial0': FileNotFoundError(2, 'The system cannot find the path specified.', None, 3). Retrying in 5.0s...
2026-05-12 19:34:41.558 | ERROR    | HALService | [UM982] Start failed: could not open port '/dev/gnss_um982': FileNotFoundError(2, 'The system cannot find the path specified.', None, 3)
2026-05-12 19:34:41.558 | WARNING  | HALService | [GNSS Node] Cannot open /dev/gnss_um982: could not open port '/dev/gnss_um982': FileNotFoundError(2, 'The system cannot find the path specified.', None, 3). Retrying in 5.0s...
2026-05-12 19:34:45.738 | WARNING  | HALService | [IMU Node] Cannot open /dev/serial0: could not open port '/dev/serial0': FileNotFoundError(2, 'The system cannot find the path specified.', None, 3). Retrying in 5.0s...
2026-05-12 19:34:46.567 | ERROR    | HALService | [UM982] Start failed: could not open port '/dev/gnss_um982': FileNotFoundError(2, 'The system cannot find the path specified.', None, 3)
2026-05-12 19:34:46.567 | WARNING  | HALService | [GNSS Node] Cannot open /dev/gnss_um982: could not open port '/dev/gnss_um982': FileNotFoundError(2, 'The system cannot find the path specified.', None, 3). Retrying in 5.0s...
2026-05-12 19:34:50.739 | WARNING  | HALService | [IMU Node] Cannot open /dev/serial0: could not open port '/dev/serial0': FileNotFoundError(2, 'The system cannot find the path specified.', None, 3). Retrying in 5.0s...
2026-05-12 19:34:51.577 | ERROR    | HALService | [UM982] Start failed: could not open port '/dev/gnss_um982': FileNotFoundError(2, 'The system cannot find the path specified.', None, 3)
2026-05-12 19:34:51.577 | WARNING  | HALService | [GNSS Node] Cannot open /dev/gnss_um982: could not open port '/dev/gnss_um982': FileNotFoundError(2, 'The system cannot find the path specified.', None, 3). Retrying in 5.0s...
2026-05-12 19:34:55.740 | WARNING  | HALService | [IMU Node] Cannot open /dev/serial0: could not open port '/dev/serial0': FileNotFoundError(2, 'The system cannot find the path specified.', None, 3). Retrying in 5.0s...
2026-05-12 19:34:56.585 | ERROR    | HALService | [UM982] Start failed: could not open port '/dev/gnss_um982': FileNotFoundError(2, 'The system cannot find the path specified.', None, 3)
2026-05-12 19:34:56.585 | WARNING  | HALService | [GNSS Node] Cannot open /dev/gnss_um982: could not open port '/dev/gnss_um982': FileNotFoundError(2, 'The system cannot find the path specified.', None, 3). Retrying in 5.0s...
2026-05-12 19:34:57.758 | INFO     | CommsService | Command received and published: CommandType.SET_HOME_WP
2026-05-12 19:34:57.798 | INFO     | GNCService | GNC: Home WP set: {'lat': 39.32344454876417, 'lon': -0.5825913031256107}
2026-05-12 19:34:57.844 | INFO     | ManagerService | Manager received command: CommandType.SET_HOME_WP
2026-05-12 19:34:57.844 | INFO     | ManagerService | Home WP set: {'lat': 39.32344454876417, 'lon': -0.5825913031256107}
2026-05-12 19:35:00.740 | WARNING  | HALService | [IMU Node] Cannot open /dev/serial0: could not open port '/dev/serial0': FileNotFoundError(2, 'The system cannot find the path specified.', None, 3). Retrying in 5.0s...
2026-05-12 19:35:01.593 | ERROR    | HALService | [UM982] Start failed: could not open port '/dev/gnss_um982': FileNotFoundError(2, 'The system cannot find the path specified.', None, 3)
2026-05-12 19:35:01.594 | WARNING  | HALService | [GNSS Node] Cannot open /dev/gnss_um982: could not open port '/dev/gnss_um982': FileNotFoundError(2, 'The system cannot find the path specified.', None, 3). Retrying in 5.0s...
2026-05-12 19:35:02.176 | INFO     | CommsService | Command received and published: CommandType.SET_HOME_WP
2026-05-12 19:35:02.212 | INFO     | GNCService | GNC: Home WP set: {'lat': 39.32335336533063, 'lon': -0.5826074816065443}
2026-05-12 19:35:02.266 | INFO     | ManagerService | Manager received command: CommandType.SET_HOME_WP
2026-05-12 19:35:02.266 | INFO     | ManagerService | Home WP set: {'lat': 39.32335336533063, 'lon': -0.5826074816065443}
2026-05-12 19:35:05.741 | WARNING  | HALService | [IMU Node] Cannot open /dev/serial0: could not open port '/dev/serial0': FileNotFoundError(2, 'The system cannot find the path specified.', None, 3). Retrying in 5.0s...
2026-05-12 19:35:06.603 | ERROR    | HALService | [UM982] Start failed: could not open port '/dev/gnss_um982': FileNotFoundError(2, 'The system cannot find the path specified.', None, 3)
2026-05-12 19:35:06.603 | WARNING  | HALService | [GNSS Node] Cannot open /dev/gnss_um982: could not open port '/dev/gnss_um982': FileNotFoundError(2, 'The system cannot find the path specified.', None, 3). Retrying in 5.0s...
2026-05-12 19:35:10.742 | WARNING  | HALService | [IMU Node] Cannot open /dev/serial0: could not open port '/dev/serial0': FileNotFoundError(2, 'The system cannot find the path specified.', None, 3). Retrying in 5.0s...
2026-05-12 19:35:11.612 | ERROR    | HALService | [UM982] Start failed: could not open port '/dev/gnss_um982': FileNotFoundError(2, 'The system cannot find the path specified.', None, 3)
2026-05-12 19:35:11.612 | WARNING  | HALService | [GNSS Node] Cannot open /dev/gnss_um982: could not open port '/dev/gnss_um982': FileNotFoundError(2, 'The system cannot find the path specified.', None, 3). Retrying in 5.0s...
2026-05-12 19:35:15.743 | WARNING  | HALService | [IMU Node] Cannot open /dev/serial0: could not open port '/dev/serial0': FileNotFoundError(2, 'The system cannot find the path specified.', None, 3). Retrying in 5.0s...
2026-05-12 19:35:16.623 | ERROR    | HALService | [UM982] Start failed: could not open port '/dev/gnss_um982': FileNotFoundError(2, 'The system cannot find the path specified.', None, 3)
2026-05-12 19:35:16.624 | WARNING  | HALService | [GNSS Node] Cannot open /dev/gnss_um982: could not open port '/dev/gnss_um982': FileNotFoundError(2, 'The system cannot find the path specified.', None, 3). Retrying in 5.0s...
2026-05-12 19:35:20.743 | WARNING  | HALService | [IMU Node] Cannot open /dev/serial0: could not open port '/dev/serial0': FileNotFoundError(2, 'The system cannot find the path specified.', None, 3). Retrying in 5.0s...
2026-05-12 19:35:21.635 | ERROR    | HALService | [UM982] Start failed: could not open port '/dev/gnss_um982': FileNotFoundError(2, 'The system cannot find the path specified.', None, 3)
2026-05-12 19:35:21.635 | WARNING  | HALService | [GNSS Node] Cannot open /dev/gnss_um982: could not open port '/dev/gnss_um982': FileNotFoundError(2, 'The system cannot find the path specified.', None, 3). Retrying in 5.0s...
2026-05-12 19:35:25.744 | WARNING  | HALService | [IMU Node] Cannot open /dev/serial0: could not open port '/dev/serial0': FileNotFoundError(2, 'The system cannot find the path specified.', None, 3). Retrying in 5.0s...
2026-05-12 19:35:26.646 | ERROR    | HALService | [UM982] Start failed: could not open port '/dev/gnss_um982': FileNotFoundError(2, 'The system cannot find the path specified.', None, 3)
2026-05-12 19:35:26.646 | WARNING  | HALService | [GNSS Node] Cannot open /dev/gnss_um982: could not open port '/dev/gnss_um982': FileNotFoundError(2, 'The system cannot find the path specified.', None, 3). Retrying in 5.0s...
2026-05-12 19:35:30.745 | WARNING  | HALService | [IMU Node] Cannot open /dev/serial0: could not open port '/dev/serial0': FileNotFoundError(2, 'The system cannot find the path specified.', None, 3). Retrying in 5.0s...
2026-05-12 19:35:31.655 | ERROR    | HALService | [UM982] Start failed: could not open port '/dev/gnss_um982': FileNotFoundError(2, 'The system cannot find the path specified.', None, 3)
2026-05-12 19:35:31.656 | WARNING  | HALService | [GNSS Node] Cannot open /dev/gnss_um982: could not open port '/dev/gnss_um982': FileNotFoundError(2, 'The system cannot find the path specified.', None, 3). Retrying in 5.0s...
2026-05-12 19:35:33.114 | INFO     | CommsService | Command received and published: CommandType.ARM
2026-05-12 19:35:33.126 | INFO     | ManagerService | Manager received command: CommandType.ARM
2026-05-12 19:35:33.126 | WARNING  | ManagerService | >>> VEHICLE ARMED <<<
2026-05-12 19:35:33.131 | INFO     | GNCService | GNC: Armed
2026-05-12 19:35:35.439 | INFO     | CommsService | Command received and published: CommandType.SET_MODE
2026-05-12 19:35:35.539 | INFO     | ManagerService | Manager received command: CommandType.SET_MODE
2026-05-12 19:35:35.539 | INFO     | ManagerService | Mode changed to: MANUAL
2026-05-12 19:35:35.746 | WARNING  | HALService | [IMU Node] Cannot open /dev/serial0: could not open port '/dev/serial0': FileNotFoundError(2, 'The system cannot find the path specified.', None, 3). Retrying in 5.0s...
2026-05-12 19:35:36.665 | ERROR    | HALService | [UM982] Start failed: could not open port '/dev/gnss_um982': FileNotFoundError(2, 'The system cannot find the path specified.', None, 3)
2026-05-12 19:35:36.665 | WARNING  | HALService | [GNSS Node] Cannot open /dev/gnss_um982: could not open port '/dev/gnss_um982': FileNotFoundError(2, 'The system cannot find the path specified.', None, 3). Retrying in 5.0s...
2026-05-12 19:35:37.667 | INFO     | CommsService | Command received and published: CommandType.SET_MODE
2026-05-12 19:35:37.750 | INFO     | ManagerService | Manager received command: CommandType.SET_MODE
2026-05-12 19:35:37.750 | INFO     | ManagerService | Mode changed to: MANUAL
2026-05-12 19:35:39.099 | INFO     | CommsService | Command received and published: CommandType.SET_MODE
2026-05-12 19:35:39.158 | INFO     | ManagerService | Manager received command: CommandType.SET_MODE
2026-05-12 19:35:39.158 | INFO     | ManagerService | Mode changed to: MANUAL
2026-05-12 19:35:39.316 | INFO     | CommsService | Command received and published: CommandType.SET_MODE
2026-05-12 19:35:39.359 | INFO     | ManagerService | Manager received command: CommandType.SET_MODE
2026-05-12 19:35:39.359 | INFO     | ManagerService | Mode changed to: MANUAL
2026-05-12 19:35:39.503 | INFO     | CommsService | Command received and published: CommandType.SET_MODE
2026-05-12 19:35:39.561 | INFO     | ManagerService | Manager received command: CommandType.SET_MODE
2026-05-12 19:35:39.561 | INFO     | ManagerService | Mode changed to: MANUAL
2026-05-12 19:35:39.699 | INFO     | CommsService | Command received and published: CommandType.SET_MODE
2026-05-12 19:35:39.762 | INFO     | ManagerService | Manager received command: CommandType.SET_MODE
2026-05-12 19:35:39.762 | INFO     | ManagerService | Mode changed to: MANUAL
2026-05-12 19:35:39.872 | INFO     | CommsService | Command received and published: CommandType.SET_MODE
2026-05-12 19:35:39.963 | INFO     | ManagerService | Manager received command: CommandType.SET_MODE
2026-05-12 19:35:39.963 | INFO     | ManagerService | Mode changed to: MANUAL
2026-05-12 19:35:40.073 | INFO     | CommsService | Command received and published: CommandType.SET_MODE
2026-05-12 19:35:40.165 | INFO     | ManagerService | Manager received command: CommandType.SET_MODE
2026-05-12 19:35:40.165 | INFO     | ManagerService | Mode changed to: MANUAL
2026-05-12 19:35:40.747 | WARNING  | HALService | [IMU Node] Cannot open /dev/serial0: could not open port '/dev/serial0': FileNotFoundError(2, 'The system cannot find the path specified.', None, 3). Retrying in 5.0s...
2026-05-12 19:35:41.674 | ERROR    | HALService | [UM982] Start failed: could not open port '/dev/gnss_um982': FileNotFoundError(2, 'The system cannot find the path specified.', None, 3)
2026-05-12 19:35:41.674 | WARNING  | HALService | [GNSS Node] Cannot open /dev/gnss_um982: could not open port '/dev/gnss_um982': FileNotFoundError(2, 'The system cannot find the path specified.', None, 3). Retrying in 5.0s...
2026-05-12 19:35:41.958 | INFO     | CommsService | WebSocket client disconnected. Total: 0
2026-05-12 19:35:42.314 | INFO     | CommsService | WebSocket client connected. Total: 1
2026-05-12 19:35:42.315 | INFO     | CommsService | Command received and published: CommandType.SET_HOME_WP
2026-05-12 19:35:42.347 | INFO     | GNCService | GNC: Home WP set: {'lat': 39.32335336533063, 'lon': -0.5826074816065443}
2026-05-12 19:35:42.378 | INFO     | ManagerService | Manager received command: CommandType.SET_HOME_WP
2026-05-12 19:35:42.378 | INFO     | ManagerService | Home WP set: {'lat': 39.32335336533063, 'lon': -0.5826074816065443}
2026-05-12 19:35:44.379 | INFO     | CommsService | Command received and published: CommandType.START_RT_SIM
2026-05-12 19:35:44.389 | INFO     | ManagerService | Manager received command: CommandType.START_RT_SIM
2026-05-12 19:35:44.425 | INFO     | GNCService | GNC: Starting RT simulation (Physics Engine Only)
2026-05-12 19:35:44.425 | INFO     | GNCService | GNC: RT simulation started
2026-05-12 19:35:44.442 | INFO     | HALService | HAL: Sensors MUTED (RT simulation active)
2026-05-12 19:35:44.490 | INFO     | ManagerService | Manager received command: CommandType.MUTE_SENSORS
2026-05-12 19:35:45.451 | INFO     | CommsService | Command received and published: CommandType.SET_MODE
2026-05-12 19:35:45.495 | INFO     | ManagerService | Manager received command: CommandType.SET_MODE
2026-05-12 19:35:45.495 | INFO     | ManagerService | Mode changed to: STATION
2026-05-12 19:35:45.747 | WARNING  | HALService | [IMU Node] Cannot open /dev/serial0: could not open port '/dev/serial0': FileNotFoundError(2, 'The system cannot find the path specified.', None, 3). Retrying in 5.0s...
2026-05-12 19:35:46.284 | INFO     | CommsService | Command received and published: CommandType.SET_MODE
2026-05-12 19:35:46.299 | INFO     | ManagerService | Manager received command: CommandType.SET_MODE
2026-05-12 19:35:46.300 | INFO     | ManagerService | Mode changed to: WP_ROUTE
2026-05-12 19:35:46.684 | ERROR    | HALService | [UM982] Start failed: could not open port '/dev/gnss_um982': FileNotFoundError(2, 'The system cannot find the path specified.', None, 3)
2026-05-12 19:35:46.684 | WARNING  | HALService | [GNSS Node] Cannot open /dev/gnss_um982: could not open port '/dev/gnss_um982': FileNotFoundError(2, 'The system cannot find the path specified.', None, 3). Retrying in 5.0s...
2026-05-12 19:35:48.160 | INFO     | CommsService | Command received and published: CommandType.ARM
2026-05-12 19:35:48.175 | INFO     | GNCService | GNC: Armed
2026-05-12 19:35:48.210 | INFO     | ManagerService | Manager received command: CommandType.ARM
2026-05-12 19:35:48.210 | WARNING  | ManagerService | >>> VEHICLE ARMED <<<
2026-05-12 19:35:50.748 | WARNING  | HALService | [IMU Node] Cannot open /dev/serial0: could not open port '/dev/serial0': FileNotFoundError(2, 'The system cannot find the path specified.', None, 3). Retrying in 5.0s...
2026-05-12 19:35:51.694 | ERROR    | HALService | [UM982] Start failed: could not open port '/dev/gnss_um982': FileNotFoundError(2, 'The system cannot find the path specified.', None, 3)
2026-05-12 19:35:51.695 | WARNING  | HALService | [GNSS Node] Cannot open /dev/gnss_um982: could not open port '/dev/gnss_um982': FileNotFoundError(2, 'The system cannot find the path specified.', None, 3). Retrying in 5.0s...
2026-05-12 19:35:55.749 | WARNING  | HALService | [IMU Node] Cannot open /dev/serial0: could not open port '/dev/serial0': FileNotFoundError(2, 'The system cannot find the path specified.', None, 3). Retrying in 5.0s...
2026-05-12 19:35:56.402 | INFO     | HALService | Process HALService received signal 2. Stopping...
ing...
2026-05-12 19:35:56.402 | INFO     | NavigationService | Process NavigationService received signal 2. Stopping...
2026-05-12 19:35:56.402 | WARNING  | MAIN | Main process received KeyboardInterrupt. Stopping services...
2026-05-12 19:35:56.409 | INFO     | HALService | Process HALService stopped.
2026-05-12 19:35:56.430 | INFO     | NavigationService | Process NavigationService stopped.
2026-05-12 19:35:56.434 | INFO     | GNCService | Process GNCService stopped.
2026-05-12 19:35:56.448 | INFO     | CommsService | WebSocket client disconnected. Total: 0
2026-05-12 19:35:56.452 | INFO     | ManagerService | Process ManagerService stopped.
2026-05-12 19:35:56.555 | INFO     | CommsService | ZMQ Consumer task cancelled
2026-05-12 19:35:56.558 | INFO     | CommsService | Stopping MAVLink Bridge...
2026-05-12 19:35:56.571 | INFO     | CommsService | MAVLink bridge stopped.
2026-05-12 19:35:56.638 | SUCCESS  | MAIN | All services stopped. Exiting.
