timestamp_utc,Armed,Vehicle Mode,Sim/Real Mode,System Status,Station Active,WP Route Active,WP Route Direction,WP Route Completion,GNSS Fix Type (sys),Latitude [deg],Longitude [deg],Altitude [m],Speed [m/s],Course [deg],Heading [deg],Roll [deg],Pitch [deg],Yaw [deg],Heading Status,Source,Latitude [deg],Longitude [deg],Altitude (AMSL) [m],Fix Type,Satellites,HDOP,VDOP,Heading (THS) [deg],Heading Status,COG [deg],SOG [kn],SOG [km/h],UTC Time,UTC Date,Source,Roll [deg],Pitch [deg],Yaw [deg],Accel X [m/s²],Accel Y [m/s²],Accel Z [m/s²],Gyro X [deg/s],Gyro Y [deg/s],Gyro Z [deg/s],Mag X,Mag Y,Mag Z,Temperature [°C],Mag Heading [deg],Source,Target Heading [deg],Heading Error [deg],Cross-Track Error [m],Surge Velocity [m/s],Sway Velocity [m/s],Surge Accel [m/s²],Sway Accel [m/s²],τx Effective [N],τx Cruise [N],Cruise Speed [m/s],WP Index,Distance to WP [m],Reference Speed [kn],ETT next WP [s],ETA next WP [ts],ETT route end [s],ETA route end [ts],KP (chainage) [m],Motor Port [%],Motor Starboard [%],Station WP Lat [deg],Station WP Lon [deg],Station Reach R [m],Station Radius [m],Home WP Lat [deg],Home WP Lon [deg],Voltage [V],Current [A],Power [W],Energy (HW) [Wh],Level [%],Capacity [Wh],Consumed (SW) [Wh],Measurement Start [ts],High V Alarm,Low V Alarm,Last Command Type,Last Command Seq,Manual Throttle,Manual Steering,Min Battery [%],Min GNSS Fix,Comm Timeout [s],Comm Action,INS Timeout [s],INS Action,Sim Running,Sim Elapsed [s],Sim Total [s],Completion Mode,GNSS Mode,Current WP,Total WP,Loops Completed,WS Alive,WS Clients,Last Ping Age [s],CPU Usage [%],CPU Temperature [°C],RAM Used [MB],RAM Total [MB],RAM Used [%],Disk Used [GB],Disk Total [GB],Disk Used [%],Uptime [s],Net RX [kbps],Net TX [kbps],Hostname,OS
2026-06-11T15:53:13.711Z,,,,,,,,,,,,,,,,,,,,,,,,,,,,,,,,,,,,0.643,1.813,-142.641,-0.311,0.105,9.881,0.0,0.0,0.0,-2833.0,-4078.0,-5369.0,32.44,237.712,sensor,,,,,,,,,,,,,,,,,,,,,,,,,,,,,,,,,,,,,,,,,,,,,,,,,,,,,,,False,0,,100.0,60.374,2068.172,3796.93,54.5,6.954,28.522,25.7,1216.026,339.264,54.788,usvrp,Linux
2026-06-11T15:53:14.701Z,False,MANUAL,REAL,ACTIVE,False,False,forward,loop,0,0.0,0.0,0.0,0.0,0.0,237.631,37.139,103.863,-8172.727,M,sensor,0.0,0.0,0.0,0,0,99.99,99.99,0.0,V,0.0,0.0,0.0,,,sensor,0.648,1.813,-142.641,-0.306,0.1,9.886,0.0,0.0,0.0,-2833.0,-4067.0,-5324.0,32.44,237.64,sensor,,,,,,,,,,,,,,,,,,,,,39.3239667813352,-0.5825883937068852,3,10,39.323652482071225,-0.583101446616098,23.81,0.0,0.0,9,100.0,500.0,0.0,1781193192.992,0,0,,,,,25.0,1,5.0,station_keeping,8.0,emergency_stop,,,,,,,,,False,0,,14.0,58.913,2076.711,3796.93,54.7,6.954,28.522,25.7,1217.026,1431.374,1470.211,usvrp,Linux
2026-06-11T15:53:15.701Z,False,MANUAL,REAL,ACTIVE,False,False,forward,loop,0,0.0,0.0,0.0,0.0,0.0,237.674,37.139,103.863,-8172.727,M,sensor,0.0,0.0,0.0,0,0,99.99,99.99,0.0,V,0.0,0.0,0.0,,,sensor,0.648,1.813,-142.641,-0.311,0.11,9.877,0.0,0.0,0.0,-2828.0,-4065.0,-5389.0,32.4,237.674,sensor,,,,,,,,,,,,,,,,,,,,,39.3239667813352,-0.5825883937068852,3,10,39.323652482071225,-0.583101446616098,23.78,0.0,0.0,9,100.0,500.0,0.0,1781193192.992,0,0,,,,,25.0,1,5.0,station_keeping,8.0,emergency_stop,,,,,,,,,False,0,,7.6,58.913,2076.711,3796.93,54.7,6.954,28.522,25.7,1218.027,2139.424,2153.222,usvrp,Linux
2026-06-11T15:53:16.701Z,False,MANUAL,REAL,ACTIVE,False,False,forward,loop,0,0.0,0.0,0.0,0.0,0.0,237.563,37.139,103.863,-8172.727,M,sensor,0.0,0.0,0.0,0,0,99.99,99.99,0.0,V,0.0,0.0,0.0,,,sensor,0.648,1.813,-142.641,-0.316,0.115,9.877,0.0,0.0,0.0,-2839.0,-4064.0,-5340.0,32.42,237.563,sensor,,,,,,,,,,,,,,,,,,,,,39.3239667813352,-0.5825883937068852,3,10,39.323652482071225,-0.583101446616098,23.78,0.0,0.0,9,100.0,500.0,0.0,1781193192.992,0,0,,,,,25.0,1,5.0,station_keeping,8.0,emergency_stop,,,,,,,,,False,0,,11.2,58.913,2077.441,3796.93,54.7,6.954,28.522,25.7,1219.027,2112.601,2118.8,usvrp,Linux
2026-06-11T15:53:17.701Z,False,MANUAL,REAL,ACTIVE,False,False,forward,loop,0,0.0,0.0,0.0,0.0,0.0,237.784,36.824,103.863,-8172.727,M,sensor,0.0,0.0,0.0,0,0,99.99,99.99,0.0,V,0.0,0.0,0.0,,,sensor,0.643,1.813,-142.641,-0.311,0.115,9.881,0.0,0.0,0.0,-2831.0,-4086.0,-5348.0,32.44,237.784,sensor,,,,,,,,,,,,,,,,,,,,,39.3239667813352,-0.5825883937068852,3,10,39.323652482071225,-0.583101446616098,23.8,0.0,0.0,9,100.0,500.0,0.0,1781193192.992,0,0,,,,,25.0,1,5.0,station_keeping,8.0,emergency_stop,,,,,,,,,False,0,,12.9,57.452,2077.934,3796.93,54.7,6.954,28.522,25.7,1220.027,2096.238,2100.454,usvrp,Linux
2026-06-11T15:53:18.701Z,False,MANUAL,REAL,ACTIVE,False,False,forward,loop,0,0.0,0.0,0.0,0.0,0.0,237.364,37.139,103.863,-8172.727,M,sensor,0.0,0.0,0.0,0,0,99.99,99.99,0.0,V,0.0,0.0,0.0,,,sensor,0.648,1.813,-142.641,-0.311,0.11,9.872,0.0,0.0,0.0,-2846.0,-4044.0,-5340.0,32.46,237.364,sensor,,,,,,,,,,,,,,,,,,,,,39.3239667813352,-0.5825883937068852,3,10,39.323652482071225,-0.583101446616098,23.78,0.0,0.0,9,100.0,500.0,0.0,1781193192.992,0,0,,,,,25.0,1,5.0,station_keeping,8.0,emergency_stop,,,,,,,,,False,0,,17.0,58.426,2078.918,3796.93,54.8,6.954,28.522,25.7,1221.027,2144.917,2168.818,usvrp,Linux
2026-06-11T15:53:19.701Z,False,MANUAL,REAL,ACTIVE,False,False,forward,loop,0,0.0,0.0,0.0,0.0,0.0,237.777,37.139,103.863,-8172.727,M,sensor,0.0,0.0,0.0,0,0,99.99,99.99,0.0,V,0.0,0.0,0.0,,,sensor,0.648,1.813,-142.641,-0.306,0.11,9.881,0.0,0.0,0.0,-2831.0,-4085.0,-5345.0,32.46,237.777,sensor,,,,,,,,,,,,,,,,,,,,,39.3239667813352,-0.5825883937068852,3,10,39.323652482071225,-0.583101446616098,23.78,0.0,0.0,9,100.0,500.0,0.0,1781193192.992,0,0,,,,,25.0,1,5.0,station_keeping,8.0,emergency_stop,,,,,,,,,False,0,,6.8,57.939,2079.133,3796.93,54.8,6.954,28.522,25.7,1222.027,2110.486,2116.725,usvrp,Linux
2026-06-11T15:53:20.701Z,False,MANUAL,REAL,ACTIVE,False,False,forward,loop,0,0.0,0.0,0.0,0.0,0.0,237.624,37.139,103.863,-8172.727,M,sensor,0.0,0.0,0.0,0,0,99.99,99.99,0.0,V,0.0,0.0,0.0,,,sensor,0.648,1.813,-142.641,-0.311,0.11,9.881,0.0,0.0,0.0,-2836.0,-4069.0,-5329.0,32.47,237.624,sensor,,,,,,,,,,,,,,,,,,,,,39.3239667813352,-0.5825883937068852,3,10,39.323652482071225,-0.583101446616098,23.77,0.0,0.0,9,100.0,500.0,0.0,1781193192.992,0,0,,,,,25.0,1,5.0,station_keeping,8.0,emergency_stop,,,,,,,,,False,0,,7.7,56.478,2079.09,3796.93,54.8,6.954,28.522,25.7,1223.027,2077.287,2085.134,usvrp,Linux
2026-06-11T15:53:21.701Z,False,MANUAL,REAL,ACTIVE,False,False,forward,loop,0,0.0,0.0,0.0,0.0,0.0,237.771,37.139,104.177,-8172.727,M,sensor,0.0,0.0,0.0,0,0,99.99,99.99,0.0,V,0.0,0.0,0.0,,,sensor,0.648,1.818,-142.641,-0.311,0.115,9.891,0.0,0.0,0.0,-2845.0,-4080.0,-5354.0,32.44,237.612,sensor,,,,,,,,,,,,,,,,,,,,,39.3239667813352,-0.5825883937068852,3,10,39.323652482071225,-0.583101446616098,23.77,0.0,0.0,9,100.0,500.0,0.0,1781193192.992,0,0,,,,,25.0,1,5.0,station_keeping,8.0,emergency_stop,,,,,,,,,False,0,,5.8,57.452,2078.598,3796.93,54.7,6.954,28.522,25.7,1224.027,2089.646,2091.934,usvrp,Linux
2026-06-11T15:53:22.701Z,False,MANUAL,REAL,ACTIVE,False,False,forward,loop,0,0.0,0.0,0.0,0.0,0.0,237.628,37.139,104.177,-8172.727,M,sensor,0.0,0.0,0.0,0,0,99.99,99.99,0.0,V,0.0,0.0,0.0,,,sensor,0.648,1.818,-142.641,-0.316,0.105,9.877,0.0,0.0,0.0,-2840.0,-4066.0,-5360.0,32.46,237.567,sensor,,,,,,,,,,,,,,,,,,,,,39.3239667813352,-0.5825883937068852,3,10,39.323652482071225,-0.583101446616098,23.78,0.0,0.0,9,100.0,500.0,0.0,1781193192.992,0,0,,,,,25.0,1,5.0,station_keeping,8.0,emergency_stop,,,,,,,,,False,0,,7.5,58.426,2078.352,3796.93,54.7,6.954,28.522,25.7,1225.027,2083.346,2085.986,usvrp,Linux
2026-06-11T15:53:23.701Z,False,MANUAL,REAL,ACTIVE,False,False,forward,loop,0,0.0,0.0,0.0,0.0,0.0,237.782,37.139,104.177,-8172.727,M,sensor,0.0,0.0,0.0,0,0,99.99,99.99,0.0,V,0.0,0.0,0.0,,,sensor,0.648,1.818,-142.641,-0.316,0.11,9.877,0.0,0.0,0.0,-2834.0,-4090.0,-5357.0,32.42,237.782,sensor,,,,,,,,,,,,,,,,,,,,,39.3239667813352,-0.5825883937068852,3,10,39.323652482071225,-0.583101446616098,23.73,0.0,0.0,9,100.0,500.0,0.0,1781193192.992,0,0,,,,,25.0,1,5.0,station_keeping,8.0,emergency_stop,,,,,,,,,False,0,,14.3,57.939,2080.5,3796.93,54.8,6.954,28.522,25.7,1226.027,2154.78,2193.288,usvrp,Linux
2026-06-11T15:53:24.701Z,False,MANUAL,REAL,ACTIVE,False,False,forward,loop,0,0.0,0.0,0.0,0.0,0.0,237.825,37.139,104.177,-8172.727,M,sensor,0.0,0.0,0.0,0,0,99.99,99.99,0.0,V,0.0,0.0,0.0,,,sensor,0.648,1.818,-142.641,-0.316,0.11,9.881,0.0,0.0,0.0,-2827.0,-4085.0,-5333.0,32.46,237.815,sensor,,,,,,,,,,,,,,,,,,,,,39.3239667813352,-0.5825883937068852,3,10,39.323652482071225,-0.583101446616098,23.73,0.0,0.0,9,100.0,500.0,0.0,1781193192.992,0,0,,,,,25.0,1,5.0,station_keeping,8.0,emergency_stop,,,,,,,,,False,0,,7.6,58.913,2080.449,3796.93,54.8,6.954,28.522,25.7,1227.028,2128.474,2139.489,usvrp,Linux
2026-06-11T15:53:25.701Z,False,MANUAL,REAL,ACTIVE,False,False,forward,loop,0,0.0,0.0,0.0,0.0,0.0,237.643,37.139,104.177,-8172.727,M,sensor,0.0,0.0,0.0,0,0,99.99,99.99,0.0,V,0.0,0.0,0.0,,,sensor,0.648,1.818,-142.641,-0.311,0.115,9.872,0.0,0.0,0.0,-2834.0,-4069.0,-5321.0,32.43,237.643,sensor,,,,,,,,,,,,,,,,,,,,,39.3239667813352,-0.5825883937068852,3,10,39.323652482071225,-0.583101446616098,23.78,0.0,0.0,9,100.0,500.0,0.0,1781193192.992,0,0,,,,,25.0,1,5.0,station_keeping,8.0,emergency_stop,,,,,,,,,False,0,,5.6,57.939,2080.184,3796.93,54.8,6.954,28.522,25.7,1228.028,2088.166,2096.213,usvrp,Linux
2026-06-11T15:53:26.701Z,False,MANUAL,REAL,ACTIVE,False,False,forward,loop,0,0.0,0.0,0.0,0.0,0.0,237.663,37.139,104.177,-8172.727,M,sensor,0.0,0.0,0.0,0,0,99.99,99.99,0.0,V,0.0,0.0,0.0,,,sensor,0.648,1.818,-142.641,-0.325,0.105,9.881,0.0,0.0,0.0,-2841.0,-4082.0,-5334.0,32.43,237.663,sensor,,,,,,,,,,,,,,,,,,,,,39.3239667813352,-0.5825883937068852,3,10,39.323652482071225,-0.583101446616098,23.78,0.0,0.0,9,100.0,500.0,0.0,1781193192.992,0,0,,,,,25.0,1,5.0,station_keeping,8.0,emergency_stop,,,,,,,,,False,0,,7.0,57.939,2078.59,3796.93,54.7,6.954,28.522,25.7,1229.028,2091.542,2091.974,usvrp,Linux
2026-06-11T15:53:27.701Z,False,MANUAL,REAL,ACTIVE,False,False,forward,loop,0,0.0,0.0,0.0,0.0,0.0,237.453,37.139,104.177,-8172.727,M,sensor,0.0,0.0,0.0,0,0,99.99,99.99,0.0,V,0.0,0.0,0.0,,,sensor,0.648,1.818,-142.641,-0.321,0.11,9.881,0.0,0.0,0.0,-2835.0,-4056.0,-5346.0,32.42,237.548,sensor,,,,,,,,,,,,,,,,,,,,,39.3239667813352,-0.5825883937068852,3,10,39.323652482071225,-0.583101446616098,23.77,0.0,0.0,9,100.0,500.0,0.0,1781193192.992,0,0,,,,,25.0,1,5.0,station_keeping,8.0,emergency_stop,,,,,,,,,False,0,,8.4,56.965,2077.699,3796.93,54.7,6.954,28.522,25.7,1230.028,2087.297,2092.505,usvrp,Linux
2026-06-11T15:53:28.701Z,False,MANUAL,REAL,ACTIVE,False,False,forward,loop,0,0.0,0.0,0.0,0.0,0.0,237.639,37.139,104.177,-8172.727,M,sensor,0.0,0.0,0.0,0,0,99.99,99.99,0.0,V,0.0,0.0,0.0,,,sensor,0.648,1.818,-142.641,-0.311,0.115,9.881,0.0,0.0,0.0,-2831.0,-4064.0,-5353.0,32.46,237.639,sensor,,,,,,,,,,,,,,,,,,,,,39.3239667813352,-0.5825883937068852,3,10,39.323652482071225,-0.583101446616098,23.78,0.0,0.0,9,100.0,500.0,0.0,1781193192.992,0,0,,,,,25.0,1,5.0,station_keeping,8.0,emergency_stop,,,,,,,,,False,0,,13.8,58.913,2074.16,3796.93,54.6,6.954,28.522,25.7,1231.028,2115.769,2122.713,usvrp,Linux
2026-06-11T15:53:29.701Z,False,MANUAL,REAL,ACTIVE,False,False,forward,loop,0,0.0,0.0,0.0,0.0,0.0,237.728,37.139,104.177,-8172.727,M,sensor,0.0,0.0,0.0,0,0,99.99,99.99,0.0,V,0.0,0.0,0.0,,,sensor,0.648,1.818,-142.641,-0.311,0.11,9.872,0.0,0.0,0.0,-2837.0,-4097.0,-5344.0,32.42,237.799,sensor,,,,,,,,,,,,,,,,,,,,,39.3239667813352,-0.5825883937068852,3,10,39.323652482071225,-0.583101446616098,23.78,0.0,0.0,9,100.0,500.0,0.0,1781193192.992,0,0,,,,,25.0,1,5.0,station_keeping,8.0,emergency_stop,,,,,,,,,False,0,,7.7,57.939,2073.988,3796.93,54.6,6.954,28.522,25.7,1232.028,2157.412,2175.394,usvrp,Linux
2026-06-11T15:53:30.701Z,False,MANUAL,REAL,ACTIVE,False,False,forward,loop,0,0.0,0.0,0.0,0.0,0.0,237.721,37.139,104.177,-8172.727,M,sensor,0.0,0.0,0.0,0,0,99.99,99.99,0.0,V,0.0,0.0,0.0,,,sensor,0.648,1.818,-142.641,-0.321,0.11,9.877,0.0,0.0,0.0,-2842.0,-4084.0,-5345.0,32.43,237.666,sensor,,,,,,,,,,,,,,,,,,,,,39.3239667813352,-0.5825883937068852,3,10,39.323652482071225,-0.583101446616098,23.77,0.0,0.0,9,100.0,500.0,0.0,1781193192.992,0,0,,,,,25.0,1,5.0,station_keeping,8.0,emergency_stop,,,,,,,,,False,0,,6.8,58.426,2073.566,3796.93,54.6,6.954,28.522,25.7,1233.028,2078.03,2081.838,usvrp,Linux
2026-06-11T15:53:31.701Z,False,MANUAL,REAL,ACTIVE,False,False,forward,loop,0,0.0,0.0,0.0,0.0,0.0,237.619,37.139,104.177,-8172.727,M,sensor,0.0,0.0,0.0,0,0,99.99,99.99,0.0,V,0.0,0.0,0.0,,,sensor,0.648,1.818,-142.641,-0.311,0.1,9.886,0.0,0.0,0.0,-2837.0,-4061.0,-5308.0,32.45,237.562,sensor,,,,,,,,,,,,,,,,,,,,,39.3239667813352,-0.5825883937068852,3,10,39.323652482071225,-0.583101446616098,23.77,0.0,0.0,9,100.0,500.0,0.0,1781193192.992,0,0,,,,,25.0,1,5.0,station_keeping,8.0,emergency_stop,,,,,,,,,False,0,,7.5,57.939,2073.766,3796.93,54.6,6.954,28.522,25.7,1234.028,2108.393,2111.257,usvrp,Linux
2026-06-11T15:53:32.701Z,False,MANUAL,REAL,ACTIVE,False,False,forward,loop,0,0.0,0.0,0.0,0.0,0.0,237.56,37.139,104.177,-8172.727,M,sensor,0.0,0.0,0.0,0,0,99.99,99.99,0.0,V,0.0,0.0,0.0,,,sensor,0.648,1.818,-142.641,-0.306,0.11,9.891,0.0,0.0,0.0,-2831.0,-4048.0,-5337.0,32.42,237.533,sensor,,,,,,,,,,,,,,,,,,,,,39.3239667813352,-0.5825883937068852,3,10,39.323652482071225,-0.583101446616098,23.77,0.0,0.0,9,100.0,500.0,0.0,1781193192.992,0,0,,,,,25.0,1,5.0,station_keeping,8.0,emergency_stop,,,,,,,,,False,0,,4.9,57.452,2073.141,3796.93,54.6,6.954,28.522,25.7,1235.028,2097.744,2100.08,usvrp,Linux
2026-06-11T15:53:33.701Z,False,MANUAL,REAL,ACTIVE,False,False,forward,loop,0,0.0,0.0,0.0,0.0,0.0,237.593,36.824,103.863,-8172.727,M,sensor,0.0,0.0,0.0,0,0,99.99,99.99,0.0,V,0.0,0.0,0.0,,,sensor,0.643,1.813,-142.641,-0.311,0.105,9.877,0.0,0.0,0.0,-2832.0,-4065.0,-5370.0,32.42,237.636,sensor,,,,,,,,,,,,,,,,,,,,,39.3239667813352,-0.5825883937068852,3,10,39.323652482071225,-0.583101446616098,23.78,0.0,0.0,9,100.0,500.0,0.0,1781193192.992,0,0,,,,,25.0,1,5.0,station_keeping,8.0,emergency_stop,,,,,,,,,False,0,,8.7,57.939,2074.617,3796.93,54.6,6.954,28.522,25.7,1236.029,2082.225,2091.383,usvrp,Linux
2026-06-11T15:53:34.701Z,False,MANUAL,REAL,ACTIVE,False,False,forward,loop,0,0.0,0.0,0.0,0.0,0.0,237.685,37.139,104.177,-8172.727,M,sensor,0.0,0.0,0.0,0,0,99.99,99.99,0.0,V,0.0,0.0,0.0,,,sensor,0.648,1.818,-142.641,-0.311,0.11,9.881,0.0,0.0,0.0,-2824.0,-4084.0,-5358.0,32.46,237.837,sensor,,,,,,,,,,,,,,,,,,,,,39.3239667813352,-0.5825883937068852,3,10,39.323652482071225,-0.583101446616098,23.78,0.0,0.0,9,100.0,500.0,0.0,1781193192.992,0,0,,,,,25.0,1,5.0,station_keeping,8.0,emergency_stop,,,,,,,,,False,0,,14.1,58.913,2074.266,3796.93,54.6,6.954,28.522,25.7,1237.029,2171.758,2183.677,usvrp,Linux
2026-06-11T15:53:35.701Z,False,MANUAL,REAL,ACTIVE,False,False,forward,loop,0,0.0,0.0,0.0,0.0,0.0,237.657,37.139,104.177,-8172.727,M,sensor,0.0,0.0,0.0,0,0,99.99,99.99,0.0,V,0.0,0.0,0.0,,,sensor,0.648,1.818,-142.641,-0.306,0.11,9.886,0.0,0.0,0.0,-2827.0,-4061.0,-5370.0,32.44,237.657,sensor,,,,,,,,,,,,,,,,,,,,,39.3239667813352,-0.5825883937068852,3,10,39.323652482071225,-0.583101446616098,23.77,0.0,0.0,9,100.0,500.0,0.0,1781193192.992,0,0,,,,,25.0,1,5.0,station_keeping,8.0,emergency_stop,,,,,,,,,False,0,,6.6,57.452,2074.266,3796.93,54.6,6.954,28.522,25.7,1238.029,2099.098,2105.778,usvrp,Linux
2026-06-11T15:53:36.701Z,False,MANUAL,REAL,ACTIVE,False,False,forward,loop,0,0.0,0.0,0.0,0.0,0.0,237.681,37.139,103.863,-8172.727,M,sensor,0.0,0.0,0.0,0,0,99.99,99.99,0.0,V,0.0,0.0,0.0,,,sensor,0.648,1.813,-142.641,-0.306,0.11,9.872,0.0,0.0,0.0,-2846.0,-4092.0,-5371.0,32.42,237.681,sensor,,,,,,,,,,,,,,,,,,,,,39.3239667813352,-0.5825883937068852,3,10,39.323652482071225,-0.583101446616098,23.76,0.0,0.0,9,100.0,500.0,0.0,1781193192.992,0,0,,,,,25.0,1,5.0,station_keeping,8.0,emergency_stop,,,,,,,,,False,0,,5.4,57.939,2074.203,3796.93,54.6,6.954,28.522,25.7,1239.029,2090.426,2092.714,usvrp,Linux
2026-06-11T15:53:37.701Z,False,MANUAL,REAL,ACTIVE,False,False,forward,loop,0,0.0,0.0,0.0,0.0,0.0,237.207,37.139,103.863,-8172.727,M,sensor,0.0,0.0,0.0,0,0,99.99,99.99,0.0,V,0.0,0.0,0.0,,,sensor,0.648,1.813,-142.641,-0.316,0.115,9.886,0.0,0.0,0.0,-2864.0,-4046.0,-5369.0,32.44,237.207,sensor,,,,,,,,,,,,,,,,,,,,,39.3239667813352,-0.5825883937068852,3,10,39.323652482071225,-0.583101446616098,23.76,0.0,0.0,9,100.0,500.0,0.0,1781193192.992,0,0,,,,,25.0,1,5.0,station_keeping,8.0,emergency_stop,,,,,,,,,False,0,,6.3,57.939,2074.301,3796.93,54.6,6.954,28.522,25.7,1240.029,2088.055,2090.983,usvrp,Linux
2026-06-11T15:53:38.701Z,False,MANUAL,REAL,ACTIVE,False,False,forward,loop,0,0.0,0.0,0.0,0.0,0.0,237.187,37.139,103.863,-8172.727,M,sensor,0.0,0.0,0.0,0,0,99.99,99.99,0.0,V,0.0,0.0,0.0,,,sensor,0.648,1.813,-142.641,-0.311,0.115,9.886,0.0,0.0,0.0,-2864.0,-4043.0,-5361.0,32.44,237.187,sensor,,,,,,,,,,,,,,,,,,,,,39.3239667813352,-0.5825883937068852,3,10,39.323652482071225,-0.583101446616098,23.75,0.0,0.0,9,100.0,500.0,0.0,1781193192.992,0,0,,,,,25.0,1,5.0,station_keeping,8.0,emergency_stop,,,,,,,,,False,0,,6.8,57.452,2073.617,3796.93,54.6,6.954,28.522,25.7,1241.029,2074.375,2079.463,usvrp,Linux
2026-06-11T15:53:39.701Z,False,MANUAL,REAL,ACTIVE,False,False,forward,loop,0,0.0,0.0,0.0,0.0,0.0,237.365,36.824,104.177,-8172.727,M,sensor,0.0,0.0,0.0,0,0,99.99,99.99,0.0,V,0.0,0.0,0.0,,,sensor,0.643,1.818,-142.641,-0.311,0.11,9.891,0.0,0.0,0.0,-2867.0,-4074.0,-5369.0,32.42,237.365,sensor,,,,,,,,,,,,,,,,,,,,,39.3239667813352,-0.5825883937068852,3,10,39.323652482071225,-0.583101446616098,23.75,0.0,0.0,9,100.0,500.0,0.0,1781193192.992,0,0,,,,,25.0,1,5.0,station_keeping,8.0,emergency_stop,,,,,,,,,False,0,,16.0,58.426,2073.105,3796.93,54.6,6.954,28.522,25.7,1242.029,2183.572,2212.769,usvrp,Linux
2026-06-11T15:53:40.701Z,False,MANUAL,REAL,ACTIVE,False,False,forward,loop,0,0.0,0.0,0.0,0.0,0.0,237.536,36.824,104.177,-8172.727,M,sensor,0.0,0.0,0.0,0,0,99.99,99.99,0.0,V,0.0,0.0,0.0,,,sensor,0.643,1.818,-142.641,-0.311,0.115,9.877,0.0,0.0,0.0,-2860.0,-4090.0,-5370.0,32.39,237.536,sensor,,,,,,,,,,,,,,,,,,,,,39.3239667813352,-0.5825883937068852,3,10,39.323652482071225,-0.583101446616098,23.75,0.0,0.0,9,100.0,500.0,0.0,1781193192.992,0,0,,,,,25.0,1,5.0,station_keeping,8.0,emergency_stop,,,,,,,,,False,0,,8.9,57.939,2073.105,3796.93,54.6,6.954,28.522,25.7,1243.029,2079.22,2086.099,usvrp,Linux
2026-06-11T15:53:41.701Z,False,MANUAL,REAL,ACTIVE,False,False,forward,loop,0,0.0,0.0,0.0,0.0,0.0,237.374,36.824,104.177,-8172.727,M,sensor,0.0,0.0,0.0,0,0,99.99,99.99,0.0,V,0.0,0.0,0.0,,,sensor,0.643,1.818,-142.641,-0.311,0.115,9.896,0.0,0.0,0.0,-2878.0,-4091.0,-5360.0,32.41,237.374,sensor,,,,,,,,,,,,,,,,,,,,,39.3239667813352,-0.5825883937068852,3,10,39.323652482071225,-0.583101446616098,23.76,0.0,0.0,9,100.0,500.0,0.0,1781193192.992,0,0,,,,,25.0,1,5.0,station_keeping,8.0,emergency_stop,,,,,,,,,False,0,,7.2,57.939,2072.836,3796.93,54.6,6.954,28.522,25.7,1244.029,2083.21,2085.626,usvrp,Linux
2026-06-11T15:53:42.701Z,False,MANUAL,REAL,ACTIVE,False,False,forward,loop,0,0.0,0.0,0.0,0.0,0.0,237.258,37.139,103.863,-8179.966,M,sensor,0.0,0.0,0.0,0,0,99.99,99.99,0.0,V,0.0,0.0,0.0,,,sensor,0.643,1.818,-142.767,-0.321,0.115,9.886,0.0,0.061,0.0,-2874.0,-4067.0,-5367.0,32.43,237.253,sensor,,,,,,,,,,,,,,,,,,,,,39.3239667813352,-0.5825883937068852,3,10,39.323652482071225,-0.583101446616098,23.76,0.0,0.0,9,100.0,500.0,0.0,1781193192.992,0,0,,,,,25.0,1,5.0,station_keeping,8.0,emergency_stop,,,,,,,,,False,0,,5.1,57.939,2072.539,3796.93,54.6,6.954,28.522,25.7,1245.03,2095.519,2099.486,usvrp,Linux
2026-06-11T15:53:43.701Z,False,MANUAL,REAL,ACTIVE,False,False,forward,loop,0,0.0,0.0,0.0,0.0,0.0,237.848,41.545,105.436,-8138.421,M,sensor,0.0,0.0,0.0,0,0,99.99,99.99,0.0,V,0.0,0.0,0.0,,,sensor,0.764,1.824,-141.74,-0.105,0.416,9.963,-0.61,-0.366,5.737,-2824.0,-4097.0,-5357.0,32.45,237.922,sensor,,,,,,,,,,,,,,,,,,,,,39.3239667813352,-0.5825883937068852,3,10,39.323652482071225,-0.583101446616098,23.75,0.0,0.0,9,100.0,500.0,0.0,1781193192.992,0,0,,,,,25.0,1,5.0,station_keeping,8.0,emergency_stop,,,,,,,,,False,0,,7.0,58.426,2072.539,3796.93,54.6,6.954,28.522,25.7,1246.03,2080.043,2083.299,usvrp,Linux
2026-06-11T15:53:44.701Z,False,MANUAL,REAL,ACTIVE,False,False,forward,loop,0,0.0,0.0,0.0,0.0,0.0,238.601,27.067,103.233,-8197.591,M,sensor,0.0,0.0,0.0,0,0,99.99,99.99,0.0,V,0.0,0.0,0.0,,,sensor,0.45,1.802,-143.135,-0.301,0.086,9.857,0.183,0.183,0.0,-2751.0,-4113.0,-5402.0,32.44,238.723,sensor,,,,,,,,,,,,,,,,,,,,,39.3239667813352,-0.5825883937068852,3,10,39.323652482071225,-0.583101446616098,23.75,0.0,0.0,9,100.0,500.0,0.0,1781193192.992,0,0,,,,,25.0,1,5.0,station_keeping,8.0,emergency_stop,,,,,,,,,False,0,,17.0,58.426,2072.934,3796.93,54.6,6.954,28.522,25.7,1247.03,2189.891,2213.177,usvrp,Linux
2026-06-11T15:53:45.701Z,False,MANUAL,REAL,ACTIVE,False,False,forward,loop,0,0.0,0.0,0.0,0.0,0.0,238.72,28.011,103.233,-8234.1,M,sensor,0.0,0.0,0.0,0,0,99.99,99.99,0.0,V,0.0,0.0,0.0,,,sensor,0.489,1.802,-143.712,-0.306,0.091,9.881,0.0,0.0,0.0,-2744.0,-4102.0,-5360.0,32.41,238.72,sensor,,,,,,,,,,,,,,,,,,,,,39.3239667813352,-0.5825883937068852,3,10,39.323652482071225,-0.583101446616098,23.73,0.0,0.0,9,100.0,500.0,0.0,1781193192.992,0,0,,,,,25.0,1,5.0,station_keeping,8.0,emergency_stop,,,,,,,,,False,0,,6.1,57.939,2072.945,3796.93,54.6,6.954,28.522,25.7,1248.03,2098.354,2104.033,usvrp,Linux
2026-06-11T15:53:46.701Z,False,MANUAL,REAL,ACTIVE,False,False,forward,loop,0,0.0,0.0,0.0,0.0,0.0,238.525,30.215,102.604,-8252.04,M,sensor,0.0,0.0,0.0,0,0,99.99,99.99,0.0,V,0.0,0.0,0.0,,,sensor,0.527,1.791,-144.025,-0.306,0.1,9.867,0.0,0.0,0.0,-2744.0,-4072.0,-5372.0,32.44,238.525,sensor,,,,,,,,,,,,,,,,,,,,,39.3239667813352,-0.5825883937068852,3,10,39.323652482071225,-0.583101446616098,23.74,0.0,0.0,9,100.0,500.0,0.0,1781193192.992,0,0,,,,,25.0,1,5.0,station_keeping,8.0,emergency_stop,,,,,,,,,False,0,,6.1,56.965,2072.703,3796.93,54.6,6.954,28.522,25.7,1249.03,2077.338,2081.769,usvrp,Linux
2026-06-11T15:53:47.701Z,False,MANUAL,REAL,ACTIVE,False,False,forward,loop,0,0.0,0.0,0.0,0.0,0.0,238.604,31.474,102.289,-8261.482,M,sensor,0.0,0.0,0.0,0,0,99.99,99.99,0.0,V,0.0,0.0,0.0,,,sensor,0.549,1.785,-144.196,-0.306,0.105,9.881,0.0,0.0,0.0,-2750.0,-4074.0,-5377.0,32.46,238.48,sensor,,,,,,,,,,,,,,,,,,,,,39.3239667813352,-0.5825883937068852,3,10,39.323652482071225,-0.583101446616098,23.74,0.0,0.0,9,100.0,500.0,0.0,1781193192.992,0,0,,,,,25.0,1,5.0,station_keeping,8.0,emergency_stop,,,,,,,,,False,0,,6.1,58.426,2072.422,3796.93,54.6,6.954,28.522,25.7,1250.03,1933.826,1936.521,usvrp,Linux
2026-06-11T15:53:48.701Z,False,MANUAL,REAL,ACTIVE,False,False,forward,loop,0,0.0,0.0,0.0,0.0,0.0,238.823,32.418,101.974,-8267.147,M,sensor,0.0,0.0,0.0,0,0,99.99,99.99,0.0,V,0.0,0.0,0.0,,,sensor,0.566,1.774,-144.294,-0.306,0.096,9.891,0.0,0.0,0.0,-2737.0,-4101.0,-5372.0,32.45,238.781,sensor,,,,,,,,,,,,,,,,,,,,,39.3239667813352,-0.5825883937068852,3,10,39.323652482071225,-0.583101446616098,23.75,0.0,0.0,9,100.0,500.0,0.0,1781193192.992,0,0,,,,,25.0,1,5.0,station_keeping,8.0,emergency_stop,,,,,,,,,False,0,,6.1,57.452,2072.91,3796.93,54.6,6.954,28.522,25.7,1251.03,2081.125,2085.084,usvrp,Linux
2026-06-11T15:53:49.701Z,False,MANUAL,REAL,ACTIVE,False,False,forward,loop,0,0.0,0.0,0.0,0.0,0.0,238.444,34.306,101.03,-8270.295,M,sensor,0.0,0.0,0.0,0,0,99.99,99.99,0.0,V,0.0,0.0,0.0,,,sensor,0.599,1.763,-144.344,-0.297,0.1,9.877,0.122,0.0,0.0,-2737.0,-4114.0,-5405.0,32.44,238.865,sensor,,,,,,,,,,,,,,,,,,,,,39.3239667813352,-0.5825883937068852,3,10,39.323652482071225,-0.583101446616098,23.75,0.0,0.0,9,100.0,500.0,0.0,1781193192.992,0,0,,,,,25.0,1,5.0,station_keeping,8.0,emergency_stop,,,,,,,,,False,0,,14.4,57.452,2073.996,3796.93,54.6,6.954,28.522,25.7,1252.03,2155.853,2175.371,usvrp,Linux
2026-06-11T15:53:50.701Z,False,MANUAL,REAL,ACTIVE,False,False,forward,loop,0,0.0,0.0,0.0,0.0,0.0,238.488,35.25,105.122,-8264.629,M,sensor,0.0,0.0,0.0,0,0,99.99,99.99,0.0,V,0.0,0.0,0.0,,,sensor,0.615,1.829,-144.234,-0.306,0.105,9.872,-0.427,-0.427,0.0,-2756.0,-4090.0,-5414.0,32.42,238.526,sensor,,,,,,,,,,,,,,,,,,,,,39.3239667813352,-0.5825883937068852,3,10,39.323652482071225,-0.583101446616098,23.7,0.0,0.0,9,100.0,500.0,0.0,1781193192.992,0,0,,,,,25.0,1,5.0,station_keeping,8.0,emergency_stop,,,,,,,,,False,0,,7.1,58.426,2073.734,3796.93,54.6,6.954,28.522,25.7,1253.03,2125.969,2125.77,usvrp,Linux
2026-06-11T15:53:51.701Z,False,MANUAL,REAL,ACTIVE,False,False,forward,loop,0,0.0,0.0,0.0,0.0,0.0,238.389,35.25,105.122,-8256.446,M,sensor,0.0,0.0,0.0,0,0,99.99,99.99,0.0,V,0.0,0.0,0.0,,,sensor,0.615,1.835,-144.097,-0.321,0.1,9.877,0.0,0.0,0.0,-2772.0,-4102.0,-5416.0,32.45,238.45,sensor,,,,,,,,,,,,,,,,,,,,,39.3239667813352,-0.5825883937068852,3,10,39.323652482071225,-0.583101446616098,23.74,0.0,0.0,9,100.0,500.0,0.0,1781193192.992,0,0,,,,,25.0,1,5.0,station_keeping,8.0,emergency_stop,,,,,,,,,False,0,,6.1,56.965,2073.734,3796.93,54.6,6.954,28.522,25.7,1254.03,2090.054,2090.942,usvrp,Linux
2026-06-11T15:53:52.701Z,False,MANUAL,REAL,ACTIVE,False,False,forward,loop,0,0.0,0.0,0.0,0.0,0.0,238.399,35.25,105.122,-8250.781,M,sensor,0.0,0.0,0.0,0,0,99.99,99.99,0.0,V,0.0,0.0,0.0,,,sensor,0.61,1.835,-143.998,-0.34,0.129,9.929,0.0,0.0,0.0,-2759.0,-4077.0,-5409.0,32.38,238.413,sensor,,,,,,,,,,,,,,,,,,,,,39.3239667813352,-0.5825883937068852,3,10,39.323652482071225,-0.583101446616098,23.74,0.0,0.0,9,100.0,500.0,0.0,1781193192.992,0,0,,,,,25.0,1,5.0,station_keeping,8.0,emergency_stop,,,,,,,,,False,0,,6.5,57.939,2072.961,3796.93,54.6,6.954,28.522,25.7,1255.031,2083.84,2086.24,usvrp,Linux
2026-06-11T15:53:53.701Z,False,MANUAL,REAL,ACTIVE,False,False,forward,loop,0,0.0,0.0,0.0,0.0,0.0,238.375,35.88,105.436,-8247.634,M,sensor,0.0,0.0,0.0,0,0,99.99,99.99,0.0,V,0.0,0.0,0.0,,,sensor,0.621,1.84,-143.943,-0.321,0.1,9.872,0.0,0.0,0.0,-2751.0,-4081.0,-5412.0,32.42,238.516,sensor,,,,,,,,,,,,,,,,,,,,,39.3239667813352,-0.5825883937068852,3,10,39.323652482071225,-0.583101446616098,23.74,0.0,0.0,9,100.0,500.0,0.0,1781193192.992,0,0,,,,,25.0,1,5.0,station_keeping,8.0,emergency_stop,,,,,,,,,False,0,,6.3,57.452,2072.418,3796.93,54.6,6.954,28.522,25.7,1256.031,2092.055,2095.607,usvrp,Linux
2026-06-11T15:53:54.701Z,False,MANUAL,REAL,ACTIVE,False,False,forward,loop,0,0.0,0.0,0.0,0.0,0.0,238.962,34.936,104.492,-8245.745,M,sensor,0.0,0.0,0.0,0,0,99.99,99.99,0.0,V,0.0,0.0,0.0,,,sensor,0.615,1.824,-143.915,-0.325,0.105,9.877,0.183,0.122,0.0,-2707.0,-4108.0,-5383.0,32.47,239.117,sensor,,,,,,,,,,,,,,,,,,,,,39.3239667813352,-0.5825883937068852,3,10,39.323652482071225,-0.583101446616098,23.66,0.0,0.0,9,100.0,500.0,0.0,1781193192.992,0,0,,,,,25.0,1,5.0,station_keeping,8.0,emergency_stop,,,,,,,,,False,0,,14.4,57.452,2074.594,3796.93,54.6,6.954,28.522,25.7,1257.031,2135.355,2151.425,usvrp,Linux
2026-06-11T15:53:55.701Z,False,MANUAL,REAL,ACTIVE,False,False,forward,loop,0,0.0,0.0,0.0,0.0,0.0,238.875,34.936,104.807,-8244.801,M,sensor,0.0,0.0,0.0,0,0,99.99,99.99,0.0,V,0.0,0.0,0.0,,,sensor,0.61,1.829,-143.899,-0.321,0.105,9.886,0.0,0.0,0.0,-2720.0,-4090.0,-5373.0,32.46,238.875,sensor,,,,,,,,,,,,,,,,,,,,,39.3239667813352,-0.5825883937068852,3,10,39.323652482071225,-0.583101446616098,23.66,0.0,0.0,9,100.0,500.0,0.0,1781193192.992,0,0,,,,,25.0,1,5.0,station_keeping,8.0,emergency_stop,,,,,,,,,False,0,,9.0,57.939,2074.285,3796.93,54.6,6.954,28.522,25.7,1258.031,2137.009,2142.352,usvrp,Linux
2026-06-11T15:53:56.701Z,False,MANUAL,REAL,ACTIVE,False,False,forward,loop,0,0.0,0.0,0.0,0.0,0.0,238.913,35.88,105.751,-8259.279,M,sensor,0.0,0.0,0.0,0,0,99.99,99.99,0.0,V,0.0,0.0,0.0,,,sensor,0.626,1.846,-144.152,-0.301,0.053,9.9,-0.061,-0.061,-1.465,-2724.0,-4102.0,-5382.0,32.46,238.913,sensor,,,,,,,,,,,,,,,,,,,,,39.3239667813352,-0.5825883937068852,3,10,39.323652482071225,-0.583101446616098,23.49,0.0,0.0,9,100.0,500.0,0.0,1781193192.992,0,0,,,,,25.0,1,5.0,station_keeping,8.0,emergency_stop,,,,,,,,,False,0,,6.3,57.939,2074.285,3796.93,54.6,6.954,28.522,25.7,1259.031,2085.437,2086.941,usvrp,Linux
2026-06-11T15:53:57.701Z,False,MANUAL,REAL,ACTIVE,False,False,forward,loop,0,0.0,0.0,0.0,0.0,0.0,238.758,34.936,105.751,-8266.833,M,sensor,0.0,0.0,0.0,0,0,99.99,99.99,0.0,V,0.0,0.0,0.0,,,sensor,0.61,1.846,-144.283,-0.33,0.1,9.857,-0.122,-0.61,0.0,-2724.0,-4078.0,-5399.0,32.46,238.758,sensor,,,,,,,,,,,,,,,,,,,,,39.3239667813352,-0.5825883937068852,3,10,39.323652482071225,-0.583101446616098,23.49,0.0,0.0,9,100.0,500.0,0.0,1781193192.992,0,0,,,,,25.0,1,5.0,station_keeping,8.0,emergency_stop,,,,,,,,,False,0,,6.3,56.965,2074.039,3796.93,54.6,6.954,28.522,25.7,1260.031,2095.242,2103.913,usvrp,Linux
2026-06-11T15:53:58.701Z,False,MANUAL,REAL,ACTIVE,False,False,forward,loop,0,0.0,0.0,0.0,0.0,0.0,239.115,31.474,92.847,-8269.036,M,sensor,0.0,0.0,0.0,0,0,99.99,99.99,0.0,V,0.0,0.0,0.0,,,sensor,0.549,1.62,-144.322,-0.273,0.081,9.857,-0.061,-0.183,0.0,-2696.0,-4091.0,-5366.0,32.45,239.115,sensor,,,,,,,,,,,,,,,,,,,,,39.3239667813352,-0.5825883937068852,3,10,39.323652482071225,-0.583101446616098,23.43,0.0,0.0,9,100.0,500.0,0.0,1781193192.992,0,0,,,,,25.0,1,5.0,station_keeping,8.0,emergency_stop,,,,,,,,,False,0,,5.8,57.939,2073.699,3796.93,54.6,6.954,28.522,25.7,1261.031,2097.141,2100.405,usvrp,Linux
2026-06-11T15:53:59.701Z,False,MANUAL,REAL,ACTIVE,False,False,forward,loop,0,0.0,0.0,0.0,0.0,0.0,236.743,29.27,90.329,-8245.116,M,sensor,0.0,0.0,0.0,0,0,99.99,99.99,0.0,V,0.0,0.0,0.0,,,sensor,0.511,1.577,-143.904,-0.297,0.077,9.862,0.183,0.183,0.427,-2948.0,-4094.0,-5390.0,32.48,236.743,sensor,,,,,,,,,,,,,,,,,,,,,39.3239667813352,-0.5825883937068852,3,10,39.323652482071225,-0.583101446616098,23.4,0.0,0.0,9,100.0,500.0,0.0,1781193192.992,0,0,,,,,25.0,1,5.0,station_keeping,8.0,emergency_stop,,,,,,,,,False,0,,10.6,58.426,2074.352,3796.93,54.6,6.954,28.522,25.7,1262.031,2108.562,2123.64,usvrp,Linux
2026-06-11T15:54:00.701Z,False,MANUAL,REAL,ACTIVE,False,False,forward,loop,0,0.0,0.0,0.0,0.0,0.0,235.585,30.529,88.441,-8200.738,M,sensor,0.0,0.0,0.0,0,0,99.99,99.99,0.0,V,0.0,0.0,0.0,,,sensor,0.533,1.544,-143.13,-0.268,0.091,9.877,0.0,0.0,0.0,-3086.0,-4108.0,-5398.0,32.46,235.585,sensor,,,,,,,,,,,,,,,,,,,,,39.3239667813352,-0.5825883937068852,3,10,39.323652482071225,-0.583101446616098,23.4,0.0,0.0,9,100.0,500.0,0.0,1781193192.992,0,0,,,,,25.0,1,5.0,station_keeping,8.0,emergency_stop,,,,,,,,,False,0,,13.2,58.426,2073.781,3796.93,54.6,6.954,28.522,25.7,1263.031,2179.913,2193.392,usvrp,Linux
2026-06-11T15:54:01.701Z,False,MANUAL,REAL,ACTIVE,False,False,forward,loop,0,0.0,0.0,0.0,0.0,0.0,235.971,29.9,89.07,-8210.18,M,sensor,0.0,0.0,0.0,0,0,99.99,99.99,0.0,V,0.0,0.0,0.0,,,sensor,0.522,1.555,-143.306,-0.273,0.086,9.886,0.0,0.0,0.0,-3132.0,-4125.0,-5380.0,32.42,235.292,sensor,,,,,,,,,,,,,,,,,,,,,39.3239667813352,-0.5825883937068852,3,10,39.323652482071225,-0.583101446616098,23.43,0.0,0.0,9,100.0,500.0,0.0,1781193192.992,0,0,,,,,25.0,1,5.0,station_keeping,8.0,emergency_stop,,,,,,,,,False,0,,5.6,58.426,2072.859,3796.93,54.6,6.954,28.522,25.7,1264.032,2090.037,2096.372,usvrp,Linux
2026-06-11T15:54:02.701Z,False,MANUAL,REAL,ACTIVE,False,False,forward,loop,0,0.0,0.0,0.0,0.0,0.0,237.989,29.585,89.385,-8223.084,M,sensor,0.0,0.0,0.0,0,0,99.99,99.99,0.0,V,0.0,0.0,0.0,,,sensor,0.516,1.56,-143.52,-0.268,0.1,9.881,0.0,0.0,0.0,-2830.0,-4116.0,-5397.0,32.46,237.989,sensor,,,,,,,,,,,,,,,,,,,,,39.3239667813352,-0.5825883937068852,3,10,39.323652482071225,-0.583101446616098,23.43,0.0,0.0,9,100.0,500.0,0.0,1781193192.992,0,0,,,,,25.0,1,5.0,station_keeping,8.0,emergency_stop,,,,,,,,,False,0,,7.0,57.939,2072.859,3796.93,54.6,6.954,28.522,25.7,1265.032,2090.769,2097.112,usvrp,Linux
2026-06-11T15:54:03.701Z,False,MANUAL,REAL,ACTIVE,False,False,forward,loop,0,0.0,0.0,0.0,0.0,0.0,236.54,29.27,89.7,-8230.323,M,sensor,0.0,0.0,0.0,0,0,99.99,99.99,0.0,V,0.0,0.0,0.0,,,sensor,0.511,1.566,-143.646,-0.263,0.091,9.877,0.0,0.0,0.0,-3010.0,-4149.0,-5361.0,32.48,236.54,sensor,,,,,,,,,,,,,,,,,,,,,39.3239667813352,-0.5825883937068852,3,10,39.323652482071225,-0.583101446616098,23.44,0.0,0.0,9,100.0,500.0,0.0,1781193192.992,0,0,,,,,25.0,1,5.0,station_keeping,8.0,emergency_stop,,,,,,,,,False,0,,7.2,57.939,2072.859,3796.93,54.6,6.954,28.522,25.7,1266.032,2087.104,2090.152,usvrp,Linux
2026-06-11T15:54:04.701Z,False,MANUAL,REAL,ACTIVE,False,False,forward,loop,0,0.0,0.0,0.0,0.0,0.0,237.253,29.27,90.014,-8234.1,M,sensor,0.0,0.0,0.0,0,0,99.99,99.99,0.0,V,0.0,0.0,0.0,,,sensor,0.511,1.571,-143.718,-0.268,0.091,9.886,0.0,0.0,0.0,-3029.0,-4103.0,-5388.0,32.44,236.064,sensor,,,,,,,,,,,,,,,,,,,,,39.3239667813352,-0.5825883937068852,3,10,39.323652482071225,-0.583101446616098,23.44,0.0,0.0,9,100.0,500.0,0.0,1781193192.992,0,0,,,,,25.0,1,5.0,station_keeping,8.0,emergency_stop,,,,,,,,,False,0,,6.4,57.939,2072.605,3796.93,54.6,6.954,28.522,25.7,1267.032,2086.795,2105.897,usvrp,Linux
2026-06-11T15:54:05.701Z,False,MANUAL,REAL,ACTIVE,False,False,forward,loop,0,0.0,0.0,0.0,0.0,0.0,237.827,29.585,90.014,-8236.303,M,sensor,0.0,0.0,0.0,0,0,99.99,99.99,0.0,V,0.0,0.0,0.0,,,sensor,0.516,1.571,-143.751,-0.278,0.086,9.886,0.0,0.0,0.0,-2850.0,-4120.0,-5373.0,32.44,237.827,sensor,,,,,,,,,,,,,,,,,,,,,39.3239667813352,-0.5825883937068852,3,10,39.323652482071225,-0.583101446616098,23.44,0.0,0.0,9,100.0,500.0,0.0,1781193192.992,0,0,,,,,25.0,1,5.0,station_keeping,8.0,emergency_stop,,,,,,,,,False,0,,20.3,57.939,2073.297,3796.93,54.6,6.954,28.522,25.7,1268.032,2166.528,2177.903,usvrp,Linux
2026-06-11T15:54:06.701Z,False,MANUAL,REAL,ACTIVE,False,False,forward,loop,0,0.0,0.0,0.0,0.0,0.0,238.064,29.585,90.014,-8237.562,M,sensor,0.0,0.0,0.0,0,0,99.99,99.99,0.0,V,0.0,0.0,0.0,,,sensor,0.516,1.571,-143.773,-0.268,0.091,9.886,0.0,0.0,0.0,-2914.0,-4085.0,-5367.0,32.46,236.998,sensor,,,,,,,,,,,,,,,,,,,,,39.3239667813352,-0.5825883937068852,3,10,39.323652482071225,-0.583101446616098,23.45,0.0,0.0,9,100.0,500.0,0.0,1781193192.992,0,0,,,,,25.0,1,5.0,station_keeping,8.0,emergency_stop,,,,,,,,,False,0,,10.0,57.452,2073.023,3796.93,54.6,6.954,28.522,25.7,1269.032,2093.014,2098.053,usvrp,Linux
2026-06-11T15:54:07.701Z,False,MANUAL,REAL,ACTIVE,False,False,forward,loop,0,0.0,0.0,0.0,0.0,0.0,237.092,29.585,90.014,-8238.192,M,sensor,0.0,0.0,0.0,0,0,99.99,99.99,0.0,V,0.0,0.0,0.0,,,sensor,0.516,1.571,-143.784,-0.268,0.081,9.872,0.0,0.0,0.0,-2938.0,-4133.0,-5393.0,32.46,237.092,sensor,,,,,,,,,,,,,,,,,,,,,39.3239667813352,-0.5825883937068852,3,10,39.323652482071225,-0.583101446616098,23.45,0.0,0.0,9,100.0,500.0,0.0,1781193192.992,0,0,,,,,25.0,1,5.0,station_keeping,8.0,emergency_stop,,,,,,,,,False,0,,10.9,56.965,2072.508,3796.93,54.6,6.954,28.522,25.7,1270.032,2083.471,2087.934,usvrp,Linux
2026-06-11T15:54:08.701Z,False,MANUAL,REAL,ACTIVE,False,False,forward,loop,0,0.0,0.0,0.0,0.0,0.0,237.79,29.585,90.014,-8238.506,M,sensor,0.0,0.0,0.0,0,0,99.99,99.99,0.0,V,0.0,0.0,0.0,,,sensor,0.516,1.571,-143.789,-0.278,0.086,9.881,0.0,0.0,0.0,-2772.0,-4099.0,-5382.0,32.45,238.431,sensor,,,,,,,,,,,,,,,,,,,,,39.3239667813352,-0.5825883937068852,3,10,39.323652482071225,-0.583101446616098,23.46,0.0,0.0,9,100.0,500.0,0.0,1781193192.992,0,0,,,,,25.0,1,5.0,station_keeping,8.0,emergency_stop,,,,,,,,,False,0,,10.9,56.478,2072.508,3796.93,54.6,6.954,28.522,25.7,1271.032,2090.162,2091.338,usvrp,Linux
2026-06-11T15:54:09.701Z,False,MANUAL,REAL,ACTIVE,False,False,forward,loop,0,0.0,0.0,0.0,0.0,0.0,235.641,29.27,90.014,-8238.821,M,sensor,0.0,0.0,0.0,0,0,99.99,99.99,0.0,V,0.0,0.0,0.0,,,sensor,0.511,1.571,-143.795,-0.268,0.091,9.881,0.0,0.0,0.0,-2901.0,-4117.0,-5394.0,32.45,237.33,sensor,,,,,,,,,,,,,,,,,,,,,39.3239667813352,-0.5825883937068852,3,10,39.323652482071225,-0.583101446616098,23.47,0.0,0.0,9,100.0,500.0,0.0,1781193192.992,0,0,,,,,25.0,1,5.0,station_keeping,8.0,emergency_stop,,,,,,,,,False,0,,11.7,57.939,2072.141,3796.93,54.6,6.954,28.522,25.7,1272.033,2088.974,2099.276,usvrp,Linux
2026-06-11T15:54:10.701Z,False,MANUAL,REAL,ACTIVE,False,False,forward,loop,0,0.0,0.0,0.0,0.0,0.0,237.948,29.27,89.7,-8238.821,M,sensor,0.0,0.0,0.0,0,0,99.99,99.99,0.0,V,0.0,0.0,0.0,,,sensor,0.511,1.566,-143.795,-0.268,0.086,9.881,0.0,0.0,0.0,-2836.0,-4106.0,-5387.0,32.46,237.867,sensor,,,,,,,,,,,,,,,,,,,,,39.3239667813352,-0.5825883937068852,3,10,39.323652482071225,-0.583101446616098,23.47,0.0,0.0,9,100.0,500.0,0.0,1781193192.992,0,0,,,,,25.0,1,5.0,station_keeping,8.0,emergency_stop,,,,,,,,,False,0,,17.5,58.426,2073.449,3796.93,54.6,6.954,28.522,25.7,1273.033,2160.895,2185.765,usvrp,Linux
2026-06-11T15:54:11.701Z,False,MANUAL,REAL,ACTIVE,False,False,forward,loop,0,0.0,0.0,0.0,0.0,0.0,236.122,29.585,90.014,-8238.821,M,sensor,0.0,0.0,0.0,0,0,99.99,99.99,0.0,V,0.0,0.0,0.0,,,sensor,0.516,1.571,-143.795,-0.268,0.086,9.881,0.0,0.0,0.0,-3007.0,-4116.0,-5382.0,32.45,236.349,sensor,,,,,,,,,,,,,,,,,,,,,39.3239667813352,-0.5825883937068852,3,10,39.323652482071225,-0.583101446616098,23.42,0.0,0.0,9,100.0,500.0,0.0,1781193192.992,0,0,,,,,25.0,1,5.0,station_keeping,8.0,emergency_stop,,,,,,,,,False,0,,6.1,57.939,2073.449,3796.93,54.6,6.954,28.522,25.7,1274.033,2092.595,2095.347,usvrp,Linux
2026-06-11T15:54:12.701Z,False,MANUAL,REAL,ACTIVE,False,False,forward,loop,0,0.0,0.0,0.0,0.0,0.0,236.735,33.677,94.735,-8234.73,M,sensor,0.0,0.0,0.0,0,0,99.99,99.99,0.0,V,0.0,0.0,0.0,,,sensor,0.571,1.642,-143.718,-0.282,0.096,9.872,-0.488,-0.244,0.0,-2944.0,-4107.0,-5390.0,32.42,236.866,sensor,,,,,,,,,,,,,,,,,,,,,39.3239667813352,-0.5825883937068852,3,10,39.323652482071225,-0.583101446616098,23.45,0.0,0.0,9,100.0,500.0,0.0,1781193192.992,0,0,,,,,25.0,1,5.0,station_keeping,8.0,emergency_stop,,,,,,,,,False,0,,6.3,57.939,2073.18,3796.93,54.6,6.954,28.522,25.7,1275.033,2076.865,2081.945,usvrp,Linux
2026-06-11T15:54:13.701Z,False,MANUAL,REAL,ACTIVE,False,False,forward,loop,0,0.0,0.0,0.0,0.0,0.0,236.55,28.326,89.7,-8195.388,M,sensor,0.0,0.0,0.0,0,0,99.99,99.99,0.0,V,0.0,0.0,0.0,,,sensor,0.489,1.577,-142.932,-0.258,0.091,9.891,-0.061,0.0,1.343,-2933.0,-4135.0,-5359.0,32.46,237.152,sensor,,,,,,,,,,,,,,,,,,,,,39.3239667813352,-0.5825883937068852,3,10,39.323652482071225,-0.583101446616098,23.45,0.0,0.0,9,100.0,500.0,0.0,1781193192.992,0,0,,,,,25.0,1,5.0,station_keeping,8.0,emergency_stop,,,,,,,,,False,0,,7.0,58.426,2072.934,3796.93,54.6,6.954,28.522,25.7,1276.033,2090.364,2091.772,usvrp,Linux
2026-06-11T15:54:14.701Z,False,MANUAL,REAL,ACTIVE,False,False,forward,loop,0,0.0,0.0,0.0,0.0,0.0,235.246,28.011,89.7,-8153.843,M,sensor,0.0,0.0,0.0,0,0,99.99,99.99,0.0,V,0.0,0.0,0.0,,,sensor,0.489,1.566,-142.311,-0.273,0.086,9.886,-0.244,-0.183,0.0,-3144.0,-4134.0,-5360.0,32.43,235.246,sensor,,,,,,,,,,,,,,,,,,,,,39.3239667813352,-0.5825883937068852,3,10,39.323652482071225,-0.583101446616098,23.45,0.0,0.0,9,100.0,500.0,0.0,1781193192.992,0,0,,,,,25.0,1,5.0,station_keeping,8.0,emergency_stop,,,,,,,,,False,0,,6.1,57.452,2072.688,3796.93,54.6,6.954,28.522,25.7,1277.033,2109.79,2108.838,usvrp,Linux
2026-06-11T15:54:15.701Z,False,MANUAL,REAL,ACTIVE,False,False,forward,loop,0,0.0,0.0,0.0,0.0,0.0,235.476,27.697,90.329,-8136.532,M,sensor,0.0,0.0,0.0,0,0,99.99,99.99,0.0,V,0.0,0.0,0.0,,,sensor,0.483,1.577,-142.009,-0.278,0.077,9.877,0.0,-0.061,0.0,-3127.0,-4146.0,-5383.0,32.42,235.476,sensor,,,,,,,,,,,,,,,,,,,,,39.3239667813352,-0.5825883937068852,3,10,39.323652482071225,-0.583101446616098,23.45,0.0,0.0,9,100.0,500.0,0.0,1781193192.992,0,0,,,,,25.0,1,5.0,station_keeping,8.0,emergency_stop,,,,,,,,,False,0,,14.2,57.939,2072.789,3796.93,54.6,6.954,28.522,25.7,1278.034,2173.092,2190.47,usvrp,Linux
2026-06-11T15:54:16.701Z,False,MANUAL,REAL,ACTIVE,False,False,forward,loop,0,0.0,0.0,0.0,0.0,0.0,235.085,28.011,84.349,-8105.688,M,sensor,0.0,0.0,0.0,0,0,99.99,99.99,0.0,V,0.0,0.0,0.0,,,sensor,0.489,1.472,-141.471,-0.234,0.038,9.872,0.671,0.366,0.0,-3167.0,-4140.0,-5402.0,32.44,235.085,sensor,,,,,,,,,,,,,,,,,,,,,39.3239667813352,-0.5825883937068852,3,10,39.323652482071225,-0.583101446616098,23.4,0.0,0.0,9,100.0,500.0,0.0,1781193192.992,0,0,,,,,25.0,1,5.0,station_keeping,8.0,emergency_stop,,,,,,,,,False,0,,9.5,58.426,2072.789,3796.93,54.6,6.954,28.522,25.7,1279.034,2117.271,2117.327,usvrp,Linux
2026-06-11T15:54:17.701Z,False,MANUAL,REAL,ACTIVE,False,False,forward,loop,0,0.0,0.0,0.0,0.0,0.0,235.105,32.103,89.07,-8098.135,M,sensor,0.0,0.0,0.0,0,0,99.99,99.99,0.0,V,0.0,0.0,0.0,,,sensor,0.56,1.555,-141.339,-0.268,0.091,9.9,0.732,0.488,0.0,-3157.0,-4130.0,-5395.0,32.42,235.105,sensor,,,,,,,,,,,,,,,,,,,,,39.3239667813352,-0.5825883937068852,3,10,39.323652482071225,-0.583101446616098,23.45,0.0,0.0,9,100.0,500.0,0.0,1781193192.992,0,0,,,,,25.0,1,5.0,station_keeping,8.0,emergency_stop,,,,,,,,,False,0,,6.5,57.452,2072.789,3796.93,54.6,6.954,28.522,25.7,1280.034,2081.211,2083.907,usvrp,Linux
2026-06-11T15:54:18.701Z,False,MANUAL,REAL,ACTIVE,False,False,forward,loop,0,0.0,0.0,0.0,0.0,0.0,235.193,38.712,93.162,-8099.393,M,sensor,0.0,0.0,0.0,0,0,99.99,99.99,0.0,V,0.0,0.0,0.0,,,sensor,0.676,1.626,-141.361,-0.268,0.096,9.891,0.549,0.244,0.0,-3131.0,-4109.0,-5377.0,32.4,235.193,sensor,,,,,,,,,,,,,,,,,,,,,39.3239667813352,-0.5825883937068852,3,10,39.323652482071225,-0.583101446616098,23.45,0.0,0.0,9,100.0,500.0,0.0,1781193192.992,0,0,,,,,25.0,1,5.0,station_keeping,8.0,emergency_stop,,,,,,,,,False,0,,5.8,57.452,2072.789,3796.93,54.6,6.954,28.522,25.7,1281.034,2080.76,2084.663,usvrp,Linux
2026-06-11T15:54:19.701Z,False,MANUAL,REAL,ACTIVE,False,False,forward,loop,0,0.0,0.0,0.0,0.0,0.0,238.871,35.565,95.679,-8120.481,M,sensor,0.0,0.0,0.0,0,0,99.99,99.99,0.0,V,0.0,0.0,0.0,,,sensor,0.626,1.675,-141.817,-0.297,0.11,9.881,-0.183,-0.061,0.0,-2723.0,-4118.0,-5381.0,32.43,239.026,sensor,,,,,,,,,,,,,,,,,,,,,39.3239667813352,-0.5825883937068852,3,10,39.323652482071225,-0.583101446616098,23.18,0.0,0.0,9,100.0,500.0,0.0,1781193192.992,0,0,,,,,25.0,1,5.0,station_keeping,8.0,emergency_stop,,,,,,,,,False,0,,6.8,57.939,2072.449,3796.93,54.6,6.954,28.522,25.7,1282.034,2091.425,2096.521,usvrp,Linux
2026-06-11T15:54:20.701Z,False,MANUAL,REAL,ACTIVE,False,False,forward,loop,0,0.0,0.0,0.0,0.0,0.0,235.559,32.103,94.421,-8200.423,M,sensor,0.0,0.0,0.0,0,0,99.99,99.99,0.0,V,0.0,0.0,0.0,,,sensor,0.56,1.648,-143.124,-0.297,0.091,9.881,0.122,0.122,0.0,-3119.0,-4148.0,-5409.0,32.43,235.559,sensor,,,,,,,,,,,,,,,,,,,,,39.3239667813352,-0.5825883937068852,3,10,39.323652482071225,-0.583101446616098,23.18,0.0,0.0,9,100.0,500.0,0.0,1781193192.992,0,0,,,,,25.0,1,5.0,station_keeping,8.0,emergency_stop,,,,,,,,,False,0,,17.1,57.939,2075.008,3796.93,54.6,6.954,28.522,25.7,1283.034,2160.18,2173.451,usvrp,Linux
2026-06-11T15:54:21.701Z,False,MANUAL,REAL,ACTIVE,False,False,forward,loop,0,0.0,0.0,0.0,0.0,0.0,236.817,32.103,95.679,-8244.486,M,sensor,0.0,0.0,0.0,0,0,99.99,99.99,0.0,V,0.0,0.0,0.0,,,sensor,0.56,1.67,-143.921,-0.292,0.091,9.877,0.0,0.0,0.0,-2915.0,-4143.0,-5366.0,32.42,237.37,sensor,,,,,,,,,,,,,,,,,,,,,39.3239667813352,-0.5825883937068852,3,10,39.323652482071225,-0.583101446616098,23.4,0.0,0.0,9,100.0,500.0,0.0,1781193192.992,0,0,,,,,25.0,1,5.0,station_keeping,8.0,emergency_stop,,,,,,,,,False,0,,7.8,57.452,2074.668,3796.93,54.6,6.954,28.522,25.7,1284.034,2129.735,2134.367,usvrp,Linux
2026-06-11T15:54:22.701Z,False,MANUAL,REAL,ACTIVE,False,False,forward,loop,0,0.0,0.0,0.0,0.0,0.0,235.181,32.732,94.735,-8269.036,M,sensor,0.0,0.0,0.0,0,0,99.99,99.99,0.0,V,0.0,0.0,0.0,,,sensor,0.571,1.648,-144.333,-0.287,0.096,9.877,-0.061,-0.122,0.0,-3141.0,-4139.0,-5389.0,32.45,235.306,sensor,,,,,,,,,,,,,,,,,,,,,39.3239667813352,-0.5825883937068852,3,10,39.323652482071225,-0.583101446616098,23.4,0.0,0.0,9,100.0,500.0,0.0,1781193192.992,0,0,,,,,25.0,1,5.0,station_keeping,8.0,emergency_stop,,,,,,,,,False,0,,6.3,57.939,2071.113,3796.93,54.5,6.954,28.522,25.7,1285.034,2077.902,2080.414,usvrp,Linux
2026-06-11T15:54:23.701Z,False,MANUAL,REAL,ACTIVE,False,False,forward,loop,0,0.0,0.0,0.0,0.0,0.0,235.128,32.418,92.847,-8282.255,M,sensor,0.0,0.0,0.0,0,0,99.99,99.99,0.0,V,0.0,0.0,0.0,,,sensor,0.566,1.62,-144.558,-0.287,0.1,9.872,0.0,0.0,0.0,-3155.0,-4121.0,-5365.0,32.42,235.063,sensor,,,,,,,,,,,,,,,,,,,,,39.3239667813352,-0.5825883937068852,3,10,39.323652482071225,-0.583101446616098,23.4,0.0,0.0,9,100.0,500.0,0.0,1781193192.992,0,0,,,,,25.0,1,5.0,station_keeping,8.0,emergency_stop,,,,,,,,,False,0,,6.5,57.939,2071.355,3796.93,54.6,6.954,28.522,25.7,1286.034,2082.179,2091.882,usvrp,Linux
2026-06-11T15:54:24.701Z,False,MANUAL,REAL,ACTIVE,False,False,forward,loop,0,0.0,0.0,0.0,0.0,0.0,236.053,32.103,93.476,-8289.808,M,sensor,0.0,0.0,0.0,0,0,99.99,99.99,0.0,V,0.0,0.0,0.0,,,sensor,0.56,1.631,-144.684,-0.282,0.096,9.886,0.0,0.0,0.0,-3045.0,-4123.0,-5401.0,32.45,236.053,sensor,,,,,,,,,,,,,,,,,,,,,39.3239667813352,-0.5825883937068852,3,10,39.323652482071225,-0.583101446616098,23.4,0.0,0.0,9,100.0,500.0,0.0,1781193192.992,0,0,,,,,25.0,1,5.0,station_keeping,8.0,emergency_stop,,,,,,,,,False,0,,7.8,57.939,2076.207,3796.93,54.7,6.954,28.522,25.7,1287.034,2099.242,2101.338,usvrp,Linux
2026-06-11T15:54:25.701Z,False,MANUAL,REAL,ACTIVE,False,False,forward,loop,0,0.0,0.0,0.0,0.0,0.0,236.338,31.788,93.791,-8293.585,M,sensor,0.0,0.0,0.0,0,0,99.99,99.99,0.0,V,0.0,0.0,0.0,,,sensor,0.555,1.637,-144.75,-0.287,0.096,9.886,0.0,0.0,0.0,-3020.0,-4132.0,-5398.0,32.46,236.338,sensor,,,,,,,,,,,,,,,,,,,,,39.3239667813352,-0.5825883937068852,3,10,39.323652482071225,-0.583101446616098,23.4,0.0,0.0,9,100.0,500.0,0.0,1781193192.992,0,0,,,,,25.0,1,5.0,station_keeping,8.0,emergency_stop,,,,,,,,,False,0,,12.2,56.965,2078.398,3796.93,54.7,6.954,28.522,25.7,1288.035,2076.536,2083.919,usvrp,Linux
2026-06-11T15:54:26.701Z,False,MANUAL,REAL,ACTIVE,False,False,forward,loop,0,0.0,0.0,0.0,0.0,0.0,235.757,31.788,94.106,-8295.788,M,sensor,0.0,0.0,0.0,0,0,99.99,99.99,0.0,V,0.0,0.0,0.0,,,sensor,0.555,1.642,-144.789,-0.278,0.091,9.872,0.0,0.0,0.0,-3072.0,-4115.0,-5416.0,32.43,235.757,sensor,,,,,,,,,,,,,,,,,,,,,39.3239667813352,-0.5825883937068852,3,10,39.323652482071225,-0.583101446616098,23.4,0.0,0.0,9,100.0,500.0,0.0,1781193192.992,0,0,,,,,25.0,1,5.0,station_keeping,8.0,emergency_stop,,,,,,,,,False,0,,12.6,57.939,2077.824,3796.93,54.7,6.954,28.522,25.7,1289.035,2147.565,2160.596,usvrp,Linux
2026-06-11T15:54:27.701Z,False,MANUAL,REAL,ACTIVE,False,False,forward,loop,0,0.0,0.0,0.0,0.0,0.0,235.451,31.474,94.421,-8297.047,M,sensor,0.0,0.0,0.0,0,0,99.99,99.99,0.0,V,0.0,0.0,0.0,,,sensor,0.549,1.648,-144.811,-0.282,0.096,9.886,0.0,0.0,0.0,-3136.0,-4124.0,-5385.0,32.47,235.25,sensor,,,,,,,,,,,,,,,,,,,,,39.3239667813352,-0.5825883937068852,3,10,39.323652482071225,-0.583101446616098,23.4,0.0,0.0,9,100.0,500.0,0.0,1781193192.992,0,0,,,,,25.0,1,5.0,station_keeping,8.0,emergency_stop,,,,,,,,,False,0,,7.8,57.939,2077.27,3796.93,54.7,6.954,28.522,25.7,1290.035,2095.927,2103.15,usvrp,Linux
2026-06-11T15:54:28.701Z,False,MANUAL,REAL,ACTIVE,False,False,forward,loop,0,0.0,0.0,0.0,0.0,0.0,236.867,31.474,94.421,-8297.677,M,sensor,0.0,0.0,0.0,0,0,99.99,99.99,0.0,V,0.0,0.0,0.0,,,sensor,0.549,1.648,-144.822,-0.287,0.091,9.881,0.0,0.0,0.0,-3053.0,-4138.0,-5410.0,32.4,236.08,sensor,,,,,,,,,,,,,,,,,,,,,39.3239667813352,-0.5825883937068852,3,10,39.323652482071225,-0.583101446616098,23.4,0.0,0.0,9,100.0,500.0,0.0,1781193192.992,0,0,,,,,25.0,1,5.0,station_keeping,8.0,emergency_stop,,,,,,,,,False,0,,6.7,57.452,2075.93,3796.93,54.7,6.954,28.522,25.7,1291.035,2057.925,2059.717,usvrp,Linux
2026-06-11T15:54:29.701Z,False,MANUAL,REAL,ACTIVE,False,False,forward,loop,0,0.0,0.0,0.0,0.0,0.0,237.555,31.474,94.421,-8297.991,M,sensor,0.0,0.0,0.0,0,0,99.99,99.99,0.0,V,0.0,0.0,0.0,,,sensor,0.549,1.648,-144.827,-0.282,0.086,9.877,0.0,0.0,0.0,-2886.0,-4130.0,-5392.0,32.42,237.555,sensor,,,,,,,,,,,,,,,,,,,,,39.3239667813352,-0.5825883937068852,3,10,39.323652482071225,-0.583101446616098,23.4,0.0,0.0,9,100.0,500.0,0.0,1781193192.992,0,0,,,,,25.0,1,5.0,station_keeping,8.0,emergency_stop,,,,,,,,,False,0,,7.5,58.426,2076.527,3796.93,54.7,6.954,28.522,25.7,1292.035,2067.869,2068.957,usvrp,Linux
2026-06-11T15:54:30.701Z,False,MANUAL,REAL,ACTIVE,False,False,forward,loop,0,0.0,0.0,0.0,0.0,0.0,236.358,31.474,94.421,-8297.991,M,sensor,0.0,0.0,0.0,0,0,99.99,99.99,0.0,V,0.0,0.0,0.0,,,sensor,0.549,1.648,-144.827,-0.297,0.096,9.877,0.0,0.0,0.0,-2831.0,-4086.0,-5387.0,32.42,237.784,sensor,,,,,,,,,,,,,,,,,,,,,39.3239667813352,-0.5825883937068852,3,10,39.323652482071225,-0.583101446616098,23.4,0.0,0.0,9,100.0,500.0,0.0,1781193192.992,0,0,,,,,25.0,1,5.0,station_keeping,8.0,emergency_stop,,,,,,,,,False,0,,7.4,57.452,2076.27,3796.93,54.7,6.954,28.522,25.7,1293.035,2069.293,2075.26,usvrp,Linux
2026-06-11T15:54:31.701Z,False,MANUAL,REAL,ACTIVE,False,False,forward,loop,0,0.0,0.0,0.0,0.0,0.0,237.482,31.474,94.735,-8298.306,M,sensor,0.0,0.0,0.0,0,0,99.99,99.99,0.0,V,0.0,0.0,0.0,,,sensor,0.549,1.653,-144.833,-0.282,0.096,9.881,0.0,0.0,0.0,-2882.0,-4131.0,-5388.0,32.43,237.598,sensor,,,,,,,,,,,,,,,,,,,,,39.3239667813352,-0.5825883937068852,3,10,39.323652482071225,-0.583101446616098,23.4,0.0,0.0,9,100.0,500.0,0.0,1781193192.992,0,0,,,,,25.0,1,5.0,station_keeping,8.0,emergency_stop,,,,,,,,,False,0,,18.6,57.452,2076.301,3796.93,54.7,6.954,28.522,25.7,1294.035,2144.428,2166.266,usvrp,Linux
2026-06-11T15:54:32.701Z,False,MANUAL,REAL,ACTIVE,False,False,forward,loop,0,0.0,0.0,0.0,0.0,0.0,235.612,31.474,94.421,-8298.306,M,sensor,0.0,0.0,0.0,0,0,99.99,99.99,0.0,,0.0,0.0,0.0,,,sensor,0.549,1.648,-144.833,-0.282,0.086,9.877,0.0,0.0,0.0,-2997.0,-4128.0,-5391.0,32.42,236.52,sensor,,,,,,,,,,,,,,,,,,,,,39.3239667813352,-0.5825883937068852,3,10,39.323652482071225,-0.583101446616098,23.4,0.0,0.0,9,100.0,500.0,0.0,1781193192.992,0,0,,,,,25.0,1,5.0,station_keeping,8.0,emergency_stop,,,,,,,,,False,0,,6.9,57.939,2075.965,3796.93,54.7,6.954,28.522,25.7,1295.035,2099.201,2108.424,usvrp,Linux
2026-06-11T15:54:33.701Z,False,MANUAL,REAL,ACTIVE,False,False,forward,loop,0,0.0,0.0,0.0,0.0,0.0,236.21,31.474,94.106,-8298.306,M,sensor,0.0,0.0,0.0,0,0,99.99,99.99,0.0,V,0.0,0.0,0.0,,,sensor,0.549,1.642,-144.833,-0.278,0.091,9.877,0.0,0.0,0.0,-3028.0,-4098.0,-5381.0,32.42,236.039,sensor,,,,,,,,,,,,,,,,,,,,,39.3239667813352,-0.5825883937068852,3,10,39.323652482071225,-0.583101446616098,23.4,0.0,0.0,9,100.0,500.0,0.0,1781193192.992,0,0,,,,,25.0,1,5.0,station_keeping,8.0,emergency_stop,,,,,,,,,False,0,,7.3,57.939,2075.168,3796.93,54.7,6.954,28.522,25.7,1296.035,2099.363,2111.026,usvrp,Linux
2026-06-11T15:54:34.701Z,False,MANUAL,REAL,ACTIVE,False,False,forward,loop,0,0.0,0.0,0.0,0.0,0.0,236.005,32.418,92.532,-8298.306,M,sensor,0.0,0.0,0.0,0,0,99.99,99.99,0.0,V,0.0,0.0,0.0,,,sensor,0.566,1.615,-144.833,-0.282,0.096,9.886,0.061,0.244,0.0,-3037.0,-4105.0,-5377.0,32.42,236.005,sensor,,,,,,,,,,,,,,,,,,,,,39.3239667813352,-0.5825883937068852,3,10,39.323652482071225,-0.583101446616098,23.4,0.0,0.0,9,100.0,500.0,0.0,1781193192.992,0,0,,,,,25.0,1,5.0,station_keeping,8.0,emergency_stop,,,,,,,,,False,0,,7.3,57.939,2075.633,3796.93,54.7,6.954,28.522,25.7,1297.036,2090.753,2098.752,usvrp,Linux
2026-06-11T15:54:35.701Z,False,MANUAL,REAL,ACTIVE,False,False,forward,loop,0,0.0,0.0,0.0,0.0,0.0,236.549,30.215,93.791,-8240.395,M,sensor,0.0,0.0,0.0,0,0,99.99,99.99,0.0,V,0.0,0.0,0.0,,,sensor,0.527,1.637,-143.822,-0.273,0.067,9.838,0.122,0.122,0.0,-2996.0,-4131.0,-5417.0,32.44,236.549,sensor,,,,,,,,,,,,,,,,,,,,,39.3239667813352,-0.5825883937068852,3,10,39.323652482071225,-0.583101446616098,23.4,0.0,0.0,9,100.0,500.0,0.0,1781193192.992,0,0,,,,,25.0,1,5.0,station_keeping,8.0,emergency_stop,,,,,,,,,False,0,,8.4,57.452,2075.254,3796.93,54.7,6.954,28.522,25.7,1298.036,2120.93,2127.705,usvrp,Linux
2026-06-11T15:54:36.701Z,False,MANUAL,REAL,ACTIVE,False,False,forward,loop,0,0.0,0.0,0.0,0.0,0.0,237.818,28.011,97.568,-8186.575,M,sensor,0.0,0.0,0.0,0,0,99.99,99.99,0.0,V,0.0,0.0,0.0,,,sensor,0.483,1.697,-142.932,-0.297,0.086,9.877,0.0,-0.122,0.0,-2755.0,-4123.0,-5405.0,32.45,238.749,sensor,,,,,,,,,,,,,,,,,,,,,39.3239667813352,-0.5825883937068852,3,10,39.323652482071225,-0.583101446616098,23.4,0.0,0.0,9,100.0,500.0,0.0,1781193192.992,0,0,,,,,25.0,1,5.0,station_keeping,8.0,emergency_stop,,,,,,,,,False,0,,17.0,57.452,2074.875,3796.93,54.6,6.954,28.522,25.7,1299.036,2163.725,2177.892,usvrp,Linux
2026-06-11T15:54:37.701Z,False,MANUAL,REAL,ACTIVE,False,False,forward,loop,0,0.0,0.0,0.0,0.0,0.0,239.152,28.956,101.03,-8221.511,M,sensor,0.0,0.0,0.0,0,0,99.99,99.99,0.0,V,0.0,0.0,0.0,,,sensor,0.467,1.763,-143.531,-0.349,0.0,9.714,-1.892,0.793,-0.122,-2733.0,-4131.0,-5398.0,32.44,239.012,sensor,,,,,,,,,,,,,,,,,,,,,39.3239667813352,-0.5825883937068852,3,10,39.323652482071225,-0.583101446616098,23.4,0.0,0.0,9,100.0,500.0,0.0,1781193192.992,0,0,,,,,25.0,1,5.0,station_keeping,8.0,emergency_stop,,,,,,,,,False,0,,6.6,57.452,2074.742,3796.93,54.6,6.954,28.522,25.7,1300.036,2096.492,2102.451,usvrp,Linux
2026-06-11T15:54:38.701Z,False,MANUAL,REAL,ACTIVE,False,False,forward,loop,0,0.0,0.0,0.0,0.0,0.0,238.955,31.159,105.436,-8250.466,M,sensor,0.0,0.0,0.0,0,0,99.99,99.99,0.0,V,0.0,0.0,0.0,,,sensor,0.544,1.84,-143.998,-0.301,0.067,9.838,0.977,0.916,0.0,-2719.0,-4101.0,-5390.0,32.42,238.955,sensor,,,,,,,,,,,,,,,,,,,,,39.3239667813352,-0.5825883937068852,3,10,39.323652482071225,-0.583101446616098,23.4,0.0,0.0,9,100.0,500.0,0.0,1781193192.992,0,0,,,,,25.0,1,5.0,station_keeping,8.0,emergency_stop,,,,,,,,,False,0,,6.5,57.452,2074.336,3796.93,54.6,6.954,28.522,25.7,1301.036,2091.696,2093.911,usvrp,Linux
2026-06-11T15:54:39.701Z,False,MANUAL,REAL,ACTIVE,False,False,forward,loop,0,0.0,0.0,0.0,0.0,0.0,238.959,31.474,106.38,-8260.853,M,sensor,0.0,0.0,0.0,0,0,99.99,99.99,0.0,V,0.0,0.0,0.0,,,sensor,0.549,1.857,-144.185,-0.325,0.096,9.891,0.0,0.0,0.0,-2717.0,-4097.0,-5390.0,32.42,238.949,sensor,,,,,,,,,,,,,,,,,,,,,39.3239667813352,-0.5825883937068852,3,10,39.323652482071225,-0.583101446616098,23.4,0.0,0.0,9,100.0,500.0,0.0,1781193192.992,0,0,,,,,25.0,1,5.0,station_keeping,8.0,emergency_stop,,,,,,,,,False,0,,8.5,56.965,2074.992,3796.93,54.6,6.954,28.522,25.7,1302.036,2112.427,2128.034,usvrp,Linux
2026-06-11T15:54:40.701Z,False,MANUAL,REAL,ACTIVE,False,False,forward,loop,0,0.0,0.0,0.0,0.0,0.0,239.051,31.474,107.325,-8267.147,M,sensor,0.0,0.0,0.0,0,0,99.99,99.99,0.0,V,0.0,0.0,0.0,,,sensor,0.549,1.873,-144.294,-0.33,0.096,9.877,0.0,0.0,0.0,-2731.0,-4106.0,-5432.0,32.43,238.871,sensor,,,,,,,,,,,,,,,,,,,,,39.3239667813352,-0.5825883937068852,3,10,39.323652482071225,-0.583101446616098,23.4,0.0,0.0,9,100.0,500.0,0.0,1781193192.992,0,0,,,,,25.0,1,5.0,station_keeping,8.0,emergency_stop,,,,,,,,,False,0,,7.4,57.452,2076.031,3796.93,54.7,6.954,28.522,25.7,1303.036,2102.432,2112.511,usvrp,Linux
2026-06-11T15:54:41.701Z,False,MANUAL,REAL,ACTIVE,False,False,forward,loop,0,0.0,0.0,0.0,0.0,0.0,238.907,31.474,107.954,-8270.609,M,sensor,0.0,0.0,0.0,0,0,99.99,99.99,0.0,V,0.0,0.0,0.0,,,sensor,0.549,1.884,-144.355,-0.325,0.091,9.877,0.0,0.0,0.0,-2730.0,-4088.0,-5390.0,32.36,238.765,sensor,,,,,,,,,,,,,,,,,,,,,39.3239667813352,-0.5825883937068852,3,10,39.323652482071225,-0.583101446616098,23.4,0.0,0.0,9,100.0,500.0,0.0,1781193192.992,0,0,,,,,25.0,1,5.0,station_keeping,8.0,emergency_stop,,,,,,,,,False,0,,18.0,58.426,2074.605,3796.93,54.6,6.954,28.522,25.7,1304.036,2153.115,2170.217,usvrp,Linux
2026-06-11T15:54:42.701Z,False,MANUAL,REAL,ACTIVE,False,False,forward,loop,0,0.0,0.0,0.0,0.0,0.0,239.048,31.159,108.269,-8272.498,M,sensor,0.0,0.0,0.0,0,0,99.99,99.99,0.0,V,0.0,0.0,0.0,,,sensor,0.544,1.89,-144.382,-0.33,0.096,9.886,0.0,0.0,0.0,-2743.0,-4105.0,-5398.0,32.45,238.749,sensor,,,,,,,,,,,,,,,,,,,,,39.3239667813352,-0.5825883937068852,3,10,39.323652482071225,-0.583101446616098,23.4,0.0,0.0,9,100.0,500.0,0.0,1781193192.992,0,0,,,,,25.0,1,5.0,station_keeping,8.0,emergency_stop,,,,,,,,,False,0,,8.0,57.939,2073.773,3796.93,54.6,6.954,28.522,25.7,1305.036,2085.594,2092.977,usvrp,Linux
2026-06-11T15:54:43.701Z,False,MANUAL,REAL,ACTIVE,False,False,forward,loop,0,0.0,0.0,0.0,0.0,0.0,238.758,31.159,108.584,-8273.757,M,sensor,0.0,0.0,0.0,0,0,99.99,99.99,0.0,V,0.0,0.0,0.0,,,sensor,0.544,1.895,-144.404,-0.325,0.081,9.886,0.0,0.0,0.0,-2740.0,-4102.0,-5407.0,32.41,238.758,sensor,,,,,,,,,,,,,,,,,,,,,39.3239667813352,-0.5825883937068852,3,10,39.323652482071225,-0.583101446616098,23.4,0.0,0.0,9,100.0,500.0,0.0,1781193192.992,0,0,,,,,25.0,1,5.0,station_keeping,8.0,emergency_stop,,,,,,,,,False,0,,5.9,57.939,2073.73,3796.93,54.6,6.954,28.522,25.7,1306.036,2090.542,2097.245,usvrp,Linux
2026-06-11T15:54:44.701Z,False,MANUAL,REAL,ACTIVE,False,False,forward,loop,0,0.0,0.0,0.0,0.0,0.0,238.961,31.159,108.584,-8274.071,M,sensor,0.0,0.0,0.0,0,0,99.99,99.99,0.0,V,0.0,0.0,0.0,,,sensor,0.544,1.895,-144.41,-0.321,0.096,9.881,0.0,0.0,0.0,-2725.0,-4111.0,-5416.0,32.45,238.961,sensor,,,,,,,,,,,,,,,,,,,,,39.3239667813352,-0.5825883937068852,3,10,39.323652482071225,-0.583101446616098,23.4,0.0,0.0,9,100.0,500.0,0.0,1781193192.992,0,0,,,,,25.0,1,5.0,station_keeping,8.0,emergency_stop,,,,,,,,,False,0,,5.3,58.426,2073.453,3796.93,54.6,6.954,28.522,25.7,1307.037,2079.441,2091.175,usvrp,Linux
2026-06-11T15:54:45.701Z,False,MANUAL,REAL,ACTIVE,False,False,forward,loop,0,0.0,0.0,0.0,0.0,0.0,238.612,31.159,108.584,-8274.386,M,sensor,0.0,0.0,0.0,0,0,99.99,99.99,0.0,V,0.0,0.0,0.0,,,sensor,0.544,1.895,-144.415,-0.335,0.091,9.881,0.0,0.0,0.0,-2737.0,-4075.0,-5376.0,32.42,238.612,sensor,,,,,,,,,,,,,,,,,,,,,39.3239667813352,-0.5825883937068852,3,10,39.323652482071225,-0.583101446616098,23.4,0.0,0.0,9,100.0,500.0,0.0,1781193192.992,0,0,,,,,25.0,1,5.0,station_keeping,8.0,emergency_stop,,,,,,,,,False,0,,6.8,56.478,2073.176,3796.93,54.6,6.954,28.522,25.7,1308.037,2095.393,2103.704,usvrp,Linux
2026-06-11T15:54:46.701Z,False,MANUAL,REAL,ACTIVE,False,False,forward,loop,0,0.0,0.0,0.0,0.0,0.0,238.768,31.159,108.584,-8274.701,M,sensor,0.0,0.0,0.0,0,0,99.99,99.99,0.0,V,0.0,0.0,0.0,,,sensor,0.544,1.895,-144.421,-0.325,0.091,9.877,0.0,0.0,0.0,-2737.0,-4099.0,-5418.0,32.41,238.768,sensor,,,,,,,,,,,,,,,,,,,,,39.3239667813352,-0.5825883937068852,3,10,39.323652482071225,-0.583101446616098,23.4,0.0,0.0,9,100.0,500.0,0.0,1781193192.992,0,0,,,,,25.0,1,5.0,station_keeping,8.0,emergency_stop,,,,,,,,,False,0,,16.2,57.452,2073.32,3796.93,54.6,6.954,28.522,25.7,1309.037,2135.348,2156.009,usvrp,Linux
2026-06-11T15:54:47.701Z,False,MANUAL,REAL,ACTIVE,False,False,forward,loop,0,0.0,0.0,0.0,0.0,0.0,238.861,30.844,108.584,-8274.701,M,sensor,0.0,0.0,0.0,0,0,99.99,99.99,0.0,V,0.0,0.0,0.0,,,sensor,0.538,1.895,-144.421,-0.325,0.091,9.877,0.0,0.0,0.0,-2734.0,-4109.0,-5400.0,32.37,238.861,sensor,,,,,,,,,,,,,,,,,,,,,39.3239667813352,-0.5825883937068852,3,10,39.323652482071225,-0.583101446616098,23.4,0.0,0.0,9,100.0,500.0,0.0,1781193192.992,0,0,,,,,25.0,1,5.0,station_keeping,8.0,emergency_stop,,,,,,,,,False,0,,13.8,56.965,2074.133,3796.93,54.6,6.954,28.522,25.7,1310.037,2133.815,2140.549,usvrp,Linux
2026-06-11T15:54:48.701Z,False,MANUAL,REAL,ACTIVE,False,False,forward,loop,0,0.0,0.0,0.0,0.0,0.0,238.649,31.159,108.584,-8274.701,M,sensor,0.0,0.0,0.0,0,0,99.99,99.99,0.0,V,0.0,0.0,0.0,,,sensor,0.544,1.895,-144.421,-0.33,0.096,9.891,0.0,0.0,0.0,-2726.0,-4089.0,-5420.0,32.4,238.81,sensor,,,,,,,,,,,,,,,,,,,,,39.3239667813352,-0.5825883937068852,3,10,39.323652482071225,-0.583101446616098,23.4,0.0,0.0,9,100.0,500.0,0.0,1781193192.992,0,0,,,,,25.0,1,5.0,station_keeping,8.0,emergency_stop,,,,,,,,,False,0,,9.0,57.452,2075.359,3796.93,54.7,6.954,28.522,25.7,1311.037,2078.068,2086.019,usvrp,Linux
2026-06-11T15:54:49.701Z,False,MANUAL,REAL,ACTIVE,False,False,forward,loop,0,0.0,0.0,0.0,0.0,0.0,238.855,31.159,108.584,-8275.016,M,sensor,0.0,0.0,0.0,0,0,99.99,99.99,0.0,V,0.0,0.0,0.0,,,sensor,0.544,1.895,-144.426,-0.325,0.091,9.877,0.0,0.0,0.0,-2728.0,-4099.0,-5409.0,32.36,238.855,sensor,,,,,,,,,,,,,,,,,,,,,39.3239667813352,-0.5825883937068852,3,10,39.323652482071225,-0.583101446616098,23.4,0.0,0.0,9,100.0,500.0,0.0,1781193192.992,0,0,,,,,25.0,1,5.0,station_keeping,8.0,emergency_stop,,,,,,,,,False,0,,7.8,58.426,2076.188,3796.93,54.7,6.954,28.522,25.7,1312.038,2089.55,2091.958,usvrp,Linux
2026-06-11T15:54:50.701Z,False,MANUAL,REAL,ACTIVE,False,False,forward,loop,0,0.0,0.0,0.0,0.0,0.0,238.515,31.159,108.584,-8275.016,M,sensor,0.0,0.0,0.0,0,0,99.99,99.99,0.0,V,0.0,0.0,0.0,,,sensor,0.544,1.895,-144.426,-0.321,0.091,9.881,0.0,0.0,0.0,-2745.0,-4072.0,-5402.0,32.41,238.515,sensor,,,,,,,,,,,,,,,,,,,,,39.3239667813352,-0.5825883937068852,3,10,39.323652482071225,-0.583101446616098,23.4,0.0,0.0,9,100.0,500.0,0.0,1781193192.992,0,0,,,,,25.0,1,5.0,station_keeping,8.0,emergency_stop,,,,,,,,,False,0,,6.5,56.478,2076.082,3796.93,54.7,6.954,28.522,25.7,1313.038,2071.271,2078.214,usvrp,Linux
2026-06-11T15:54:51.701Z,False,MANUAL,REAL,ACTIVE,False,False,forward,loop,0,0.0,0.0,0.0,0.0,0.0,238.903,31.159,108.584,-8275.016,M,sensor,0.0,0.0,0.0,0,0,99.99,99.99,0.0,V,0.0,0.0,0.0,,,sensor,0.544,1.895,-144.426,-0.325,0.096,9.881,0.0,0.0,0.0,-2722.0,-4099.0,-5409.0,32.38,238.913,sensor,,,,,,,,,,,,,,,,,,,,,39.3239667813352,-0.5825883937068852,3,10,39.323652482071225,-0.583101446616098,23.4,0.0,0.0,9,100.0,500.0,0.0,1781193192.992,0,0,,,,,25.0,1,5.0,station_keeping,8.0,emergency_stop,,,,,,,,,False,0,,10.7,58.426,2075.566,3796.93,54.7,6.954,28.522,25.7,1314.038,2099.631,2114.693,usvrp,Linux
2026-06-11T15:54:52.701Z,False,MANUAL,REAL,ACTIVE,False,False,forward,loop,0,0.0,0.0,0.0,0.0,0.0,238.832,31.159,108.584,-8275.016,M,sensor,0.0,0.0,0.0,0,0,99.99,99.99,0.0,V,0.0,0.0,0.0,,,sensor,0.544,1.895,-144.426,-0.325,0.1,9.877,0.0,0.0,0.0,-2737.0,-4104.0,-5398.0,32.4,238.8,sensor,,,,,,,,,,,,,,,,,,,,,39.3239667813352,-0.5825883937068852,3,10,39.323652482071225,-0.583101446616098,23.4,0.0,0.0,9,100.0,500.0,0.0,1781193192.992,0,0,,,,,25.0,1,5.0,station_keeping,8.0,emergency_stop,,,,,,,,,False,0,,9.8,58.426,2075.176,3796.93,54.7,6.954,28.522,25.7,1315.038,2150.996,2156.051,usvrp,Linux
2026-06-11T15:54:53.701Z,False,MANUAL,REAL,ACTIVE,False,False,forward,loop,0,0.0,0.0,0.0,0.0,0.0,238.729,31.159,108.898,-8275.016,M,sensor,0.0,0.0,0.0,0,0,99.99,99.99,0.0,V,0.0,0.0,0.0,,,sensor,0.544,1.901,-144.426,-0.321,0.086,9.891,0.0,0.0,0.0,-2740.0,-4112.0,-5385.0,32.38,238.823,sensor,,,,,,,,,,,,,,,,,,,,,39.3239667813352,-0.5825883937068852,3,10,39.323652482071225,-0.583101446616098,23.4,0.0,0.0,9,100.0,500.0,0.0,1781193192.992,0,0,,,,,25.0,1,5.0,station_keeping,8.0,emergency_stop,,,,,,,,,False,0,,13.6,57.452,2076.27,3796.93,54.7,6.954,28.522,25.7,1316.038,2107.259,2115.306,usvrp,Linux
2026-06-11T15:54:54.701Z,False,MANUAL,REAL,ACTIVE,False,False,forward,loop,0,0.0,0.0,0.0,0.0,0.0,238.82,31.159,108.898,-8275.016,M,sensor,0.0,0.0,0.0,0,0,99.99,99.99,0.0,V,0.0,0.0,0.0,,,sensor,0.544,1.901,-144.426,-0.33,0.096,9.872,0.0,0.0,0.0,-2731.0,-4098.0,-5396.0,32.41,238.82,sensor,,,,,,,,,,,,,,,,,,,,,39.3239667813352,-0.5825883937068852,3,10,39.323652482071225,-0.583101446616098,23.4,0.0,0.0,9,100.0,500.0,0.0,1781193192.992,0,0,,,,,25.0,1,5.0,station_keeping,8.0,emergency_stop,,,,,,,,,False,0,,12.1,56.478,2077.008,3796.93,54.7,6.954,28.522,25.7,1317.038,2071.482,2080.297,usvrp,Linux
2026-06-11T15:54:55.701Z,False,MANUAL,REAL,ACTIVE,False,False,forward,loop,0,0.0,0.0,0.0,0.0,0.0,238.926,31.159,108.898,-8275.016,M,sensor,0.0,0.0,0.0,0,0,99.99,99.99,0.0,V,0.0,0.0,0.0,,,sensor,0.544,1.901,-144.426,-0.321,0.086,9.881,0.0,0.0,0.0,-2730.0,-4113.0,-5379.0,32.42,238.926,sensor,,,,,,,,,,,,,,,,,,,,,39.3239667813352,-0.5825883937068852,3,10,39.323652482071225,-0.583101446616098,23.4,0.0,0.0,9,100.0,500.0,0.0,1781193192.992,0,0,,,,,25.0,1,5.0,station_keeping,8.0,emergency_stop,,,,,,,,,False,0,,10.8,57.452,2076.973,3796.93,54.7,6.954,28.522,25.7,1318.039,2089.771,2095.514,usvrp,Linux
2026-06-11T15:54:56.701Z,False,MANUAL,REAL,ACTIVE,False,False,forward,loop,0,0.0,0.0,0.0,0.0,0.0,238.861,31.159,108.584,-8275.016,M,sensor,0.0,0.0,0.0,0,0,99.99,99.99,0.0,V,0.0,0.0,0.0,,,sensor,0.544,1.895,-144.426,-0.321,0.096,9.891,0.0,0.0,0.0,-2723.0,-4108.0,-5383.0,32.37,238.961,sensor,,,,,,,,,,,,,,,,,,,,,39.3239667813352,-0.5825883937068852,3,10,39.323652482071225,-0.583101446616098,23.4,0.0,0.0,9,100.0,500.0,0.0,1781193192.992,0,0,,,,,25.0,1,5.0,station_keeping,8.0,emergency_stop,,,,,,,,,False,0,,11.3,57.452,2076.914,3796.93,54.7,6.954,28.522,25.7,1319.039,2091.304,2093.112,usvrp,Linux
2026-06-11T15:54:57.701Z,False,MANUAL,REAL,ACTIVE,False,False,forward,loop,0,0.0,0.0,0.0,0.0,0.0,238.855,31.159,108.584,-8275.016,M,sensor,0.0,0.0,0.0,0,0,99.99,99.99,0.0,V,0.0,0.0,0.0,,,sensor,0.544,1.895,-144.426,-0.321,0.091,9.877,0.0,0.0,0.0,-2732.0,-4105.0,-5379.0,32.41,238.855,sensor,,,,,,,,,,,,,,,,,,,,,39.3239667813352,-0.5825883937068852,3,10,39.323652482071225,-0.583101446616098,23.4,0.0,0.0,9,100.0,500.0,0.0,1781193192.992,0,0,,,,,25.0,1,5.0,station_keeping,8.0,emergency_stop,,,,,,,,,False,0,,14.4,58.426,2076.941,3796.93,54.7,6.954,28.522,25.7,1320.039,2149.009,2169.958,usvrp,Linux
2026-06-11T15:54:58.701Z,False,MANUAL,REAL,ACTIVE,False,False,forward,loop,0,0.0,0.0,0.0,0.0,0.0,238.726,30.844,108.584,-8275.016,M,sensor,0.0,0.0,0.0,0,0,99.99,99.99,0.0,V,0.0,0.0,0.0,,,sensor,0.538,1.895,-144.426,-0.316,0.091,9.867,0.0,0.0,0.0,-2744.0,-4080.0,-5380.0,32.38,238.577,sensor,,,,,,,,,,,,,,,,,,,,,39.3239667813352,-0.5825883937068852,3,10,39.323652482071225,-0.583101446616098,23.4,0.0,0.0,9,100.0,500.0,0.0,1781193192.992,0,0,,,,,25.0,1,5.0,station_keeping,8.0,emergency_stop,,,,,,,,,False,0,,9.5,57.939,2078.426,3796.93,54.7,6.954,28.522,25.7,1321.039,2074.911,2077.135,usvrp,Linux
2026-06-11T15:54:59.701Z,False,MANUAL,REAL,ACTIVE,False,False,forward,loop,0,0.0,0.0,0.0,0.0,0.0,238.736,30.844,108.584,-8275.016,M,sensor,0.0,0.0,0.0,0,0,99.99,99.99,0.0,V,0.0,0.0,0.0,,,sensor,0.538,1.895,-144.426,-0.321,0.091,9.877,0.0,0.0,0.0,-2730.0,-4091.0,-5415.0,32.4,238.784,sensor,,,,,,,,,,,,,,,,,,,,,39.3239667813352,-0.5825883937068852,3,10,39.323652482071225,-0.583101446616098,23.4,0.0,0.0,9,100.0,500.0,0.0,1781193192.992,0,0,,,,,25.0,1,5.0,station_keeping,8.0,emergency_stop,,,,,,,,,False,0,,8.3,56.965,2078.496,3796.93,54.7,6.954,28.522,25.7,1322.039,2095.768,2106.831,usvrp,Linux
2026-06-11T15:55:00.701Z,False,MANUAL,REAL,ACTIVE,False,False,forward,loop,0,0.0,0.0,0.0,0.0,0.0,238.716,30.844,108.584,-8275.016,M,sensor,0.0,0.0,0.0,0,0,99.99,99.99,0.0,V,0.0,0.0,0.0,,,sensor,0.538,1.895,-144.426,-0.325,0.091,9.877,0.0,0.0,0.0,-2741.0,-4098.0,-5382.0,32.39,238.723,sensor,,,,,,,,,,,,,,,,,,,,,39.3239667813352,-0.5825883937068852,3,10,39.323652482071225,-0.583101446616098,23.4,0.0,0.0,9,100.0,500.0,0.0,1781193192.992,0,0,,,,,25.0,1,5.0,station_keeping,8.0,emergency_stop,,,,,,,,,False,0,,5.8,57.939,2077.598,3796.93,54.7,6.954,28.522,25.7,1323.039,2077.411,2084.082,usvrp,Linux
2026-06-11T15:55:01.701Z,False,MANUAL,REAL,ACTIVE,False,False,forward,loop,0,0.0,0.0,0.0,0.0,0.0,238.716,30.844,108.584,-8275.016,M,sensor,0.0,0.0,0.0,0,0,99.99,99.99,0.0,V,0.0,0.0,0.0,,,sensor,0.538,1.895,-144.426,-0.321,0.091,9.881,0.0,0.0,0.0,-2737.0,-4111.0,-5373.0,32.41,238.845,sensor,,,,,,,,,,,,,,,,,,,,,39.3239667813352,-0.5825883937068852,3,10,39.323652482071225,-0.583101446616098,23.4,0.0,0.0,9,100.0,500.0,0.0,1781193192.992,0,0,,,,,25.0,1,5.0,station_keeping,8.0,emergency_stop,,,,,,,,,False,0,,6.8,57.452,2077.574,3796.93,54.7,6.954,28.522,25.7,1324.039,2089.732,2092.419,usvrp,Linux
2026-06-11T15:55:02.701Z,False,MANUAL,REAL,ACTIVE,False,False,forward,loop,0,0.0,0.0,0.0,0.0,0.0,238.987,30.844,108.584,-8275.016,M,sensor,0.0,0.0,0.0,0,0,99.99,99.99,0.0,V,0.0,0.0,0.0,,,sensor,0.538,1.895,-144.426,-0.321,0.096,9.877,0.0,0.0,0.0,-2731.0,-4108.0,-5389.0,32.38,238.884,sensor,,,,,,,,,,,,,,,,,,,,,39.3239667813352,-0.5825883937068852,3,10,39.323652482071225,-0.583101446616098,23.4,0.0,0.0,9,100.0,500.0,0.0,1781193192.992,0,0,,,,,25.0,1,5.0,station_keeping,8.0,emergency_stop,,,,,,,,,False,0,,15.5,57.452,2079.223,3796.93,54.8,6.954,28.522,25.7,1325.039,2143.175,2160.197,usvrp,Linux
2026-06-11T15:55:03.701Z,False,MANUAL,REAL,ACTIVE,False,False,forward,loop,0,0.0,0.0,0.0,0.0,0.0,238.89,30.844,108.584,-8275.016,M,sensor,0.0,0.0,0.0,0,0,99.99,99.99,0.0,V,0.0,0.0,0.0,,,sensor,0.538,1.895,-144.426,-0.33,0.096,9.886,0.0,0.0,0.0,-2731.0,-4109.0,-5377.0,32.38,238.89,sensor,,,,,,,,,,,,,,,,,,,,,39.3239667813352,-0.5825883937068852,3,10,39.323652482071225,-0.583101446616098,23.4,0.0,0.0,9,100.0,500.0,0.0,1781193192.992,0,0,,,,,25.0,1,5.0,station_keeping,8.0,emergency_stop,,,,,,,,,False,0,,5.3,57.452,2078.816,3796.93,54.7,6.954,28.522,25.7,1326.039,2067.115,2069.819,usvrp,Linux
2026-06-11T15:55:04.701Z,False,MANUAL,REAL,ACTIVE,False,False,forward,loop,0,0.0,0.0,0.0,0.0,0.0,238.752,31.159,108.584,-8275.016,M,sensor,0.0,0.0,0.0,0,0,99.99,99.99,0.0,V,0.0,0.0,0.0,,,sensor,0.544,1.895,-144.426,-0.325,0.086,9.896,0.0,0.0,0.0,-2742.0,-4104.0,-5401.0,32.38,238.752,sensor,,,,,,,,,,,,,,,,,,,,,39.3239667813352,-0.5825883937068852,3,10,39.323652482071225,-0.583101446616098,23.4,0.0,0.0,9,100.0,500.0,0.0,1781193192.992,0,0,,,,,25.0,1,5.0,station_keeping,8.0,emergency_stop,,,,,,,,,False,0,,5.3,56.965,2078.219,3796.93,54.7,6.954,28.522,25.7,1327.04,2081.622,2105.748,usvrp,Linux
2026-06-11T15:55:05.701Z,False,MANUAL,REAL,ACTIVE,False,False,forward,loop,0,0.0,0.0,0.0,0.0,0.0,238.765,31.159,108.584,-8275.016,M,sensor,0.0,0.0,0.0,0,0,99.99,99.99,0.0,V,0.0,0.0,0.0,,,sensor,0.544,1.895,-144.426,-0.33,0.096,9.886,0.0,0.0,0.0,-2732.0,-4091.0,-5388.0,32.39,238.765,sensor,,,,,,,,,,,,,,,,,,,,,39.3239667813352,-0.5825883937068852,3,10,39.323652482071225,-0.583101446616098,23.4,0.0,0.0,9,100.0,500.0,0.0,1781193192.992,0,0,,,,,25.0,1,5.0,station_keeping,8.0,emergency_stop,,,,,,,,,False,0,,7.5,57.939,2076.652,3796.93,54.7,6.954,28.522,25.7,1328.04,2108.531,2121.442,usvrp,Linux
2026-06-11T15:55:06.701Z,False,MANUAL,REAL,ACTIVE,False,False,forward,loop,0,0.0,0.0,0.0,0.0,0.0,238.716,31.474,108.898,-8275.016,M,sensor,0.0,0.0,0.0,0,0,99.99,99.99,0.0,V,0.0,0.0,0.0,,,sensor,0.549,1.901,-144.426,-0.335,0.1,9.877,0.0,0.0,0.0,-2729.0,-4079.0,-5394.0,32.38,238.716,sensor,,,,,,,,,,,,,,,,,,,,,39.3239667813352,-0.5825883937068852,3,10,39.323652482071225,-0.583101446616098,23.4,0.0,0.0,9,100.0,500.0,0.0,1781193192.992,0,0,,,,,25.0,1,5.0,station_keeping,8.0,emergency_stop,,,,,,,,,False,0,,9.6,58.426,2078.137,3796.93,54.7,6.954,28.522,25.7,1329.04,2099.09,2093.675,usvrp,Linux
2026-06-11T15:55:07.701Z,False,MANUAL,REAL,ACTIVE,False,False,forward,loop,0,0.0,0.0,0.0,0.0,0.0,238.903,31.788,109.528,-8275.016,M,sensor,0.0,0.0,0.0,0,0,99.99,99.99,0.0,V,0.0,0.0,0.0,,,sensor,0.555,1.912,-144.426,-0.33,0.096,9.877,0.0,0.0,0.0,-2741.0,-4126.0,-5389.0,32.37,238.903,sensor,,,,,,,,,,,,,,,,,,,,,39.3239667813352,-0.5825883937068852,3,10,39.323652482071225,-0.583101446616098,23.4,0.0,0.0,9,100.0,500.0,0.0,1781193192.992,0,0,,,,,25.0,1,5.0,station_keeping,8.0,emergency_stop,,,,,,,,,False,0,,17.5,57.452,2077.508,3796.93,54.7,6.954,28.522,25.7,1330.04,2157.67,2171.869,usvrp,Linux
2026-06-11T15:55:08.701Z,False,MANUAL,REAL,ACTIVE,False,False,forward,loop,0,0.0,0.0,0.0,0.0,0.0,238.884,32.103,109.843,-8275.016,M,sensor,0.0,0.0,0.0,0,0,99.99,99.99,0.0,V,0.0,0.0,0.0,,,sensor,0.56,1.917,-144.426,-0.325,0.096,9.881,0.0,0.0,0.0,-2723.0,-4096.0,-5367.0,32.35,238.884,sensor,,,,,,,,,,,,,,,,,,,,,39.3239667813352,-0.5825883937068852,3,10,39.323652482071225,-0.583101446616098,23.4,0.0,0.0,9,100.0,500.0,0.0,1781193192.992,0,0,,,,,25.0,1,5.0,station_keeping,8.0,emergency_stop,,,,,,,,,False,0,,7.2,56.965,2077.508,3796.93,54.7,6.954,28.522,25.7,1331.04,2069.262,2071.486,usvrp,Linux
2026-06-11T15:55:09.701Z,False,MANUAL,REAL,ACTIVE,False,False,forward,loop,0,0.0,0.0,0.0,0.0,0.0,238.723,31.788,109.843,-8275.016,M,sensor,0.0,0.0,0.0,0,0,99.99,99.99,0.0,V,0.0,0.0,0.0,,,sensor,0.555,1.917,-144.426,-0.33,0.091,9.886,0.0,0.0,0.0,-2741.0,-4098.0,-5392.0,32.38,238.723,sensor,,,,,,,,,,,,,,,,,,,,,39.3239667813352,-0.5825883937068852,3,10,39.323652482071225,-0.583101446616098,23.4,0.0,0.0,9,100.0,500.0,0.0,1781193192.992,0,0,,,,,25.0,1,5.0,station_keeping,8.0,emergency_stop,,,,,,,,,False,0,,7.7,57.939,2076.047,3796.93,54.7,6.954,28.522,25.7,1332.04,2080.77,2091.273,usvrp,Linux
2026-06-11T15:55:10.701Z,False,MANUAL,REAL,ACTIVE,False,False,forward,loop,0,0.0,0.0,0.0,0.0,0.0,238.988,32.103,109.528,-8275.016,M,sensor,0.0,0.0,0.0,0,0,99.99,99.99,0.0,V,0.0,0.0,0.0,,,sensor,0.56,1.912,-144.426,-0.325,0.096,9.877,-0.061,0.0,0.0,-2717.0,-4103.0,-5378.0,32.34,238.988,sensor,,,,,,,,,,,,,,,,,,,,,39.3239667813352,-0.5825883937068852,3,10,39.323652482071225,-0.583101446616098,23.4,0.0,0.0,9,100.0,500.0,0.0,1781193192.992,0,0,,,,,25.0,1,5.0,station_keeping,8.0,emergency_stop,,,,,,,,,False,0,,6.4,58.426,2075.629,3796.93,54.7,6.954,28.522,25.7,1333.04,2114.563,2126.578,usvrp,Linux
2026-06-11T15:55:11.702Z,False,MANUAL,REAL,ACTIVE,False,False,forward,loop,0,0.0,0.0,0.0,0.0,0.0,238.609,31.788,109.843,-8275.016,M,sensor,0.0,0.0,0.0,0,0,99.99,99.99,0.0,V,0.0,0.0,0.0,,,sensor,0.555,1.917,-144.426,-0.33,0.096,9.877,0.0,0.0,0.0,-2731.0,-4065.0,-5397.0,32.34,238.606,sensor,,,,,,,,,,,,,,,,,,,,,39.3239667813352,-0.5825883937068852,3,10,39.323652482071225,-0.583101446616098,23.4,0.0,0.0,9,100.0,500.0,0.0,1781193192.992,0,0,,,,,25.0,1,5.0,station_keeping,8.0,emergency_stop,,,,,,,,,False,0,,9.8,56.478,2076.777,3796.93,54.7,6.954,28.522,25.7,1334.04,2105.636,2109.979,usvrp,Linux
2026-06-11T15:55:12.701Z,False,MANUAL,REAL,ACTIVE,False,False,forward,loop,0,0.0,0.0,0.0,0.0,0.0,238.635,31.788,109.843,-8275.016,M,sensor,0.0,0.0,0.0,0,0,99.99,99.99,0.0,V,0.0,0.0,0.0,,,sensor,0.555,1.917,-144.426,-0.335,0.091,9.877,0.0,0.0,0.0,-2730.0,-4123.0,-5402.0,32.36,238.99,sensor,,,,,,,,,,,,,,,,,,,,,39.3239667813352,-0.5825883937068852,3,10,39.323652482071225,-0.583101446616098,23.4,0.0,0.0,9,100.0,500.0,0.0,1781193192.992,0,0,,,,,25.0,1,5.0,station_keeping,8.0,emergency_stop,,,,,,,,,False,0,,15.7,57.939,2077.828,3796.93,54.7,6.954,28.522,25.7,1335.04,2130.812,2140.995,usvrp,Linux
2026-06-11T15:55:13.701Z,False,MANUAL,REAL,ACTIVE,False,False,forward,loop,0,0.0,0.0,0.0,0.0,0.0,238.868,31.788,109.843,-8275.016,M,sensor,0.0,0.0,0.0,0,0,99.99,99.99,0.0,V,0.0,0.0,0.0,,,sensor,0.555,1.917,-144.426,-0.325,0.096,9.877,0.0,0.0,0.0,-2734.0,-4124.0,-5417.0,32.36,238.958,sensor,,,,,,,,,,,,,,,,,,,,,39.3239667813352,-0.5825883937068852,3,10,39.323652482071225,-0.583101446616098,23.4,0.0,0.0,9,100.0,500.0,0.0,1781193192.992,0,0,,,,,25.0,1,5.0,station_keeping,8.0,emergency_stop,,,,,,,,,False,0,,7.6,58.426,2077.516,3796.93,54.7,6.954,28.522,25.7,1336.04,2092.132,2096.796,usvrp,Linux
2026-06-11T15:55:14.701Z,False,MANUAL,REAL,ACTIVE,False,False,forward,loop,0,0.0,0.0,0.0,0.0,0.0,238.739,31.788,110.157,-8275.016,M,sensor,0.0,0.0,0.0,0,0,99.99,99.99,0.0,V,0.0,0.0,0.0,,,sensor,0.555,1.917,-144.426,-0.345,0.1,9.9,0.061,-0.061,0.0,-2736.0,-4110.0,-5371.0,32.31,238.849,sensor,,,,,,,,,,,,,,,,,,,,,39.3239667813352,-0.5825883937068852,3,10,39.323652482071225,-0.583101446616098,23.4,0.0,0.0,9,100.0,500.0,0.0,1781193192.992,0,0,,,,,25.0,1,5.0,station_keeping,8.0,emergency_stop,,,,,,,,,False,0,,5.6,56.965,2076.715,3796.93,54.7,6.954,28.522,25.7,1337.041,2080.494,2084.445,usvrp,Linux
2026-06-11T15:55:15.701Z,False,MANUAL,REAL,ACTIVE,False,False,forward,loop,0,0.0,0.0,0.0,0.0,0.0,238.829,30.844,109.843,-8275.016,M,sensor,0.0,0.0,0.0,0,0,99.99,99.99,0.0,V,0.0,0.0,0.0,,,sensor,0.538,1.917,-144.426,-0.321,0.091,9.886,0.0,0.0,0.0,-2738.0,-4110.0,-5406.0,32.38,238.829,sensor,,,,,,,,,,,,,,,,,,,,,39.3239667813352,-0.5825883937068852,3,10,39.323652482071225,-0.583101446616098,23.4,0.0,0.0,9,100.0,500.0,0.0,1781193192.992,0,0,,,,,25.0,1,5.0,station_keeping,8.0,emergency_stop,,,,,,,,,False,0,,6.1,58.426,2076.363,3796.93,54.7,6.954,28.522,25.7,1338.041,2085.011,2091.475,usvrp,Linux
2026-06-11T15:55:16.701Z,False,MANUAL,REAL,ACTIVE,False,False,forward,loop,0,0.0,0.0,0.0,0.0,0.0,238.697,30.844,108.898,-8275.016,M,sensor,0.0,0.0,0.0,0,0,99.99,99.99,0.0,V,0.0,0.0,0.0,,,sensor,0.538,1.901,-144.426,-0.325,0.091,9.877,0.0,0.0,0.0,-2734.0,-4107.0,-5424.0,32.31,238.849,sensor,,,,,,,,,,,,,,,,,,,,,39.3239667813352,-0.5825883937068852,3,10,39.323652482071225,-0.583101446616098,23.4,0.0,0.0,9,100.0,500.0,0.0,1781193192.992,0,0,,,,,25.0,1,5.0,station_keeping,8.0,emergency_stop,,,,,,,,,False,0,,8.6,57.939,2077.008,3796.93,54.7,6.954,28.522,25.7,1339.041,2125.696,2127.0,usvrp,Linux
2026-06-11T15:55:17.701Z,False,MANUAL,REAL,ACTIVE,False,False,forward,loop,0,0.0,0.0,0.0,0.0,0.0,238.626,30.844,108.898,-8275.016,M,sensor,0.0,0.0,0.0,0,0,99.99,99.99,0.0,V,0.0,0.0,0.0,,,sensor,0.538,1.901,-144.426,-0.321,0.091,9.886,0.0,0.0,0.0,-2737.0,-4090.0,-5382.0,32.37,238.71,sensor,,,,,,,,,,,,,,,,,,,,,39.3239667813352,-0.5825883937068852,3,10,39.323652482071225,-0.583101446616098,23.4,0.0,0.0,9,100.0,500.0,0.0,1781193192.992,0,0,,,,,25.0,1,5.0,station_keeping,8.0,emergency_stop,,,,,,,,,False,0,,15.2,57.452,2075.461,3796.93,54.7,6.954,28.522,25.7,1340.041,2115.33,2125.281,usvrp,Linux
2026-06-11T15:55:18.701Z,False,MANUAL,REAL,ACTIVE,False,False,forward,loop,0,0.0,0.0,0.0,0.0,0.0,238.762,30.844,108.269,-8275.016,M,sensor,0.0,0.0,0.0,0,0,99.99,99.99,0.0,V,0.0,0.0,0.0,,,sensor,0.538,1.89,-144.426,-0.321,0.096,9.881,0.0,0.0,0.0,-2740.0,-4123.0,-5388.0,32.31,238.893,sensor,,,,,,,,,,,,,,,,,,,,,39.3239667813352,-0.5825883937068852,3,10,39.323652482071225,-0.583101446616098,23.4,0.0,0.0,9,100.0,500.0,0.0,1781193192.992,0,0,,,,,25.0,1,5.0,station_keeping,8.0,emergency_stop,,,,,,,,,False,0,,8.1,56.965,2075.598,3796.93,54.7,6.954,28.522,25.7,1341.041,2114.993,2123.56,usvrp,Linux
2026-06-11T15:55:19.701Z,False,MANUAL,REAL,ACTIVE,False,False,forward,loop,0,0.0,0.0,0.0,0.0,0.0,239.057,30.844,108.269,-8275.016,M,sensor,0.0,0.0,0.0,0,0,99.99,99.99,0.0,V,0.0,0.0,0.0,,,sensor,0.538,1.89,-144.426,-0.321,0.091,9.881,0.0,0.0,0.0,-2728.0,-4114.0,-5396.0,32.34,238.952,sensor,,,,,,,,,,,,,,,,,,,,,39.3239667813352,-0.5825883937068852,3,10,39.323652482071225,-0.583101446616098,23.4,0.0,0.0,9,100.0,500.0,0.0,1781193192.992,0,0,,,,,25.0,1,5.0,station_keeping,8.0,emergency_stop,,,,,,,,,False,0,,6.5,57.939,2075.371,3796.93,54.7,6.954,28.522,25.7,1342.041,2072.978,2078.674,usvrp,Linux
2026-06-11T15:55:20.701Z,False,MANUAL,REAL,ACTIVE,False,False,forward,loop,0,0.0,0.0,0.0,0.0,0.0,238.939,30.844,107.954,-8275.016,M,sensor,0.0,0.0,0.0,0,0,99.99,99.99,0.0,V,0.0,0.0,0.0,,,sensor,0.538,1.884,-144.426,-0.321,0.091,9.881,0.0,0.0,0.0,-2726.0,-4107.0,-5374.0,32.35,238.926,sensor,,,,,,,,,,,,,,,,,,,,,39.3239667813352,-0.5825883937068852,3,10,39.323652482071225,-0.583101446616098,23.4,0.0,0.0,9,100.0,500.0,0.0,1781193192.992,0,0,,,,,25.0,1,5.0,station_keeping,8.0,emergency_stop,,,,,,,,,False,0,,7.9,57.452,2074.926,3796.93,54.6,6.954,28.522,25.7,1343.041,2081.496,2085.656,usvrp,Linux
2026-06-11T15:55:21.701Z,False,MANUAL,REAL,ACTIVE,False,False,forward,loop,0,0.0,0.0,0.0,0.0,0.0,238.878,30.844,108.269,-8275.016,M,sensor,0.0,0.0,0.0,0,0,99.99,99.99,0.0,V,0.0,0.0,0.0,,,sensor,0.538,1.89,-144.426,-0.316,0.091,9.881,0.0,0.0,0.0,-2719.0,-4094.0,-5399.0,32.32,238.91,sensor,,,,,,,,,,,,,,,,,,,,,39.3239667813352,-0.5825883937068852,3,10,39.323652482071225,-0.583101446616098,23.4,0.0,0.0,9,100.0,500.0,0.0,1781193192.992,0,0,,,,,25.0,1,5.0,station_keeping,8.0,emergency_stop,,,,,,,,,False,0,,7.8,56.965,2074.25,3796.93,54.6,6.954,28.522,25.7,1344.041,2101.106,2108.273,usvrp,Linux
2026-06-11T15:55:22.701Z,False,MANUAL,REAL,ACTIVE,False,False,forward,loop,0,0.0,0.0,0.0,0.0,0.0,238.893,30.844,108.269,-8275.016,M,sensor,0.0,0.0,0.0,0,0,99.99,99.99,0.0,V,0.0,0.0,0.0,,,sensor,0.533,1.89,-144.426,-0.325,0.086,9.886,0.0,0.0,0.0,-2729.0,-4103.0,-5385.0,32.35,238.871,sensor,,,,,,,,,,,,,,,,,,,,,39.3239667813352,-0.5825883937068852,3,10,39.323652482071225,-0.583101446616098,23.4,0.0,0.0,9,100.0,500.0,0.0,1781193192.992,0,0,,,,,25.0,1,5.0,station_keeping,8.0,emergency_stop,,,,,,,,,False,0,,8.3,57.452,2074.867,3796.93,54.6,6.954,28.522,25.7,1345.041,2073.096,2075.311,usvrp,Linux
2026-06-11T15:55:23.701Z,False,MANUAL,REAL,ACTIVE,False,False,forward,loop,0,0.0,0.0,0.0,0.0,0.0,238.971,30.844,107.954,-8275.016,M,sensor,0.0,0.0,0.0,0,0,99.99,99.99,0.0,V,0.0,0.0,0.0,,,sensor,0.538,1.884,-144.426,-0.316,0.091,9.872,0.0,0.0,0.0,-2720.0,-4105.0,-5406.0,32.35,238.971,sensor,,,,,,,,,,,,,,,,,,,,,39.3239667813352,-0.5825883937068852,3,10,39.323652482071225,-0.583101446616098,23.4,0.0,0.0,9,100.0,500.0,0.0,1781193192.992,0,0,,,,,25.0,1,5.0,station_keeping,8.0,emergency_stop,,,,,,,,,False,0,,15.7,58.426,2074.805,3796.93,54.6,6.954,28.522,25.7,1346.042,2163.683,2177.744,usvrp,Linux
2026-06-11T15:55:24.701Z,False,MANUAL,REAL,ACTIVE,False,False,forward,loop,0,0.0,0.0,0.0,0.0,0.0,238.823,30.844,107.954,-8275.016,M,sensor,0.0,0.0,0.0,0,0,99.99,99.99,0.0,V,0.0,0.0,0.0,,,sensor,0.538,1.884,-144.426,-0.321,0.086,9.867,0.0,0.0,0.0,-2736.0,-4106.0,-5379.0,32.35,238.823,sensor,,,,,,,,,,,,,,,,,,,,,39.3239667813352,-0.5825883937068852,3,10,39.323652482071225,-0.583101446616098,23.4,0.0,0.0,9,100.0,500.0,0.0,1781193192.992,0,0,,,,,25.0,1,5.0,station_keeping,8.0,emergency_stop,,,,,,,,,False,0,,7.6,57.939,2075.0,3796.93,54.6,6.954,28.522,25.7,1347.042,2075.554,2080.586,usvrp,Linux
2026-06-11T15:55:25.701Z,False,MANUAL,REAL,ACTIVE,False,False,forward,loop,0,0.0,0.0,0.0,0.0,0.0,238.884,31.159,107.954,-8275.016,M,sensor,0.0,0.0,0.0,0,0,99.99,99.99,0.0,V,0.0,0.0,0.0,,,sensor,0.544,1.884,-144.426,-0.325,0.086,9.857,0.0,0.0,0.0,-2725.0,-4099.0,-5409.0,32.33,238.884,sensor,,,,,,,,,,,,,,,,,,,,,39.3239667813352,-0.5825883937068852,3,10,39.323652482071225,-0.583101446616098,23.4,0.0,0.0,9,100.0,500.0,0.0,1781193192.992,0,0,,,,,25.0,1,5.0,station_keeping,8.0,emergency_stop,,,,,,,,,False,0,,6.9,56.965,2075.246,3796.93,54.7,6.954,28.522,25.7,1348.042,1938.148,1944.179,usvrp,Linux
2026-06-11T15:55:26.701Z,False,MANUAL,REAL,ACTIVE,False,False,forward,loop,0,0.0,0.0,0.0,0.0,0.0,238.362,31.788,107.954,-8276.589,M,sensor,0.0,0.0,0.0,0,0,99.99,99.99,0.0,V,0.0,0.0,0.0,,,sensor,0.555,1.884,-144.454,-0.316,0.086,9.848,0.122,0.122,0.0,-2786.0,-4109.0,-5404.0,32.33,238.362,sensor,,,,,,,,,,,,,,,,,,,,,39.3239667813352,-0.5825883937068852,3,10,39.323652482071225,-0.583101446616098,23.4,0.0,0.0,9,100.0,500.0,0.0,1781193192.992,0,0,,,,,25.0,1,5.0,station_keeping,8.0,emergency_stop,,,,,,,,,False,0,,7.5,57.939,2075.219,3796.93,54.7,6.954,28.522,25.7,1349.042,2094.271,2099.198,usvrp,Linux
2026-06-11T15:55:27.701Z,False,MANUAL,REAL,ACTIVE,False,False,forward,loop,0,0.0,0.0,0.0,0.0,0.0,238.246,31.788,107.325,-8276.589,M,sensor,0.0,0.0,0.0,0,0,99.99,99.99,0.0,V,0.0,0.0,0.0,,,sensor,0.555,1.873,-144.454,-0.335,0.096,9.877,0.061,0.0,0.0,-2777.0,-4078.0,-5402.0,32.32,238.246,sensor,,,,,,,,,,,,,,,,,,,,,39.3239667813352,-0.5825883937068852,3,10,39.323652482071225,-0.583101446616098,23.4,0.0,0.0,9,100.0,500.0,0.0,1781193192.992,0,0,,,,,25.0,1,5.0,station_keeping,8.0,emergency_stop,,,,,,,,,False,0,,8.0,57.452,2074.453,3796.93,54.6,6.954,28.522,25.7,1350.042,2086.651,2100.442,usvrp,Linux
2026-06-11T15:55:28.701Z,False,MANUAL,REAL,ACTIVE,False,False,forward,loop,0,0.0,0.0,0.0,0.0,0.0,238.284,31.788,107.954,-8276.589,M,sensor,0.0,0.0,0.0,0,0,99.99,99.99,0.0,V,0.0,0.0,0.0,,,sensor,0.555,1.884,-144.454,-0.325,0.096,9.881,0.0,0.0,0.0,-2784.0,-4094.0,-5431.0,32.34,238.284,sensor,,,,,,,,,,,,,,,,,,,,,39.3239667813352,-0.5825883937068852,3,10,39.323652482071225,-0.583101446616098,23.4,0.0,0.0,9,100.0,500.0,0.0,1781193192.992,0,0,,,,,25.0,1,5.0,station_keeping,8.0,emergency_stop,,,,,,,,,False,0,,15.6,58.426,2075.25,3796.93,54.7,6.955,28.522,25.7,1351.042,2193.807,2207.086,usvrp,Linux
2026-06-11T15:55:29.701Z,False,MANUAL,REAL,ACTIVE,False,False,forward,loop,0,0.0,0.0,0.0,0.0,0.0,238.413,31.788,108.584,-8276.589,M,sensor,0.0,0.0,0.0,0,0,99.99,99.99,0.0,V,0.0,0.0,0.0,,,sensor,0.555,1.895,-144.454,-0.325,0.091,9.881,0.0,0.0,0.0,-2787.0,-4097.0,-5410.0,32.31,238.274,sensor,,,,,,,,,,,,,,,,,,,,,39.3239667813352,-0.5825883937068852,3,10,39.323652482071225,-0.583101446616098,23.4,0.0,0.0,9,100.0,500.0,0.0,1781193192.992,0,0,,,,,25.0,1,5.0,station_keeping,8.0,emergency_stop,,,,,,,,,False,0,,8.6,57.939,2075.848,3796.93,54.7,6.955,28.522,25.7,1352.042,2096.992,2114.07,usvrp,Linux
2026-06-11T15:55:30.701Z,False,MANUAL,REAL,ACTIVE,False,False,forward,loop,0,0.0,0.0,0.0,0.0,0.0,238.398,31.474,108.898,-8276.589,M,sensor,0.0,0.0,0.0,0,0,99.99,99.99,0.0,V,0.0,0.0,0.0,,,sensor,0.549,1.901,-144.454,-0.335,0.096,9.886,0.0,0.0,0.0,-2768.0,-4088.0,-5408.0,32.31,238.398,sensor,,,,,,,,,,,,,,,,,,,,,39.3239667813352,-0.5825883937068852,3,10,39.323652482071225,-0.583101446616098,23.4,0.0,0.0,9,100.0,500.0,0.0,1781193192.992,0,0,,,,,25.0,1,5.0,station_keeping,8.0,emergency_stop,,,,,,,,,False,0,,7.8,56.965,2075.457,3796.93,54.7,6.955,28.522,25.7,1353.042,2091.705,2097.44,usvrp,Linux
2026-06-11T15:55:31.701Z,False,MANUAL,REAL,ACTIVE,False,False,forward,loop,0,0.0,0.0,0.0,0.0,0.0,238.414,31.788,108.898,-8276.589,M,sensor,0.0,0.0,0.0,0,0,99.99,99.99,0.0,V,0.0,0.0,0.0,,,sensor,0.555,1.901,-144.454,-0.33,0.091,9.891,0.0,0.0,0.0,-2767.0,-4089.0,-5414.0,32.31,238.414,sensor,,,,,,,,,,,,,,,,,,,,,39.3239667813352,-0.5825883937068852,3,10,39.323652482071225,-0.583101446616098,23.4,0.0,0.0,9,100.0,500.0,0.0,1781193192.992,0,0,,,,,25.0,1,5.0,station_keeping,8.0,emergency_stop,,,,,,,,,False,0,,6.1,57.452,2074.609,3796.93,54.6,6.955,28.522,25.7,1354.043,2100.828,2110.155,usvrp,Linux
2026-06-11T15:55:32.701Z,False,MANUAL,REAL,ACTIVE,False,False,forward,loop,0,0.0,0.0,0.0,0.0,0.0,238.558,31.474,109.213,-8276.589,M,sensor,0.0,0.0,0.0,0,0,99.99,99.99,0.0,V,0.0,0.0,0.0,,,sensor,0.549,1.906,-144.454,-0.325,0.096,9.877,0.0,0.0,0.0,-2752.0,-4112.0,-5390.0,32.38,238.707,sensor,,,,,,,,,,,,,,,,,,,,,39.3239667813352,-0.5825883937068852,3,10,39.323652482071225,-0.583101446616098,23.4,0.0,0.0,9,100.0,500.0,0.0,1781193192.992,0,0,,,,,25.0,1,5.0,station_keeping,8.0,emergency_stop,,,,,,,,,False,0,,6.3,57.452,2074.332,3796.93,54.6,6.955,28.522,25.7,1355.043,2078.012,2080.219,usvrp,Linux
2026-06-11T15:55:33.701Z,False,MANUAL,REAL,ACTIVE,False,False,forward,loop,0,0.0,0.0,0.0,0.0,0.0,238.633,33.047,109.213,-8276.589,M,sensor,0.0,0.0,0.0,0,0,99.99,99.99,0.0,V,0.0,0.0,0.0,,,sensor,0.577,1.906,-144.454,-0.321,0.067,9.833,-0.305,-0.366,0.0,-2757.0,-4108.0,-5381.0,32.36,238.633,sensor,,,,,,,,,,,,,,,,,,,,,39.3239667813352,-0.5825883937068852,3,10,39.323652482071225,-0.583101446616098,23.4,0.0,0.0,9,100.0,500.0,0.0,1781193192.992,0,0,,,,,25.0,1,5.0,station_keeping,8.0,emergency_stop,,,,,,,,,False,0,,15.3,57.939,2074.816,3796.93,54.6,6.955,28.522,25.7,1356.043,2163.897,2187.223,usvrp,Linux
2026-06-11T15:55:34.701Z,False,MANUAL,REAL,ACTIVE,False,False,forward,loop,0,0.0,0.0,0.0,0.0,0.0,238.501,34.936,112.046,-8276.589,M,sensor,0.0,0.0,0.0,0,0,99.99,99.99,0.0,V,0.0,0.0,0.0,,,sensor,0.604,1.945,-144.454,-0.34,0.11,9.872,0.061,0.0,0.0,-2742.0,-4097.0,-5416.0,32.32,238.707,sensor,,,,,,,,,,,,,,,,,,,,,39.3239667813352,-0.5825883937068852,3,10,39.323652482071225,-0.583101446616098,23.4,0.0,0.0,9,100.0,500.0,0.0,1781193192.992,0,0,,,,,25.0,1,5.0,station_keeping,8.0,emergency_stop,,,,,,,,,False,0,,8.6,56.478,2075.801,3796.93,54.7,6.955,28.522,25.7,1357.043,2085.753,2091.496,usvrp,Linux
2026-06-11T15:55:35.701Z,False,MANUAL,REAL,ACTIVE,False,False,forward,loop,0,0.0,0.0,0.0,0.0,0.0,238.445,31.474,108.269,-8272.813,M,sensor,0.0,0.0,0.0,0,0,99.99,99.99,0.0,V,0.0,0.0,0.0,,,sensor,0.538,1.884,-144.377,-0.354,0.096,9.872,-0.427,-0.244,0.0,-2749.0,-4087.0,-5401.0,32.33,238.574,sensor,,,,,,,,,,,,,,,,,,,,,39.3239667813352,-0.5825883937068852,3,10,39.323652482071225,-0.583101446616098,23.4,0.0,0.0,9,100.0,500.0,0.0,1781193192.992,0,0,,,,,25.0,1,5.0,station_keeping,8.0,emergency_stop,,,,,,,,,False,0,,8.0,57.939,2074.715,3796.93,54.6,6.955,28.522,25.7,1358.043,2095.702,2096.486,usvrp,Linux
2026-06-11T15:55:36.701Z,False,MANUAL,REAL,ACTIVE,False,False,forward,loop,0,0.0,0.0,0.0,0.0,0.0,238.469,32.418,108.269,-8263.056,M,sensor,0.0,0.0,0.0,0,0,99.99,99.99,0.0,V,0.0,0.0,0.0,,,sensor,0.566,1.89,-144.218,-0.33,0.096,9.881,0.0,0.0,0.0,-2766.0,-4096.0,-5425.0,32.33,238.469,sensor,,,,,,,,,,,,,,,,,,,,,39.3239667813352,-0.5825883937068852,3,10,39.323652482071225,-0.583101446616098,23.4,0.0,0.0,9,100.0,500.0,0.0,1781193192.992,0,0,,,,,25.0,1,5.0,station_keeping,8.0,emergency_stop,,,,,,,,,False,0,,5.9,57.939,2074.93,3796.93,54.6,6.955,28.522,25.7,1359.043,2103.808,2108.152,usvrp,Linux
2026-06-11T15:55:37.701Z,False,MANUAL,REAL,ACTIVE,False,False,forward,loop,0,0.0,0.0,0.0,0.0,0.0,238.675,33.677,110.472,-8260.538,M,sensor,0.0,0.0,0.0,0,0,99.99,99.99,0.0,V,0.0,0.0,0.0,,,sensor,0.588,1.928,-144.174,-0.34,0.091,9.891,0.061,0.122,0.0,-2754.0,-4110.0,-5395.0,32.31,238.675,sensor,,,,,,,,,,,,,,,,,,,,,39.3239667813352,-0.5825883937068852,3,10,39.323652482071225,-0.583101446616098,23.4,0.0,0.0,9,100.0,500.0,0.0,1781193192.992,0,0,,,,,25.0,1,5.0,station_keeping,8.0,emergency_stop,,,,,,,,,False,0,,6.8,57.939,2074.93,3796.93,54.6,6.955,28.522,25.7,1360.043,2075.207,2077.911,usvrp,Linux
2026-06-11T15:55:38.701Z,False,MANUAL,REAL,ACTIVE,False,False,forward,loop,0,0.0,0.0,0.0,0.0,0.0,238.749,33.677,111.731,-8254.558,M,sensor,0.0,0.0,0.0,0,0,99.99,99.99,0.0,V,0.0,0.0,0.0,,,sensor,0.549,1.824,-144.069,-0.244,0.086,10.192,0.366,-2.563,0.0,-2746.0,-4116.0,-5385.0,32.33,238.791,sensor,,,,,,,,,,,,,,,,,,,,,39.3239667813352,-0.5825883937068852,3,10,39.323652482071225,-0.583101446616098,23.4,0.0,0.0,9,100.0,500.0,0.0,1781193192.992,0,0,,,,,25.0,1,5.0,station_keeping,8.0,emergency_stop,,,,,,,,,False,0,,15.8,56.478,2073.844,3796.93,54.6,6.955,28.522,25.7,1361.043,2124.226,2137.344,usvrp,Linux
2026-06-11T15:55:39.701Z,False,MANUAL,REAL,ACTIVE,False,False,forward,loop,0,0.0,0.0,0.0,0.0,0.0,238.797,33.677,100.715,-8229.694,M,sensor,0.0,0.0,0.0,0,0,99.99,99.99,0.0,V,0.0,0.0,0.0,,,sensor,0.582,1.763,-143.657,-0.306,0.105,9.91,0.183,0.183,0.0,-2716.0,-4096.0,-5407.0,32.27,238.952,sensor,,,,,,,,,,,,,,,,,,,,,39.3239667813352,-0.5825883937068852,3,10,39.323652482071225,-0.583101446616098,23.4,0.0,0.0,9,100.0,500.0,0.0,1781193192.992,0,0,,,,,25.0,1,5.0,station_keeping,8.0,emergency_stop,,,,,,,,,False,0,,7.4,57.939,2074.125,3796.93,54.6,6.955,28.522,25.7,1362.043,2119.894,2154.099,usvrp,Linux
2026-06-11T15:55:40.701Z,False,MANUAL,REAL,ACTIVE,False,False,forward,loop,0,0.0,0.0,0.0,0.0,0.0,238.303,33.362,100.401,-8251.096,M,sensor,0.0,0.0,0.0,0,0,99.99,99.99,0.0,V,0.0,0.0,0.0,,,sensor,0.582,1.752,-144.025,-0.306,0.1,9.881,0.0,0.0,0.0,-2781.0,-4122.0,-5421.0,32.3,238.494,sensor,,,,,,,,,,,,,,,,,,,,,39.3239667813352,-0.5825883937068852,3,10,39.323652482071225,-0.583101446616098,23.4,0.0,0.0,9,100.0,500.0,0.0,1781193192.992,0,0,,,,,25.0,1,5.0,station_keeping,8.0,emergency_stop,,,,,,,,,False,0,,5.8,58.426,2073.699,3796.93,54.6,6.955,28.522,25.7,1363.044,2101.495,2091.536,usvrp,Linux
2026-06-11T15:55:41.701Z,False,MANUAL,REAL,ACTIVE,False,False,forward,loop,0,0.0,0.0,0.0,0.0,0.0,236.235,33.362,99.771,-8266.833,M,sensor,0.0,0.0,0.0,0,0,99.99,99.99,0.0,V,0.0,0.0,0.0,,,sensor,0.582,1.741,-144.294,-0.297,0.1,9.877,0.0,0.0,0.0,-2814.0,-4119.0,-5434.0,32.32,238.16,sensor,,,,,,,,,,,,,,,,,,,,,39.3239667813352,-0.5825883937068852,3,10,39.323652482071225,-0.583101446616098,23.4,0.0,0.0,9,100.0,500.0,0.0,1781193192.992,0,0,,,,,25.0,1,5.0,station_keeping,8.0,emergency_stop,,,,,,,,,False,0,,6.8,56.965,2073.301,3796.93,54.6,6.955,28.522,25.7,1364.044,2111.414,2117.798,usvrp,Linux
2026-06-11T15:55:42.701Z,False,MANUAL,REAL,ACTIVE,False,False,forward,loop,0,0.0,0.0,0.0,0.0,0.0,237.704,33.362,99.456,-8275.33,M,sensor,0.0,0.0,0.0,0,0,99.99,99.99,0.0,V,0.0,0.0,0.0,,,sensor,0.582,1.73,-144.437,-0.301,0.1,9.881,0.0,0.0,0.0,-2755.0,-4112.0,-5414.0,32.35,238.678,sensor,,,,,,,,,,,,,,,,,,,,,39.3239667813352,-0.5825883937068852,3,10,39.323652482071225,-0.583101446616098,23.4,0.0,0.0,9,100.0,500.0,0.0,1781193192.992,0,0,,,,,25.0,1,5.0,station_keeping,8.0,emergency_stop,,,,,,,,,False,0,,9.3,57.452,2074.426,3796.93,54.6,6.955,28.522,25.7,1365.044,2073.024,2075.24,usvrp,Linux
2026-06-11T15:55:43.701Z,False,MANUAL,REAL,ACTIVE,False,False,forward,loop,0,0.0,0.0,0.0,0.0,0.0,238.635,33.362,99.142,-8280.366,M,sensor,0.0,0.0,0.0,0,0,99.99,99.99,0.0,V,0.0,0.0,0.0,,,sensor,0.582,1.73,-144.52,-0.297,0.1,9.877,0.0,0.0,0.0,-2787.0,-4153.0,-5422.0,32.31,238.635,sensor,,,,,,,,,,,,,,,,,,,,,39.3239667813352,-0.5825883937068852,3,10,39.323652482071225,-0.583101446616098,23.4,0.0,0.0,9,100.0,500.0,0.0,1781193192.992,0,0,,,,,25.0,1,5.0,station_keeping,8.0,emergency_stop,,,,,,,,,False,0,,14.4,57.939,2074.094,3796.93,54.6,6.955,28.522,25.7,1366.044,2112.545,2120.264,usvrp,Linux
2026-06-11T15:55:44.701Z,False,MANUAL,REAL,ACTIVE,False,False,forward,loop,0,0.0,0.0,0.0,0.0,0.0,238.832,33.362,98.827,-8282.884,M,sensor,0.0,0.0,0.0,0,0,99.99,99.99,0.0,V,0.0,0.0,0.0,,,sensor,0.582,1.725,-144.564,-0.292,0.1,9.881,0.0,0.0,0.0,-2739.0,-4112.0,-5389.0,32.28,238.832,sensor,,,,,,,,,,,,,,,,,,,,,39.3239667813352,-0.5825883937068852,3,10,39.323652482071225,-0.583101446616098,23.4,0.0,0.0,9,100.0,500.0,0.0,1781193192.992,0,0,,,,,25.0,1,5.0,station_keeping,8.0,emergency_stop,,,,,,,,,False,0,,8.1,57.452,2073.055,3796.93,54.6,6.955,28.522,25.7,1367.044,2126.745,2140.744,usvrp,Linux
2026-06-11T15:55:45.701Z,False,MANUAL,REAL,ACTIVE,False,False,forward,loop,0,0.0,0.0,0.0,0.0,0.0,238.05,33.047,99.142,-8284.143,M,sensor,0.0,0.0,0.0,0,0,99.99,99.99,0.0,V,0.0,0.0,0.0,,,sensor,0.577,1.73,-144.586,-0.297,0.096,9.886,0.0,0.0,0.0,-2840.0,-4140.0,-5406.0,32.31,238.05,sensor,,,,,,,,,,,,,,,,,,,,,39.3239667813352,-0.5825883937068852,3,10,39.323652482071225,-0.583101446616098,23.4,0.0,0.0,9,100.0,500.0,0.0,1781193192.992,0,0,,,,,25.0,1,5.0,station_keeping,8.0,emergency_stop,,,,,,,,,False,0,,8.2,57.939,2073.023,3796.93,54.6,6.955,28.522,25.7,1368.044,2081.661,2085.677,usvrp,Linux
2026-06-11T15:55:46.701Z,False,MANUAL,REAL,ACTIVE,False,False,forward,loop,0,0.0,0.0,0.0,0.0,0.0,238.695,32.732,99.142,-8285.087,M,sensor,0.0,0.0,0.0,0,0,99.99,99.99,0.0,V,0.0,0.0,0.0,,,sensor,0.571,1.73,-144.602,-0.292,0.1,9.886,0.0,0.0,0.0,-2768.0,-4134.0,-5384.0,32.31,238.695,sensor,,,,,,,,,,,,,,,,,,,,,39.3239667813352,-0.5825883937068852,3,10,39.323652482071225,-0.583101446616098,23.4,0.0,0.0,9,100.0,500.0,0.0,1781193192.992,0,0,,,,,25.0,1,5.0,station_keeping,8.0,emergency_stop,,,,,,,,,False,0,,7.5,57.939,2072.773,3796.93,54.6,6.955,28.522,25.7,1369.044,2115.865,2121.753,usvrp,Linux
2026-06-11T15:55:47.701Z,False,MANUAL,REAL,ACTIVE,False,False,forward,loop,0,0.0,0.0,0.0,0.0,0.0,238.173,32.732,98.827,-8285.402,M,sensor,0.0,0.0,0.0,0,0,99.99,99.99,0.0,V,0.0,0.0,0.0,,,sensor,0.571,1.725,-144.608,-0.297,0.1,9.891,0.0,0.0,0.0,-2842.0,-4116.0,-5394.0,32.28,237.876,sensor,,,,,,,,,,,,,,,,,,,,,39.3239667813352,-0.5825883937068852,3,10,39.323652482071225,-0.583101446616098,23.4,0.0,0.0,9,100.0,500.0,0.0,1781193192.992,0,0,,,,,25.0,1,5.0,station_keeping,8.0,emergency_stop,,,,,,,,,False,0,,8.6,58.913,2075.391,3796.93,54.7,6.955,28.522,25.7,1370.044,2107.84,2116.647,usvrp,Linux
2026-06-11T15:55:48.701Z,False,MANUAL,REAL,ACTIVE,False,False,forward,loop,0,0.0,0.0,0.0,0.0,0.0,238.209,33.047,98.827,-8285.717,M,sensor,0.0,0.0,0.0,0,0,99.99,99.99,0.0,V,0.0,0.0,0.0,,,sensor,0.577,1.725,-144.613,-0.292,0.1,9.877,0.0,0.0,0.0,-2802.0,-4109.0,-5389.0,32.31,238.209,sensor,,,,,,,,,,,,,,,,,,,,,39.3239667813352,-0.5825883937068852,3,10,39.323652482071225,-0.583101446616098,23.4,0.0,0.0,9,100.0,500.0,0.0,1781193192.992,0,0,,,,,25.0,1,5.0,station_keeping,8.0,emergency_stop,,,,,,,,,False,0,,10.8,56.965,2075.43,3796.93,54.7,6.955,28.522,25.7,1371.044,2070.704,2076.295,usvrp,Linux
2026-06-11T15:55:49.701Z,False,MANUAL,REAL,ACTIVE,False,False,forward,loop,0,0.0,0.0,0.0,0.0,0.0,237.953,33.047,98.827,-8285.717,M,sensor,0.0,0.0,0.0,0,0,99.99,99.99,0.0,V,0.0,0.0,0.0,,,sensor,0.577,1.725,-144.613,-0.297,0.1,9.877,0.0,0.0,0.0,-2837.0,-4122.0,-5377.0,32.32,237.962,sensor,,,,,,,,,,,,,,,,,,,,,39.3239667813352,-0.5825883937068852,3,10,39.323652482071225,-0.583101446616098,23.4,0.0,0.0,9,100.0,500.0,0.0,1781193192.992,0,0,,,,,25.0,1,5.0,station_keeping,8.0,emergency_stop,,,,,,,,,False,0,,14.3,58.426,2076.816,3796.93,54.7,6.955,28.522,25.7,1372.044,2146.691,2154.794,usvrp,Linux
2026-06-11T15:55:50.701Z,False,MANUAL,REAL,ACTIVE,False,False,forward,loop,0,0.0,0.0,0.0,0.0,0.0,238.742,33.047,98.827,-8285.717,M,sensor,0.0,0.0,0.0,0,0,99.99,99.99,0.0,V,0.0,0.0,0.0,,,sensor,0.571,1.725,-144.613,-0.301,0.1,9.881,0.0,0.0,0.0,-2706.0,-4108.0,-5376.0,32.3,239.127,sensor,,,,,,,,,,,,,,,,,,,,,39.3239667813352,-0.5825883937068852,3,10,39.323652482071225,-0.583101446616098,23.4,0.0,0.0,9,100.0,500.0,0.0,1781193192.992,0,0,,,,,25.0,1,5.0,station_keeping,8.0,emergency_stop,,,,,,,,,False,0,,6.1,58.913,2076.602,3796.93,54.7,6.955,28.522,25.7,1373.045,2085.177,2092.112,usvrp,Linux
2026-06-11T15:55:51.701Z,False,MANUAL,REAL,ACTIVE,False,False,forward,loop,0,0.0,0.0,0.0,0.0,0.0,239.054,33.047,98.827,-8285.717,M,sensor,0.0,0.0,0.0,0,0,99.99,99.99,0.0,V,0.0,0.0,0.0,,,sensor,0.577,1.725,-144.613,-0.297,0.1,9.877,0.0,0.0,0.0,-2818.0,-4103.0,-5416.0,32.29,238.018,sensor,,,,,,,,,,,,,,,,,,,,,39.3239667813352,-0.5825883937068852,3,10,39.323652482071225,-0.583101446616098,23.4,0.0,0.0,9,100.0,500.0,0.0,1781193192.992,0,0,,,,,25.0,1,5.0,station_keeping,8.0,emergency_stop,,,,,,,,,False,0,,5.9,57.452,2076.113,3796.93,54.7,6.955,28.522,25.7,1374.045,2097.362,2101.626,usvrp,Linux
2026-06-11T15:55:52.701Z,False,MANUAL,REAL,ACTIVE,False,False,forward,loop,0,0.0,0.0,0.0,0.0,0.0,237.683,33.047,98.827,-8285.717,M,sensor,0.0,0.0,0.0,0,0,99.99,99.99,0.0,V,0.0,0.0,0.0,,,sensor,0.577,1.725,-144.613,-0.306,0.096,9.872,0.0,0.0,0.0,-2905.0,-4127.0,-5409.0,32.29,237.358,sensor,,,,,,,,,,,,,,,,,,,,,39.3239667813352,-0.5825883937068852,3,10,39.323652482071225,-0.583101446616098,23.4,0.0,0.0,9,100.0,500.0,0.0,1781193192.992,0,0,,,,,25.0,1,5.0,station_keeping,8.0,emergency_stop,,,,,,,,,False,0,,8.1,57.452,2076.82,3796.93,54.7,6.955,28.522,25.7,1375.045,2076.684,2078.899,usvrp,Linux
2026-06-11T15:55:53.701Z,False,MANUAL,REAL,ACTIVE,False,False,forward,loop,0,0.0,0.0,0.0,0.0,0.0,237.627,33.362,98.827,-8285.717,M,sensor,0.0,0.0,0.0,0,0,99.99,99.99,0.0,V,0.0,0.0,0.0,,,sensor,0.582,1.725,-144.613,-0.301,0.096,9.881,0.0,0.0,0.0,-2881.0,-4134.0,-5392.0,32.31,237.627,sensor,,,,,,,,,,,,,,,,,,,,,39.3239667813352,-0.5825883937068852,3,10,39.323652482071225,-0.583101446616098,23.4,0.0,0.0,9,100.0,500.0,0.0,1781193192.992,0,0,,,,,25.0,1,5.0,station_keeping,8.0,emergency_stop,,,,,,,,,False,0,,8.3,56.478,2075.691,3796.93,54.7,6.955,28.522,25.7,1376.045,2077.947,2083.731,usvrp,Linux
2026-06-11T15:55:54.701Z,False,MANUAL,REAL,ACTIVE,False,False,forward,loop,0,0.0,0.0,0.0,0.0,0.0,238.272,33.047,98.827,-8286.031,M,sensor,0.0,0.0,0.0,0,0,99.99,99.99,0.0,V,0.0,0.0,0.0,,,sensor,0.577,1.725,-144.619,-0.292,0.1,9.877,0.0,0.0,0.0,-2809.0,-4129.0,-5411.0,32.23,238.272,sensor,,,,,,,,,,,,,,,,,,,,,39.3239667813352,-0.5825883937068852,3,10,39.323652482071225,-0.583101446616098,23.4,0.0,0.0,9,100.0,500.0,0.0,1781193192.992,0,0,,,,,25.0,1,5.0,station_keeping,8.0,emergency_stop,,,,,,,,,False,0,,13.8,56.478,2077.742,3796.93,54.7,6.955,28.522,25.7,1377.045,2147.112,2165.943,usvrp,Linux
2026-06-11T15:55:55.701Z,False,MANUAL,REAL,ACTIVE,False,False,forward,loop,0,0.0,0.0,0.0,0.0,0.0,237.218,33.047,98.827,-8285.717,M,sensor,0.0,0.0,0.0,0,0,99.99,99.99,0.0,V,0.0,0.0,0.0,,,sensor,0.577,1.725,-144.613,-0.297,0.096,9.872,0.0,0.0,0.0,-2923.0,-4131.0,-5390.0,32.27,237.218,sensor,,,,,,,,,,,,,,,,,,,,,39.3239667813352,-0.5825883937068852,3,10,39.323652482071225,-0.583101446616098,23.4,0.0,0.0,9,100.0,500.0,0.0,1781193192.992,0,0,,,,,25.0,1,5.0,station_keeping,8.0,emergency_stop,,,,,,,,,False,0,,5.9,57.452,2077.316,3796.93,54.7,6.955,28.522,25.7,1378.045,2090.288,2096.791,usvrp,Linux
2026-06-11T15:55:56.701Z,False,MANUAL,REAL,ACTIVE,False,False,forward,loop,0,0.0,0.0,0.0,0.0,0.0,237.189,33.362,98.827,-8285.717,M,sensor,0.0,0.0,0.0,0,0,99.99,99.99,0.0,V,0.0,0.0,0.0,,,sensor,0.582,1.725,-144.613,-0.287,0.096,9.881,0.0,0.0,0.0,-2774.0,-4117.0,-5432.0,32.29,238.528,sensor,,,,,,,,,,,,,,,,,,,,,39.3239667813352,-0.5825883937068852,3,10,39.323652482071225,-0.583101446616098,23.4,0.0,0.0,9,100.0,500.0,0.0,1781193192.992,0,0,,,,,25.0,1,5.0,station_keeping,8.0,emergency_stop,,,,,,,,,False,0,,6.8,58.426,2076.988,3796.93,54.7,6.955,28.522,25.7,1379.045,2095.077,2098.445,usvrp,Linux
2026-06-11T15:55:57.701Z,False,MANUAL,REAL,ACTIVE,False,False,forward,loop,0,0.0,0.0,0.0,0.0,0.0,238.621,33.047,97.883,-8286.031,M,sensor,0.0,0.0,0.0,0,0,99.99,99.99,0.0,V,0.0,0.0,0.0,,,sensor,0.577,1.708,-144.619,-0.292,0.096,9.877,0.0,0.0,0.0,-2721.0,-4102.0,-5410.0,32.29,238.942,sensor,,,,,,,,,,,,,,,,,,,,,39.3239667813352,-0.5825883937068852,3,10,39.323652482071225,-0.583101446616098,23.4,0.0,0.0,9,100.0,500.0,0.0,1781193192.992,0,0,,,,,25.0,1,5.0,station_keeping,8.0,emergency_stop,,,,,,,,,False,0,,7.7,58.426,2076.34,3796.93,54.7,6.955,28.522,25.7,1380.045,2083.103,2086.831,usvrp,Linux
2026-06-11T15:55:58.701Z,False,MANUAL,REAL,ACTIVE,False,False,forward,loop,0,0.0,0.0,0.0,0.0,0.0,238.532,32.732,97.883,-8286.031,M,sensor,0.0,0.0,0.0,0,0,99.99,99.99,0.0,V,0.0,0.0,0.0,,,sensor,0.571,1.708,-144.619,-0.301,0.1,9.9,0.0,0.0,0.0,-2783.0,-4131.0,-5427.0,32.31,238.532,sensor,,,,,,,,,,,,,,,,,,,,,39.3239667813352,-0.5825883937068852,3,10,39.323652482071225,-0.583101446616098,23.4,0.0,0.0,9,100.0,500.0,0.0,1781193192.992,0,0,,,,,25.0,1,5.0,station_keeping,8.0,emergency_stop,,,,,,,,,False,0,,4.6,57.939,2075.602,3796.93,54.7,6.955,28.522,25.7,1381.046,2073.693,2077.493,usvrp,Linux
2026-06-11T15:55:59.701Z,False,MANUAL,REAL,ACTIVE,False,False,forward,loop,0,0.0,0.0,0.0,0.0,0.0,239.249,32.732,98.197,-8286.031,M,sensor,0.0,0.0,0.0,0,0,99.99,99.99,0.0,V,0.0,0.0,0.0,,,sensor,0.571,1.714,-144.619,-0.297,0.1,9.881,0.0,0.0,0.0,-2698.0,-4100.0,-5411.0,32.25,239.153,sensor,,,,,,,,,,,,,,,,,,,,,39.3239667813352,-0.5825883937068852,3,10,39.323652482071225,-0.583101446616098,23.4,0.0,0.0,9,100.0,500.0,0.0,1781193192.992,0,0,,,,,25.0,1,5.0,station_keeping,8.0,emergency_stop,,,,,,,,,False,0,,16.1,57.452,2075.473,3796.93,54.7,6.955,28.522,25.7,1382.046,2173.68,2190.854,usvrp,Linux
2026-06-11T15:56:00.701Z,False,MANUAL,REAL,ACTIVE,False,False,forward,loop,0,0.0,0.0,0.0,0.0,0.0,236.239,33.047,98.512,-8286.031,M,sensor,0.0,0.0,0.0,0,0,99.99,99.99,0.0,V,0.0,0.0,0.0,,,sensor,0.577,1.719,-144.619,-0.292,0.1,9.886,0.0,0.0,0.0,-2989.0,-4117.0,-5406.0,32.3,236.52,sensor,,,,,,,,,,,,,,,,,,,,,39.3239667813352,-0.5825883937068852,3,10,39.323652482071225,-0.583101446616098,23.4,0.0,0.0,9,100.0,500.0,0.0,1781193192.992,0,0,,,,,25.0,1,5.0,station_keeping,8.0,emergency_stop,,,,,,,,,False,0,,8.3,57.939,2077.195,3796.93,54.7,6.955,28.522,25.7,1383.046,2071.544,2078.014,usvrp,Linux
2026-06-11T15:56:01.701Z,False,MANUAL,REAL,ACTIVE,False,False,forward,loop,0,0.0,0.0,0.0,0.0,0.0,237.861,33.047,98.512,-8286.031,M,sensor,0.0,0.0,0.0,0,0,99.99,99.99,0.0,V,0.0,0.0,0.0,,,sensor,0.577,1.719,-144.619,-0.297,0.096,9.877,0.0,0.0,0.0,-2833.0,-4117.0,-5365.0,32.28,237.967,sensor,,,,,,,,,,,,,,,,,,,,,39.3239667813352,-0.5825883937068852,3,10,39.323652482071225,-0.583101446616098,23.4,0.0,0.0,9,100.0,500.0,0.0,1781193192.992,0,0,,,,,25.0,1,5.0,station_keeping,8.0,emergency_stop,,,,,,,,,False,0,,8.8,56.478,2075.469,3796.93,54.7,6.955,28.522,25.7,1384.046,2078.91,2087.11,usvrp,Linux
2026-06-11T15:56:02.701Z,False,MANUAL,REAL,ACTIVE,False,False,forward,loop,0,0.0,0.0,0.0,0.0,0.0,237.841,33.047,98.827,-8286.031,M,sensor,0.0,0.0,0.0,0,0,99.99,99.99,0.0,V,0.0,0.0,0.0,,,sensor,0.577,1.725,-144.619,-0.297,0.096,9.877,0.0,0.0,0.0,-2854.0,-4128.0,-5396.0,32.26,237.841,sensor,,,,,,,,,,,,,,,,,,,,,39.3239667813352,-0.5825883937068852,3,10,39.323652482071225,-0.583101446616098,23.4,0.0,0.0,9,100.0,500.0,0.0,1781193192.992,0,0,,,,,25.0,1,5.0,station_keeping,8.0,emergency_stop,,,,,,,,,False,0,,6.1,57.939,2075.469,3796.93,54.7,6.955,28.522,25.7,1385.046,2079.664,2082.431,usvrp,Linux
2026-06-11T15:56:03.701Z,False,MANUAL,REAL,ACTIVE,False,False,forward,loop,0,0.0,0.0,0.0,0.0,0.0,239.033,33.047,98.827,-8285.717,M,sensor,0.0,0.0,0.0,0,0,99.99,99.99,0.0,V,0.0,0.0,0.0,,,sensor,0.577,1.725,-144.613,-0.301,0.096,9.872,0.0,0.0,0.0,-2707.0,-4095.0,-5391.0,32.28,239.033,sensor,,,,,,,,,,,,,,,,,,,,,39.3239667813352,-0.5825883937068852,3,10,39.323652482071225,-0.583101446616098,23.4,0.0,0.0,9,100.0,500.0,0.0,1781193192.992,0,0,,,,,25.0,1,5.0,station_keeping,8.0,emergency_stop,,,,,,,,,False,0,,7.0,56.965,2074.457,3796.93,54.6,6.955,28.522,25.7,1386.046,2077.154,2080.57,usvrp,Linux
2026-06-11T15:56:04.701Z,False,MANUAL,REAL,ACTIVE,False,False,forward,loop,0,0.0,0.0,0.0,0.0,0.0,238.441,33.047,98.827,-8286.031,M,sensor,0.0,0.0,0.0,0,0,99.99,99.99,0.0,V,0.0,0.0,0.0,,,sensor,0.577,1.725,-144.619,-0.297,0.1,9.877,0.0,0.0,0.0,-2800.0,-4142.0,-5396.0,32.22,238.441,sensor,,,,,,,,,,,,,,,,,,,,,39.3239667813352,-0.5825883937068852,3,10,39.323652482071225,-0.583101446616098,23.4,0.0,0.0,9,100.0,500.0,0.0,1781193192.992,0,0,,,,,25.0,1,5.0,station_keeping,8.0,emergency_stop,,,,,,,,,False,0,,15.3,57.452,2075.176,3796.93,54.7,6.955,28.522,25.7,1387.046,2163.652,2199.503,usvrp,Linux
2026-06-11T15:56:05.701Z,False,MANUAL,REAL,ACTIVE,False,False,forward,loop,0,0.0,0.0,0.0,0.0,0.0,238.729,33.047,98.827,-8286.031,M,sensor,0.0,0.0,0.0,0,0,99.99,99.99,0.0,V,0.0,0.0,0.0,,,sensor,0.577,1.725,-144.619,-0.301,0.091,9.881,0.0,0.0,0.0,-2710.0,-4118.0,-5398.0,32.23,239.152,sensor,,,,,,,,,,,,,,,,,,,,,39.3239667813352,-0.5825883937068852,3,10,39.323652482071225,-0.583101446616098,23.4,0.0,0.0,9,100.0,500.0,0.0,1781193192.992,0,0,,,,,25.0,1,5.0,station_keeping,8.0,emergency_stop,,,,,,,,,False,0,,10.1,57.452,2075.684,3796.93,54.7,6.955,28.522,25.7,1388.047,2114.898,2120.602,usvrp,Linux
2026-06-11T15:56:06.701Z,False,MANUAL,REAL,ACTIVE,False,False,forward,loop,0,0.0,0.0,0.0,0.0,0.0,238.014,33.047,98.827,-8285.717,M,sensor,0.0,0.0,0.0,0,0,99.99,99.99,0.0,V,0.0,0.0,0.0,,,sensor,0.577,1.725,-144.613,-0.297,0.105,9.886,0.0,0.0,0.0,-2839.0,-4133.0,-5399.0,32.27,238.014,sensor,,,,,,,,,,,,,,,,,,,,,39.3239667813352,-0.5825883937068852,3,10,39.323652482071225,-0.583101446616098,23.4,0.0,0.0,9,100.0,500.0,0.0,1781193192.992,0,0,,,,,25.0,1,5.0,station_keeping,8.0,emergency_stop,,,,,,,,,False,0,,9.2,57.939,2074.547,3796.93,54.6,6.955,28.522,25.7,1389.047,2093.533,2094.349,usvrp,Linux
2026-06-11T15:56:07.701Z,False,MANUAL,REAL,ACTIVE,False,False,forward,loop,0,0.0,0.0,0.0,0.0,0.0,239.146,33.362,98.827,-8285.717,M,sensor,0.0,0.0,0.0,0,0,99.99,99.99,0.0,V,0.0,0.0,0.0,,,sensor,0.582,1.725,-144.613,-0.292,0.096,9.886,0.0,0.0,0.0,-2703.0,-4118.0,-5422.0,32.27,239.22,sensor,,,,,,,,,,,,,,,,,,,,,39.3239667813352,-0.5825883937068852,3,10,39.323652482071225,-0.583101446616098,23.4,0.0,0.0,9,100.0,500.0,0.0,1781193192.992,0,0,,,,,25.0,1,5.0,station_keeping,8.0,emergency_stop,,,,,,,,,False,0,,7.3,57.939,2074.242,3796.93,54.6,6.955,28.522,25.7,1390.047,2083.421,2089.125,usvrp,Linux
2026-06-11T15:56:08.701Z,False,MANUAL,REAL,ACTIVE,False,False,forward,loop,0,0.0,0.0,0.0,0.0,0.0,239.126,33.047,98.827,-8285.717,M,sensor,0.0,0.0,0.0,0,0,99.99,99.99,0.0,V,0.0,0.0,0.0,,,sensor,0.577,1.725,-144.619,-0.297,0.096,9.9,0.0,0.0,0.0,-2790.0,-4141.0,-5397.0,32.29,238.53,sensor,,,,,,,,,,,,,,,,,,,,,39.3239667813352,-0.5825883937068852,3,10,39.323652482071225,-0.583101446616098,23.4,0.0,0.0,9,100.0,500.0,0.0,1781193192.992,0,0,,,,,25.0,1,5.0,station_keeping,8.0,emergency_stop,,,,,,,,,False,0,,5.6,57.939,2074.078,3796.93,54.6,6.955,28.522,25.7,1391.047,2070.37,2072.586,usvrp,Linux
2026-06-11T15:56:09.701Z,False,MANUAL,REAL,ACTIVE,False,False,forward,loop,0,0.0,0.0,0.0,0.0,0.0,239.252,33.047,98.827,-8286.031,M,sensor,0.0,0.0,0.0,0,0,99.99,99.99,0.0,V,0.0,0.0,0.0,,,sensor,0.577,1.725,-144.619,-0.297,0.096,9.881,0.0,0.0,0.0,-2747.0,-4097.0,-5403.0,32.25,238.659,sensor,,,,,,,,,,,,,,,,,,,,,39.3239667813352,-0.5825883937068852,3,10,39.323652482071225,-0.583101446616098,23.4,0.0,0.0,9,100.0,500.0,0.0,1781193192.992,0,0,,,,,25.0,1,5.0,station_keeping,8.0,emergency_stop,,,,,,,,,False,0,,15.0,57.452,2074.707,3796.93,54.6,6.955,28.522,25.7,1392.047,2132.297,2144.768,usvrp,Linux
2026-06-11T15:56:10.701Z,False,MANUAL,REAL,ACTIVE,False,False,forward,loop,0,0.0,0.0,0.0,0.0,0.0,237.506,33.047,98.827,-8286.031,M,sensor,0.0,0.0,0.0,0,0,99.99,99.99,0.0,V,0.0,0.0,0.0,,,sensor,0.577,1.725,-144.619,-0.292,0.096,9.886,0.0,0.0,0.0,-2896.0,-4135.0,-5396.0,32.23,237.494,sensor,,,,,,,,,,,,,,,,,,,,,39.3239667813352,-0.5825883937068852,3,10,39.323652482071225,-0.583101446616098,23.4,0.0,0.0,9,100.0,500.0,0.0,1781193192.992,0,0,,,,,25.0,1,5.0,station_keeping,8.0,emergency_stop,,,,,,,,,False,0,,10.5,57.452,2075.91,3796.93,54.7,6.955,28.522,25.7,1393.047,2107.23,2113.125,usvrp,Linux
2026-06-11T15:56:11.701Z,False,MANUAL,REAL,ACTIVE,False,False,forward,loop,0,0.0,0.0,0.0,0.0,0.0,237.304,33.047,98.512,-8286.031,M,sensor,0.0,0.0,0.0,0,0,99.99,99.99,0.0,V,0.0,0.0,0.0,,,sensor,0.577,1.719,-144.619,-0.297,0.105,9.881,0.0,0.0,0.0,-2773.0,-4114.0,-5414.0,32.26,238.518,sensor,,,,,,,,,,,,,,,,,,,,,39.3239667813352,-0.5825883937068852,3,10,39.323652482071225,-0.583101446616098,23.4,0.0,0.0,9,100.0,500.0,0.0,1781193192.992,0,0,,,,,25.0,1,5.0,station_keeping,8.0,emergency_stop,,,,,,,,,False,0,,8.5,57.939,2076.082,3796.93,54.7,6.955,28.522,25.7,1394.047,2091.855,2095.878,usvrp,Linux
2026-06-11T15:56:12.701Z,False,MANUAL,REAL,ACTIVE,False,False,forward,loop,0,0.0,0.0,0.0,0.0,0.0,238.718,33.047,98.827,-8286.031,M,sensor,0.0,0.0,0.0,0,0,99.99,99.99,0.0,V,0.0,0.0,0.0,,,sensor,0.577,1.725,-144.619,-0.301,0.096,9.877,0.0,0.0,0.0,-2773.0,-4145.0,-5426.0,32.27,238.718,sensor,,,,,,,,,,,,,,,,,,,,,39.3239667813352,-0.5825883937068852,3,10,39.323652482071225,-0.583101446616098,23.4,0.0,0.0,9,100.0,500.0,0.0,1781193192.992,0,0,,,,,25.0,1,5.0,station_keeping,8.0,emergency_stop,,,,,,,,,False,0,,5.4,57.452,2076.059,3796.93,54.7,6.955,28.522,25.7,1395.047,2077.96,2081.936,usvrp,Linux
2026-06-11T15:56:13.701Z,False,MANUAL,REAL,ACTIVE,False,False,forward,loop,0,0.0,0.0,0.0,0.0,0.0,238.778,33.677,98.197,-8286.031,M,sensor,0.0,0.0,0.0,0,0,99.99,99.99,0.0,V,0.0,0.0,0.0,,,sensor,0.588,1.714,-144.619,-0.297,0.1,9.881,0.0,0.0,0.0,-2744.0,-4111.0,-5407.0,32.26,238.778,sensor,,,,,,,,,,,,,,,,,,,,,39.3239667813352,-0.5825883937068852,3,10,39.323652482071225,-0.583101446616098,23.4,0.0,0.0,9,100.0,500.0,0.0,1781193192.992,0,0,,,,,25.0,1,5.0,station_keeping,8.0,emergency_stop,,,,,,,,,False,0,,6.3,57.452,2075.391,3796.93,54.7,6.955,28.522,25.7,1396.047,2079.688,2085.575,usvrp,Linux
2026-06-11T15:56:14.701Z,False,MANUAL,REAL,ACTIVE,False,False,forward,loop,0,0.0,0.0,0.0,0.0,0.0,238.595,33.362,98.512,-8286.031,M,sensor,0.0,0.0,0.0,0,0,99.99,99.99,0.0,V,0.0,0.0,0.0,,,sensor,0.582,1.719,-144.619,-0.292,0.096,9.877,0.0,0.0,0.0,-2765.0,-4114.0,-5383.0,32.22,238.595,sensor,,,,,,,,,,,,,,,,,,,,,39.3239667813352,-0.5825883937068852,3,10,39.323652482071225,-0.583101446616098,23.4,0.0,0.0,9,100.0,500.0,0.0,1781193192.992,0,0,,,,,25.0,1,5.0,station_keeping,8.0,emergency_stop,,,,,,,,,False,0,,11.1,57.452,2076.453,3796.93,54.7,6.955,28.522,25.7,1397.048,2082.974,2090.965,usvrp,Linux
2026-06-11T15:56:15.701Z,False,MANUAL,REAL,ACTIVE,False,False,forward,loop,0,0.0,0.0,0.0,0.0,0.0,238.784,33.362,98.512,-8286.031,M,sensor,0.0,0.0,0.0,0,0,99.99,99.99,0.0,V,0.0,0.0,0.0,,,sensor,0.582,1.719,-144.619,-0.301,0.1,9.881,0.0,0.0,0.0,-2758.0,-4133.0,-5409.0,32.27,238.784,sensor,,,,,,,,,,,,,,,,,,,,,39.3239667813352,-0.5825883937068852,3,10,39.323652482071225,-0.583101446616098,23.4,0.0,0.0,9,100.0,500.0,0.0,1781193192.992,0,0,,,,,25.0,1,5.0,station_keeping,8.0,emergency_stop,,,,,,,,,False,0,,10.4,58.913,2074.809,3796.93,54.6,6.955,28.522,25.7,1398.048,2153.763,2166.697,usvrp,Linux
2026-06-11T15:56:16.701Z,False,MANUAL,REAL,ACTIVE,False,False,forward,loop,0,0.0,0.0,0.0,0.0,0.0,238.977,33.362,98.827,-8286.031,M,sensor,0.0,0.0,0.0,0,0,99.99,99.99,0.0,V,0.0,0.0,0.0,,,sensor,0.582,1.725,-144.619,-0.297,0.091,9.877,0.0,0.0,0.0,-2724.0,-4112.0,-5401.0,32.27,238.977,sensor,,,,,,,,,,,,,,,,,,,,,39.3239667813352,-0.5825883937068852,3,10,39.323652482071225,-0.583101446616098,23.4,0.0,0.0,9,100.0,500.0,0.0,1781193192.992,0,0,,,,,25.0,1,5.0,station_keeping,8.0,emergency_stop,,,,,,,,,False,0,,6.1,57.939,2074.801,3796.93,54.6,6.955,28.522,25.7,1399.048,2090.903,2094.319,usvrp,Linux
2026-06-11T15:56:17.701Z,False,MANUAL,REAL,ACTIVE,False,False,forward,loop,0,0.0,0.0,0.0,0.0,0.0,237.518,33.047,98.827,-8286.031,M,sensor,0.0,0.0,0.0,0,0,99.99,99.99,0.0,V,0.0,0.0,0.0,,,sensor,0.577,1.725,-144.619,-0.297,0.1,9.877,0.0,0.0,0.0,-2826.0,-4127.0,-5416.0,32.25,238.098,sensor,,,,,,,,,,,,,,,,,,,,,39.3239667813352,-0.5825883937068852,3,10,39.323652482071225,-0.583101446616098,23.4,0.0,0.0,9,100.0,500.0,0.0,1781193192.992,0,0,,,,,25.0,1,5.0,station_keeping,8.0,emergency_stop,,,,,,,,,False,0,,7.5,56.965,2074.102,3796.93,54.6,6.955,28.522,25.7,1400.048,2099.809,2107.968,usvrp,Linux
2026-06-11T15:56:18.701Z,False,MANUAL,REAL,ACTIVE,False,False,forward,loop,0,0.0,0.0,0.0,0.0,0.0,238.088,33.047,98.827,-8286.031,M,sensor,0.0,0.0,0.0,0,0,99.99,99.99,0.0,V,0.0,0.0,0.0,,,sensor,0.577,1.725,-144.619,-0.292,0.096,9.881,0.0,0.0,0.0,-2825.0,-4124.0,-5400.0,32.23,238.088,sensor,,,,,,,,,,,,,,,,,,,,,39.3239667813352,-0.5825883937068852,3,10,39.323652482071225,-0.583101446616098,23.4,0.0,0.0,9,100.0,500.0,0.0,1781193192.992,0,0,,,,,25.0,1,5.0,station_keeping,8.0,emergency_stop,,,,,,,,,False,0,,10.0,57.452,2074.996,3796.93,54.6,6.955,28.522,25.7,1401.048,2094.031,2093.783,usvrp,Linux
2026-06-11T15:56:19.701Z,False,MANUAL,REAL,ACTIVE,False,False,forward,loop,0,0.0,0.0,0.0,0.0,0.0,238.113,33.047,98.827,-8286.031,M,sensor,0.0,0.0,0.0,0,0,99.99,99.99,0.0,V,0.0,0.0,0.0,,,sensor,0.577,1.725,-144.619,-0.301,0.096,9.877,0.0,0.0,0.0,-2821.0,-4122.0,-5414.0,32.17,238.113,sensor,,,,,,,,,,,,,,,,,,,,,39.3239667813352,-0.5825883937068852,3,10,39.323652482071225,-0.583101446616098,23.4,0.0,0.0,9,100.0,500.0,0.0,1781193192.992,0,0,,,,,25.0,1,5.0,station_keeping,8.0,emergency_stop,,,,,,,,,False,0,,7.6,58.426,2075.938,3796.93,54.7,6.955,28.522,25.7,1402.048,2086.708,2089.084,usvrp,Linux
2026-06-11T15:56:20.701Z,False,MANUAL,REAL,ACTIVE,False,False,forward,loop,0,0.0,0.0,0.0,0.0,0.0,238.224,33.047,98.827,-8286.031,M,sensor,0.0,0.0,0.0,0,0,99.99,99.99,0.0,V,0.0,0.0,0.0,,,sensor,0.577,1.725,-144.619,-0.292,0.096,9.881,0.0,0.0,0.0,-2806.0,-4120.0,-5411.0,32.21,238.242,sensor,,,,,,,,,,,,,,,,,,,,,39.3239667813352,-0.5825883937068852,3,10,39.323652482071225,-0.583101446616098,23.4,0.0,0.0,9,100.0,500.0,0.0,1781193192.992,0,0,,,,,25.0,1,5.0,station_keeping,8.0,emergency_stop,,,,,,,,,False,0,,16.1,56.478,2078.82,3796.93,54.8,6.955,28.522,25.7,1403.048,2150.41,2162.321,usvrp,Linux
2026-06-11T15:56:21.701Z,False,MANUAL,REAL,ACTIVE,False,False,forward,loop,0,0.0,0.0,0.0,0.0,0.0,237.911,33.047,98.512,-8286.031,M,sensor,0.0,0.0,0.0,0,0,99.99,99.99,0.0,V,0.0,0.0,0.0,,,sensor,0.577,1.719,-144.619,-0.292,0.1,9.877,0.0,0.0,0.0,-2833.0,-4101.0,-5378.0,32.23,237.863,sensor,,,,,,,,,,,,,,,,,,,,,39.3239667813352,-0.5825883937068852,3,10,39.323652482071225,-0.583101446616098,23.4,0.0,0.0,9,100.0,500.0,0.0,1781193192.992,0,0,,,,,25.0,1,5.0,station_keeping,8.0,emergency_stop,,,,,,,,,False,0,,6.8,57.452,2078.348,3796.93,54.7,6.955,28.522,25.7,1404.048,2096.833,2099.225,usvrp,Linux
2026-06-11T15:56:22.701Z,False,MANUAL,REAL,ACTIVE,False,False,forward,loop,0,0.0,0.0,0.0,0.0,0.0,237.72,33.362,98.827,-8286.031,M,sensor,0.0,0.0,0.0,0,0,99.99,99.99,0.0,V,0.0,0.0,0.0,,,sensor,0.582,1.725,-144.619,-0.292,0.096,9.881,0.0,0.0,0.0,-2853.0,-4108.0,-5423.0,32.26,237.72,sensor,,,,,,,,,,,,,,,,,,,,,39.3239667813352,-0.5825883937068852,3,10,39.323652482071225,-0.583101446616098,23.4,0.0,0.0,9,100.0,500.0,0.0,1781193192.992,0,0,,,,,25.0,1,5.0,station_keeping,8.0,emergency_stop,,,,,,,,,False,0,,6.8,57.939,2077.34,3796.93,54.7,6.955,28.522,25.7,1405.048,2107.411,2117.258,usvrp,Linux
2026-06-11T15:56:23.701Z,False,MANUAL,REAL,ACTIVE,False,False,forward,loop,0,0.0,0.0,0.0,0.0,0.0,239.087,33.362,98.512,-8286.031,M,sensor,0.0,0.0,0.0,0,0,99.99,99.99,0.0,V,0.0,0.0,0.0,,,sensor,0.582,1.719,-144.619,-0.301,0.096,9.881,0.0,0.0,0.0,-3018.0,-4114.0,-5407.0,32.21,236.237,sensor,,,,,,,,,,,,,,,,,,,,,39.3239667813352,-0.5825883937068852,3,10,39.323652482071225,-0.583101446616098,23.4,0.0,0.0,9,100.0,500.0,0.0,1781193192.992,0,0,,,,,25.0,1,5.0,station_keeping,8.0,emergency_stop,,,,,,,,,False,0,,9.0,56.965,2078.098,3796.93,54.7,6.955,28.522,25.7,1406.048,2089.164,2095.619,usvrp,Linux
2026-06-11T15:56:24.701Z,False,MANUAL,REAL,ACTIVE,False,False,forward,loop,0,0.0,0.0,0.0,0.0,0.0,238.417,33.047,98.827,-8286.031,M,sensor,0.0,0.0,0.0,0,0,99.99,99.99,0.0,V,0.0,0.0,0.0,,,sensor,0.577,1.725,-144.619,-0.297,0.1,9.881,0.0,0.0,0.0,-2810.0,-4153.0,-5407.0,32.22,238.417,sensor,,,,,,,,,,,,,,,,,,,,,39.3239667813352,-0.5825883937068852,3,10,39.323652482071225,-0.583101446616098,23.4,0.0,0.0,9,100.0,500.0,0.0,1781193192.992,0,0,,,,,25.0,1,5.0,station_keeping,8.0,emergency_stop,,,,,,,,,False,0,,8.3,57.452,2078.445,3796.93,54.7,6.955,28.522,25.7,1407.049,2074.763,2081.035,usvrp,Linux
2026-06-11T15:56:25.701Z,False,MANUAL,REAL,ACTIVE,False,False,forward,loop,0,0.0,0.0,0.0,0.0,0.0,238.498,33.047,98.827,-8286.031,M,sensor,0.0,0.0,0.0,0,0,99.99,99.99,0.0,V,0.0,0.0,0.0,,,sensor,0.582,1.725,-144.619,-0.301,0.1,9.881,0.0,0.0,0.0,-2818.0,-4141.0,-5423.0,32.25,238.264,sensor,,,,,,,,,,,,,,,,,,,,,39.3239667813352,-0.5825883937068852,3,10,39.323652482071225,-0.583101446616098,23.4,0.0,0.0,9,100.0,500.0,0.0,1781193192.992,0,0,,,,,25.0,1,5.0,station_keeping,8.0,emergency_stop,,,,,,,,,False,0,,15.0,57.452,2078.996,3796.93,54.8,6.955,28.522,25.7,1408.049,2147.608,2166.238,usvrp,Linux
2026-06-11T15:56:26.701Z,False,MANUAL,REAL,ACTIVE,False,False,forward,loop,0,0.0,0.0,0.0,0.0,0.0,237.72,33.362,98.827,-8286.031,M,sensor,0.0,0.0,0.0,0,0,99.99,99.99,0.0,V,0.0,0.0,0.0,,,sensor,0.582,1.725,-144.619,-0.301,0.105,9.881,0.0,0.0,0.0,-2805.0,-4140.0,-5409.0,32.2,238.381,sensor,,,,,,,,,,,,,,,,,,,,,39.3239667813352,-0.5825883937068852,3,10,39.323652482071225,-0.583101446616098,23.4,0.0,0.0,9,100.0,500.0,0.0,1781193192.992,0,0,,,,,25.0,1,5.0,station_keeping,8.0,emergency_stop,,,,,,,,,False,0,,6.3,57.939,2078.98,3796.93,54.8,6.955,28.522,25.7,1409.049,2080.47,2081.806,usvrp,Linux
2026-06-11T15:56:27.701Z,False,MANUAL,REAL,ACTIVE,False,False,forward,loop,0,0.0,0.0,0.0,0.0,0.0,238.286,33.362,98.827,-8285.717,M,sensor,0.0,0.0,0.0,0,0,99.99,99.99,0.0,V,0.0,0.0,0.0,,,sensor,0.582,1.725,-144.613,-0.292,0.105,9.891,0.0,0.0,0.0,-2809.0,-4135.0,-5375.0,32.23,238.311,sensor,,,,,,,,,,,,,,,,,,,,,39.3239667813352,-0.5825883937068852,3,10,39.323652482071225,-0.583101446616098,23.4,0.0,0.0,9,100.0,500.0,0.0,1781193192.992,0,0,,,,,25.0,1,5.0,station_keeping,8.0,emergency_stop,,,,,,,,,False,0,,5.9,57.452,2078.375,3796.93,54.7,6.955,28.522,25.7,1410.049,2089.623,2093.15,usvrp,Linux
2026-06-11T15:56:28.701Z,False,MANUAL,REAL,ACTIVE,False,False,forward,loop,0,0.0,0.0,0.0,0.0,0.0,239.314,33.677,98.512,-8285.717,M,sensor,0.0,0.0,0.0,0,0,99.99,99.99,0.0,V,0.0,0.0,0.0,,,sensor,0.588,1.719,-144.613,-0.297,0.091,9.872,0.0,0.0,0.0,-2734.0,-4139.0,-5415.0,32.19,239.053,sensor,,,,,,,,,,,,,,,,,,,,,39.3239667813352,-0.5825883937068852,3,10,39.323652482071225,-0.583101446616098,23.4,0.0,0.0,9,100.0,500.0,0.0,1781193192.992,0,0,,,,,25.0,1,5.0,station_keeping,8.0,emergency_stop,,,,,,,,,False,0,,7.9,58.426,2078.59,3796.93,54.7,6.955,28.522,25.7,1411.049,2073.727,2075.031,usvrp,Linux
2026-06-11T15:56:29.701Z,False,MANUAL,REAL,ACTIVE,False,False,forward,loop,0,0.0,0.0,0.0,0.0,0.0,238.049,33.677,98.827,-8285.717,M,sensor,0.0,0.0,0.0,0,0,99.99,99.99,0.0,V,0.0,0.0,0.0,,,sensor,0.588,1.725,-144.613,-0.292,0.1,9.877,0.0,0.0,0.0,-2892.0,-4127.0,-5406.0,32.19,237.479,sensor,,,,,,,,,,,,,,,,,,,,,39.3239667813352,-0.5825883937068852,3,10,39.323652482071225,-0.583101446616098,23.4,0.0,0.0,9,100.0,500.0,0.0,1781193192.992,0,0,,,,,25.0,1,5.0,station_keeping,8.0,emergency_stop,,,,,,,,,False,0,,9.9,57.939,2078.305,3796.93,54.7,6.955,28.522,25.7,1412.049,2080.987,2086.243,usvrp,Linux
2026-06-11T15:56:30.701Z,False,MANUAL,REAL,ACTIVE,False,False,forward,loop,0,0.0,0.0,0.0,0.0,0.0,238.755,33.677,98.827,-8285.717,M,sensor,0.0,0.0,0.0,0,0,99.99,99.99,0.0,V,0.0,0.0,0.0,,,sensor,0.588,1.725,-144.613,-0.297,0.096,9.886,0.0,0.0,0.0,-2861.0,-4101.0,-5412.0,32.2,237.599,sensor,,,,,,,,,,,,,,,,,,,,,39.3239667813352,-0.5825883937068852,3,10,39.323652482071225,-0.583101446616098,23.4,0.0,0.0,9,100.0,500.0,0.0,1781193192.992,0,0,,,,,25.0,1,5.0,station_keeping,8.0,emergency_stop,,,,,,,,,False,0,,14.0,57.939,2079.098,3796.93,54.8,6.955,28.522,25.7,1413.049,2193.809,2209.239,usvrp,Linux
2026-06-11T15:56:31.701Z,False,MANUAL,REAL,ACTIVE,False,False,forward,loop,0,0.0,0.0,0.0,0.0,0.0,238.072,33.362,99.142,-8285.717,M,sensor,0.0,0.0,0.0,0,0,99.99,99.99,0.0,V,0.0,0.0,0.0,,,sensor,0.582,1.725,-144.613,-0.306,0.096,9.881,0.0,0.0,0.0,-2734.0,-4125.0,-5405.0,32.23,238.964,sensor,,,,,,,,,,,,,,,,,,,,,39.3239667813352,-0.5825883937068852,3,10,39.323652482071225,-0.583101446616098,23.4,0.0,0.0,9,100.0,500.0,0.0,1781193192.992,0,0,,,,,25.0,1,5.0,station_keeping,8.0,emergency_stop,,,,,,,,,False,0,,7.7,56.965,2078.617,3796.93,54.7,6.955,28.522,25.7,1414.049,2188.893,2194.34,usvrp,Linux
