timestamp_utc,Armed,Vehicle Mode,Sim/Real Mode,System Status,Station Active,WP Route Active,WP Route Direction,WP Route Completion,GNSS Fix Type (sys),Latitude [deg],Longitude [deg],Altitude [m],Speed [m/s],Course [deg],Heading [deg],Roll [deg],Pitch [deg],Yaw [deg],Heading Status,Source,Latitude [deg],Longitude [deg],Altitude (AMSL) [m],Fix Type,Satellites,HDOP,VDOP,Heading (THS) [deg],Heading Status,COG [deg],SOG [kn],SOG [km/h],UTC Time,UTC Date,Source,Roll [deg],Pitch [deg],Yaw [deg],Accel X [m/s²],Accel Y [m/s²],Accel Z [m/s²],Gyro X [deg/s],Gyro Y [deg/s],Gyro Z [deg/s],Mag X,Mag Y,Mag Z,Temperature [°C],Mag Heading [deg],Source,Target Heading [deg],Heading Error [deg],Cross-Track Error [m],Surge Velocity [m/s],Sway Velocity [m/s],Surge Accel [m/s²],Sway Accel [m/s²],τx Effective [N],τx Cruise [N],Cruise Speed [m/s],WP Index,Distance to WP [m],Reference Speed [kn],ETT next WP [s],ETA next WP [ts],ETT route end [s],ETA route end [ts],KP (chainage) [m],Motor Port [%],Motor Starboard [%],Station WP Lat [deg],Station WP Lon [deg],Station Reach R [m],Station Radius [m],Home WP Lat [deg],Home WP Lon [deg],Voltage [V],Current [A],Power [W],Energy (HW) [Wh],Level [%],Capacity [Wh],Consumed (SW) [Wh],Measurement Start [ts],High V Alarm,Low V Alarm,Last Command Type,Last Command Seq,Manual Throttle,Manual Steering,Min Battery [%],Min GNSS Fix,Comm Timeout [s],Comm Action,INS Timeout [s],INS Action,Sim Running,Sim Elapsed [s],Sim Total [s],Completion Mode,GNSS Mode,Current WP,Total WP,Loops Completed,WS Alive,WS Clients,Last Ping Age [s],CPU Usage [%],CPU Temperature [°C],RAM Used [MB],RAM Total [MB],RAM Used [%],Disk Used [GB],Disk Total [GB],Disk Used [%],Uptime [s],Net RX [kbps],Net TX [kbps],Hostname,OS
2026-06-11T15:49:13.703Z,,,,,,,,,,,,,,,,,,,,,,,,,,,,,,,,,,,,0.643,1.824,-142.641,-0.321,0.11,9.877,0.0,0.0,0.0,-2835.0,-4068.0,-5352.0,32.3,237.627,sensor,,,,,,,,,,,,,,,,,,,,,,,,,,,23.61,0.0,0.0,9,100.0,500.0,0.0,1781192952.956,0,0,,,,,,,,,,,,,,,,,,,False,0,,100.0,57.452,2177.516,3796.93,57.3,6.954,28.522,25.7,975.998,1166.492,1239.802,usvrp,Linux
2026-06-11T15:49:14.693Z,False,MANUAL,REAL,ACTIVE,False,False,forward,loop,0,0.0,0.0,0.0,0.0,0.0,237.727,37.139,104.492,-8172.727,M,sensor,0.0,0.0,0.0,0,0,99.99,99.99,0.0,V,0.0,0.0,0.0,,,sensor,0.648,1.824,-142.641,-0.316,0.11,9.881,0.0,0.0,0.0,-2837.0,-4086.0,-5351.0,32.26,237.727,sensor,,,,,,,,,,,,,,,,,,,,,39.3239667813352,-0.5825883937068852,3,10,39.323652482071225,-0.583101446616098,23.61,0.0,0.0,9,100.0,500.0,0.0,1781192952.956,0,0,,,,,25.0,1,5.0,station_keeping,8.0,emergency_stop,,,,,,,,,False,0,,19.5,55.991,2192.973,3796.93,57.8,6.954,28.522,25.7,976.998,1559.007,1581.797,usvrp,Linux
2026-06-11T15:49:15.693Z,False,MANUAL,REAL,ACTIVE,False,False,forward,loop,0,0.0,0.0,0.0,0.0,0.0,237.645,37.139,104.492,-8172.727,M,sensor,0.0,0.0,0.0,0,0,99.99,99.99,0.0,V,0.0,0.0,0.0,,,sensor,0.648,1.824,-142.641,-0.316,0.11,9.881,0.0,0.0,0.0,-2831.0,-4065.0,-5345.0,32.31,237.645,sensor,,,,,,,,,,,,,,,,,,,,,39.3239667813352,-0.5825883937068852,3,10,39.323652482071225,-0.583101446616098,23.77,0.0,0.0,9,100.0,500.0,0.0,1781192952.956,0,0,,,,,25.0,1,5.0,station_keeping,8.0,emergency_stop,,,,,,,,,False,0,,10.6,56.965,2195.859,3796.93,57.8,6.954,28.522,25.7,977.998,2155.064,2163.863,usvrp,Linux
2026-06-11T15:49:16.694Z,False,MANUAL,REAL,ACTIVE,False,False,forward,loop,0,0.0,0.0,0.0,0.0,0.0,237.433,37.139,104.492,-8172.727,M,sensor,0.0,0.0,0.0,0,0,99.99,99.99,0.0,V,0.0,0.0,0.0,,,sensor,0.648,1.824,-142.641,-0.311,0.11,9.877,0.0,0.0,0.0,-2838.0,-4043.0,-5352.0,32.32,237.433,sensor,,,,,,,,,,,,,,,,,,,,,39.3239667813352,-0.5825883937068852,3,10,39.323652482071225,-0.583101446616098,23.77,0.0,0.0,9,100.0,500.0,0.0,1781192952.956,0,0,,,,,25.0,1,5.0,station_keeping,8.0,emergency_stop,,,,,,,,,False,0,,17.7,56.965,2199.309,3796.93,57.9,6.954,28.522,25.7,978.998,2169.077,2179.411,usvrp,Linux
2026-06-11T15:49:17.693Z,False,MANUAL,REAL,ACTIVE,False,False,forward,loop,0,0.0,0.0,0.0,0.0,0.0,237.762,37.139,104.492,-8172.727,M,sensor,0.0,0.0,0.0,0,0,99.99,99.99,0.0,V,0.0,0.0,0.0,,,sensor,0.648,1.824,-142.641,-0.311,0.105,9.877,0.0,0.0,0.0,-2827.0,-4077.0,-5348.0,32.31,237.762,sensor,,,,,,,,,,,,,,,,,,,,,39.3239667813352,-0.5825883937068852,3,10,39.323652482071225,-0.583101446616098,23.79,0.0,0.0,9,100.0,500.0,0.0,1781192952.956,0,0,,,,,25.0,1,5.0,station_keeping,8.0,emergency_stop,,,,,,,,,False,0,,11.3,56.965,2082.844,3796.93,54.9,6.954,28.522,25.7,979.998,2085.211,2091.315,usvrp,Linux
2026-06-11T15:49:18.693Z,False,MANUAL,REAL,ACTIVE,False,False,forward,loop,0,0.0,0.0,0.0,0.0,0.0,237.784,37.139,104.492,-8172.727,M,sensor,0.0,0.0,0.0,0,0,99.99,99.99,0.0,V,0.0,0.0,0.0,,,sensor,0.648,1.824,-142.641,-0.311,0.11,9.877,0.0,0.0,0.0,-2824.0,-4076.0,-5332.0,32.3,237.784,sensor,,,,,,,,,,,,,,,,,,,,,39.3239667813352,-0.5825883937068852,3,10,39.323652482071225,-0.583101446616098,23.78,0.0,0.0,9,100.0,500.0,0.0,1781192952.956,0,0,,,,,25.0,1,5.0,station_keeping,8.0,emergency_stop,,,,,,,,,False,0,,6.3,55.991,2081.305,3796.93,54.8,6.954,28.522,25.7,980.998,2078.657,2085.136,usvrp,Linux
2026-06-11T15:49:19.693Z,False,MANUAL,REAL,ACTIVE,False,False,forward,loop,0,0.0,0.0,0.0,0.0,0.0,237.601,37.139,104.492,-8172.727,M,sensor,0.0,0.0,0.0,0,0,99.99,99.99,0.0,V,0.0,0.0,0.0,,,sensor,0.648,1.824,-142.641,-0.311,0.11,9.881,0.0,0.0,0.0,-2835.0,-4064.0,-5347.0,32.31,237.601,sensor,,,,,,,,,,,,,,,,,,,,,39.3239667813352,-0.5825883937068852,3,10,39.323652482071225,-0.583101446616098,23.78,0.0,0.0,9,100.0,500.0,0.0,1781192952.956,0,0,,,,,25.0,1,5.0,station_keeping,8.0,emergency_stop,,,,,,,,,False,0,,8.0,55.504,2076.777,3796.93,54.7,6.954,28.522,25.7,981.999,2098.746,2105.505,usvrp,Linux
2026-06-11T15:49:20.693Z,False,MANUAL,REAL,ACTIVE,False,False,forward,loop,0,0.0,0.0,0.0,0.0,0.0,237.651,37.139,104.177,-8172.727,M,sensor,0.0,0.0,0.0,0,0,99.99,99.99,0.0,V,0.0,0.0,0.0,,,sensor,0.648,1.818,-142.641,-0.316,0.105,9.877,0.0,0.0,0.0,-2829.0,-4063.0,-5329.0,32.26,237.651,sensor,,,,,,,,,,,,,,,,,,,,,39.3239667813352,-0.5825883937068852,3,10,39.323652482071225,-0.583101446616098,23.78,0.0,0.0,9,100.0,500.0,0.0,1781192952.956,0,0,,,,,25.0,1,5.0,station_keeping,8.0,emergency_stop,,,,,,,,,False,0,,6.8,56.965,2070.82,3796.93,54.5,6.954,28.522,25.7,982.999,1939.34,1943.515,usvrp,Linux
2026-06-11T15:49:21.694Z,False,MANUAL,REAL,ACTIVE,False,False,forward,loop,0,0.0,0.0,0.0,0.0,0.0,237.498,37.139,104.492,-8172.727,M,sensor,0.0,0.0,0.0,0,0,99.99,99.99,0.0,V,0.0,0.0,0.0,,,sensor,0.648,1.824,-142.641,-0.311,0.105,9.877,0.0,0.0,0.0,-2833.0,-4096.0,-5370.0,32.27,237.83,sensor,,,,,,,,,,,,,,,,,,,,,39.3239667813352,-0.5825883937068852,3,10,39.323652482071225,-0.583101446616098,23.78,0.0,0.0,9,100.0,500.0,0.0,1781192952.956,0,0,,,,,25.0,1,5.0,station_keeping,8.0,emergency_stop,,,,,,,,,False,0,,14.5,56.965,2068.32,3796.93,54.5,6.954,28.522,25.7,983.999,2157.829,2171.236,usvrp,Linux
2026-06-11T15:49:22.693Z,False,MANUAL,REAL,ACTIVE,False,False,forward,loop,0,0.0,0.0,0.0,0.0,0.0,237.748,37.139,104.492,-8172.727,M,sensor,0.0,0.0,0.0,0,0,99.99,99.99,0.0,V,0.0,0.0,0.0,,,sensor,0.648,1.824,-142.641,-0.311,0.12,9.881,0.0,0.0,0.0,-2834.0,-4046.0,-5345.0,32.32,237.491,sensor,,,,,,,,,,,,,,,,,,,,,39.3239667813352,-0.5825883937068852,3,10,39.323652482071225,-0.583101446616098,23.78,0.0,0.0,9,100.0,500.0,0.0,1781192952.956,0,0,,,,,25.0,1,5.0,station_keeping,8.0,emergency_stop,,,,,,,,,False,0,,11.0,56.965,2066.543,3796.93,54.4,6.954,28.522,25.7,984.999,2164.606,2166.774,usvrp,Linux
2026-06-11T15:49:23.694Z,False,MANUAL,REAL,ACTIVE,False,False,forward,loop,0,0.0,0.0,0.0,0.0,0.0,237.716,37.139,104.492,-8172.727,M,sensor,0.0,0.0,0.0,0,0,99.99,99.99,0.0,V,0.0,0.0,0.0,,,sensor,0.648,1.824,-142.641,-0.316,0.115,9.886,0.0,0.0,0.0,-2836.0,-4064.0,-5372.0,32.28,237.591,sensor,,,,,,,,,,,,,,,,,,,,,39.3239667813352,-0.5825883937068852,3,10,39.323652482071225,-0.583101446616098,23.8,0.0,0.0,9,100.0,500.0,0.0,1781192952.956,0,0,,,,,25.0,1,5.0,station_keeping,8.0,emergency_stop,,,,,,,,,False,0,,10.5,56.478,2063.41,3796.93,54.3,6.954,28.522,25.7,985.999,2074.413,2077.117,usvrp,Linux
2026-06-11T15:49:24.693Z,False,MANUAL,REAL,ACTIVE,False,False,forward,loop,0,0.0,0.0,0.0,0.0,0.0,237.754,37.139,104.492,-8172.727,M,sensor,0.0,0.0,0.0,0,0,99.99,99.99,0.0,V,0.0,0.0,0.0,,,sensor,0.648,1.824,-142.641,-0.301,0.115,9.877,0.0,0.0,0.0,-2830.0,-4080.0,-5402.0,32.3,237.754,sensor,,,,,,,,,,,,,,,,,,,,,39.3239667813352,-0.5825883937068852,3,10,39.323652482071225,-0.583101446616098,23.8,0.0,0.0,9,100.0,500.0,0.0,1781192952.956,0,0,,,,,25.0,1,5.0,station_keeping,8.0,emergency_stop,,,,,,,,,False,0,,12.0,55.504,2060.133,3796.93,54.3,6.954,28.522,25.7,986.999,2100.996,2108.371,usvrp,Linux
2026-06-11T15:49:25.693Z,False,MANUAL,REAL,ACTIVE,False,False,forward,loop,0,0.0,0.0,0.0,0.0,0.0,237.678,37.139,104.492,-8172.727,M,sensor,0.0,0.0,0.0,0,0,99.99,99.99,0.0,V,0.0,0.0,0.0,,,sensor,0.648,1.824,-142.641,-0.316,0.11,9.881,0.0,0.0,0.0,-2843.0,-4060.0,-5361.0,32.31,237.499,sensor,,,,,,,,,,,,,,,,,,,,,39.3239667813352,-0.5825883937068852,3,10,39.323652482071225,-0.583101446616098,23.8,0.0,0.0,9,100.0,500.0,0.0,1781192952.956,0,0,,,,,25.0,1,5.0,station_keeping,8.0,emergency_stop,,,,,,,,,False,0,,11.5,55.504,2057.203,3796.93,54.2,6.954,28.522,25.7,987.999,2073.977,2078.264,usvrp,Linux
2026-06-11T15:49:26.693Z,False,MANUAL,REAL,ACTIVE,False,False,forward,loop,0,0.0,0.0,0.0,0.0,0.0,237.525,37.453,104.492,-8172.727,M,sensor,0.0,0.0,0.0,0,0,99.99,99.99,0.0,V,0.0,0.0,0.0,,,sensor,0.654,1.824,-142.641,-0.316,0.105,9.872,0.0,0.0,0.0,-2840.0,-4072.0,-5354.0,32.27,237.606,sensor,,,,,,,,,,,,,,,,,,,,,39.3239667813352,-0.5825883937068852,3,10,39.323652482071225,-0.583101446616098,23.8,0.0,0.0,9,100.0,500.0,0.0,1781192952.956,0,0,,,,,25.0,1,5.0,station_keeping,8.0,emergency_stop,,,,,,,,,False,0,,17.2,55.017,2054.73,3796.93,54.1,6.954,28.522,25.7,988.999,2168.365,2181.244,usvrp,Linux
2026-06-11T15:49:27.693Z,False,MANUAL,REAL,ACTIVE,False,False,forward,loop,0,0.0,0.0,0.0,0.0,0.0,237.434,37.139,104.492,-8172.727,M,sensor,0.0,0.0,0.0,0,0,99.99,99.99,0.0,V,0.0,0.0,0.0,,,sensor,0.648,1.824,-142.641,-0.316,0.115,9.867,0.0,0.0,0.0,-2847.0,-4056.0,-5376.0,32.28,237.434,sensor,,,,,,,,,,,,,,,,,,,,,39.3239667813352,-0.5825883937068852,3,10,39.323652482071225,-0.583101446616098,23.77,0.0,0.0,9,100.0,500.0,0.0,1781192952.956,0,0,,,,,25.0,1,5.0,station_keeping,8.0,emergency_stop,,,,,,,,,False,0,,6.1,57.452,2053.742,3796.93,54.1,6.954,28.522,25.7,990.0,2079.58,2084.932,usvrp,Linux
2026-06-11T15:49:28.693Z,False,MANUAL,REAL,ACTIVE,False,False,forward,loop,0,0.0,0.0,0.0,0.0,0.0,237.606,37.139,104.492,-8172.727,M,sensor,0.0,0.0,0.0,0,0,99.99,99.99,0.0,V,0.0,0.0,0.0,,,sensor,0.648,1.824,-142.641,-0.311,0.105,9.881,0.0,0.0,0.0,-2835.0,-4050.0,-5379.0,32.27,237.508,sensor,,,,,,,,,,,,,,,,,,,,,39.3239667813352,-0.5825883937068852,3,10,39.323652482071225,-0.583101446616098,23.78,0.0,0.0,9,100.0,500.0,0.0,1781192952.956,0,0,,,,,25.0,1,5.0,station_keeping,8.0,emergency_stop,,,,,,,,,False,0,,5.8,56.965,2050.711,3796.93,54.0,6.954,28.522,25.7,991.0,2068.796,2071.436,usvrp,Linux
2026-06-11T15:49:29.693Z,False,MANUAL,REAL,ACTIVE,False,False,forward,loop,0,0.0,0.0,0.0,0.0,0.0,237.519,37.139,104.807,-8172.727,M,sensor,0.0,0.0,0.0,0,0,99.99,99.99,0.0,V,0.0,0.0,0.0,,,sensor,0.648,1.829,-142.641,-0.316,0.115,9.881,0.0,0.0,0.0,-2839.0,-4039.0,-5365.0,32.31,237.397,sensor,,,,,,,,,,,,,,,,,,,,,39.3239667813352,-0.5825883937068852,3,10,39.323652482071225,-0.583101446616098,23.78,0.0,0.0,9,100.0,500.0,0.0,1781192952.956,0,0,,,,,25.0,1,5.0,station_keeping,8.0,emergency_stop,,,,,,,,,False,0,,6.5,57.939,2047.133,3796.93,53.9,6.954,28.522,25.7,992.0,2091.21,2094.282,usvrp,Linux
2026-06-11T15:49:30.693Z,False,MANUAL,REAL,ACTIVE,False,False,forward,loop,0,0.0,0.0,0.0,0.0,0.0,237.493,37.139,104.807,-8172.727,M,sensor,0.0,0.0,0.0,0,0,99.99,99.99,0.0,V,0.0,0.0,0.0,,,sensor,0.648,1.824,-142.641,-0.316,0.1,9.881,0.0,0.0,0.0,-2843.0,-4076.0,-5363.0,32.34,237.604,sensor,,,,,,,,,,,,,,,,,,,,,39.3239667813352,-0.5825883937068852,3,10,39.323652482071225,-0.583101446616098,23.77,0.0,0.0,9,100.0,500.0,0.0,1781192952.956,0,0,,,,,25.0,1,5.0,station_keeping,8.0,emergency_stop,,,,,,,,,False,0,,7.8,56.478,2045.203,3796.93,53.9,6.954,28.522,25.7,993.0,2126.905,2137.176,usvrp,Linux
2026-06-11T15:49:31.693Z,False,MANUAL,REAL,ACTIVE,False,False,forward,loop,0,0.0,0.0,0.0,0.0,0.0,237.436,37.139,104.807,-8172.727,M,sensor,0.0,0.0,0.0,0,0,99.99,99.99,0.0,V,0.0,0.0,0.0,,,sensor,0.648,1.829,-142.641,-0.311,0.11,9.877,0.0,0.0,0.0,-2844.0,-4046.0,-5378.0,32.34,237.396,sensor,,,,,,,,,,,,,,,,,,,,,39.3239667813352,-0.5825883937068852,3,10,39.323652482071225,-0.583101446616098,23.77,0.0,0.0,9,100.0,500.0,0.0,1781192952.956,0,0,,,,,25.0,1,5.0,station_keeping,8.0,emergency_stop,,,,,,,,,False,0,,12.9,55.991,2044.418,3796.93,53.8,6.954,28.522,25.7,994.0,2101.552,2103.76,usvrp,Linux
2026-06-11T15:49:32.693Z,False,MANUAL,REAL,ACTIVE,False,False,forward,loop,0,0.0,0.0,0.0,0.0,0.0,237.669,37.139,104.492,-8172.727,M,sensor,0.0,0.0,0.0,0,0,99.99,99.99,0.0,V,0.0,0.0,0.0,,,sensor,0.648,1.824,-142.641,-0.311,0.115,9.881,0.0,0.0,0.0,-2827.0,-4075.0,-5347.0,32.31,237.749,sensor,,,,,,,,,,,,,,,,,,,,,39.3239667813352,-0.5825883937068852,3,10,39.323652482071225,-0.583101446616098,23.79,0.0,0.0,9,100.0,500.0,0.0,1781192952.956,0,0,,,,,25.0,1,5.0,station_keeping,8.0,emergency_stop,,,,,,,,,False,0,,12.8,55.504,2041.895,3796.93,53.8,6.954,28.522,25.7,995.0,2224.424,2240.855,usvrp,Linux
2026-06-11T15:49:33.693Z,False,MANUAL,REAL,ACTIVE,False,False,forward,loop,0,0.0,0.0,0.0,0.0,0.0,237.524,37.139,104.492,-8172.727,M,sensor,0.0,0.0,0.0,0,0,99.99,99.99,0.0,V,0.0,0.0,0.0,,,sensor,0.648,1.824,-142.641,-0.316,0.105,9.891,0.0,0.0,0.0,-2834.0,-4051.0,-5357.0,32.3,237.524,sensor,,,,,,,,,,,,,,,,,,,,,39.3239667813352,-0.5825883937068852,3,10,39.323652482071225,-0.583101446616098,23.78,0.0,0.0,9,100.0,500.0,0.0,1781192952.956,0,0,,,,,25.0,1,5.0,station_keeping,8.0,emergency_stop,,,,,,,,,False,0,,6.5,56.478,2041.766,3796.93,53.8,6.954,28.522,25.7,996.0,2102.199,2105.751,usvrp,Linux
2026-06-11T15:49:34.693Z,False,MANUAL,REAL,ACTIVE,False,False,forward,loop,0,0.0,0.0,0.0,0.0,0.0,237.644,37.139,104.492,-8172.727,M,sensor,0.0,0.0,0.0,0,0,99.99,99.99,0.0,V,0.0,0.0,0.0,,,sensor,0.648,1.824,-142.641,-0.306,0.11,9.872,0.0,0.0,0.0,-2843.0,-4082.0,-5344.0,32.3,237.644,sensor,,,,,,,,,,,,,,,,,,,,,39.3239667813352,-0.5825883937068852,3,10,39.323652482071225,-0.583101446616098,23.78,0.0,0.0,9,100.0,500.0,0.0,1781192952.956,0,0,,,,,25.0,1,5.0,station_keeping,8.0,emergency_stop,,,,,,,,,False,0,,7.0,56.478,2041.758,3796.93,53.8,6.954,28.522,25.7,997.0,2088.809,2096.336,usvrp,Linux
2026-06-11T15:49:35.693Z,False,MANUAL,REAL,ACTIVE,False,False,forward,loop,0,0.0,0.0,0.0,0.0,0.0,237.417,37.453,104.177,-8172.727,M,sensor,0.0,0.0,0.0,0,0,99.99,99.99,0.0,V,0.0,0.0,0.0,,,sensor,0.654,1.818,-142.641,-0.316,0.115,9.886,0.0,0.0,0.0,-2846.0,-4052.0,-5351.0,32.35,237.417,sensor,,,,,,,,,,,,,,,,,,,,,39.3239667813352,-0.5825883937068852,3,10,39.323652482071225,-0.583101446616098,23.78,0.0,0.0,9,100.0,500.0,0.0,1781192952.956,0,0,,,,,25.0,1,5.0,station_keeping,8.0,emergency_stop,,,,,,,,,False,0,,6.8,56.478,2041.355,3796.93,53.8,6.954,28.522,25.7,998.0,2092.302,2095.47,usvrp,Linux
2026-06-11T15:49:36.693Z,False,MANUAL,REAL,ACTIVE,False,False,forward,loop,0,0.0,0.0,0.0,0.0,0.0,237.603,37.139,104.177,-8172.727,M,sensor,0.0,0.0,0.0,0,0,99.99,99.99,0.0,V,0.0,0.0,0.0,,,sensor,0.648,1.818,-142.641,-0.311,0.11,9.877,0.0,0.0,0.0,-2841.0,-4073.0,-5334.0,32.29,237.603,sensor,,,,,,,,,,,,,,,,,,,,,39.3239667813352,-0.5825883937068852,3,10,39.323652482071225,-0.583101446616098,23.78,0.0,0.0,9,100.0,500.0,0.0,1781192952.956,0,0,,,,,25.0,1,5.0,station_keeping,8.0,emergency_stop,,,,,,,,,False,0,,6.3,57.452,2041.164,3796.93,53.8,6.954,28.522,25.7,999.001,2091.708,2095.852,usvrp,Linux
2026-06-11T15:49:37.693Z,False,MANUAL,REAL,ACTIVE,False,False,forward,loop,0,0.0,0.0,0.0,0.0,0.0,237.657,37.139,104.492,-8172.727,M,sensor,0.0,0.0,0.0,0,0,99.99,99.99,0.0,V,0.0,0.0,0.0,,,sensor,0.648,1.824,-142.641,-0.321,0.11,9.877,0.0,0.0,0.0,-2834.0,-4071.0,-5352.0,32.31,237.657,sensor,,,,,,,,,,,,,,,,,,,,,39.3239667813352,-0.5825883937068852,3,10,39.323652482071225,-0.583101446616098,23.78,0.0,0.0,9,100.0,500.0,0.0,1781192952.956,0,0,,,,,25.0,1,5.0,station_keeping,8.0,emergency_stop,,,,,,,,,False,0,,13.9,56.965,2041.562,3796.93,53.8,6.954,28.522,25.7,1000.001,2170.212,2181.218,usvrp,Linux
2026-06-11T15:49:38.693Z,False,MANUAL,REAL,ACTIVE,False,False,forward,loop,0,0.0,0.0,0.0,0.0,0.0,237.682,37.139,104.492,-8172.727,M,sensor,0.0,0.0,0.0,0,0,99.99,99.99,0.0,V,0.0,0.0,0.0,,,sensor,0.648,1.824,-142.641,-0.311,0.11,9.881,0.0,0.0,0.0,-2839.0,-4082.0,-5360.0,32.31,237.682,sensor,,,,,,,,,,,,,,,,,,,,,39.3239667813352,-0.5825883937068852,3,10,39.323652482071225,-0.583101446616098,23.79,0.0,0.0,9,100.0,500.0,0.0,1781192952.956,0,0,,,,,25.0,1,5.0,station_keeping,8.0,emergency_stop,,,,,,,,,False,0,,7.1,55.504,2041.055,3796.93,53.8,6.954,28.522,25.7,1001.001,2076.436,2084.635,usvrp,Linux
2026-06-11T15:49:39.693Z,False,MANUAL,REAL,ACTIVE,False,False,forward,loop,0,0.0,0.0,0.0,0.0,0.0,237.773,37.139,104.492,-8172.727,M,sensor,0.0,0.0,0.0,0,0,99.99,99.99,0.0,V,0.0,0.0,0.0,,,sensor,0.648,1.824,-142.641,-0.311,0.11,9.877,0.0,0.0,0.0,-2846.0,-4106.0,-5335.0,32.31,237.773,sensor,,,,,,,,,,,,,,,,,,,,,39.3239667813352,-0.5825883937068852,3,10,39.323652482071225,-0.583101446616098,23.79,0.0,0.0,9,100.0,500.0,0.0,1781192952.956,0,0,,,,,25.0,1,5.0,station_keeping,8.0,emergency_stop,,,,,,,,,False,0,,6.8,55.991,2040.168,3796.93,53.7,6.954,28.522,25.7,1002.001,2110.29,2133.655,usvrp,Linux
2026-06-11T15:49:40.693Z,False,MANUAL,REAL,ACTIVE,False,False,forward,loop,0,0.0,0.0,0.0,0.0,0.0,237.721,37.139,104.492,-8172.727,M,sensor,0.0,0.0,0.0,0,0,99.99,99.99,0.0,V,0.0,0.0,0.0,,,sensor,0.648,1.824,-142.641,-0.311,0.11,9.881,0.0,0.0,0.0,-2846.0,-4098.0,-5345.0,32.3,237.721,sensor,,,,,,,,,,,,,,,,,,,,,39.3239667813352,-0.5825883937068852,3,10,39.323652482071225,-0.583101446616098,23.79,0.0,0.0,9,100.0,500.0,0.0,1781192952.956,0,0,,,,,25.0,1,5.0,station_keeping,8.0,emergency_stop,,,,,,,,,False,0,,6.1,56.478,2039.746,3796.93,53.7,6.954,28.522,25.7,1003.001,2086.181,2096.492,usvrp,Linux
2026-06-11T15:49:41.693Z,False,MANUAL,REAL,ACTIVE,False,False,forward,loop,0,0.0,0.0,0.0,0.0,0.0,237.627,37.139,104.492,-8172.727,M,sensor,0.0,0.0,0.0,0,0,99.99,99.99,0.0,V,0.0,0.0,0.0,,,sensor,0.648,1.824,-142.641,-0.301,0.105,9.881,0.0,0.0,0.0,-2840.0,-4060.0,-5357.0,32.33,237.527,sensor,,,,,,,,,,,,,,,,,,,,,39.3239667813352,-0.5825883937068852,3,10,39.323652482071225,-0.583101446616098,23.78,0.0,0.0,9,100.0,500.0,0.0,1781192952.956,0,0,,,,,25.0,1,5.0,station_keeping,8.0,emergency_stop,,,,,,,,,False,0,,6.8,56.478,2039.672,3796.93,53.7,6.954,28.522,25.7,1004.001,2150.052,2158.219,usvrp,Linux
2026-06-11T15:49:42.693Z,False,MANUAL,REAL,ACTIVE,False,False,forward,loop,0,0.0,0.0,0.0,0.0,0.0,237.599,37.139,104.492,-8172.727,M,sensor,0.0,0.0,0.0,0,0,99.99,99.99,0.0,V,0.0,0.0,0.0,,,sensor,0.648,1.824,-142.641,-0.311,0.12,9.872,0.0,0.0,0.0,-2832.0,-4075.0,-5333.0,32.33,237.702,sensor,,,,,,,,,,,,,,,,,,,,,39.3239667813352,-0.5825883937068852,3,10,39.323652482071225,-0.583101446616098,23.78,0.0,0.0,9,100.0,500.0,0.0,1781192952.956,0,0,,,,,25.0,1,5.0,station_keeping,8.0,emergency_stop,,,,,,,,,False,0,,15.2,56.478,2040.598,3796.93,53.7,6.954,28.522,25.7,1005.001,2153.609,2169.487,usvrp,Linux
2026-06-11T15:49:43.693Z,False,MANUAL,REAL,ACTIVE,False,False,forward,loop,0,0.0,0.0,0.0,0.0,0.0,237.525,37.139,104.177,-8172.727,M,sensor,0.0,0.0,0.0,0,0,99.99,99.99,0.0,V,0.0,0.0,0.0,,,sensor,0.648,1.818,-142.641,-0.311,0.105,9.881,0.0,0.0,0.0,-2846.0,-4074.0,-5350.0,32.29,237.563,sensor,,,,,,,,,,,,,,,,,,,,,39.3239667813352,-0.5825883937068852,3,10,39.323652482071225,-0.583101446616098,23.78,0.0,0.0,9,100.0,500.0,0.0,1781192952.956,0,0,,,,,25.0,1,5.0,station_keeping,8.0,emergency_stop,,,,,,,,,False,0,,6.5,56.965,2040.598,3796.93,53.7,6.954,28.522,25.7,1006.001,2074.535,2077.239,usvrp,Linux
2026-06-11T15:49:44.693Z,False,MANUAL,REAL,ACTIVE,False,False,forward,loop,0,0.0,0.0,0.0,0.0,0.0,237.649,37.139,103.863,-8172.727,M,sensor,0.0,0.0,0.0,0,0,99.99,99.99,0.0,V,0.0,0.0,0.0,,,sensor,0.648,1.813,-142.641,-0.316,0.115,9.872,0.0,0.0,0.0,-2832.0,-4067.0,-5360.0,32.29,237.649,sensor,,,,,,,,,,,,,,,,,,,,,39.3239667813352,-0.5825883937068852,3,10,39.323652482071225,-0.583101446616098,23.78,0.0,0.0,9,100.0,500.0,0.0,1781192952.956,0,0,,,,,25.0,1,5.0,station_keeping,8.0,emergency_stop,,,,,,,,,False,0,,6.1,56.965,2040.59,3796.93,53.7,6.954,28.522,25.7,1007.001,2096.524,2101.995,usvrp,Linux
2026-06-11T15:49:45.693Z,False,MANUAL,REAL,ACTIVE,False,False,forward,loop,0,0.0,0.0,0.0,0.0,0.0,237.685,36.824,104.177,-8172.727,M,sensor,0.0,0.0,0.0,0,0,99.99,99.99,0.0,V,0.0,0.0,0.0,,,sensor,0.643,1.818,-142.641,-0.311,0.105,9.877,0.0,0.0,0.0,-2831.0,-4071.0,-5383.0,32.3,237.685,sensor,,,,,,,,,,,,,,,,,,,,,39.3239667813352,-0.5825883937068852,3,10,39.323652482071225,-0.583101446616098,23.78,0.0,0.0,9,100.0,500.0,0.0,1781192952.956,0,0,,,,,25.0,1,5.0,station_keeping,8.0,emergency_stop,,,,,,,,,False,0,,7.6,55.991,2039.781,3796.93,53.7,6.954,28.522,25.7,1008.002,2168.095,2181.101,usvrp,Linux
2026-06-11T15:49:46.694Z,False,MANUAL,REAL,ACTIVE,False,False,forward,loop,0,0.0,0.0,0.0,0.0,0.0,237.715,36.824,104.177,-8172.727,M,sensor,0.0,0.0,0.0,0,0,99.99,99.99,0.0,V,0.0,0.0,0.0,,,sensor,0.648,1.818,-142.641,-0.316,0.11,9.881,0.0,0.0,0.0,-2835.0,-4088.0,-5331.0,32.28,237.759,sensor,,,,,,,,,,,,,,,,,,,,,39.3239667813352,-0.5825883937068852,3,10,39.323652482071225,-0.583101446616098,23.78,0.0,0.0,9,100.0,500.0,0.0,1781192952.956,0,0,,,,,25.0,1,5.0,station_keeping,8.0,emergency_stop,,,,,,,,,False,0,,6.8,56.478,2039.508,3796.93,53.7,6.954,28.522,25.7,1009.002,2087.535,2089.807,usvrp,Linux
2026-06-11T15:49:47.694Z,False,MANUAL,REAL,ACTIVE,False,False,forward,loop,0,0.0,0.0,0.0,0.0,0.0,237.769,36.824,104.177,-8172.727,M,sensor,0.0,0.0,0.0,0,0,99.99,99.99,0.0,V,0.0,0.0,0.0,,,sensor,0.643,1.818,-142.641,-0.316,0.115,9.886,0.0,0.0,0.0,-2832.0,-4068.0,-5339.0,32.34,237.656,sensor,,,,,,,,,,,,,,,,,,,,,39.3239667813352,-0.5825883937068852,3,10,39.323652482071225,-0.583101446616098,23.78,0.0,0.0,9,100.0,500.0,0.0,1781192952.956,0,0,,,,,25.0,1,5.0,station_keeping,8.0,emergency_stop,,,,,,,,,False,0,,14.6,56.965,2042.535,3796.93,53.8,6.954,28.522,25.7,1010.002,2160.091,2174.881,usvrp,Linux
2026-06-11T15:49:48.693Z,False,MANUAL,REAL,ACTIVE,False,False,forward,loop,0,0.0,0.0,0.0,0.0,0.0,237.746,36.824,104.177,-8172.727,M,sensor,0.0,0.0,0.0,0,0,99.99,99.99,0.0,V,0.0,0.0,0.0,,,sensor,0.643,1.818,-142.641,-0.306,0.11,9.877,0.0,0.0,0.0,-2836.0,-4068.0,-5371.0,32.28,237.618,sensor,,,,,,,,,,,,,,,,,,,,,39.3239667813352,-0.5825883937068852,3,10,39.323652482071225,-0.583101446616098,23.78,0.0,0.0,9,100.0,500.0,0.0,1781192952.956,0,0,,,,,25.0,1,5.0,station_keeping,8.0,emergency_stop,,,,,,,,,False,0,,6.6,56.478,2041.387,3796.93,53.8,6.954,28.522,25.7,1011.002,2088.066,2092.145,usvrp,Linux
2026-06-11T15:49:49.693Z,False,MANUAL,REAL,ACTIVE,False,False,forward,loop,0,0.0,0.0,0.0,0.0,0.0,237.62,37.139,104.177,-8172.727,M,sensor,0.0,0.0,0.0,0,0,99.99,99.99,0.0,V,0.0,0.0,0.0,,,sensor,0.648,1.818,-142.641,-0.311,0.1,9.881,0.0,0.0,0.0,-2838.0,-4069.0,-5342.0,32.32,237.605,sensor,,,,,,,,,,,,,,,,,,,,,39.3239667813352,-0.5825883937068852,3,10,39.323652482071225,-0.583101446616098,23.78,0.0,0.0,9,100.0,500.0,0.0,1781192952.956,0,0,,,,,25.0,1,5.0,station_keeping,8.0,emergency_stop,,,,,,,,,False,0,,6.1,56.478,2041.383,3796.93,53.8,6.954,28.522,25.7,1012.002,2093.726,2098.077,usvrp,Linux
2026-06-11T15:49:50.693Z,False,MANUAL,REAL,ACTIVE,False,False,forward,loop,0,0.0,0.0,0.0,0.0,0.0,237.422,37.139,104.177,-8172.727,M,sensor,0.0,0.0,0.0,0,0,99.99,99.99,0.0,V,0.0,0.0,0.0,,,sensor,0.648,1.818,-142.641,-0.316,0.115,9.872,0.0,0.0,0.0,-2842.0,-4077.0,-5330.0,32.32,237.62,sensor,,,,,,,,,,,,,,,,,,,,,39.3239667813352,-0.5825883937068852,3,10,39.323652482071225,-0.583101446616098,23.78,0.0,0.0,9,100.0,500.0,0.0,1781192952.956,0,0,,,,,25.0,1,5.0,station_keeping,8.0,emergency_stop,,,,,,,,,False,0,,8.0,56.965,2041.082,3796.93,53.8,6.954,28.522,25.7,1013.002,2102.87,2112.773,usvrp,Linux
2026-06-11T15:49:51.694Z,False,MANUAL,REAL,ACTIVE,False,False,forward,loop,0,0.0,0.0,0.0,0.0,0.0,237.567,37.139,104.177,-8172.727,M,sensor,0.0,0.0,0.0,0,0,99.99,99.99,0.0,V,0.0,0.0,0.0,,,sensor,0.643,1.818,-142.641,-0.316,0.11,9.881,0.0,0.0,0.0,-2847.0,-4074.0,-5360.0,32.29,237.553,sensor,,,,,,,,,,,,,,,,,,,,,39.3239667813352,-0.5825883937068852,3,10,39.323652482071225,-0.583101446616098,23.78,0.0,0.0,9,100.0,500.0,0.0,1781192952.956,0,0,,,,,25.0,1,5.0,station_keeping,8.0,emergency_stop,,,,,,,,,False,0,,7.5,57.452,2040.441,3796.93,53.7,6.954,28.522,25.7,1014.002,2082.262,2084.661,usvrp,Linux
2026-06-11T15:49:52.693Z,False,MANUAL,REAL,ACTIVE,False,False,forward,loop,0,0.0,0.0,0.0,0.0,0.0,237.636,36.824,104.177,-8172.727,M,sensor,0.0,0.0,0.0,0,0,99.99,99.99,0.0,V,0.0,0.0,0.0,,,sensor,0.643,1.818,-142.641,-0.311,0.105,9.877,0.0,0.0,0.0,-2836.0,-4072.0,-5346.0,32.32,237.644,sensor,,,,,,,,,,,,,,,,,,,,,39.3239667813352,-0.5825883937068852,3,10,39.323652482071225,-0.583101446616098,23.78,0.0,0.0,9,100.0,500.0,0.0,1781192952.956,0,0,,,,,25.0,1,5.0,station_keeping,8.0,emergency_stop,,,,,,,,,False,0,,13.1,56.478,2040.367,3796.93,53.7,6.954,28.522,25.7,1015.002,2141.79,2152.029,usvrp,Linux
2026-06-11T15:49:53.693Z,False,MANUAL,REAL,ACTIVE,False,False,forward,loop,0,0.0,0.0,0.0,0.0,0.0,237.755,37.139,104.177,-8172.727,M,sensor,0.0,0.0,0.0,0,0,99.99,99.99,0.0,V,0.0,0.0,0.0,,,sensor,0.648,1.818,-142.641,-0.311,0.115,9.877,0.0,0.0,0.0,-2825.0,-4073.0,-5336.0,32.34,237.755,sensor,,,,,,,,,,,,,,,,,,,,,39.3239667813352,-0.5825883937068852,3,10,39.323652482071225,-0.583101446616098,23.73,0.0,0.0,9,100.0,500.0,0.0,1781192952.956,0,0,,,,,25.0,1,5.0,station_keeping,8.0,emergency_stop,,,,,,,,,False,0,,10.1,56.478,2041.574,3796.93,53.8,6.954,28.522,25.7,1016.002,2118.61,2127.937,usvrp,Linux
2026-06-11T15:49:54.693Z,False,MANUAL,REAL,ACTIVE,False,False,forward,loop,0,0.0,0.0,0.0,0.0,0.0,237.454,37.139,104.492,-8172.727,M,sensor,0.0,0.0,0.0,0,0,99.99,99.99,0.0,V,0.0,0.0,0.0,,,sensor,0.648,1.824,-142.641,-0.311,0.11,9.872,0.0,0.0,0.0,-2840.0,-4049.0,-5371.0,32.32,237.454,sensor,,,,,,,,,,,,,,,,,,,,,39.3239667813352,-0.5825883937068852,3,10,39.323652482071225,-0.583101446616098,23.78,0.0,0.0,9,100.0,500.0,0.0,1781192952.956,0,0,,,,,25.0,1,5.0,station_keeping,8.0,emergency_stop,,,,,,,,,False,0,,7.1,55.991,2041.262,3796.93,53.8,6.954,28.522,25.7,1017.002,2154.445,2155.629,usvrp,Linux
2026-06-11T15:49:55.693Z,False,MANUAL,REAL,ACTIVE,False,False,forward,loop,0,0.0,0.0,0.0,0.0,0.0,237.713,37.139,104.177,-8172.727,M,sensor,0.0,0.0,0.0,0,0,99.99,99.99,0.0,V,0.0,0.0,0.0,,,sensor,0.648,1.818,-142.641,-0.316,0.11,9.881,0.0,0.0,0.0,-2826.0,-4068.0,-5360.0,32.31,237.713,sensor,,,,,,,,,,,,,,,,,,,,,39.3239667813352,-0.5825883937068852,3,10,39.323652482071225,-0.583101446616098,23.78,0.0,0.0,9,100.0,500.0,0.0,1781192952.956,0,0,,,,,25.0,1,5.0,station_keeping,8.0,emergency_stop,,,,,,,,,False,0,,8.5,57.452,2040.355,3796.93,53.7,6.954,28.522,25.7,1018.003,2104.004,2110.02,usvrp,Linux
2026-06-11T15:49:56.693Z,False,MANUAL,REAL,ACTIVE,False,False,forward,loop,0,0.0,0.0,0.0,0.0,0.0,237.63,37.139,104.177,-8172.727,M,sensor,0.0,0.0,0.0,0,0,99.99,99.99,0.0,V,0.0,0.0,0.0,,,sensor,0.648,1.818,-142.641,-0.316,0.105,9.881,0.0,0.0,0.0,-2834.0,-4067.0,-5348.0,32.35,237.63,sensor,,,,,,,,,,,,,,,,,,,,,39.3239667813352,-0.5825883937068852,3,10,39.323652482071225,-0.583101446616098,23.77,0.0,0.0,9,100.0,500.0,0.0,1781192952.956,0,0,,,,,25.0,1,5.0,station_keeping,8.0,emergency_stop,,,,,,,,,False,0,,6.1,56.478,2038.566,3796.93,53.7,6.954,28.522,25.7,1019.003,2094.856,2093.016,usvrp,Linux
2026-06-11T15:49:57.693Z,False,MANUAL,REAL,ACTIVE,False,False,forward,loop,0,0.0,0.0,0.0,0.0,0.0,237.482,37.139,104.177,-8172.727,M,sensor,0.0,0.0,0.0,0,0,99.99,99.99,0.0,V,0.0,0.0,0.0,,,sensor,0.648,1.818,-142.641,-0.316,0.105,9.877,0.0,0.0,0.0,-2844.0,-4059.0,-5369.0,32.33,237.482,sensor,,,,,,,,,,,,,,,,,,,,,39.3239667813352,-0.5825883937068852,3,10,39.323652482071225,-0.583101446616098,23.77,0.0,0.0,9,100.0,500.0,0.0,1781192952.956,0,0,,,,,25.0,1,5.0,station_keeping,8.0,emergency_stop,,,,,,,,,False,0,,12.2,56.965,2039.773,3796.93,53.7,6.954,28.522,25.7,1020.003,2134.269,2141.524,usvrp,Linux
2026-06-11T15:49:58.693Z,False,MANUAL,REAL,ACTIVE,False,False,forward,loop,0,0.0,0.0,0.0,0.0,0.0,237.535,37.139,104.492,-8172.727,M,sensor,0.0,0.0,0.0,0,0,99.99,99.99,0.0,V,0.0,0.0,0.0,,,sensor,0.648,1.824,-142.641,-0.316,0.115,9.872,0.0,0.0,0.0,-2832.0,-4053.0,-5358.0,32.33,237.556,sensor,,,,,,,,,,,,,,,,,,,,,39.3239667813352,-0.5825883937068852,3,10,39.323652482071225,-0.583101446616098,23.79,0.0,0.0,9,100.0,500.0,0.0,1781192952.956,0,0,,,,,25.0,1,5.0,station_keeping,8.0,emergency_stop,,,,,,,,,False,0,,9.7,55.991,2040.316,3796.93,53.7,6.954,28.522,25.7,1021.003,2178.82,2189.475,usvrp,Linux
2026-06-11T15:49:59.693Z,False,MANUAL,REAL,ACTIVE,False,False,forward,loop,0,0.0,0.0,0.0,0.0,0.0,237.37,37.139,104.492,-8172.727,M,sensor,0.0,0.0,0.0,0,0,99.99,99.99,0.0,V,0.0,0.0,0.0,,,sensor,0.648,1.824,-142.641,-0.311,0.11,9.877,0.0,0.0,0.0,-2845.0,-4039.0,-5342.0,32.35,237.34,sensor,,,,,,,,,,,,,,,,,,,,,39.3239667813352,-0.5825883937068852,3,10,39.323652482071225,-0.583101446616098,23.78,0.0,0.0,9,100.0,500.0,0.0,1781192952.956,0,0,,,,,25.0,1,5.0,station_keeping,8.0,emergency_stop,,,,,,,,,False,0,,5.6,57.452,2039.711,3796.93,53.7,6.954,28.522,25.7,1022.003,2095.84,2098.848,usvrp,Linux
2026-06-11T15:50:00.693Z,False,MANUAL,REAL,ACTIVE,False,False,forward,loop,0,0.0,0.0,0.0,0.0,0.0,237.562,37.139,104.492,-8172.727,M,sensor,0.0,0.0,0.0,0,0,99.99,99.99,0.0,V,0.0,0.0,0.0,,,sensor,0.648,1.824,-142.641,-0.311,0.115,9.877,0.0,0.0,0.0,-2844.0,-4071.0,-5356.0,32.32,237.562,sensor,,,,,,,,,,,,,,,,,,,,,39.3239667813352,-0.5825883937068852,3,10,39.323652482071225,-0.583101446616098,23.78,0.0,0.0,9,100.0,500.0,0.0,1781192952.956,0,0,,,,,25.0,1,5.0,station_keeping,8.0,emergency_stop,,,,,,,,,False,0,,6.3,56.965,2039.449,3796.93,53.7,6.954,28.522,25.7,1023.003,2110.764,2115.476,usvrp,Linux
2026-06-11T15:50:01.693Z,False,MANUAL,REAL,ACTIVE,False,False,forward,loop,0,0.0,0.0,0.0,0.0,0.0,237.655,37.139,104.807,-8172.727,M,sensor,0.0,0.0,0.0,0,0,99.99,99.99,0.0,V,0.0,0.0,0.0,,,sensor,0.648,1.829,-142.641,-0.311,0.115,9.877,0.0,0.0,0.0,-2836.0,-4092.0,-5353.0,32.34,237.776,sensor,,,,,,,,,,,,,,,,,,,,,39.3239667813352,-0.5825883937068852,3,10,39.323652482071225,-0.583101446616098,23.77,0.0,0.0,9,100.0,500.0,0.0,1781192952.956,0,0,,,,,25.0,1,5.0,station_keeping,8.0,emergency_stop,,,,,,,,,False,0,,7.5,56.965,2038.992,3796.93,53.7,6.954,28.522,25.7,1024.003,2087.28,2085.521,usvrp,Linux
2026-06-11T15:50:02.693Z,False,MANUAL,REAL,ACTIVE,False,False,forward,loop,0,0.0,0.0,0.0,0.0,0.0,237.698,37.139,104.492,-8172.727,M,sensor,0.0,0.0,0.0,0,0,99.99,99.99,0.0,V,0.0,0.0,0.0,,,sensor,0.648,1.824,-142.641,-0.316,0.115,9.877,0.0,0.0,0.0,-2833.0,-4066.0,-5358.0,32.31,237.633,sensor,,,,,,,,,,,,,,,,,,,,,39.3239667813352,-0.5825883937068852,3,10,39.323652482071225,-0.583101446616098,23.77,0.0,0.0,9,100.0,500.0,0.0,1781192952.956,0,0,,,,,25.0,1,5.0,station_keeping,8.0,emergency_stop,,,,,,,,,False,0,,6.8,55.991,2038.934,3796.93,53.7,6.954,28.522,25.7,1025.003,2086.499,2087.739,usvrp,Linux
2026-06-11T15:50:03.693Z,False,MANUAL,REAL,ACTIVE,False,False,forward,loop,0,0.0,0.0,0.0,0.0,0.0,237.696,37.139,104.492,-8172.727,M,sensor,0.0,0.0,0.0,0,0,99.99,99.99,0.0,V,0.0,0.0,0.0,,,sensor,0.648,1.824,-142.641,-0.321,0.115,9.872,0.0,0.0,0.0,-2827.0,-4064.0,-5352.0,32.32,237.677,sensor,,,,,,,,,,,,,,,,,,,,,39.3239667813352,-0.5825883937068852,3,10,39.323652482071225,-0.583101446616098,23.78,0.0,0.0,9,100.0,500.0,0.0,1781192952.956,0,0,,,,,25.0,1,5.0,station_keeping,8.0,emergency_stop,,,,,,,,,False,0,,17.6,56.965,2040.578,3796.93,53.7,6.954,28.522,25.7,1026.003,2205.274,2214.537,usvrp,Linux
2026-06-11T15:50:04.693Z,False,MANUAL,REAL,ACTIVE,False,False,forward,loop,0,0.0,0.0,0.0,0.0,0.0,237.559,37.139,104.492,-8172.727,M,sensor,0.0,0.0,0.0,0,0,99.99,99.99,0.0,V,0.0,0.0,0.0,,,sensor,0.648,1.824,-142.641,-0.306,0.12,9.872,0.0,0.0,0.0,-2838.0,-4062.0,-5351.0,32.31,237.559,sensor,,,,,,,,,,,,,,,,,,,,,39.3239667813352,-0.5825883937068852,3,10,39.323652482071225,-0.583101446616098,23.77,0.0,0.0,9,100.0,500.0,0.0,1781192952.956,0,0,,,,,25.0,1,5.0,station_keeping,8.0,emergency_stop,,,,,,,,,False,0,,7.9,56.478,2041.965,3796.93,53.8,6.954,28.522,25.7,1027.004,2103.025,2126.487,usvrp,Linux
2026-06-11T15:50:05.693Z,False,MANUAL,REAL,ACTIVE,False,False,forward,loop,0,0.0,0.0,0.0,0.0,0.0,237.517,37.139,104.492,-8172.727,M,sensor,0.0,0.0,0.0,0,0,99.99,99.99,0.0,V,0.0,0.0,0.0,,,sensor,0.648,1.824,-142.641,-0.316,0.11,9.881,0.0,0.0,0.0,-2841.0,-4060.0,-5371.0,32.35,237.517,sensor,,,,,,,,,,,,,,,,,,,,,39.3239667813352,-0.5825883937068852,3,10,39.323652482071225,-0.583101446616098,23.77,0.0,0.0,9,100.0,500.0,0.0,1781192952.956,0,0,,,,,25.0,1,5.0,station_keeping,8.0,emergency_stop,,,,,,,,,False,0,,8.0,56.478,2041.652,3796.93,53.8,6.954,28.522,25.7,1028.004,2143.922,2133.323,usvrp,Linux
2026-06-11T15:50:06.693Z,False,MANUAL,REAL,ACTIVE,False,False,forward,loop,0,0.0,0.0,0.0,0.0,0.0,237.711,37.453,104.177,-8172.727,M,sensor,0.0,0.0,0.0,0,0,99.99,99.99,0.0,V,0.0,0.0,0.0,,,sensor,0.654,1.818,-142.641,-0.321,0.105,9.877,0.0,0.0,0.0,-2829.0,-4072.0,-5365.0,32.33,237.711,sensor,,,,,,,,,,,,,,,,,,,,,39.3239667813352,-0.5825883937068852,3,10,39.323652482071225,-0.583101446616098,23.78,0.0,0.0,9,100.0,500.0,0.0,1781192952.956,0,0,,,,,25.0,1,5.0,station_keeping,8.0,emergency_stop,,,,,,,,,False,0,,6.9,56.478,2041.406,3796.93,53.8,6.954,28.522,25.7,1029.004,2151.815,2142.584,usvrp,Linux
2026-06-11T15:50:07.693Z,False,MANUAL,REAL,ACTIVE,False,False,forward,loop,0,0.0,0.0,0.0,0.0,0.0,237.417,37.139,104.492,-8172.727,M,sensor,0.0,0.0,0.0,0,0,99.99,99.99,0.0,V,0.0,0.0,0.0,,,sensor,0.648,1.824,-142.641,-0.311,0.11,9.881,0.0,0.0,0.0,-2833.0,-4078.0,-5344.0,32.35,237.712,sensor,,,,,,,,,,,,,,,,,,,,,39.3239667813352,-0.5825883937068852,3,10,39.323652482071225,-0.583101446616098,23.78,0.0,0.0,9,100.0,500.0,0.0,1781192952.956,0,0,,,,,25.0,1,5.0,station_keeping,8.0,emergency_stop,,,,,,,,,False,0,,6.6,56.965,2040.727,3796.93,53.7,6.954,28.522,25.7,1030.004,2118.016,2113.713,usvrp,Linux
2026-06-11T15:50:08.693Z,False,MANUAL,REAL,ACTIVE,False,False,forward,loop,0,0.0,0.0,0.0,0.0,0.0,237.634,37.139,104.492,-8172.727,M,sensor,0.0,0.0,0.0,0,0,99.99,99.99,0.0,V,0.0,0.0,0.0,,,sensor,0.648,1.824,-142.641,-0.316,0.12,9.891,0.0,0.0,0.0,-2843.0,-4071.0,-5359.0,32.34,237.571,sensor,,,,,,,,,,,,,,,,,,,,,39.3239667813352,-0.5825883937068852,3,10,39.323652482071225,-0.583101446616098,23.78,0.0,0.0,9,100.0,500.0,0.0,1781192952.956,0,0,,,,,25.0,1,5.0,station_keeping,8.0,emergency_stop,,,,,,,,,False,0,,15.7,57.452,2041.551,3796.93,53.8,6.954,28.522,25.7,1031.004,2193.046,2196.869,usvrp,Linux
2026-06-11T15:50:09.693Z,False,MANUAL,REAL,ACTIVE,False,False,forward,loop,0,0.0,0.0,0.0,0.0,0.0,237.671,37.139,104.807,-8172.727,M,sensor,0.0,0.0,0.0,0,0,99.99,99.99,0.0,V,0.0,0.0,0.0,,,sensor,0.648,1.829,-142.641,-0.311,0.115,9.881,0.0,0.0,0.0,-2836.0,-4076.0,-5371.0,32.29,237.671,sensor,,,,,,,,,,,,,,,,,,,,,39.3239667813352,-0.5825883937068852,3,10,39.323652482071225,-0.583101446616098,23.77,0.0,0.0,9,100.0,500.0,0.0,1781192952.956,0,0,,,,,25.0,1,5.0,station_keeping,8.0,emergency_stop,,,,,,,,,False,0,,7.8,56.965,2041.551,3796.93,53.8,6.954,28.522,25.7,1032.004,2170.345,2162.506,usvrp,Linux
2026-06-11T15:50:10.693Z,False,MANUAL,REAL,ACTIVE,False,False,forward,loop,0,0.0,0.0,0.0,0.0,0.0,237.4,36.824,104.807,-8172.727,M,sensor,0.0,0.0,0.0,0,0,99.99,99.99,0.0,V,0.0,0.0,0.0,,,sensor,0.643,1.829,-142.641,-0.321,0.105,9.877,0.0,0.0,0.0,-2845.0,-4057.0,-5352.0,32.32,237.46,sensor,,,,,,,,,,,,,,,,,,,,,39.3239667813352,-0.5825883937068852,3,10,39.323652482071225,-0.583101446616098,23.77,0.0,0.0,9,100.0,500.0,0.0,1781192952.956,0,0,,,,,25.0,1,5.0,station_keeping,8.0,emergency_stop,,,,,,,,,False,0,,9.3,57.939,2040.992,3796.93,53.8,6.954,28.522,25.7,1033.004,2200.854,2194.791,usvrp,Linux
2026-06-11T15:50:11.693Z,False,MANUAL,REAL,ACTIVE,False,False,forward,loop,0,0.0,0.0,0.0,0.0,0.0,237.668,36.824,104.807,-8172.727,M,sensor,0.0,0.0,0.0,0,0,99.99,99.99,0.0,V,0.0,0.0,0.0,,,sensor,0.643,1.829,-142.641,-0.316,0.11,9.877,0.0,0.0,0.0,-2852.0,-4066.0,-5378.0,32.32,237.453,sensor,,,,,,,,,,,,,,,,,,,,,39.3239667813352,-0.5825883937068852,3,10,39.323652482071225,-0.583101446616098,23.78,0.0,0.0,9,100.0,500.0,0.0,1781192952.956,0,0,,,,,25.0,1,5.0,station_keeping,8.0,emergency_stop,,,,,,,,,False,0,,7.1,56.478,2041.023,3796.93,53.8,6.954,28.522,25.7,1034.004,2171.089,2152.651,usvrp,Linux
2026-06-11T15:50:12.693Z,False,MANUAL,REAL,ACTIVE,False,False,forward,loop,0,0.0,0.0,0.0,0.0,0.0,237.8,36.824,104.807,-8172.727,M,sensor,0.0,0.0,0.0,0,0,99.99,99.99,0.0,V,0.0,0.0,0.0,,,sensor,0.643,1.829,-142.641,-0.311,0.115,9.881,0.0,0.0,0.0,-2821.0,-4051.0,-5347.0,32.31,237.648,sensor,,,,,,,,,,,,,,,,,,,,,39.3239667813352,-0.5825883937068852,3,10,39.323652482071225,-0.583101446616098,23.77,0.0,0.0,9,100.0,500.0,0.0,1781192952.956,0,0,,,,,25.0,1,5.0,station_keeping,8.0,emergency_stop,,,,,,,,,False,0,,8.8,56.965,2040.879,3796.93,53.8,6.954,28.522,25.7,1035.004,2390.591,2513.323,usvrp,Linux
2026-06-11T15:50:13.696Z,False,MANUAL,REAL,ACTIVE,False,False,forward,loop,0,0.0,0.0,0.0,0.0,0.0,237.699,36.824,104.807,-8172.727,M,sensor,0.0,0.0,0.0,0,0,99.99,99.99,0.0,V,0.0,0.0,0.0,,,sensor,0.643,1.829,-142.641,-0.316,0.11,9.881,0.0,0.0,0.0,-2817.0,-4053.0,-5359.0,32.35,237.699,sensor,,,,,,,,,,,,,,,,,,,,,39.3239667813352,-0.5825883937068852,3,10,39.323652482071225,-0.583101446616098,23.77,0.0,0.0,9,100.0,500.0,0.0,1781192952.956,0,0,,,,,25.0,1,5.0,station_keeping,8.0,emergency_stop,,,,,,,,,False,0,,26.5,57.939,2041.445,3796.93,53.8,6.954,28.522,25.7,1036.005,4322.944,3043.636,usvrp,Linux
2026-06-11T15:50:14.693Z,False,MANUAL,REAL,ACTIVE,False,False,forward,loop,0,0.0,0.0,0.0,0.0,0.0,237.653,36.824,104.492,-8172.727,M,sensor,0.0,0.0,0.0,0,0,99.99,99.99,0.0,V,0.0,0.0,0.0,,,sensor,0.643,1.824,-142.641,-0.316,0.11,9.881,0.0,0.0,0.0,-2826.0,-4059.0,-5341.0,32.33,237.653,sensor,,,,,,,,,,,,,,,,,,,,,39.3239667813352,-0.5825883937068852,3,10,39.323652482071225,-0.583101446616098,23.68,0.0,0.0,9,100.0,500.0,0.0,1781192952.956,0,0,,,,,25.0,1,5.0,station_keeping,8.0,emergency_stop,,,,,,,,,False,0,,52.3,57.939,2200.129,3796.93,57.9,6.954,28.522,25.7,1037.005,2090.896,2100.426,usvrp,Linux
2026-06-11T15:50:15.693Z,False,MANUAL,REAL,ACTIVE,False,False,forward,loop,0,0.0,0.0,0.0,0.0,0.0,237.545,36.824,104.492,-8172.727,M,sensor,0.0,0.0,0.0,0,0,99.99,99.99,0.0,V,0.0,0.0,0.0,,,sensor,0.643,1.824,-142.641,-0.311,0.11,9.886,0.0,0.0,0.0,-2843.0,-4067.0,-5337.0,32.32,237.545,sensor,,,,,,,,,,,,,,,,,,,,,39.3239667813352,-0.5825883937068852,3,10,39.323652482071225,-0.583101446616098,23.68,0.0,0.0,9,100.0,500.0,0.0,1781192952.956,0,0,,,,,25.0,1,5.0,station_keeping,8.0,emergency_stop,,,,,,,,,False,0,,35.0,58.426,2205.773,3796.93,58.1,6.954,28.522,25.7,1038.005,2216.889,3397.59,usvrp,Linux
2026-06-11T15:50:16.693Z,False,MANUAL,REAL,ACTIVE,False,False,forward,loop,0,0.0,0.0,0.0,0.0,0.0,237.445,36.824,104.492,-8172.727,M,sensor,0.0,0.0,0.0,0,0,99.99,99.99,0.0,V,0.0,0.0,0.0,,,sensor,0.643,1.824,-142.641,-0.316,0.105,9.881,0.0,0.0,0.0,-2843.0,-4052.0,-5363.0,32.31,237.445,sensor,,,,,,,,,,,,,,,,,,,,,39.3239667813352,-0.5825883937068852,3,10,39.323652482071225,-0.583101446616098,23.77,0.0,0.0,9,100.0,500.0,0.0,1781192952.956,0,0,,,,,25.0,1,5.0,station_keeping,8.0,emergency_stop,,,,,,,,,False,0,,5.9,58.426,2205.773,3796.93,58.1,6.954,28.522,25.7,1039.005,2094.469,2097.781,usvrp,Linux
2026-06-11T15:50:17.693Z,False,MANUAL,REAL,ACTIVE,False,False,forward,loop,0,0.0,0.0,0.0,0.0,0.0,237.704,36.824,104.492,-8172.727,M,sensor,0.0,0.0,0.0,0,0,99.99,99.99,0.0,V,0.0,0.0,0.0,,,sensor,0.643,1.824,-142.641,-0.316,0.105,9.886,0.0,0.0,0.0,-2841.0,-4060.0,-5372.0,32.31,237.517,sensor,,,,,,,,,,,,,,,,,,,,,39.3239667813352,-0.5825883937068852,3,10,39.323652482071225,-0.583101446616098,23.79,0.0,0.0,9,100.0,500.0,0.0,1781192952.956,0,0,,,,,25.0,1,5.0,station_keeping,8.0,emergency_stop,,,,,,,,,False,0,,6.1,57.452,2205.773,3796.93,58.1,6.954,28.522,25.7,1040.005,2073.234,2076.122,usvrp,Linux
2026-06-11T15:50:18.693Z,False,MANUAL,REAL,ACTIVE,False,False,forward,loop,0,0.0,0.0,0.0,0.0,0.0,237.676,37.139,104.492,-8172.727,M,sensor,0.0,0.0,0.0,0,0,99.99,99.99,0.0,V,0.0,0.0,0.0,,,sensor,0.648,1.824,-142.641,-0.311,0.11,9.877,0.0,0.0,0.0,-2832.0,-4071.0,-5358.0,32.32,237.676,sensor,,,,,,,,,,,,,,,,,,,,,39.3239667813352,-0.5825883937068852,3,10,39.323652482071225,-0.583101446616098,23.79,0.0,0.0,9,100.0,500.0,0.0,1781192952.956,0,0,,,,,25.0,1,5.0,station_keeping,8.0,emergency_stop,,,,,,,,,False,0,,13.9,57.452,2205.145,3796.93,58.1,6.954,28.522,25.7,1041.006,2189.083,2196.131,usvrp,Linux
2026-06-11T15:50:19.693Z,False,MANUAL,REAL,ACTIVE,False,False,forward,loop,0,0.0,0.0,0.0,0.0,0.0,237.521,36.824,104.177,-8172.727,M,sensor,0.0,0.0,0.0,0,0,99.99,99.99,0.0,V,0.0,0.0,0.0,,,sensor,0.643,1.818,-142.641,-0.311,0.11,9.877,0.0,0.0,0.0,-2829.0,-4039.0,-5360.0,32.3,237.492,sensor,,,,,,,,,,,,,,,,,,,,,39.3239667813352,-0.5825883937068852,3,10,39.323652482071225,-0.583101446616098,23.78,0.0,0.0,9,100.0,500.0,0.0,1781192952.956,0,0,,,,,25.0,1,5.0,station_keeping,8.0,emergency_stop,,,,,,,,,False,0,,8.8,57.452,2202.719,3796.93,58.0,6.954,28.522,25.7,1042.006,2116.647,2120.183,usvrp,Linux
2026-06-11T15:50:20.693Z,False,MANUAL,REAL,ACTIVE,False,False,forward,loop,0,0.0,0.0,0.0,0.0,0.0,237.617,37.139,104.177,-8172.727,M,sensor,0.0,0.0,0.0,0,0,99.99,99.99,0.0,V,0.0,0.0,0.0,,,sensor,0.648,1.818,-142.641,-0.311,0.11,9.877,0.0,0.0,0.0,-2834.0,-4065.0,-5365.0,32.34,237.617,sensor,,,,,,,,,,,,,,,,,,,,,39.3239667813352,-0.5825883937068852,3,10,39.323652482071225,-0.583101446616098,23.78,0.0,0.0,9,100.0,500.0,0.0,1781192952.956,0,0,,,,,25.0,1,5.0,station_keeping,8.0,emergency_stop,,,,,,,,,False,0,,5.9,57.939,2200.828,3796.93,58.0,6.954,28.522,25.7,1043.006,2138.564,2122.534,usvrp,Linux
2026-06-11T15:50:21.693Z,False,MANUAL,REAL,ACTIVE,False,False,forward,loop,0,0.0,0.0,0.0,0.0,0.0,237.618,36.824,103.863,-8172.727,M,sensor,0.0,0.0,0.0,0,0,99.99,99.99,0.0,V,0.0,0.0,0.0,,,sensor,0.643,1.813,-142.641,-0.306,0.1,9.886,0.0,0.0,0.0,-2841.0,-4105.0,-5372.0,32.31,237.814,sensor,,,,,,,,,,,,,,,,,,,,,39.3239667813352,-0.5825883937068852,3,10,39.323652482071225,-0.583101446616098,23.78,0.0,0.0,9,100.0,500.0,0.0,1781192952.956,0,0,,,,,25.0,1,5.0,station_keeping,8.0,emergency_stop,,,,,,,,,False,0,,5.8,57.939,2197.867,3796.93,57.9,6.954,28.522,25.7,1044.006,2098.303,2102.334,usvrp,Linux
2026-06-11T15:50:22.693Z,False,MANUAL,REAL,ACTIVE,False,False,forward,loop,0,0.0,0.0,0.0,0.0,0.0,237.563,36.509,103.233,-8172.727,M,sensor,0.0,0.0,0.0,0,0,99.99,99.99,0.0,V,0.0,0.0,0.0,,,sensor,0.637,1.802,-142.641,-0.306,0.1,9.881,0.0,0.0,0.0,-2824.0,-4068.0,-5365.0,32.35,237.732,sensor,,,,,,,,,,,,,,,,,,,,,39.3239667813352,-0.5825883937068852,3,10,39.323652482071225,-0.583101446616098,23.78,0.0,0.0,9,100.0,500.0,0.0,1781192952.956,0,0,,,,,25.0,1,5.0,station_keeping,8.0,emergency_stop,,,,,,,,,False,0,,6.3,57.452,2195.852,3796.93,57.8,6.954,28.522,25.7,1045.006,2071.659,2073.883,usvrp,Linux
2026-06-11T15:50:23.693Z,False,MANUAL,REAL,ACTIVE,False,False,forward,loop,0,0.0,0.0,0.0,0.0,0.0,237.701,36.509,103.233,-8172.727,M,sensor,0.0,0.0,0.0,0,0,99.99,99.99,0.0,V,0.0,0.0,0.0,,,sensor,0.637,1.802,-142.641,-0.306,0.105,9.881,0.0,0.0,0.0,-2830.0,-4072.0,-5344.0,32.34,237.701,sensor,,,,,,,,,,,,,,,,,,,,,39.3239667813352,-0.5825883937068852,3,10,39.323652482071225,-0.583101446616098,23.78,0.0,0.0,9,100.0,500.0,0.0,1781192952.956,0,0,,,,,25.0,1,5.0,station_keeping,8.0,emergency_stop,,,,,,,,,False,0,,13.1,57.939,2195.723,3796.93,57.8,6.954,28.522,25.7,1046.006,2149.422,2129.034,usvrp,Linux
2026-06-11T15:50:24.694Z,False,MANUAL,REAL,ACTIVE,False,False,forward,loop,0,0.0,0.0,0.0,0.0,0.0,237.585,36.509,102.918,-8172.727,M,sensor,0.0,0.0,0.0,0,0,99.99,99.99,0.0,V,0.0,0.0,0.0,,,sensor,0.637,1.796,-142.641,-0.301,0.105,9.881,0.0,0.0,0.0,-2830.0,-4057.0,-5343.0,32.32,237.602,sensor,,,,,,,,,,,,,,,,,,,,,39.3239667813352,-0.5825883937068852,3,10,39.323652482071225,-0.583101446616098,23.77,0.0,0.0,9,100.0,500.0,0.0,1781192952.956,0,0,,,,,25.0,1,5.0,station_keeping,8.0,emergency_stop,,,,,,,,,False,0,,10.7,57.939,2192.691,3796.93,57.7,6.954,28.522,25.7,1047.006,2148.571,2163.721,usvrp,Linux
2026-06-11T15:50:25.693Z,False,MANUAL,REAL,ACTIVE,False,False,forward,loop,0,0.0,0.0,0.0,0.0,0.0,237.546,36.195,102.918,-8172.727,M,sensor,0.0,0.0,0.0,0,0,99.99,99.99,0.0,V,0.0,0.0,0.0,,,sensor,0.632,1.796,-142.641,-0.306,0.11,9.881,0.0,0.0,0.0,-2826.0,-4045.0,-5373.0,32.38,237.56,sensor,,,,,,,,,,,,,,,,,,,,,39.3239667813352,-0.5825883937068852,3,10,39.323652482071225,-0.583101446616098,23.77,0.0,0.0,9,100.0,500.0,0.0,1781192952.956,0,0,,,,,25.0,1,5.0,station_keeping,8.0,emergency_stop,,,,,,,,,False,0,,6.1,57.452,2190.574,3796.93,57.7,6.954,28.522,25.7,1048.006,2090.887,2103.293,usvrp,Linux
2026-06-11T15:50:26.693Z,False,MANUAL,REAL,ACTIVE,False,False,forward,loop,0,0.0,0.0,0.0,0.0,0.0,237.595,36.195,102.918,-8172.727,M,sensor,0.0,0.0,0.0,0,0,99.99,99.99,0.0,V,0.0,0.0,0.0,,,sensor,0.632,1.796,-142.641,-0.311,0.11,9.886,0.0,0.0,0.0,-2834.0,-4061.0,-5379.0,32.35,237.59,sensor,,,,,,,,,,,,,,,,,,,,,39.3239667813352,-0.5825883937068852,3,10,39.323652482071225,-0.583101446616098,23.77,0.0,0.0,9,100.0,500.0,0.0,1781192952.956,0,0,,,,,25.0,1,5.0,station_keeping,8.0,emergency_stop,,,,,,,,,False,0,,8.2,57.452,2187.801,3796.93,57.6,6.954,28.522,25.7,1049.007,2108.016,2112.808,usvrp,Linux
2026-06-11T15:50:27.693Z,False,MANUAL,REAL,ACTIVE,False,False,forward,loop,0,0.0,0.0,0.0,0.0,0.0,237.65,36.195,103.233,-8172.727,M,sensor,0.0,0.0,0.0,0,0,99.99,99.99,0.0,V,0.0,0.0,0.0,,,sensor,0.632,1.802,-142.641,-0.311,0.115,9.872,0.0,0.0,0.0,-2831.0,-4070.0,-5379.0,32.33,237.678,sensor,,,,,,,,,,,,,,,,,,,,,39.3239667813352,-0.5825883937068852,3,10,39.323652482071225,-0.583101446616098,23.78,0.0,0.0,9,100.0,500.0,0.0,1781192952.956,0,0,,,,,25.0,1,5.0,station_keeping,8.0,emergency_stop,,,,,,,,,False,0,,6.1,56.478,2185.691,3796.93,57.6,6.954,28.522,25.7,1050.007,2147.529,2132.042,usvrp,Linux
2026-06-11T15:50:28.693Z,False,MANUAL,REAL,ACTIVE,False,False,forward,loop,0,0.0,0.0,0.0,0.0,0.0,237.659,36.509,103.863,-8172.727,M,sensor,0.0,0.0,0.0,0,0,99.99,99.99,0.0,V,0.0,0.0,0.0,,,sensor,0.637,1.813,-142.641,-0.316,0.11,9.881,0.0,0.0,0.0,-2832.0,-4081.0,-5354.0,32.3,237.741,sensor,,,,,,,,,,,,,,,,,,,,,39.3239667813352,-0.5825883937068852,3,10,39.323652482071225,-0.583101446616098,23.78,0.0,0.0,9,100.0,500.0,0.0,1781192952.956,0,0,,,,,25.0,1,5.0,station_keeping,8.0,emergency_stop,,,,,,,,,False,0,,6.3,57.939,2182.199,3796.93,57.5,6.954,28.522,25.7,1051.007,2085.798,2088.709,usvrp,Linux
2026-06-11T15:50:29.693Z,False,MANUAL,REAL,ACTIVE,False,False,forward,loop,0,0.0,0.0,0.0,0.0,0.0,237.607,36.824,104.177,-8172.727,M,sensor,0.0,0.0,0.0,0,0,99.99,99.99,0.0,V,0.0,0.0,0.0,,,sensor,0.643,1.818,-142.641,-0.311,0.11,9.872,0.0,0.0,0.0,-2826.0,-4052.0,-5352.0,32.35,237.607,sensor,,,,,,,,,,,,,,,,,,,,,39.3239667813352,-0.5825883937068852,3,10,39.323652482071225,-0.583101446616098,23.74,0.0,0.0,9,100.0,500.0,0.0,1781192952.956,0,0,,,,,25.0,1,5.0,station_keeping,8.0,emergency_stop,,,,,,,,,False,0,,16.6,57.452,2182.879,3796.93,57.5,6.954,28.522,25.7,1052.007,2174.703,2192.845,usvrp,Linux
2026-06-11T15:50:30.693Z,False,MANUAL,REAL,ACTIVE,False,False,forward,loop,0,0.0,0.0,0.0,0.0,0.0,237.643,37.139,104.177,-8172.727,M,sensor,0.0,0.0,0.0,0,0,99.99,99.99,0.0,V,0.0,0.0,0.0,,,sensor,0.648,1.818,-142.641,-0.311,0.115,9.877,0.0,0.0,0.0,-2834.0,-4069.0,-5389.0,32.38,237.643,sensor,,,,,,,,,,,,,,,,,,,,,39.3239667813352,-0.5825883937068852,3,10,39.323652482071225,-0.583101446616098,23.77,0.0,0.0,9,100.0,500.0,0.0,1781192952.956,0,0,,,,,25.0,1,5.0,station_keeping,8.0,emergency_stop,,,,,,,,,False,0,,7.5,56.965,2150.82,3796.93,56.6,6.954,28.522,25.7,1053.007,2088.904,2093.048,usvrp,Linux
2026-06-11T15:50:31.693Z,False,MANUAL,REAL,ACTIVE,False,False,forward,loop,0,0.0,0.0,0.0,0.0,0.0,237.555,37.139,104.177,-8172.727,M,sensor,0.0,0.0,0.0,0,0,99.99,99.99,0.0,V,0.0,0.0,0.0,,,sensor,0.648,1.818,-142.641,-0.311,0.11,9.877,0.0,0.0,0.0,-2837.0,-4060.0,-5350.0,32.36,237.555,sensor,,,,,,,,,,,,,,,,,,,,,39.3239667813352,-0.5825883937068852,3,10,39.323652482071225,-0.583101446616098,23.77,0.0,0.0,9,100.0,500.0,0.0,1781192952.956,0,0,,,,,25.0,1,5.0,station_keeping,8.0,emergency_stop,,,,,,,,,False,0,,6.3,57.939,2149.277,3796.93,56.6,6.954,28.522,25.7,1054.007,2091.353,2094.281,usvrp,Linux
2026-06-11T15:50:32.693Z,False,MANUAL,REAL,ACTIVE,False,False,forward,loop,0,0.0,0.0,0.0,0.0,0.0,237.544,37.139,104.177,-8172.727,M,sensor,0.0,0.0,0.0,0,0,99.99,99.99,0.0,V,0.0,0.0,0.0,,,sensor,0.648,1.818,-142.641,-0.316,0.115,9.881,0.0,0.0,0.0,-2841.0,-4064.0,-5349.0,32.37,237.544,sensor,,,,,,,,,,,,,,,,,,,,,39.3239667813352,-0.5825883937068852,3,10,39.323652482071225,-0.583101446616098,23.77,0.0,0.0,9,100.0,500.0,0.0,1781192952.956,0,0,,,,,25.0,1,5.0,station_keeping,8.0,emergency_stop,,,,,,,,,False,0,,6.5,56.478,2147.551,3796.93,56.6,6.954,28.522,25.7,1055.007,2085.984,2092.088,usvrp,Linux
2026-06-11T15:50:33.693Z,False,MANUAL,REAL,ACTIVE,False,False,forward,loop,0,0.0,0.0,0.0,0.0,0.0,237.644,37.139,104.177,-8172.727,M,sensor,0.0,0.0,0.0,0,0,99.99,99.99,0.0,V,0.0,0.0,0.0,,,sensor,0.648,1.818,-142.641,-0.311,0.105,9.877,0.0,0.0,0.0,-2836.0,-4072.0,-5365.0,32.33,237.644,sensor,,,,,,,,,,,,,,,,,,,,,39.3239667813352,-0.5825883937068852,3,10,39.323652482071225,-0.583101446616098,23.77,0.0,0.0,9,100.0,500.0,0.0,1781192952.956,0,0,,,,,25.0,1,5.0,station_keeping,8.0,emergency_stop,,,,,,,,,False,0,,7.5,56.965,2146.191,3796.93,56.5,6.954,28.522,25.7,1056.007,2081.399,2084.102,usvrp,Linux
2026-06-11T15:50:34.693Z,False,MANUAL,REAL,ACTIVE,False,False,forward,loop,0,0.0,0.0,0.0,0.0,0.0,237.493,37.139,104.177,-8172.727,M,sensor,0.0,0.0,0.0,0,0,99.99,99.99,0.0,V,0.0,0.0,0.0,,,sensor,0.648,1.818,-142.641,-0.311,0.115,9.877,0.0,0.0,0.0,-2845.0,-4065.0,-5334.0,32.33,237.513,sensor,,,,,,,,,,,,,,,,,,,,,39.3239667813352,-0.5825883937068852,3,10,39.323652482071225,-0.583101446616098,23.78,0.0,0.0,9,100.0,500.0,0.0,1781192952.956,0,0,,,,,25.0,1,5.0,station_keeping,8.0,emergency_stop,,,,,,,,,False,0,,18.0,57.452,2146.816,3796.93,56.5,6.954,28.522,25.7,1057.007,2275.539,2259.381,usvrp,Linux
2026-06-11T15:50:35.693Z,False,MANUAL,REAL,ACTIVE,False,False,forward,loop,0,0.0,0.0,0.0,0.0,0.0,237.538,37.139,104.177,-8172.727,M,sensor,0.0,0.0,0.0,0,0,99.99,99.99,0.0,V,0.0,0.0,0.0,,,sensor,0.648,1.818,-142.641,-0.316,0.115,9.877,0.0,0.0,0.0,-2834.0,-4048.0,-5387.0,32.35,237.504,sensor,,,,,,,,,,,,,,,,,,,,,39.3239667813352,-0.5825883937068852,3,10,39.323652482071225,-0.583101446616098,23.78,0.0,0.0,9,100.0,500.0,0.0,1781192952.956,0,0,,,,,25.0,1,5.0,station_keeping,8.0,emergency_stop,,,,,,,,,False,0,,8.2,57.939,2146.305,3796.93,56.5,6.954,28.522,25.7,1058.008,2088.652,2096.075,usvrp,Linux
2026-06-11T15:50:36.693Z,False,MANUAL,REAL,ACTIVE,False,False,forward,loop,0,0.0,0.0,0.0,0.0,0.0,237.659,37.139,104.177,-8172.727,M,sensor,0.0,0.0,0.0,0,0,99.99,99.99,0.0,V,0.0,0.0,0.0,,,sensor,0.648,1.818,-142.641,-0.316,0.12,9.877,0.0,0.0,0.0,-2831.0,-4067.0,-5347.0,32.31,237.659,sensor,,,,,,,,,,,,,,,,,,,,,39.3239667813352,-0.5825883937068852,3,10,39.323652482071225,-0.583101446616098,23.78,0.0,0.0,9,100.0,500.0,0.0,1781192952.956,0,0,,,,,25.0,1,5.0,station_keeping,8.0,emergency_stop,,,,,,,,,False,0,,6.5,56.478,2145.613,3796.93,56.5,6.954,28.522,25.7,1059.008,2093.156,2095.212,usvrp,Linux
2026-06-11T15:50:37.693Z,False,MANUAL,REAL,ACTIVE,False,False,forward,loop,0,0.0,0.0,0.0,0.0,0.0,237.9,37.453,104.177,-8172.727,M,sensor,0.0,0.0,0.0,0,0,99.99,99.99,0.0,V,0.0,0.0,0.0,,,sensor,0.654,1.818,-142.641,-0.311,0.11,9.881,0.0,0.0,0.0,-2816.0,-4082.0,-5373.0,32.35,237.9,sensor,,,,,,,,,,,,,,,,,,,,,39.3239667813352,-0.5825883937068852,3,10,39.323652482071225,-0.583101446616098,23.78,0.0,0.0,9,100.0,500.0,0.0,1781192952.956,0,0,,,,,25.0,1,5.0,station_keeping,8.0,emergency_stop,,,,,,,,,False,0,,6.1,56.478,2144.984,3796.93,56.5,6.954,28.522,25.7,1060.008,2078.013,2082.796,usvrp,Linux
2026-06-11T15:50:38.693Z,False,MANUAL,REAL,ACTIVE,False,False,forward,loop,0,0.0,0.0,0.0,0.0,0.0,237.74,37.139,104.177,-8172.727,M,sensor,0.0,0.0,0.0,0,0,99.99,99.99,0.0,V,0.0,0.0,0.0,,,sensor,0.648,1.818,-142.641,-0.311,0.11,9.872,0.0,0.0,0.0,-2829.0,-4075.0,-5365.0,32.35,237.73,sensor,,,,,,,,,,,,,,,,,,,,,39.3239667813352,-0.5825883937068852,3,10,39.323652482071225,-0.583101446616098,23.78,0.0,0.0,9,100.0,500.0,0.0,1781192952.956,0,0,,,,,25.0,1,5.0,station_keeping,8.0,emergency_stop,,,,,,,,,False,0,,50.8,57.452,2010.805,3796.93,53.0,6.954,28.522,25.7,1061.008,2092.563,2096.387,usvrp,Linux
2026-06-11T15:50:39.693Z,False,MANUAL,REAL,ACTIVE,False,False,forward,loop,0,0.0,0.0,0.0,0.0,0.0,237.334,37.139,104.177,-8172.727,M,sensor,0.0,0.0,0.0,0,0,99.99,99.99,0.0,V,0.0,0.0,0.0,,,sensor,0.648,1.818,-142.641,-0.316,0.115,9.877,0.0,0.0,0.0,-2852.0,-4048.0,-5323.0,32.35,237.334,sensor,,,,,,,,,,,,,,,,,,,,,39.3239667813352,-0.5825883937068852,3,10,39.323652482071225,-0.583101446616098,23.77,0.0,0.0,9,100.0,500.0,0.0,1781192952.956,0,0,,,,,25.0,1,5.0,station_keeping,8.0,emergency_stop,,,,,,,,,False,0,,15.6,58.426,2011.457,3796.93,53.0,6.954,28.522,25.7,1062.008,2229.989,2223.814,usvrp,Linux
2026-06-11T15:50:40.693Z,False,MANUAL,REAL,ACTIVE,False,False,forward,loop,0,0.0,0.0,0.0,0.0,0.0,237.595,37.139,104.177,-8172.727,M,sensor,0.0,0.0,0.0,0,0,99.99,99.99,0.0,V,0.0,0.0,0.0,,,sensor,0.648,1.818,-142.641,-0.306,0.105,9.881,0.0,0.0,0.0,-2831.0,-4050.0,-5358.0,32.34,237.546,sensor,,,,,,,,,,,,,,,,,,,,,39.3239667813352,-0.5825883937068852,3,10,39.323652482071225,-0.583101446616098,23.76,0.0,0.0,9,100.0,500.0,0.0,1781192952.956,0,0,,,,,25.0,1,5.0,station_keeping,8.0,emergency_stop,,,,,,,,,False,0,,29.2,56.965,1990.27,3796.93,52.4,6.954,28.522,25.7,1063.008,2103.104,2120.862,usvrp,Linux
2026-06-11T15:50:41.693Z,False,MANUAL,REAL,ACTIVE,False,False,forward,loop,0,0.0,0.0,0.0,0.0,0.0,237.537,37.139,104.177,-8172.727,M,sensor,0.0,0.0,0.0,0,0,99.99,99.99,0.0,V,0.0,0.0,0.0,,,sensor,0.648,1.818,-142.641,-0.311,0.11,9.877,0.0,0.0,0.0,-2831.0,-4036.0,-5334.0,32.33,237.453,sensor,,,,,,,,,,,,,,,,,,,,,39.3239667813352,-0.5825883937068852,3,10,39.323652482071225,-0.583101446616098,23.76,0.0,0.0,9,100.0,500.0,0.0,1781192952.956,0,0,,,,,25.0,1,5.0,station_keeping,8.0,emergency_stop,,,,,,,,,False,0,,6.3,58.913,1989.539,3796.93,52.4,6.954,28.522,25.7,1064.008,2091.039,2093.294,usvrp,Linux
2026-06-11T15:50:42.693Z,False,MANUAL,REAL,ACTIVE,False,False,forward,loop,0,0.0,0.0,0.0,0.0,0.0,237.598,37.139,104.177,-8172.727,M,sensor,0.0,0.0,0.0,0,0,99.99,99.99,0.0,V,0.0,0.0,0.0,,,sensor,0.648,1.818,-142.641,-0.311,0.11,9.881,0.0,0.0,0.0,-2843.0,-4075.0,-5369.0,32.33,237.598,sensor,,,,,,,,,,,,,,,,,,,,,39.3239667813352,-0.5825883937068852,3,10,39.323652482071225,-0.583101446616098,23.78,0.0,0.0,9,100.0,500.0,0.0,1781192952.956,0,0,,,,,25.0,1,5.0,station_keeping,8.0,emergency_stop,,,,,,,,,False,0,,5.6,58.426,1987.59,3796.93,52.3,6.954,28.522,25.7,1065.008,2075.122,2081.137,usvrp,Linux
2026-06-11T15:50:43.694Z,False,MANUAL,REAL,ACTIVE,False,False,forward,loop,0,0.0,0.0,0.0,0.0,0.0,237.511,37.139,104.177,-8172.727,M,sensor,0.0,0.0,0.0,0,0,99.99,99.99,0.0,V,0.0,0.0,0.0,,,sensor,0.648,1.818,-142.641,-0.311,0.11,9.881,0.0,0.0,0.0,-2841.0,-4059.0,-5360.0,32.36,237.511,sensor,,,,,,,,,,,,,,,,,,,,,39.3239667813352,-0.5825883937068852,3,10,39.323652482071225,-0.583101446616098,23.78,0.0,0.0,9,100.0,500.0,0.0,1781192952.956,0,0,,,,,25.0,1,5.0,station_keeping,8.0,emergency_stop,,,,,,,,,False,0,,7.3,56.965,1985.48,3796.93,52.3,6.954,28.522,25.7,1066.008,2101.478,2105.238,usvrp,Linux
2026-06-11T15:50:44.694Z,False,MANUAL,REAL,ACTIVE,False,False,forward,loop,0,0.0,0.0,0.0,0.0,0.0,237.476,37.453,104.177,-8172.727,M,sensor,0.0,0.0,0.0,0,0,99.99,99.99,0.0,V,0.0,0.0,0.0,,,sensor,0.654,1.818,-142.641,-0.321,0.115,9.881,0.0,0.0,0.0,-2837.0,-4051.0,-5348.0,32.36,237.496,sensor,,,,,,,,,,,,,,,,,,,,,39.3239667813352,-0.5825883937068852,3,10,39.323652482071225,-0.583101446616098,23.78,0.0,0.0,9,100.0,500.0,0.0,1781192952.956,0,0,,,,,25.0,1,5.0,station_keeping,8.0,emergency_stop,,,,,,,,,False,0,,15.9,57.939,1986.047,3796.93,52.3,6.954,28.522,25.7,1067.009,2032.784,2047.806,usvrp,Linux
2026-06-11T15:50:45.694Z,False,MANUAL,REAL,ACTIVE,False,False,forward,loop,0,0.0,0.0,0.0,0.0,0.0,237.624,37.139,104.177,-8172.727,M,sensor,0.0,0.0,0.0,0,0,99.99,99.99,0.0,V,0.0,0.0,0.0,,,sensor,0.654,1.818,-142.641,-0.311,0.11,9.877,0.0,0.0,0.0,-2836.0,-4075.0,-5377.0,32.38,237.664,sensor,,,,,,,,,,,,,,,,,,,,,39.3239667813352,-0.5825883937068852,3,10,39.323652482071225,-0.583101446616098,23.78,0.0,0.0,9,100.0,500.0,0.0,1781192952.956,0,0,,,,,25.0,1,5.0,station_keeping,8.0,emergency_stop,,,,,,,,,False,0,,12.7,57.452,1983.746,3796.93,52.2,6.954,28.522,25.7,1068.009,2099.422,2114.476,usvrp,Linux
2026-06-11T15:50:46.693Z,False,MANUAL,REAL,ACTIVE,False,False,forward,loop,0,0.0,0.0,0.0,0.0,0.0,237.347,37.453,104.177,-8172.727,M,sensor,0.0,0.0,0.0,0,0,99.99,99.99,0.0,V,0.0,0.0,0.0,,,sensor,0.654,1.818,-142.641,-0.316,0.11,9.886,0.0,0.0,0.0,-2843.0,-4039.0,-5318.0,32.35,237.359,sensor,,,,,,,,,,,,,,,,,,,,,39.3239667813352,-0.5825883937068852,3,10,39.323652482071225,-0.583101446616098,23.78,0.0,0.0,9,100.0,500.0,0.0,1781192952.956,0,0,,,,,25.0,1,5.0,station_keeping,8.0,emergency_stop,,,,,,,,,False,0,,10.5,57.939,1982.531,3796.93,52.2,6.954,28.522,25.7,1069.009,2089.445,2091.845,usvrp,Linux
2026-06-11T15:50:47.693Z,False,MANUAL,REAL,ACTIVE,False,False,forward,loop,0,0.0,0.0,0.0,0.0,0.0,237.593,37.453,104.492,-8172.727,M,sensor,0.0,0.0,0.0,0,0,99.99,99.99,0.0,V,0.0,0.0,0.0,,,sensor,0.648,1.824,-142.641,-0.311,0.11,9.877,0.0,0.0,0.0,-2838.0,-4092.0,-5371.0,32.36,237.757,sensor,,,,,,,,,,,,,,,,,,,,,39.3239667813352,-0.5825883937068852,3,10,39.323652482071225,-0.583101446616098,23.79,0.0,0.0,9,100.0,500.0,0.0,1781192952.956,0,0,,,,,25.0,1,5.0,station_keeping,8.0,emergency_stop,,,,,,,,,False,0,,10.7,56.478,1981.094,3796.93,52.2,6.954,28.522,25.7,1070.009,2085.093,2090.156,usvrp,Linux
2026-06-11T15:50:48.693Z,False,MANUAL,REAL,ACTIVE,False,False,forward,loop,0,0.0,0.0,0.0,0.0,0.0,237.393,37.139,104.177,-8172.727,M,sensor,0.0,0.0,0.0,0,0,99.99,99.99,0.0,V,0.0,0.0,0.0,,,sensor,0.648,1.818,-142.641,-0.311,0.105,9.891,0.0,0.0,0.0,-2864.0,-4074.0,-5374.0,32.35,237.393,sensor,,,,,,,,,,,,,,,,,,,,,39.3239667813352,-0.5825883937068852,3,10,39.323652482071225,-0.583101446616098,23.81,0.0,0.0,9,100.0,500.0,0.0,1781192952.956,0,0,,,,,25.0,1,5.0,station_keeping,8.0,emergency_stop,,,,,,,,,False,0,,9.8,56.478,1979.227,3796.93,52.1,6.954,28.522,25.7,1071.009,2081.551,2085.518,usvrp,Linux
2026-06-11T15:50:49.693Z,False,MANUAL,REAL,ACTIVE,False,False,forward,loop,0,0.0,0.0,0.0,0.0,0.0,237.633,37.139,104.177,-8172.727,M,sensor,0.0,0.0,0.0,0,0,99.99,99.99,0.0,V,0.0,0.0,0.0,,,sensor,0.648,1.818,-142.641,-0.316,0.11,9.891,0.0,0.0,0.0,-2826.0,-4056.0,-5361.0,32.33,237.633,sensor,,,,,,,,,,,,,,,,,,,,,39.3239667813352,-0.5825883937068852,3,10,39.323652482071225,-0.583101446616098,23.81,0.0,0.0,9,100.0,500.0,0.0,1781192952.956,0,0,,,,,25.0,1,5.0,station_keeping,8.0,emergency_stop,,,,,,,,,False,0,,16.6,57.452,1981.801,3796.93,52.2,6.954,28.522,25.7,1072.01,2096.457,2103.525,usvrp,Linux
2026-06-11T15:50:50.693Z,False,MANUAL,REAL,ACTIVE,False,False,forward,loop,0,0.0,0.0,0.0,0.0,0.0,237.502,36.824,104.492,-8172.727,M,sensor,0.0,0.0,0.0,0,0,99.99,99.99,0.0,V,0.0,0.0,0.0,,,sensor,0.643,1.824,-142.641,-0.316,0.11,9.881,0.0,0.0,0.0,-2837.0,-4052.0,-5354.0,32.33,237.502,sensor,,,,,,,,,,,,,,,,,,,,,39.3239667813352,-0.5825883937068852,3,10,39.323652482071225,-0.583101446616098,23.77,0.0,0.0,9,100.0,500.0,0.0,1781192952.956,0,0,,,,,25.0,1,5.0,station_keeping,8.0,emergency_stop,,,,,,,,,False,0,,11.3,57.452,1978.418,3796.93,52.1,6.954,28.522,25.7,1073.01,2158.191,2170.589,usvrp,Linux
2026-06-11T15:50:51.693Z,False,MANUAL,REAL,ACTIVE,False,False,forward,loop,0,0.0,0.0,0.0,0.0,0.0,237.647,36.824,104.492,-8172.727,M,sensor,0.0,0.0,0.0,0,0,99.99,99.99,0.0,V,0.0,0.0,0.0,,,sensor,0.643,1.824,-142.641,-0.311,0.1,9.896,0.0,0.0,0.0,-2835.0,-4071.0,-5347.0,32.35,237.647,sensor,,,,,,,,,,,,,,,,,,,,,39.3239667813352,-0.5825883937068852,3,10,39.323652482071225,-0.583101446616098,23.77,0.0,0.0,9,100.0,500.0,0.0,1781192952.956,0,0,,,,,25.0,1,5.0,station_keeping,8.0,emergency_stop,,,,,,,,,False,0,,6.6,57.452,1977.406,3796.93,52.1,6.954,28.522,25.7,1074.01,2151.602,2124.765,usvrp,Linux
2026-06-11T15:50:52.693Z,False,MANUAL,REAL,ACTIVE,False,False,forward,loop,0,0.0,0.0,0.0,0.0,0.0,237.625,36.824,104.492,-8172.727,M,sensor,0.0,0.0,0.0,0,0,99.99,99.99,0.0,V,0.0,0.0,0.0,,,sensor,0.643,1.824,-142.641,-0.316,0.105,9.877,0.0,0.0,0.0,-2844.0,-4095.0,-5316.0,32.35,237.72,sensor,,,,,,,,,,,,,,,,,,,,,39.3239667813352,-0.5825883937068852,3,10,39.323652482071225,-0.583101446616098,23.78,0.0,0.0,9,100.0,500.0,0.0,1781192952.956,0,0,,,,,25.0,1,5.0,station_keeping,8.0,emergency_stop,,,,,,,,,False,0,,5.8,57.452,1975.531,3796.93,52.0,6.954,28.522,25.7,1075.01,2081.386,2083.61,usvrp,Linux
2026-06-11T15:50:53.694Z,False,MANUAL,REAL,ACTIVE,False,False,forward,loop,0,0.0,0.0,0.0,0.0,0.0,237.833,37.139,104.492,-8172.727,M,sensor,0.0,0.0,0.0,0,0,99.99,99.99,0.0,V,0.0,0.0,0.0,,,sensor,0.648,1.824,-142.641,-0.311,0.11,9.872,0.0,0.0,0.0,-2814.0,-4060.0,-5357.0,32.32,237.774,sensor,,,,,,,,,,,,,,,,,,,,,39.3239667813352,-0.5825883937068852,3,10,39.323652482071225,-0.583101446616098,23.78,0.0,0.0,9,100.0,500.0,0.0,1781192952.956,0,0,,,,,25.0,1,5.0,station_keeping,8.0,emergency_stop,,,,,,,,,False,0,,6.5,56.965,1974.695,3796.93,52.0,6.954,28.522,25.7,1076.01,2075.252,2081.634,usvrp,Linux
2026-06-11T15:50:54.694Z,False,MANUAL,REAL,ACTIVE,False,False,forward,loop,0,0.0,0.0,0.0,0.0,0.0,237.734,37.139,104.492,-8172.727,M,sensor,0.0,0.0,0.0,0,0,99.99,99.99,0.0,V,0.0,0.0,0.0,,,sensor,0.648,1.824,-142.641,-0.316,0.115,9.886,0.0,0.0,0.0,-2821.0,-4064.0,-5370.0,32.43,237.734,sensor,,,,,,,,,,,,,,,,,,,,,39.3239667813352,-0.5825883937068852,3,10,39.323652482071225,-0.583101446616098,23.78,0.0,0.0,9,100.0,500.0,0.0,1781192952.956,0,0,,,,,25.0,1,5.0,station_keeping,8.0,emergency_stop,,,,,,,,,False,0,,30.1,58.913,2023.938,3796.93,53.3,6.954,28.522,25.7,1077.011,2432.284,2281.133,usvrp,Linux
2026-06-11T15:50:55.693Z,False,MANUAL,REAL,ACTIVE,False,False,forward,loop,0,0.0,0.0,0.0,0.0,0.0,237.631,37.139,104.177,-8172.727,M,sensor,0.0,0.0,0.0,0,0,99.99,99.99,0.0,V,0.0,0.0,0.0,,,sensor,0.648,1.818,-142.641,-0.316,0.11,9.872,0.0,0.0,0.0,-2843.0,-4080.0,-5359.0,32.32,237.631,sensor,,,,,,,,,,,,,,,,,,,,,39.3239667813352,-0.5825883937068852,3,10,39.323652482071225,-0.583101446616098,23.69,0.0,0.0,9,100.0,500.0,0.0,1781192952.956,0,0,,,,,25.0,1,5.0,station_keeping,8.0,emergency_stop,,,,,,,,,False,0,,53.9,58.913,2154.879,3796.93,56.8,6.954,28.522,25.7,1078.011,2163.903,2191.627,usvrp,Linux
2026-06-11T15:50:56.693Z,False,MANUAL,REAL,ACTIVE,False,False,forward,loop,0,0.0,0.0,0.0,0.0,0.0,237.622,36.824,104.177,-8172.727,M,sensor,0.0,0.0,0.0,0,0,99.99,99.99,0.0,V,0.0,0.0,0.0,,,sensor,0.643,1.818,-142.641,-0.321,0.105,9.881,0.0,0.0,0.0,-2841.0,-4047.0,-5363.0,32.33,237.431,sensor,,,,,,,,,,,,,,,,,,,,,39.3239667813352,-0.5825883937068852,3,10,39.323652482071225,-0.583101446616098,23.69,0.0,0.0,9,100.0,500.0,0.0,1781192952.956,0,0,,,,,25.0,1,5.0,station_keeping,8.0,emergency_stop,,,,,,,,,False,0,,18.4,57.939,2159.145,3796.93,56.9,6.954,28.522,25.7,1079.011,2258.966,2317.623,usvrp,Linux
2026-06-11T15:50:57.693Z,False,MANUAL,REAL,ACTIVE,False,False,forward,loop,0,0.0,0.0,0.0,0.0,0.0,237.595,36.824,104.177,-8172.727,M,sensor,0.0,0.0,0.0,0,0,99.99,99.99,0.0,V,0.0,0.0,0.0,,,sensor,0.643,1.818,-142.641,-0.316,0.11,9.881,0.0,0.0,0.0,-2830.0,-4056.0,-5366.0,32.41,237.595,sensor,,,,,,,,,,,,,,,,,,,,,39.3239667813352,-0.5825883937068852,3,10,39.323652482071225,-0.583101446616098,23.77,0.0,0.0,9,100.0,500.0,0.0,1781192952.956,0,0,,,,,25.0,1,5.0,station_keeping,8.0,emergency_stop,,,,,,,,,False,0,,14.9,58.426,2160.129,3796.93,56.9,6.954,28.522,25.7,1080.011,2104.431,2103.071,usvrp,Linux
2026-06-11T15:50:58.693Z,False,MANUAL,REAL,ACTIVE,False,False,forward,loop,0,0.0,0.0,0.0,0.0,0.0,237.449,37.139,103.863,-8172.727,M,sensor,0.0,0.0,0.0,0,0,99.99,99.99,0.0,V,0.0,0.0,0.0,,,sensor,0.648,1.813,-142.641,-0.311,0.11,9.877,0.0,0.0,0.0,-2856.0,-4071.0,-5349.0,32.34,237.449,sensor,,,,,,,,,,,,,,,,,,,,,39.3239667813352,-0.5825883937068852,3,10,39.323652482071225,-0.583101446616098,23.77,0.0,0.0,9,100.0,500.0,0.0,1781192952.956,0,0,,,,,25.0,1,5.0,station_keeping,8.0,emergency_stop,,,,,,,,,False,0,,10.2,58.426,2160.219,3796.93,56.9,6.954,28.522,25.7,1081.011,2211.302,3409.855,usvrp,Linux
2026-06-11T15:50:59.693Z,False,MANUAL,REAL,ACTIVE,False,False,forward,loop,0,0.0,0.0,0.0,0.0,0.0,237.868,37.139,104.177,-8172.727,M,sensor,0.0,0.0,0.0,0,0,99.99,99.99,0.0,V,0.0,0.0,0.0,,,sensor,0.648,1.818,-142.641,-0.311,0.11,9.886,0.0,0.0,0.0,-2829.0,-4096.0,-5362.0,32.33,237.868,sensor,,,,,,,,,,,,,,,,,,,,,39.3239667813352,-0.5825883937068852,3,10,39.323652482071225,-0.583101446616098,23.77,0.0,0.0,9,100.0,500.0,0.0,1781192952.956,0,0,,,,,25.0,1,5.0,station_keeping,8.0,emergency_stop,,,,,,,,,False,0,,6.1,57.452,2159.965,3796.93,56.9,6.954,28.522,25.7,1082.012,2103.446,2107.781,usvrp,Linux
2026-06-11T15:51:00.693Z,False,MANUAL,REAL,ACTIVE,False,False,forward,loop,0,0.0,0.0,0.0,0.0,0.0,237.511,37.139,104.177,-8172.727,M,sensor,0.0,0.0,0.0,0,0,99.99,99.99,0.0,V,0.0,0.0,0.0,,,sensor,0.648,1.818,-142.641,-0.316,0.115,9.881,0.0,0.0,0.0,-2848.0,-4069.0,-5380.0,32.36,237.511,sensor,,,,,,,,,,,,,,,,,,,,,39.3239667813352,-0.5825883937068852,3,10,39.323652482071225,-0.583101446616098,23.78,0.0,0.0,9,100.0,500.0,0.0,1781192952.956,0,0,,,,,25.0,1,5.0,station_keeping,8.0,emergency_stop,,,,,,,,,False,0,,15.3,57.452,2161.191,3796.93,56.9,6.954,28.522,25.7,1083.012,2161.828,2175.074,usvrp,Linux
2026-06-11T15:51:01.693Z,False,MANUAL,REAL,ACTIVE,False,False,forward,loop,0,0.0,0.0,0.0,0.0,0.0,237.594,37.453,104.177,-8172.727,M,sensor,0.0,0.0,0.0,0,0,99.99,99.99,0.0,V,0.0,0.0,0.0,,,sensor,0.654,1.818,-142.641,-0.311,0.105,9.9,0.0,0.0,0.0,-2842.0,-4073.0,-5372.0,32.35,237.594,sensor,,,,,,,,,,,,,,,,,,,,,39.3239667813352,-0.5825883937068852,3,10,39.323652482071225,-0.583101446616098,23.78,0.0,0.0,9,100.0,500.0,0.0,1781192952.956,0,0,,,,,25.0,1,5.0,station_keeping,8.0,emergency_stop,,,,,,,,,False,0,,6.1,57.939,2160.383,3796.93,56.9,6.954,28.522,25.7,1084.012,2102.537,2106.808,usvrp,Linux
2026-06-11T15:51:02.693Z,False,MANUAL,REAL,ACTIVE,False,False,forward,loop,0,0.0,0.0,0.0,0.0,0.0,237.642,37.139,104.177,-8172.727,M,sensor,0.0,0.0,0.0,0,0,99.99,99.99,0.0,V,0.0,0.0,0.0,,,sensor,0.648,1.818,-142.641,-0.321,0.11,9.881,0.0,0.0,0.0,-2826.0,-4073.0,-5357.0,32.32,237.746,sensor,,,,,,,,,,,,,,,,,,,,,39.3239667813352,-0.5825883937068852,3,10,39.323652482071225,-0.583101446616098,23.78,0.0,0.0,9,100.0,500.0,0.0,1781192952.956,0,0,,,,,25.0,1,5.0,station_keeping,8.0,emergency_stop,,,,,,,,,False,0,,9.4,58.913,2158.633,3796.93,56.9,6.954,28.522,25.7,1085.012,2085.076,2087.484,usvrp,Linux
2026-06-11T15:51:03.693Z,False,MANUAL,REAL,ACTIVE,False,False,forward,loop,0,0.0,0.0,0.0,0.0,0.0,237.593,37.139,104.177,-8172.727,M,sensor,0.0,0.0,0.0,0,0,99.99,99.99,0.0,V,0.0,0.0,0.0,,,sensor,0.648,1.818,-142.641,-0.311,0.115,9.877,0.0,0.0,0.0,-2831.0,-4060.0,-5344.0,32.35,237.612,sensor,,,,,,,,,,,,,,,,,,,,,39.3239667813352,-0.5825883937068852,3,10,39.323652482071225,-0.583101446616098,23.78,0.0,0.0,9,100.0,500.0,0.0,1781192952.956,0,0,,,,,25.0,1,5.0,station_keeping,8.0,emergency_stop,,,,,,,,,False,0,,5.6,57.939,2153.02,3796.93,56.7,6.954,28.522,25.7,1086.012,2077.667,2083.458,usvrp,Linux
2026-06-11T15:51:04.693Z,False,MANUAL,REAL,ACTIVE,False,False,forward,loop,0,0.0,0.0,0.0,0.0,0.0,237.564,37.139,104.492,-8172.727,M,sensor,0.0,0.0,0.0,0,0,99.99,99.99,0.0,V,0.0,0.0,0.0,,,sensor,0.648,1.824,-142.641,-0.316,0.105,9.872,0.0,0.0,0.0,-2847.0,-4042.0,-5368.0,32.38,237.341,sensor,,,,,,,,,,,,,,,,,,,,,39.3239667813352,-0.5825883937068852,3,10,39.323652482071225,-0.583101446616098,23.78,0.0,0.0,9,100.0,500.0,0.0,1781192952.956,0,0,,,,,25.0,1,5.0,station_keeping,8.0,emergency_stop,,,,,,,,,False,0,,6.1,57.452,2149.613,3796.93,56.6,6.954,28.522,25.7,1087.012,2093.501,2117.283,usvrp,Linux
2026-06-11T15:51:05.693Z,False,MANUAL,REAL,ACTIVE,False,False,forward,loop,0,0.0,0.0,0.0,0.0,0.0,237.768,37.139,104.177,-8172.727,M,sensor,0.0,0.0,0.0,0,0,99.99,99.99,0.0,V,0.0,0.0,0.0,,,sensor,0.643,1.818,-142.641,-0.316,0.11,9.877,0.0,0.0,0.0,-2829.0,-4086.0,-5333.0,32.35,237.803,sensor,,,,,,,,,,,,,,,,,,,,,39.3239667813352,-0.5825883937068852,3,10,39.323652482071225,-0.583101446616098,23.78,0.0,0.0,9,100.0,500.0,0.0,1781192952.956,0,0,,,,,25.0,1,5.0,station_keeping,8.0,emergency_stop,,,,,,,,,False,0,,16.3,58.426,2144.734,3796.93,56.5,6.954,28.522,25.7,1088.012,2153.435,2160.834,usvrp,Linux
2026-06-11T15:51:06.693Z,False,MANUAL,REAL,ACTIVE,False,False,forward,loop,0,0.0,0.0,0.0,0.0,0.0,237.534,37.139,104.177,-8172.727,M,sensor,0.0,0.0,0.0,0,0,99.99,99.99,0.0,V,0.0,0.0,0.0,,,sensor,0.648,1.818,-142.641,-0.311,0.11,9.881,0.0,0.0,0.0,-2837.0,-4057.0,-5345.0,32.35,237.535,sensor,,,,,,,,,,,,,,,,,,,,,39.3239667813352,-0.5825883937068852,3,10,39.323652482071225,-0.583101446616098,23.79,0.0,0.0,9,100.0,500.0,0.0,1781192952.956,0,0,,,,,25.0,1,5.0,station_keeping,8.0,emergency_stop,,,,,,,,,False,0,,6.9,56.965,2142.402,3796.93,56.4,6.954,28.522,25.7,1089.012,2109.888,2115.184,usvrp,Linux
2026-06-11T15:51:07.693Z,False,MANUAL,REAL,ACTIVE,False,False,forward,loop,0,0.0,0.0,0.0,0.0,0.0,237.349,37.139,104.492,-8172.727,M,sensor,0.0,0.0,0.0,0,0,99.99,99.99,0.0,V,0.0,0.0,0.0,,,sensor,0.648,1.824,-142.641,-0.306,0.11,9.867,0.0,0.0,0.0,-2844.0,-4039.0,-5374.0,32.36,237.349,sensor,,,,,,,,,,,,,,,,,,,,,39.3239667813352,-0.5825883937068852,3,10,39.323652482071225,-0.583101446616098,23.79,0.0,0.0,9,100.0,500.0,0.0,1781192952.956,0,0,,,,,25.0,1,5.0,station_keeping,8.0,emergency_stop,,,,,,,,,False,0,,7.8,57.939,2140.652,3796.93,56.4,6.954,28.522,25.7,1090.012,2240.845,2107.212,usvrp,Linux
2026-06-11T15:51:08.693Z,False,MANUAL,REAL,ACTIVE,False,False,forward,loop,0,0.0,0.0,0.0,0.0,0.0,237.63,37.139,104.177,-8172.727,M,sensor,0.0,0.0,0.0,0,0,99.99,99.99,0.0,V,0.0,0.0,0.0,,,sensor,0.648,1.818,-142.641,-0.311,0.1,9.877,0.0,0.0,0.0,-2838.0,-4054.0,-5383.0,32.38,237.506,sensor,,,,,,,,,,,,,,,,,,,,,39.3239667813352,-0.5825883937068852,3,10,39.323652482071225,-0.583101446616098,23.78,0.0,0.0,9,100.0,500.0,0.0,1781192952.956,0,0,,,,,25.0,1,5.0,station_keeping,8.0,emergency_stop,,,,,,,,,False,0,,16.8,57.939,2139.195,3796.93,56.3,6.954,28.522,25.7,1091.013,2444.927,2271.811,usvrp,Linux
2026-06-11T15:51:09.694Z,False,MANUAL,REAL,ACTIVE,False,False,forward,loop,0,0.0,0.0,0.0,0.0,0.0,237.502,37.139,104.177,-8172.727,M,sensor,0.0,0.0,0.0,0,0,99.99,99.99,0.0,V,0.0,0.0,0.0,,,sensor,0.648,1.818,-142.641,-0.316,0.105,9.872,0.0,0.0,0.0,-2844.0,-4062.0,-5364.0,32.35,237.502,sensor,,,,,,,,,,,,,,,,,,,,,39.3239667813352,-0.5825883937068852,3,10,39.323652482071225,-0.583101446616098,23.78,0.0,0.0,9,100.0,500.0,0.0,1781192952.956,0,0,,,,,25.0,1,5.0,station_keeping,8.0,emergency_stop,,,,,,,,,False,0,,9.5,57.939,2139.277,3796.93,56.3,6.954,28.522,25.7,1092.013,2155.898,2172.089,usvrp,Linux
2026-06-11T15:51:10.694Z,False,MANUAL,REAL,ACTIVE,False,False,forward,loop,0,0.0,0.0,0.0,0.0,0.0,237.576,37.139,104.492,-8172.727,M,sensor,0.0,0.0,0.0,0,0,99.99,99.99,0.0,V,0.0,0.0,0.0,,,sensor,0.648,1.824,-142.641,-0.316,0.11,9.877,0.0,0.0,0.0,-2846.0,-4076.0,-5352.0,32.35,237.576,sensor,,,,,,,,,,,,,,,,,,,,,39.3239667813352,-0.5825883937068852,3,10,39.323652482071225,-0.583101446616098,23.78,0.0,0.0,9,100.0,500.0,0.0,1781192952.956,0,0,,,,,25.0,1,5.0,station_keeping,8.0,emergency_stop,,,,,,,,,False,0,,20.8,57.452,2138.355,3796.93,56.3,6.954,28.522,25.7,1093.013,2180.02,3486.712,usvrp,Linux
2026-06-11T15:51:11.693Z,False,MANUAL,REAL,ACTIVE,False,False,forward,loop,0,0.0,0.0,0.0,0.0,0.0,237.611,37.139,104.177,-8172.727,M,sensor,0.0,0.0,0.0,0,0,99.99,99.99,0.0,V,0.0,0.0,0.0,,,sensor,0.648,1.818,-142.641,-0.321,0.1,9.872,0.0,0.0,0.0,-2838.0,-4080.0,-5358.0,32.35,237.678,sensor,,,,,,,,,,,,,,,,,,,,,39.3239667813352,-0.5825883937068852,3,10,39.323652482071225,-0.583101446616098,23.78,0.0,0.0,9,100.0,500.0,0.0,1781192952.956,0,0,,,,,25.0,1,5.0,station_keeping,8.0,emergency_stop,,,,,,,,,False,0,,9.0,57.939,2137.863,3796.93,56.3,6.954,28.522,25.7,1094.013,2121.917,2128.301,usvrp,Linux
2026-06-11T15:51:12.694Z,False,MANUAL,REAL,ACTIVE,False,False,forward,loop,0,0.0,0.0,0.0,0.0,0.0,237.651,37.139,104.177,-8172.727,M,sensor,0.0,0.0,0.0,0,0,99.99,99.99,0.0,V,0.0,0.0,0.0,,,sensor,0.648,1.824,-142.641,-0.316,0.115,9.867,0.0,0.0,0.0,-2841.0,-4088.0,-5359.0,32.36,237.702,sensor,,,,,,,,,,,,,,,,,,,,,39.3239667813352,-0.5825883937068852,3,10,39.323652482071225,-0.583101446616098,23.78,0.0,0.0,9,100.0,500.0,0.0,1781192952.956,0,0,,,,,25.0,1,5.0,station_keeping,8.0,emergency_stop,,,,,,,,,False,0,,7.3,57.939,2137.012,3796.93,56.3,6.954,28.522,25.7,1095.013,2089.356,2091.804,usvrp,Linux
2026-06-11T15:51:13.693Z,False,MANUAL,REAL,ACTIVE,False,False,forward,loop,0,0.0,0.0,0.0,0.0,0.0,237.685,37.139,104.492,-8172.727,M,sensor,0.0,0.0,0.0,0,0,99.99,99.99,0.0,V,0.0,0.0,0.0,,,sensor,0.648,1.824,-142.641,-0.316,0.105,9.881,0.0,0.0,0.0,-2841.0,-4068.0,-5345.0,32.37,237.57,sensor,,,,,,,,,,,,,,,,,,,,,39.3239667813352,-0.5825883937068852,3,10,39.323652482071225,-0.583101446616098,23.78,0.0,0.0,9,100.0,500.0,0.0,1781192952.956,0,0,,,,,25.0,1,5.0,station_keeping,8.0,emergency_stop,,,,,,,,,False,0,,7.8,58.913,2136.324,3796.93,56.3,6.954,28.522,25.7,1096.013,2114.233,2095.931,usvrp,Linux
2026-06-11T15:51:14.693Z,False,MANUAL,REAL,ACTIVE,False,False,forward,loop,0,0.0,0.0,0.0,0.0,0.0,237.789,37.139,104.492,-8172.727,M,sensor,0.0,0.0,0.0,0,0,99.99,99.99,0.0,V,0.0,0.0,0.0,,,sensor,0.648,1.824,-142.641,-0.306,0.105,9.881,0.0,0.0,0.0,-2839.0,-4097.0,-5352.0,32.34,237.78,sensor,,,,,,,,,,,,,,,,,,,,,39.3239667813352,-0.5825883937068852,3,10,39.323652482071225,-0.583101446616098,23.78,0.0,0.0,9,100.0,500.0,0.0,1781192952.956,0,0,,,,,25.0,1,5.0,station_keeping,8.0,emergency_stop,,,,,,,,,False,0,,7.4,58.426,2137.762,3796.93,56.3,6.954,28.522,25.7,1097.013,2101.21,2103.85,usvrp,Linux
2026-06-11T15:51:15.693Z,False,MANUAL,REAL,ACTIVE,False,False,forward,loop,0,0.0,0.0,0.0,0.0,0.0,237.759,37.139,104.492,-8172.727,M,sensor,0.0,0.0,0.0,0,0,99.99,99.99,0.0,V,0.0,0.0,0.0,,,sensor,0.648,1.824,-142.641,-0.316,0.105,9.877,0.0,0.0,0.0,-2839.0,-4067.0,-5370.0,32.41,237.583,sensor,,,,,,,,,,,,,,,,,,,,,39.3239667813352,-0.5825883937068852,3,10,39.323652482071225,-0.583101446616098,23.78,0.0,0.0,9,100.0,500.0,0.0,1781192952.956,0,0,,,,,25.0,1,5.0,station_keeping,8.0,emergency_stop,,,,,,,,,False,0,,13.3,57.939,2137.234,3796.93,56.3,6.954,28.522,25.7,1098.013,2084.554,2088.265,usvrp,Linux
2026-06-11T15:51:16.693Z,False,MANUAL,REAL,ACTIVE,False,False,forward,loop,0,0.0,0.0,0.0,0.0,0.0,237.298,37.139,104.492,-8172.727,M,sensor,0.0,0.0,0.0,0,0,99.99,99.99,0.0,V,0.0,0.0,0.0,,,sensor,0.648,1.824,-142.641,-0.311,0.11,9.886,0.0,0.0,0.0,-2848.0,-4037.0,-5374.0,32.38,237.298,sensor,,,,,,,,,,,,,,,,,,,,,39.3239667813352,-0.5825883937068852,3,10,39.323652482071225,-0.583101446616098,23.75,0.0,0.0,9,100.0,500.0,0.0,1781192952.956,0,0,,,,,25.0,1,5.0,station_keeping,8.0,emergency_stop,,,,,,,,,False,0,,19.6,58.426,2136.152,3796.93,56.3,6.954,28.522,25.7,1099.013,2316.39,2281.682,usvrp,Linux
2026-06-11T15:51:17.693Z,False,MANUAL,REAL,ACTIVE,False,False,forward,loop,0,0.0,0.0,0.0,0.0,0.0,237.565,36.824,104.177,-8172.727,M,sensor,0.0,0.0,0.0,0,0,99.99,99.99,0.0,V,0.0,0.0,0.0,,,sensor,0.643,1.818,-142.641,-0.316,0.115,9.877,0.0,0.0,0.0,-2843.0,-4070.0,-5339.0,32.38,237.565,sensor,,,,,,,,,,,,,,,,,,,,,39.3239667813352,-0.5825883937068852,3,10,39.323652482071225,-0.583101446616098,23.75,0.0,0.0,9,100.0,500.0,0.0,1781192952.956,0,0,,,,,25.0,1,5.0,station_keeping,8.0,emergency_stop,,,,,,,,,False,0,,11.1,58.426,2136.98,3796.93,56.3,6.954,28.522,25.7,1100.014,2115.205,2117.213,usvrp,Linux
2026-06-11T15:51:18.693Z,False,MANUAL,REAL,ACTIVE,False,False,forward,loop,0,0.0,0.0,0.0,0.0,0.0,237.57,37.139,104.177,-8172.727,M,sensor,0.0,0.0,0.0,0,0,99.99,99.99,0.0,V,0.0,0.0,0.0,,,sensor,0.648,1.818,-142.641,-0.311,0.115,9.881,0.0,0.0,0.0,-2841.0,-4068.0,-5384.0,32.38,237.57,sensor,,,,,,,,,,,,,,,,,,,,,39.3239667813352,-0.5825883937068852,3,10,39.323652482071225,-0.583101446616098,23.77,0.0,0.0,9,100.0,500.0,0.0,1781192952.956,0,0,,,,,25.0,1,5.0,station_keeping,8.0,emergency_stop,,,,,,,,,False,0,,6.9,56.965,2140.336,3796.93,56.4,6.954,28.522,25.7,1101.014,2103.799,3429.969,usvrp,Linux
2026-06-11T15:51:19.693Z,False,MANUAL,REAL,ACTIVE,False,False,forward,loop,0,0.0,0.0,0.0,0.0,0.0,237.597,36.824,104.177,-8172.727,M,sensor,0.0,0.0,0.0,0,0,99.99,99.99,0.0,V,0.0,0.0,0.0,,,sensor,0.643,1.818,-142.641,-0.316,0.115,9.877,0.0,0.0,0.0,-2841.0,-4072.0,-5346.0,32.37,237.597,sensor,,,,,,,,,,,,,,,,,,,,,39.3239667813352,-0.5825883937068852,3,10,39.323652482071225,-0.583101446616098,23.77,0.0,0.0,9,100.0,500.0,0.0,1781192952.956,0,0,,,,,25.0,1,5.0,station_keeping,8.0,emergency_stop,,,,,,,,,False,0,,8.3,58.426,2141.582,3796.93,56.4,6.954,28.522,25.7,1102.014,2098.124,2101.988,usvrp,Linux
2026-06-11T15:51:20.693Z,False,MANUAL,REAL,ACTIVE,False,False,forward,loop,0,0.0,0.0,0.0,0.0,0.0,237.374,37.139,104.492,-8172.727,M,sensor,0.0,0.0,0.0,0,0,99.99,99.99,0.0,V,0.0,0.0,0.0,,,sensor,0.648,1.824,-142.641,-0.306,0.105,9.881,0.0,0.0,0.0,-2847.0,-4047.0,-5328.0,32.36,237.374,sensor,,,,,,,,,,,,,,,,,,,,,39.3239667813352,-0.5825883937068852,3,10,39.323652482071225,-0.583101446616098,23.79,0.0,0.0,9,100.0,500.0,0.0,1781192952.956,0,0,,,,,25.0,1,5.0,station_keeping,8.0,emergency_stop,,,,,,,,,False,0,,6.6,56.965,2141.223,3796.93,56.4,6.954,28.522,25.7,1103.014,2091.91,2097.349,usvrp,Linux
2026-06-11T15:51:21.693Z,False,MANUAL,REAL,ACTIVE,False,False,forward,loop,0,0.0,0.0,0.0,0.0,0.0,237.427,37.139,104.177,-8172.727,M,sensor,0.0,0.0,0.0,0,0,99.99,99.99,0.0,V,0.0,0.0,0.0,,,sensor,0.648,1.818,-142.641,-0.316,0.11,9.867,0.0,0.0,0.0,-2840.0,-4045.0,-5369.0,32.38,237.427,sensor,,,,,,,,,,,,,,,,,,,,,39.3239667813352,-0.5825883937068852,3,10,39.323652482071225,-0.583101446616098,23.75,0.0,0.0,9,100.0,500.0,0.0,1781192952.956,0,0,,,,,25.0,1,5.0,station_keeping,8.0,emergency_stop,,,,,,,,,False,0,,14.9,56.478,2140.684,3796.93,56.4,6.954,28.522,25.7,1104.014,2161.842,2177.76,usvrp,Linux
2026-06-11T15:51:22.693Z,False,MANUAL,REAL,ACTIVE,False,False,forward,loop,0,0.0,0.0,0.0,0.0,0.0,237.695,37.139,104.492,-8172.727,M,sensor,0.0,0.0,0.0,0,0,99.99,99.99,0.0,V,0.0,0.0,0.0,,,sensor,0.648,1.824,-142.641,-0.311,0.12,9.886,0.0,0.0,0.0,-2832.0,-4074.0,-5356.0,32.38,237.695,sensor,,,,,,,,,,,,,,,,,,,,,39.3239667813352,-0.5825883937068852,3,10,39.323652482071225,-0.583101446616098,23.75,0.0,0.0,9,100.0,500.0,0.0,1781192952.956,0,0,,,,,25.0,1,5.0,station_keeping,8.0,emergency_stop,,,,,,,,,False,0,,6.3,57.452,2140.277,3796.93,56.4,6.954,28.522,25.7,1105.014,2085.208,2088.352,usvrp,Linux
2026-06-11T15:51:23.693Z,False,MANUAL,REAL,ACTIVE,False,False,forward,loop,0,0.0,0.0,0.0,0.0,0.0,237.625,37.139,104.492,-8172.727,M,sensor,0.0,0.0,0.0,0,0,99.99,99.99,0.0,V,0.0,0.0,0.0,,,sensor,0.648,1.824,-142.641,-0.306,0.105,9.891,0.0,0.0,0.0,-2837.0,-4051.0,-5347.0,32.34,237.496,sensor,,,,,,,,,,,,,,,,,,,,,39.3239667813352,-0.5825883937068852,3,10,39.323652482071225,-0.583101446616098,23.74,0.0,0.0,9,100.0,500.0,0.0,1781192952.956,0,0,,,,,25.0,1,5.0,station_keeping,8.0,emergency_stop,,,,,,,,,False,0,,13.5,57.452,2140.969,3796.93,56.4,6.954,28.522,25.7,1106.014,2292.232,2315.965,usvrp,Linux
2026-06-11T15:51:24.694Z,False,MANUAL,REAL,ACTIVE,False,False,forward,loop,0,0.0,0.0,0.0,0.0,0.0,237.832,37.139,104.492,-8172.727,M,sensor,0.0,0.0,0.0,0,0,99.99,99.99,0.0,V,0.0,0.0,0.0,,,sensor,0.648,1.824,-142.641,-0.316,0.115,9.877,0.0,0.0,0.0,-2810.0,-4063.0,-5333.0,32.38,237.832,sensor,,,,,,,,,,,,,,,,,,,,,39.3239667813352,-0.5825883937068852,3,10,39.323652482071225,-0.583101446616098,23.77,0.0,0.0,9,100.0,500.0,0.0,1781192952.956,0,0,,,,,25.0,1,5.0,station_keeping,8.0,emergency_stop,,,,,,,,,False,0,,9.8,57.939,2140.852,3796.93,56.4,6.954,28.522,25.7,1107.014,2186.562,2136.6,usvrp,Linux
2026-06-11T15:51:25.694Z,False,MANUAL,REAL,ACTIVE,False,False,forward,loop,0,0.0,0.0,0.0,0.0,0.0,237.801,37.139,104.492,-8172.727,M,sensor,0.0,0.0,0.0,0,0,99.99,99.99,0.0,V,0.0,0.0,0.0,,,sensor,0.648,1.824,-142.641,-0.321,0.115,9.877,0.0,0.0,0.0,-2820.0,-4071.0,-5318.0,32.38,237.789,sensor,,,,,,,,,,,,,,,,,,,,,39.3239667813352,-0.5825883937068852,3,10,39.323652482071225,-0.583101446616098,23.77,0.0,0.0,9,100.0,500.0,0.0,1781192952.956,0,0,,,,,25.0,1,5.0,station_keeping,8.0,emergency_stop,,,,,,,,,False,0,,45.3,58.913,2145.262,3796.93,56.5,6.954,28.522,25.7,1108.015,2601.817,3776.944,usvrp,Linux
2026-06-11T15:51:26.694Z,False,MANUAL,REAL,ACTIVE,False,False,forward,loop,0,0.0,0.0,0.0,0.0,0.0,237.88,37.139,104.492,-8172.727,M,sensor,0.0,0.0,0.0,0,0,99.99,99.99,0.0,V,0.0,0.0,0.0,,,sensor,0.648,1.824,-142.641,-0.306,0.105,9.877,0.0,0.0,0.0,-2825.0,-4092.0,-5332.0,32.38,237.88,sensor,,,,,,,,,,,,,,,,,,,,,39.3239667813352,-0.5825883937068852,3,10,39.323652482071225,-0.583101446616098,23.68,0.0,0.0,9,100.0,500.0,0.0,1781192952.956,0,0,,,,,25.0,1,5.0,station_keeping,8.0,emergency_stop,,,,,,,,,False,0,,57.1,59.4,2145.785,3796.93,56.5,6.954,28.522,25.7,1109.015,2167.032,2184.15,usvrp,Linux
2026-06-11T15:51:27.693Z,False,MANUAL,REAL,ACTIVE,False,False,forward,loop,0,0.0,0.0,0.0,0.0,0.0,237.95,37.139,104.492,-8172.727,M,sensor,0.0,0.0,0.0,0,0,99.99,99.99,0.0,V,0.0,0.0,0.0,,,sensor,0.648,1.824,-142.641,-0.316,0.115,9.872,0.0,0.0,0.0,-2808.0,-4078.0,-5373.0,32.36,237.95,sensor,,,,,,,,,,,,,,,,,,,,,39.3239667813352,-0.5825883937068852,3,10,39.323652482071225,-0.583101446616098,23.68,0.0,0.0,9,100.0,500.0,0.0,1781192952.956,0,0,,,,,25.0,1,5.0,station_keeping,8.0,emergency_stop,,,,,,,,,False,0,,50.5,59.887,2181.559,3796.93,57.5,6.954,28.522,25.7,1110.015,2079.734,2082.43,usvrp,Linux
2026-06-11T15:51:28.693Z,False,MANUAL,REAL,ACTIVE,False,False,forward,loop,0,0.0,0.0,0.0,0.0,0.0,237.734,36.824,104.807,-8172.727,M,sensor,0.0,0.0,0.0,0,0,99.99,99.99,0.0,V,0.0,0.0,0.0,,,sensor,0.643,1.829,-142.641,-0.321,0.105,9.886,0.0,0.0,0.0,-2839.0,-4090.0,-5334.0,32.41,237.734,sensor,,,,,,,,,,,,,,,,,,,,,39.3239667813352,-0.5825883937068852,3,10,39.323652482071225,-0.583101446616098,23.7,0.0,0.0,9,100.0,500.0,0.0,1781192952.956,0,0,,,,,25.0,1,5.0,station_keeping,8.0,emergency_stop,,,,,,,,,False,0,,42.3,59.887,2181.164,3796.93,57.4,6.954,28.522,25.7,1111.015,2115.482,2128.8,usvrp,Linux
2026-06-11T15:51:29.693Z,False,MANUAL,REAL,ACTIVE,False,False,forward,loop,0,0.0,0.0,0.0,0.0,0.0,237.741,36.824,104.807,-8172.727,M,sensor,0.0,0.0,0.0,0,0,99.99,99.99,0.0,V,0.0,0.0,0.0,,,sensor,0.643,1.829,-142.641,-0.311,0.11,9.877,0.0,0.0,0.0,-2827.0,-4066.0,-5343.0,32.4,237.69,sensor,,,,,,,,,,,,,,,,,,,,,39.3239667813352,-0.5825883937068852,3,10,39.323652482071225,-0.583101446616098,23.78,0.0,0.0,9,100.0,500.0,0.0,1781192952.956,0,0,,,,,25.0,1,5.0,station_keeping,8.0,emergency_stop,,,,,,,,,False,0,,6.8,57.939,2180.586,3796.93,57.4,6.954,28.522,25.7,1112.015,2097.839,2104.558,usvrp,Linux
2026-06-11T15:51:30.694Z,False,MANUAL,REAL,ACTIVE,False,False,forward,loop,0,0.0,0.0,0.0,0.0,0.0,237.684,37.139,104.492,-8172.727,M,sensor,0.0,0.0,0.0,0,0,99.99,99.99,0.0,V,0.0,0.0,0.0,,,sensor,0.648,1.824,-142.641,-0.306,0.115,9.891,0.0,0.0,0.0,-2838.0,-4106.0,-5339.0,32.41,237.848,sensor,,,,,,,,,,,,,,,,,,,,,39.3239667813352,-0.5825883937068852,3,10,39.323652482071225,-0.583101446616098,23.78,0.0,0.0,9,100.0,500.0,0.0,1781192952.956,0,0,,,,,25.0,1,5.0,station_keeping,8.0,emergency_stop,,,,,,,,,False,0,,6.3,58.426,2180.145,3796.93,57.4,6.954,28.522,25.7,1113.015,2087.783,2095.846,usvrp,Linux
2026-06-11T15:51:31.694Z,False,MANUAL,REAL,ACTIVE,False,False,forward,loop,0,0.0,0.0,0.0,0.0,0.0,238.028,37.139,104.492,-8172.727,M,sensor,0.0,0.0,0.0,0,0,99.99,99.99,0.0,V,0.0,0.0,0.0,,,sensor,0.648,1.824,-142.641,-0.311,0.11,9.877,0.0,0.0,0.0,-2802.0,-4085.0,-5336.0,32.35,238.053,sensor,,,,,,,,,,,,,,,,,,,,,39.3239667813352,-0.5825883937068852,3,10,39.323652482071225,-0.583101446616098,23.79,0.0,0.0,9,100.0,500.0,0.0,1781192952.956,0,0,,,,,25.0,1,5.0,station_keeping,8.0,emergency_stop,,,,,,,,,False,0,,15.6,57.939,2183.379,3796.93,57.5,6.954,28.522,25.7,1114.015,2122.777,2137.224,usvrp,Linux
2026-06-11T15:51:32.693Z,False,MANUAL,REAL,ACTIVE,False,False,forward,loop,0,0.0,0.0,0.0,0.0,0.0,237.532,36.824,104.177,-8172.727,M,sensor,0.0,0.0,0.0,0,0,99.99,99.99,0.0,V,0.0,0.0,0.0,,,sensor,0.643,1.818,-142.641,-0.311,0.105,9.877,0.0,0.0,0.0,-2833.0,-4047.0,-5372.0,32.38,237.507,sensor,,,,,,,,,,,,,,,,,,,,,39.3239667813352,-0.5825883937068852,3,10,39.323652482071225,-0.583101446616098,23.79,0.0,0.0,9,100.0,500.0,0.0,1781192952.956,0,0,,,,,25.0,1,5.0,station_keeping,8.0,emergency_stop,,,,,,,,,False,0,,48.1,58.913,2182.473,3796.93,57.5,6.954,28.522,25.7,1115.016,2102.463,2101.791,usvrp,Linux
2026-06-11T15:51:33.693Z,False,MANUAL,REAL,ACTIVE,False,False,forward,loop,0,0.0,0.0,0.0,0.0,0.0,237.538,37.139,104.177,-8172.727,M,sensor,0.0,0.0,0.0,0,0,99.99,99.99,0.0,V,0.0,0.0,0.0,,,sensor,0.648,1.818,-142.641,-0.311,0.11,9.872,0.0,0.0,0.0,-2836.0,-4056.0,-5358.0,32.4,237.538,sensor,,,,,,,,,,,,,,,,,,,,,39.3239667813352,-0.5825883937068852,3,10,39.323652482071225,-0.583101446616098,23.76,0.0,0.0,9,100.0,500.0,0.0,1781192952.956,0,0,,,,,25.0,1,5.0,station_keeping,8.0,emergency_stop,,,,,,,,,False,0,,5.6,59.4,2181.441,3796.93,57.5,6.954,28.522,25.7,1116.016,2088.397,2089.869,usvrp,Linux
2026-06-11T15:51:34.693Z,False,MANUAL,REAL,ACTIVE,False,False,forward,loop,0,0.0,0.0,0.0,0.0,0.0,237.517,37.139,104.177,-8172.727,M,sensor,0.0,0.0,0.0,0,0,99.99,99.99,0.0,V,0.0,0.0,0.0,,,sensor,0.648,1.818,-142.641,-0.311,0.105,9.881,0.0,0.0,0.0,-2834.0,-4050.0,-5343.0,32.38,237.517,sensor,,,,,,,,,,,,,,,,,,,,,39.3239667813352,-0.5825883937068852,3,10,39.323652482071225,-0.583101446616098,23.79,0.0,0.0,9,100.0,500.0,0.0,1781192952.956,0,0,,,,,25.0,1,5.0,station_keeping,8.0,emergency_stop,,,,,,,,,False,0,,6.5,58.426,2180.648,3796.93,57.4,6.954,28.522,25.7,1117.016,2087.306,2093.514,usvrp,Linux
2026-06-11T15:51:35.693Z,False,MANUAL,REAL,ACTIVE,False,False,forward,loop,0,0.0,0.0,0.0,0.0,0.0,237.619,37.139,104.177,-8172.727,M,sensor,0.0,0.0,0.0,0,0,99.99,99.99,0.0,V,0.0,0.0,0.0,,,sensor,0.648,1.818,-142.641,-0.311,0.11,9.881,0.0,0.0,0.0,-2838.0,-4071.0,-5357.0,32.37,237.619,sensor,,,,,,,,,,,,,,,,,,,,,39.3239667813352,-0.5825883937068852,3,10,39.323652482071225,-0.583101446616098,23.79,0.0,0.0,9,100.0,500.0,0.0,1781192952.956,0,0,,,,,25.0,1,5.0,station_keeping,8.0,emergency_stop,,,,,,,,,False,0,,8.8,57.939,2178.945,3796.93,57.4,6.954,28.522,25.7,1118.016,2182.974,2130.069,usvrp,Linux
2026-06-11T15:51:36.693Z,False,MANUAL,REAL,ACTIVE,False,False,forward,loop,0,0.0,0.0,0.0,0.0,0.0,237.634,37.139,104.177,-8172.727,M,sensor,0.0,0.0,0.0,0,0,99.99,99.99,0.0,V,0.0,0.0,0.0,,,sensor,0.648,1.818,-142.641,-0.311,0.11,9.881,0.0,0.0,0.0,-2841.0,-4080.0,-5348.0,32.36,237.65,sensor,,,,,,,,,,,,,,,,,,,,,39.3239667813352,-0.5825883937068852,3,10,39.323652482071225,-0.583101446616098,23.76,0.0,0.0,9,100.0,500.0,0.0,1781192952.956,0,0,,,,,25.0,1,5.0,station_keeping,8.0,emergency_stop,,,,,,,,,False,0,,15.8,58.913,2181.477,3796.93,57.5,6.954,28.522,25.7,1119.016,2453.352,2199.042,usvrp,Linux
2026-06-11T15:51:37.693Z,False,MANUAL,REAL,ACTIVE,False,False,forward,loop,0,0.0,0.0,0.0,0.0,0.0,237.647,37.139,103.863,-8172.727,M,sensor,0.0,0.0,0.0,0,0,99.99,99.99,0.0,V,0.0,0.0,0.0,,,sensor,0.648,1.813,-142.641,-0.311,0.11,9.877,0.0,0.0,0.0,-2845.0,-4059.0,-5359.0,32.42,237.473,sensor,,,,,,,,,,,,,,,,,,,,,39.3239667813352,-0.5825883937068852,3,10,39.323652482071225,-0.583101446616098,23.76,0.0,0.0,9,100.0,500.0,0.0,1781192952.956,0,0,,,,,25.0,1,5.0,station_keeping,8.0,emergency_stop,,,,,,,,,False,0,,7.1,58.426,2179.039,3796.93,57.4,6.954,28.522,25.7,1120.016,2113.366,2118.549,usvrp,Linux
2026-06-11T15:51:38.693Z,False,MANUAL,REAL,ACTIVE,False,False,forward,loop,0,0.0,0.0,0.0,0.0,0.0,237.736,37.139,104.177,-8172.727,M,sensor,0.0,0.0,0.0,0,0,99.99,99.99,0.0,V,0.0,0.0,0.0,,,sensor,0.648,1.818,-142.641,-0.311,0.105,9.877,0.0,0.0,0.0,-2827.0,-4073.0,-5335.0,32.41,237.736,sensor,,,,,,,,,,,,,,,,,,,,,39.3239667813352,-0.5825883937068852,3,10,39.323652482071225,-0.583101446616098,23.79,0.0,0.0,9,100.0,500.0,0.0,1781192952.956,0,0,,,,,25.0,1,5.0,station_keeping,8.0,emergency_stop,,,,,,,,,False,0,,7.0,57.939,2178.32,3796.93,57.4,6.954,28.522,25.7,1121.016,2085.223,2087.135,usvrp,Linux
2026-06-11T15:51:39.693Z,False,MANUAL,REAL,ACTIVE,False,False,forward,loop,0,0.0,0.0,0.0,0.0,0.0,237.66,37.139,104.177,-8172.727,M,sensor,0.0,0.0,0.0,0,0,99.99,99.99,0.0,V,0.0,0.0,0.0,,,sensor,0.648,1.818,-142.641,-0.311,0.11,9.877,0.0,0.0,0.0,-2834.0,-4090.0,-5341.0,32.37,237.782,sensor,,,,,,,,,,,,,,,,,,,,,39.3239667813352,-0.5825883937068852,3,10,39.323652482071225,-0.583101446616098,23.79,0.0,0.0,9,100.0,500.0,0.0,1781192952.956,0,0,,,,,25.0,1,5.0,station_keeping,8.0,emergency_stop,,,,,,,,,False,0,,6.8,58.913,2176.625,3796.93,57.3,6.954,28.522,25.7,1122.017,2097.187,2117.114,usvrp,Linux
2026-06-11T15:51:40.694Z,False,MANUAL,REAL,ACTIVE,False,False,forward,loop,0,0.0,0.0,0.0,0.0,0.0,237.611,37.139,103.863,-8172.727,M,sensor,0.0,0.0,0.0,0,0,99.99,99.99,0.0,V,0.0,0.0,0.0,,,sensor,0.648,1.813,-142.641,-0.316,0.11,9.877,0.0,0.0,0.0,-2836.0,-4099.0,-5346.0,32.38,237.822,sensor,,,,,,,,,,,,,,,,,,,,,39.3239667813352,-0.5825883937068852,3,10,39.323652482071225,-0.583101446616098,23.79,0.0,0.0,9,100.0,500.0,0.0,1781192952.956,0,0,,,,,25.0,1,5.0,station_keeping,8.0,emergency_stop,,,,,,,,,False,0,,6.3,58.913,2174.27,3796.93,57.3,6.954,28.522,25.7,1123.017,2094.291,2101.234,usvrp,Linux
2026-06-11T15:51:41.693Z,False,MANUAL,REAL,ACTIVE,False,False,forward,loop,0,0.0,0.0,0.0,0.0,0.0,237.449,37.139,104.177,-8172.727,M,sensor,0.0,0.0,0.0,0,0,99.99,99.99,0.0,V,0.0,0.0,0.0,,,sensor,0.648,1.818,-142.641,-0.311,0.11,9.877,0.0,0.0,0.0,-2844.0,-4054.0,-5343.0,32.35,237.449,sensor,,,,,,,,,,,,,,,,,,,,,39.3239667813352,-0.5825883937068852,3,10,39.323652482071225,-0.583101446616098,23.78,0.0,0.0,9,100.0,500.0,0.0,1781192952.956,0,0,,,,,25.0,1,5.0,station_keeping,8.0,emergency_stop,,,,,,,,,False,0,,11.6,57.939,2179.184,3796.93,57.4,6.954,28.522,25.7,1124.017,2093.651,2101.954,usvrp,Linux
2026-06-11T15:51:42.693Z,False,MANUAL,REAL,ACTIVE,False,False,forward,loop,0,0.0,0.0,0.0,0.0,0.0,237.524,37.139,103.863,-8172.727,M,sensor,0.0,0.0,0.0,0,0,99.99,99.99,0.0,V,0.0,0.0,0.0,,,sensor,0.648,1.813,-142.641,-0.311,0.11,9.891,0.0,0.0,0.0,-2848.0,-4071.0,-5332.0,32.38,237.524,sensor,,,,,,,,,,,,,,,,,,,,,39.3239667813352,-0.5825883937068852,3,10,39.323652482071225,-0.583101446616098,23.78,0.0,0.0,9,100.0,500.0,0.0,1781192952.956,0,0,,,,,25.0,1,5.0,station_keeping,8.0,emergency_stop,,,,,,,,,False,0,,11.6,57.939,2177.586,3796.93,57.4,6.954,28.522,25.7,1125.017,2152.481,2158.8,usvrp,Linux
2026-06-11T15:51:43.693Z,False,MANUAL,REAL,ACTIVE,False,False,forward,loop,0,0.0,0.0,0.0,0.0,0.0,237.69,37.139,104.492,-8172.727,M,sensor,0.0,0.0,0.0,0,0,99.99,99.99,0.0,V,0.0,0.0,0.0,,,sensor,0.648,1.824,-142.641,-0.311,0.105,9.881,0.0,0.0,0.0,-2827.0,-4066.0,-5337.0,32.38,237.69,sensor,,,,,,,,,,,,,,,,,,,,,39.3239667813352,-0.5825883937068852,3,10,39.323652482071225,-0.583101446616098,23.78,0.0,0.0,9,100.0,500.0,0.0,1781192952.956,0,0,,,,,25.0,1,5.0,station_keeping,8.0,emergency_stop,,,,,,,,,False,0,,5.8,58.426,2176.848,3796.93,57.3,6.954,28.522,25.7,1126.017,2075.122,2077.826,usvrp,Linux
2026-06-11T15:51:44.696Z,False,MANUAL,REAL,ACTIVE,False,False,forward,loop,0,0.0,0.0,0.0,0.0,0.0,237.396,37.139,104.177,-8172.727,M,sensor,0.0,0.0,0.0,0,0,99.99,99.99,0.0,V,0.0,0.0,0.0,,,sensor,0.648,1.818,-142.641,-0.311,0.11,9.881,0.0,0.0,0.0,-2844.0,-4046.0,-5326.0,32.35,237.396,sensor,,,,,,,,,,,,,,,,,,,,,39.3239667813352,-0.5825883937068852,3,10,39.323652482071225,-0.583101446616098,23.78,0.0,0.0,9,100.0,500.0,0.0,1781192952.956,0,0,,,,,25.0,1,5.0,station_keeping,8.0,emergency_stop,,,,,,,,,False,0,,6.3,57.939,2176.07,3796.93,57.3,6.954,28.522,25.7,1127.017,2198.635,2110.254,usvrp,Linux
2026-06-11T15:51:45.694Z,False,MANUAL,REAL,ACTIVE,False,False,forward,loop,0,0.0,0.0,0.0,0.0,0.0,237.764,37.139,104.177,-8172.727,M,sensor,0.0,0.0,0.0,0,0,99.99,99.99,0.0,V,0.0,0.0,0.0,,,sensor,0.648,1.818,-142.641,-0.316,0.115,9.872,0.0,0.0,0.0,-2822.0,-4070.0,-5352.0,32.36,237.764,sensor,,,,,,,,,,,,,,,,,,,,,39.3239667813352,-0.5825883937068852,3,10,39.323652482071225,-0.583101446616098,23.78,0.0,0.0,9,100.0,500.0,0.0,1781192952.956,0,0,,,,,25.0,1,5.0,station_keeping,8.0,emergency_stop,,,,,,,,,False,0,,37.2,59.4,2185.332,3796.93,57.6,6.954,28.522,25.7,1128.017,2861.862,3179.288,usvrp,Linux
2026-06-11T15:51:46.694Z,False,MANUAL,REAL,ACTIVE,False,False,forward,loop,0,0.0,0.0,0.0,0.0,0.0,237.828,37.139,104.177,-8172.727,M,sensor,0.0,0.0,0.0,0,0,99.99,99.99,0.0,V,0.0,0.0,0.0,,,sensor,0.648,1.824,-142.641,-0.316,0.115,9.877,0.0,0.0,0.0,-2819.0,-4057.0,-5371.0,32.32,237.707,sensor,,,,,,,,,,,,,,,,,,,,,39.3239667813352,-0.5825883937068852,3,10,39.323652482071225,-0.583101446616098,23.68,0.0,0.0,9,100.0,500.0,0.0,1781192952.956,0,0,,,,,25.0,1,5.0,station_keeping,8.0,emergency_stop,,,,,,,,,False,0,,44.4,59.887,2185.168,3796.93,57.6,6.954,28.522,25.7,1129.018,2190.127,2816.944,usvrp,Linux
2026-06-11T15:51:47.694Z,False,MANUAL,REAL,ACTIVE,False,False,forward,loop,0,0.0,0.0,0.0,0.0,0.0,237.919,37.139,104.492,-8172.727,M,sensor,0.0,0.0,0.0,0,0,99.99,99.99,0.0,V,0.0,0.0,0.0,,,sensor,0.648,1.824,-142.641,-0.316,0.11,9.881,0.0,0.0,0.0,-2814.0,-4082.0,-5343.0,32.38,237.919,sensor,,,,,,,,,,,,,,,,,,,,,39.3239667813352,-0.5825883937068852,3,10,39.323652482071225,-0.583101446616098,23.63,0.0,0.0,9,100.0,500.0,0.0,1781192952.956,0,0,,,,,25.0,1,5.0,station_keeping,8.0,emergency_stop,,,,,,,,,False,0,,81.9,61.348,2191.512,3796.93,57.7,6.954,28.522,25.7,1130.018,2036.96,2064.526,usvrp,Linux
2026-06-11T15:51:48.693Z,False,MANUAL,REAL,ACTIVE,False,False,forward,loop,0,0.0,0.0,0.0,0.0,0.0,237.68,37.139,104.492,-8172.727,M,sensor,0.0,0.0,0.0,0,0,99.99,99.99,0.0,V,0.0,0.0,0.0,,,sensor,0.648,1.824,-142.641,-0.306,0.12,9.886,0.0,0.0,0.0,-2836.0,-4048.0,-5316.0,32.36,237.485,sensor,,,,,,,,,,,,,,,,,,,,,39.3239667813352,-0.5825883937068852,3,10,39.323652482071225,-0.583101446616098,23.63,0.0,0.0,9,100.0,500.0,0.0,1781192952.956,0,0,,,,,25.0,1,5.0,station_keeping,8.0,emergency_stop,,,,,,,,,False,0,,47.3,59.887,2195.035,3796.93,57.8,6.954,28.522,25.7,1131.018,2334.236,2313.336,usvrp,Linux
2026-06-11T15:51:49.693Z,False,MANUAL,REAL,ACTIVE,False,False,forward,loop,0,0.0,0.0,0.0,0.0,0.0,237.567,37.139,104.492,-8172.727,M,sensor,0.0,0.0,0.0,0,0,99.99,99.99,0.0,V,0.0,0.0,0.0,,,sensor,0.648,1.824,-142.641,-0.306,0.105,9.877,0.0,0.0,0.0,-2843.0,-4071.0,-5336.0,32.38,237.571,sensor,,,,,,,,,,,,,,,,,,,,,39.3239667813352,-0.5825883937068852,3,10,39.323652482071225,-0.583101446616098,23.78,0.0,0.0,9,100.0,500.0,0.0,1781192952.956,0,0,,,,,25.0,1,5.0,station_keeping,8.0,emergency_stop,,,,,,,,,False,0,,7.4,59.4,2195.281,3796.93,57.8,6.954,28.522,25.7,1132.018,2099.826,3476.093,usvrp,Linux
2026-06-11T15:51:50.693Z,False,MANUAL,REAL,ACTIVE,False,False,forward,loop,0,0.0,0.0,0.0,0.0,0.0,237.4,37.139,104.492,-8172.727,M,sensor,0.0,0.0,0.0,0,0,99.99,99.99,0.0,V,0.0,0.0,0.0,,,sensor,0.648,1.824,-142.641,-0.311,0.115,9.877,0.0,0.0,0.0,-2834.0,-4059.0,-5356.0,32.34,237.577,sensor,,,,,,,,,,,,,,,,,,,,,39.3239667813352,-0.5825883937068852,3,10,39.323652482071225,-0.583101446616098,23.78,0.0,0.0,9,100.0,500.0,0.0,1781192952.956,0,0,,,,,25.0,1,5.0,station_keeping,8.0,emergency_stop,,,,,,,,,False,0,,6.5,58.913,2195.281,3796.93,57.8,6.954,28.522,25.7,1133.018,2086.74,2091.987,usvrp,Linux
2026-06-11T15:51:51.693Z,False,MANUAL,REAL,ACTIVE,False,False,forward,loop,0,0.0,0.0,0.0,0.0,0.0,237.529,36.824,104.492,-8172.727,M,sensor,0.0,0.0,0.0,0,0,99.99,99.99,0.0,V,0.0,0.0,0.0,,,sensor,0.643,1.824,-142.641,-0.301,0.11,9.872,0.0,0.0,0.0,-2830.0,-4036.0,-5346.0,32.35,237.462,sensor,,,,,,,,,,,,,,,,,,,,,39.3239667813352,-0.5825883937068852,3,10,39.323652482071225,-0.583101446616098,23.78,0.0,0.0,9,100.0,500.0,0.0,1781192952.956,0,0,,,,,25.0,1,5.0,station_keeping,8.0,emergency_stop,,,,,,,,,False,0,,8.7,59.887,2194.742,3796.93,57.8,6.954,28.522,25.7,1134.019,2120.422,2128.309,usvrp,Linux
2026-06-11T15:51:52.693Z,False,MANUAL,REAL,ACTIVE,False,False,forward,loop,0,0.0,0.0,0.0,0.0,0.0,237.585,36.824,104.492,-8172.727,M,sensor,0.0,0.0,0.0,0,0,99.99,99.99,0.0,V,0.0,0.0,0.0,,,sensor,0.643,1.818,-142.641,-0.316,0.115,9.881,0.0,0.0,0.0,-2851.0,-4039.0,-5354.0,32.39,237.283,sensor,,,,,,,,,,,,,,,,,,,,,39.3239667813352,-0.5825883937068852,3,10,39.323652482071225,-0.583101446616098,23.77,0.0,0.0,9,100.0,500.0,0.0,1781192952.956,0,0,,,,,25.0,1,5.0,station_keeping,8.0,emergency_stop,,,,,,,,,False,0,,18.4,58.913,2197.031,3796.93,57.9,6.954,28.522,25.7,1135.019,2256.289,2339.2,usvrp,Linux
2026-06-11T15:51:53.693Z,False,MANUAL,REAL,ACTIVE,False,False,forward,loop,0,0.0,0.0,0.0,0.0,0.0,237.735,36.824,104.177,-8172.727,M,sensor,0.0,0.0,0.0,0,0,99.99,99.99,0.0,V,0.0,0.0,0.0,,,sensor,0.643,1.818,-142.641,-0.316,0.11,9.9,0.0,0.0,0.0,-2823.0,-4078.0,-5362.0,32.41,237.807,sensor,,,,,,,,,,,,,,,,,,,,,39.3239667813352,-0.5825883937068852,3,10,39.323652482071225,-0.583101446616098,23.77,0.0,0.0,9,100.0,500.0,0.0,1781192952.956,0,0,,,,,25.0,1,5.0,station_keeping,8.0,emergency_stop,,,,,,,,,False,0,,9.2,58.426,2199.051,3796.93,57.9,6.954,28.522,25.7,1136.019,2171.055,2149.514,usvrp,Linux
2026-06-11T15:51:54.693Z,False,MANUAL,REAL,ACTIVE,False,False,forward,loop,0,0.0,0.0,0.0,0.0,0.0,237.84,36.824,103.863,-8172.727,M,sensor,0.0,0.0,0.0,0,0,99.99,99.99,0.0,V,0.0,0.0,0.0,,,sensor,0.643,1.813,-142.641,-0.306,0.11,9.872,0.0,0.0,0.0,-2829.0,-4070.0,-5380.0,32.37,237.697,sensor,,,,,,,,,,,,,,,,,,,,,39.3239667813352,-0.5825883937068852,3,10,39.323652482071225,-0.583101446616098,23.77,0.0,0.0,9,100.0,500.0,0.0,1781192952.956,0,0,,,,,25.0,1,5.0,station_keeping,8.0,emergency_stop,,,,,,,,,False,0,,15.2,58.913,2202.371,3796.93,58.0,6.954,28.522,25.7,1137.019,2227.92,2218.505,usvrp,Linux
2026-06-11T15:51:55.693Z,False,MANUAL,REAL,ACTIVE,False,False,forward,loop,0,0.0,0.0,0.0,0.0,0.0,237.712,36.824,103.863,-8172.727,M,sensor,0.0,0.0,0.0,0,0,99.99,99.99,0.0,V,0.0,0.0,0.0,,,sensor,0.643,1.813,-142.641,-0.311,0.105,9.872,0.0,0.0,0.0,-2844.0,-4080.0,-5371.0,32.38,237.621,sensor,,,,,,,,,,,,,,,,,,,,,39.3239667813352,-0.5825883937068852,3,10,39.323652482071225,-0.583101446616098,23.77,0.0,0.0,9,100.0,500.0,0.0,1781192952.956,0,0,,,,,25.0,1,5.0,station_keeping,8.0,emergency_stop,,,,,,,,,False,0,,15.6,57.939,2207.461,3796.93,58.1,6.954,28.522,25.7,1138.019,2080.85,2089.017,usvrp,Linux
2026-06-11T15:51:56.693Z,False,MANUAL,REAL,ACTIVE,False,False,forward,loop,0,0.0,0.0,0.0,0.0,0.0,237.445,37.139,103.863,-8172.727,M,sensor,0.0,0.0,0.0,0,0,99.99,99.99,0.0,V,0.0,0.0,0.0,,,sensor,0.648,1.813,-142.641,-0.321,0.1,9.877,0.0,0.0,0.0,-2855.0,-4069.0,-5390.0,32.38,237.445,sensor,,,,,,,,,,,,,,,,,,,,,39.3239667813352,-0.5825883937068852,3,10,39.323652482071225,-0.583101446616098,23.77,0.0,0.0,9,100.0,500.0,0.0,1781192952.956,0,0,,,,,25.0,1,5.0,station_keeping,8.0,emergency_stop,,,,,,,,,False,0,,10.0,59.4,2207.891,3796.93,58.1,6.954,28.522,25.7,1139.019,1985.382,1997.556,usvrp,Linux
2026-06-11T15:51:57.693Z,False,MANUAL,REAL,ACTIVE,False,False,forward,loop,0,0.0,0.0,0.0,0.0,0.0,237.573,37.139,104.177,-8172.727,M,sensor,0.0,0.0,0.0,0,0,99.99,99.99,0.0,V,0.0,0.0,0.0,,,sensor,0.648,1.818,-142.641,-0.316,0.12,9.877,0.0,0.0,0.0,-2833.0,-4057.0,-5355.0,32.35,237.573,sensor,,,,,,,,,,,,,,,,,,,,,39.3239667813352,-0.5825883937068852,3,10,39.323652482071225,-0.583101446616098,23.77,0.0,0.0,9,100.0,500.0,0.0,1781192952.956,0,0,,,,,25.0,1,5.0,station_keeping,8.0,emergency_stop,,,,,,,,,False,0,,15.8,58.426,2209.055,3796.93,58.2,6.954,28.522,25.7,1140.019,2155.161,2180.614,usvrp,Linux
2026-06-11T15:51:58.693Z,False,MANUAL,REAL,ACTIVE,False,False,forward,loop,0,0.0,0.0,0.0,0.0,0.0,237.702,37.139,104.492,-8172.727,M,sensor,0.0,0.0,0.0,0,0,99.99,99.99,0.0,V,0.0,0.0,0.0,,,sensor,0.648,1.824,-142.641,-0.306,0.105,9.877,0.0,0.0,0.0,-2832.0,-4075.0,-5355.0,32.38,237.702,sensor,,,,,,,,,,,,,,,,,,,,,39.3239667813352,-0.5825883937068852,3,10,39.323652482071225,-0.583101446616098,23.77,0.0,0.0,9,100.0,500.0,0.0,1781192952.956,0,0,,,,,25.0,1,5.0,station_keeping,8.0,emergency_stop,,,,,,,,,False,0,,14.2,57.939,2210.16,3796.93,58.2,6.954,28.522,25.7,1141.019,2157.3,3338.895,usvrp,Linux
2026-06-11T15:51:59.693Z,False,MANUAL,REAL,ACTIVE,False,False,forward,loop,0,0.0,0.0,0.0,0.0,0.0,237.607,37.139,104.177,-8172.727,M,sensor,0.0,0.0,0.0,0,0,99.99,99.99,0.0,V,0.0,0.0,0.0,,,sensor,0.648,1.818,-142.641,-0.311,0.1,9.881,0.0,0.0,0.0,-2835.0,-4065.0,-5369.0,32.35,237.607,sensor,,,,,,,,,,,,,,,,,,,,,39.3239667813352,-0.5825883937068852,3,10,39.323652482071225,-0.583101446616098,23.77,0.0,0.0,9,100.0,500.0,0.0,1781192952.956,0,0,,,,,25.0,1,5.0,station_keeping,8.0,emergency_stop,,,,,,,,,False,0,,7.1,58.426,2207.773,3796.93,58.1,6.954,28.522,25.7,1142.019,2096.09,2311.852,usvrp,Linux
2026-06-11T15:52:00.693Z,False,MANUAL,REAL,ACTIVE,False,False,forward,loop,0,0.0,0.0,0.0,0.0,0.0,237.621,37.139,104.177,-8172.727,M,sensor,0.0,0.0,0.0,0,0,99.99,99.99,0.0,V,0.0,0.0,0.0,,,sensor,0.648,1.818,-142.641,-0.311,0.115,9.881,0.0,0.0,0.0,-2835.0,-4067.0,-5360.0,32.39,237.621,sensor,,,,,,,,,,,,,,,,,,,,,39.3239667813352,-0.5825883937068852,3,10,39.323652482071225,-0.583101446616098,23.77,0.0,0.0,9,100.0,500.0,0.0,1781192952.956,0,0,,,,,25.0,1,5.0,station_keeping,8.0,emergency_stop,,,,,,,,,False,0,,8.7,58.426,2208.066,3796.93,58.2,6.954,28.522,25.7,1143.02,2065.382,2066.046,usvrp,Linux
2026-06-11T15:52:01.693Z,False,MANUAL,REAL,ACTIVE,False,False,forward,loop,0,0.0,0.0,0.0,0.0,0.0,237.444,37.453,104.177,-8172.727,M,sensor,0.0,0.0,0.0,0,0,99.99,99.99,0.0,V,0.0,0.0,0.0,,,sensor,0.654,1.818,-142.641,-0.316,0.105,9.881,0.0,0.0,0.0,-2846.0,-4056.0,-5356.0,32.4,237.444,sensor,,,,,,,,,,,,,,,,,,,,,39.3239667813352,-0.5825883937068852,3,10,39.323652482071225,-0.583101446616098,23.77,0.0,0.0,9,100.0,500.0,0.0,1781192952.956,0,0,,,,,25.0,1,5.0,station_keeping,8.0,emergency_stop,,,,,,,,,False,0,,8.6,57.939,2205.047,3796.93,58.1,6.954,28.522,25.7,1144.02,2086.733,2090.028,usvrp,Linux
2026-06-11T15:52:02.693Z,False,MANUAL,REAL,ACTIVE,False,False,forward,loop,0,0.0,0.0,0.0,0.0,0.0,237.593,37.139,104.177,-8172.727,M,sensor,0.0,0.0,0.0,0,0,99.99,99.99,0.0,V,0.0,0.0,0.0,,,sensor,0.648,1.813,-142.641,-0.306,0.11,9.877,0.0,0.0,0.0,-2847.0,-4051.0,-5371.0,32.38,237.401,sensor,,,,,,,,,,,,,,,,,,,,,39.3239667813352,-0.5825883937068852,3,10,39.323652482071225,-0.583101446616098,23.77,0.0,0.0,9,100.0,500.0,0.0,1781192952.956,0,0,,,,,25.0,1,5.0,station_keeping,8.0,emergency_stop,,,,,,,,,False,0,,14.5,57.452,2205.828,3796.93,58.1,6.954,28.522,25.7,1145.02,2166.318,2162.134,usvrp,Linux
2026-06-11T15:52:03.693Z,False,MANUAL,REAL,ACTIVE,False,False,forward,loop,0,0.0,0.0,0.0,0.0,0.0,237.633,37.139,103.863,-8172.727,M,sensor,0.0,0.0,0.0,0,0,99.99,99.99,0.0,V,0.0,0.0,0.0,,,sensor,0.648,1.813,-142.641,-0.316,0.105,9.872,0.0,0.0,0.0,-2833.0,-4066.0,-5371.0,32.41,237.633,sensor,,,,,,,,,,,,,,,,,,,,,39.3239667813352,-0.5825883937068852,3,10,39.323652482071225,-0.583101446616098,23.77,0.0,0.0,9,100.0,500.0,0.0,1781192952.956,0,0,,,,,25.0,1,5.0,station_keeping,8.0,emergency_stop,,,,,,,,,False,0,,8.3,58.426,2204.477,3796.93,58.1,6.954,28.522,25.7,1146.02,2134.034,2138.977,usvrp,Linux
2026-06-11T15:52:04.693Z,False,MANUAL,REAL,ACTIVE,False,False,forward,loop,0,0.0,0.0,0.0,0.0,0.0,237.542,37.139,104.177,-8172.727,M,sensor,0.0,0.0,0.0,0,0,99.99,99.99,0.0,,0.0,0.0,0.0,,,sensor,0.648,1.818,-142.641,-0.311,0.11,9.877,0.0,0.0,0.0,-2841.0,-4072.0,-5376.0,32.37,237.597,sensor,,,,,,,,,,,,,,,,,,,,,39.3239667813352,-0.5825883937068852,3,10,39.323652482071225,-0.583101446616098,23.77,0.0,0.0,9,100.0,500.0,0.0,1781192952.956,0,0,,,,,25.0,1,5.0,station_keeping,8.0,emergency_stop,,,,,,,,,False,0,,11.1,57.939,2206.082,3796.93,58.1,6.954,28.522,25.7,1147.02,2222.59,2228.261,usvrp,Linux
2026-06-11T15:52:05.694Z,False,MANUAL,REAL,ACTIVE,False,False,forward,loop,0,0.0,0.0,0.0,0.0,0.0,237.549,37.139,103.863,-8172.727,M,sensor,0.0,0.0,0.0,0,0,99.99,99.99,0.0,V,0.0,0.0,0.0,,,sensor,0.648,1.813,-142.641,-0.311,0.105,9.881,0.0,0.0,0.0,-2830.0,-4049.0,-5353.0,32.38,237.549,sensor,,,,,,,,,,,,,,,,,,,,,39.3239667813352,-0.5825883937068852,3,10,39.323652482071225,-0.583101446616098,23.77,0.0,0.0,9,100.0,500.0,0.0,1781192952.956,0,0,,,,,25.0,1,5.0,station_keeping,8.0,emergency_stop,,,,,,,,,False,0,,20.5,59.4,2212.367,3796.93,58.3,6.954,28.522,25.7,1148.02,2219.095,2205.793,usvrp,Linux
2026-06-11T15:52:06.694Z,False,MANUAL,REAL,ACTIVE,False,False,forward,loop,0,0.0,0.0,0.0,0.0,0.0,237.928,37.139,104.177,-8172.727,M,sensor,0.0,0.0,0.0,0,0,99.99,99.99,0.0,V,0.0,0.0,0.0,,,sensor,0.648,1.818,-142.641,-0.316,0.105,9.877,0.0,0.0,0.0,-2806.0,-4073.0,-5343.0,32.39,237.936,sensor,,,,,,,,,,,,,,,,,,,,,39.3239667813352,-0.5825883937068852,3,10,39.323652482071225,-0.583101446616098,23.77,0.0,0.0,9,100.0,500.0,0.0,1781192952.956,0,0,,,,,25.0,1,5.0,station_keeping,8.0,emergency_stop,,,,,,,,,False,0,,55.3,59.887,2227.52,3796.93,58.7,6.954,28.522,25.7,1149.021,3449.507,3831.566,usvrp,Linux
2026-06-11T15:52:07.693Z,False,MANUAL,REAL,ACTIVE,False,False,forward,loop,0,0.0,0.0,0.0,0.0,0.0,237.776,37.139,104.177,-8172.727,M,sensor,0.0,0.0,0.0,0,0,99.99,99.99,0.0,V,0.0,0.0,0.0,,,sensor,0.648,1.818,-142.641,-0.306,0.115,9.872,0.0,0.0,0.0,-2822.0,-4078.0,-5355.0,32.42,237.817,sensor,,,,,,,,,,,,,,,,,,,,,39.3239667813352,-0.5825883937068852,3,10,39.323652482071225,-0.583101446616098,23.77,0.0,0.0,9,100.0,500.0,0.0,1781192952.956,0,0,,,,,25.0,1,5.0,station_keeping,8.0,emergency_stop,,,,,,,,,False,0,,75.9,59.887,2231.719,3796.93,58.8,6.954,28.522,25.7,1150.021,2139.656,2161.38,usvrp,Linux
2026-06-11T15:52:08.693Z,False,MANUAL,REAL,ACTIVE,False,False,forward,loop,0,0.0,0.0,0.0,0.0,0.0,237.624,37.139,103.863,-8172.727,M,sensor,0.0,0.0,0.0,0,0,99.99,99.99,0.0,V,0.0,0.0,0.0,,,sensor,0.648,1.813,-142.641,-0.316,0.115,9.877,0.0,0.0,0.0,-2846.0,-4058.0,-5361.0,32.43,237.457,sensor,,,,,,,,,,,,,,,,,,,,,39.3239667813352,-0.5825883937068852,3,10,39.323652482071225,-0.583101446616098,23.77,0.0,0.0,9,100.0,500.0,0.0,1781192952.956,0,0,,,,,25.0,1,5.0,station_keeping,8.0,emergency_stop,,,,,,,,,False,0,,15.1,59.4,2236.133,3796.93,58.9,6.954,28.522,25.7,1151.022,2172.476,2204.025,usvrp,Linux
2026-06-11T15:52:09.693Z,False,MANUAL,REAL,ACTIVE,False,False,forward,loop,0,0.0,0.0,0.0,0.0,0.0,237.63,37.139,104.177,-8172.727,M,sensor,0.0,0.0,0.0,0,0,99.99,99.99,0.0,V,0.0,0.0,0.0,,,sensor,0.648,1.818,-142.641,-0.311,0.115,9.877,0.0,0.0,0.0,-2838.0,-4058.0,-5357.0,32.38,237.533,sensor,,,,,,,,,,,,,,,,,,,,,39.3239667813352,-0.5825883937068852,3,10,39.323652482071225,-0.583101446616098,23.77,0.0,0.0,9,100.0,500.0,0.0,1781192952.956,0,0,,,,,25.0,1,5.0,station_keeping,8.0,emergency_stop,,,,,,,,,False,0,,5.6,58.913,2235.305,3796.93,58.9,6.954,28.522,25.7,1152.022,2100.679,2100.703,usvrp,Linux
2026-06-11T15:52:10.693Z,False,MANUAL,REAL,ACTIVE,False,False,forward,loop,0,0.0,0.0,0.0,0.0,0.0,237.681,37.139,104.177,-8172.727,M,sensor,0.0,0.0,0.0,0,0,99.99,99.99,0.0,V,0.0,0.0,0.0,,,sensor,0.648,1.818,-142.641,-0.311,0.11,9.877,0.0,0.0,0.0,-2837.0,-4079.0,-5335.0,32.38,237.681,sensor,,,,,,,,,,,,,,,,,,,,,39.3239667813352,-0.5825883937068852,3,10,39.323652482071225,-0.583101446616098,23.77,0.0,0.0,9,100.0,500.0,0.0,1781192952.956,0,0,,,,,25.0,1,5.0,station_keeping,8.0,emergency_stop,,,,,,,,,False,0,,7.9,58.426,2235.461,3796.93,58.9,6.954,28.522,25.7,1153.022,2084.953,2090.193,usvrp,Linux
2026-06-11T15:52:11.693Z,False,MANUAL,REAL,ACTIVE,False,False,forward,loop,0,0.0,0.0,0.0,0.0,0.0,237.619,36.824,103.863,-8172.727,M,sensor,0.0,0.0,0.0,0,0,99.99,99.99,0.0,V,0.0,0.0,0.0,,,sensor,0.643,1.813,-142.641,-0.311,0.115,9.872,0.0,0.0,0.0,-2838.0,-4071.0,-5361.0,32.45,237.619,sensor,,,,,,,,,,,,,,,,,,,,,39.3239667813352,-0.5825883937068852,3,10,39.323652482071225,-0.583101446616098,23.77,0.0,0.0,9,100.0,500.0,0.0,1781192952.956,0,0,,,,,25.0,1,5.0,station_keeping,8.0,emergency_stop,,,,,,,,,False,0,,8.6,58.426,2234.461,3796.93,58.8,6.954,28.522,25.7,1154.022,2092.172,2096.315,usvrp,Linux
2026-06-11T15:52:12.693Z,False,MANUAL,REAL,ACTIVE,False,False,forward,loop,0,0.0,0.0,0.0,0.0,0.0,237.389,37.139,104.177,-8172.727,M,sensor,0.0,0.0,0.0,0,0,99.99,99.99,0.0,V,0.0,0.0,0.0,,,sensor,0.648,1.818,-142.641,-0.311,0.11,9.881,0.0,0.0,0.0,-2837.0,-4035.0,-5359.0,32.42,237.389,sensor,,,,,,,,,,,,,,,,,,,,,39.3239667813352,-0.5825883937068852,3,10,39.323652482071225,-0.583101446616098,23.77,0.0,0.0,9,100.0,500.0,0.0,1781192952.956,0,0,,,,,25.0,1,5.0,station_keeping,8.0,emergency_stop,,,,,,,,,False,0,,7.4,58.426,2233.879,3796.93,58.8,6.954,28.522,25.7,1155.022,2074.02,2076.244,usvrp,Linux
2026-06-11T15:52:13.693Z,False,MANUAL,REAL,ACTIVE,False,False,forward,loop,0,0.0,0.0,0.0,0.0,0.0,237.638,37.139,104.177,-8172.727,M,sensor,0.0,0.0,0.0,0,0,99.99,99.99,0.0,V,0.0,0.0,0.0,,,sensor,0.648,1.818,-142.641,-0.311,0.11,9.877,0.0,0.0,0.0,-2829.0,-4061.0,-5361.0,32.42,237.638,sensor,,,,,,,,,,,,,,,,,,,,,39.3239667813352,-0.5825883937068852,3,10,39.323652482071225,-0.583101446616098,23.77,0.0,0.0,9,100.0,500.0,0.0,1781192952.956,0,0,,,,,25.0,1,5.0,station_keeping,8.0,emergency_stop,,,,,,,,,False,0,,15.1,59.4,2233.625,3796.93,58.8,6.954,28.522,25.7,1156.022,2145.642,2159.705,usvrp,Linux
2026-06-11T15:52:14.693Z,False,MANUAL,REAL,ACTIVE,False,False,forward,loop,0,0.0,0.0,0.0,0.0,0.0,237.766,37.139,104.492,-8172.727,M,sensor,0.0,0.0,0.0,0,0,99.99,99.99,0.0,V,0.0,0.0,0.0,,,sensor,0.648,1.824,-142.641,-0.316,0.11,9.881,0.0,0.0,0.0,-2828.0,-4079.0,-5371.0,32.4,237.766,sensor,,,,,,,,,,,,,,,,,,,,,39.3239667813352,-0.5825883937068852,3,10,39.323652482071225,-0.583101446616098,23.77,0.0,0.0,9,100.0,500.0,0.0,1781192952.956,0,0,,,,,25.0,1,5.0,station_keeping,8.0,emergency_stop,,,,,,,,,False,0,,5.8,58.426,2232.84,3796.93,58.8,6.954,28.522,25.7,1157.022,2078.41,2086.153,usvrp,Linux
2026-06-11T15:52:15.693Z,False,MANUAL,REAL,ACTIVE,False,False,forward,loop,0,0.0,0.0,0.0,0.0,0.0,237.586,36.824,104.492,-8172.727,M,sensor,0.0,0.0,0.0,0,0,99.99,99.99,0.0,V,0.0,0.0,0.0,,,sensor,0.643,1.824,-142.641,-0.311,0.105,9.877,0.0,0.0,0.0,-2838.0,-4066.0,-5377.0,32.38,237.586,sensor,,,,,,,,,,,,,,,,,,,,,39.3239667813352,-0.5825883937068852,3,10,39.323652482071225,-0.583101446616098,23.77,0.0,0.0,9,100.0,500.0,0.0,1781192952.956,0,0,,,,,25.0,1,5.0,station_keeping,8.0,emergency_stop,,,,,,,,,False,0,,6.8,58.426,2232.184,3796.93,58.8,6.954,28.522,25.7,1158.022,2084.423,2089.03,usvrp,Linux
2026-06-11T15:52:16.693Z,False,MANUAL,REAL,ACTIVE,False,False,forward,loop,0,0.0,0.0,0.0,0.0,0.0,237.459,37.139,104.492,-8172.727,M,sensor,0.0,0.0,0.0,0,0,99.99,99.99,0.0,V,0.0,0.0,0.0,,,sensor,0.648,1.824,-142.641,-0.316,0.11,9.877,0.0,0.0,0.0,-2843.0,-4054.0,-5351.0,32.38,237.459,sensor,,,,,,,,,,,,,,,,,,,,,39.3239667813352,-0.5825883937068852,3,10,39.323652482071225,-0.583101446616098,23.77,0.0,0.0,9,100.0,500.0,0.0,1781192952.956,0,0,,,,,25.0,1,5.0,station_keeping,8.0,emergency_stop,,,,,,,,,False,0,,7.5,58.426,2230.656,3796.93,58.7,6.954,28.522,25.7,1159.022,2089.418,2091.578,usvrp,Linux
2026-06-11T15:52:17.693Z,False,MANUAL,REAL,ACTIVE,False,False,forward,loop,0,0.0,0.0,0.0,0.0,0.0,237.762,36.824,104.177,-8172.727,M,sensor,0.0,0.0,0.0,0,0,99.99,99.99,0.0,V,0.0,0.0,0.0,,,sensor,0.643,1.818,-142.641,-0.311,0.11,9.872,0.0,0.0,0.0,-2827.0,-4077.0,-5354.0,32.41,237.762,sensor,,,,,,,,,,,,,,,,,,,,,39.3239667813352,-0.5825883937068852,3,10,39.323652482071225,-0.583101446616098,23.77,0.0,0.0,9,100.0,500.0,0.0,1781192952.956,0,0,,,,,25.0,1,5.0,station_keeping,8.0,emergency_stop,,,,,,,,,False,0,,5.8,57.939,2230.441,3796.93,58.7,6.954,28.522,25.7,1160.023,2072.702,2075.59,usvrp,Linux
2026-06-11T15:52:18.693Z,False,MANUAL,REAL,ACTIVE,False,False,forward,loop,0,0.0,0.0,0.0,0.0,0.0,237.669,37.139,103.863,-8172.727,M,sensor,0.0,0.0,0.0,0,0,99.99,99.99,0.0,V,0.0,0.0,0.0,,,sensor,0.648,1.813,-142.641,-0.316,0.11,9.886,0.0,0.0,0.0,-2837.0,-4068.0,-5370.0,32.4,237.608,sensor,,,,,,,,,,,,,,,,,,,,,39.3239667813352,-0.5825883937068852,3,10,39.323652482071225,-0.583101446616098,23.77,0.0,0.0,9,100.0,500.0,0.0,1781192952.956,0,0,,,,,25.0,1,5.0,station_keeping,8.0,emergency_stop,,,,,,,,,False,0,,17.3,58.426,2232.355,3796.93,58.8,6.954,28.522,25.7,1161.023,3727.989,2714.06,usvrp,Linux
2026-06-11T15:52:19.693Z,False,MANUAL,REAL,ACTIVE,False,False,forward,loop,0,0.0,0.0,0.0,0.0,0.0,237.709,37.139,103.548,-8172.727,M,sensor,0.0,0.0,0.0,0,0,99.99,99.99,0.0,V,0.0,0.0,0.0,,,sensor,0.648,1.807,-142.641,-0.311,0.11,9.881,0.0,0.0,0.0,-2834.0,-4079.0,-5337.0,32.38,237.709,sensor,,,,,,,,,,,,,,,,,,,,,39.3239667813352,-0.5825883937068852,3,10,39.323652482071225,-0.583101446616098,23.77,0.0,0.0,9,100.0,500.0,0.0,1781192952.956,0,0,,,,,25.0,1,5.0,station_keeping,8.0,emergency_stop,,,,,,,,,False,0,,14.5,58.426,2232.848,3796.93,58.8,6.954,28.522,25.7,1162.023,2348.396,2355.404,usvrp,Linux
2026-06-11T15:52:20.693Z,False,MANUAL,REAL,ACTIVE,False,False,forward,loop,0,0.0,0.0,0.0,0.0,0.0,237.594,37.139,103.863,-8172.727,M,sensor,0.0,0.0,0.0,0,0,99.99,99.99,0.0,V,0.0,0.0,0.0,,,sensor,0.648,1.813,-142.641,-0.316,0.11,9.872,0.0,0.0,0.0,-2842.0,-4065.0,-5345.0,32.38,237.541,sensor,,,,,,,,,,,,,,,,,,,,,39.3239667813352,-0.5825883937068852,3,10,39.323652482071225,-0.583101446616098,23.77,0.0,0.0,9,100.0,500.0,0.0,1781192952.956,0,0,,,,,25.0,1,5.0,station_keeping,8.0,emergency_stop,,,,,,,,,False,0,,10.1,58.426,2232.504,3796.93,58.8,6.954,28.522,25.7,1163.023,2264.185,2285.671,usvrp,Linux
2026-06-11T15:52:21.694Z,False,MANUAL,REAL,ACTIVE,False,False,forward,loop,0,0.0,0.0,0.0,0.0,0.0,237.611,37.139,103.863,-8172.727,M,sensor,0.0,0.0,0.0,0,0,99.99,99.99,0.0,V,0.0,0.0,0.0,,,sensor,0.648,1.813,-142.641,-0.316,0.11,9.886,0.0,0.0,0.0,-2843.0,-4077.0,-5324.0,32.42,237.611,sensor,,,,,,,,,,,,,,,,,,,,,39.3239667813352,-0.5825883937068852,3,10,39.323652482071225,-0.583101446616098,23.77,0.0,0.0,9,100.0,500.0,0.0,1781192952.956,0,0,,,,,25.0,1,5.0,station_keeping,8.0,emergency_stop,,,,,,,,,False,0,,8.9,57.939,2207.598,3796.93,58.1,6.954,28.522,25.7,1164.023,2254.398,2256.893,usvrp,Linux
2026-06-11T15:52:22.694Z,False,MANUAL,REAL,ACTIVE,False,False,forward,loop,0,0.0,0.0,0.0,0.0,0.0,237.736,37.139,104.177,-8172.727,M,sensor,0.0,0.0,0.0,0,0,99.99,99.99,0.0,V,0.0,0.0,0.0,,,sensor,0.648,1.818,-142.641,-0.311,0.115,9.881,0.0,0.0,0.0,-2852.0,-4093.0,-5367.0,32.38,237.631,sensor,,,,,,,,,,,,,,,,,,,,,39.3239667813352,-0.5825883937068852,3,10,39.323652482071225,-0.583101446616098,23.77,0.0,0.0,9,100.0,500.0,0.0,1781192952.956,0,0,,,,,25.0,1,5.0,station_keeping,8.0,emergency_stop,,,,,,,,,False,0,,8.2,58.426,2205.273,3796.93,58.1,6.954,28.522,25.7,1165.023,2147.585,2156.353,usvrp,Linux
2026-06-11T15:52:23.693Z,False,MANUAL,REAL,ACTIVE,False,False,forward,loop,0,0.0,0.0,0.0,0.0,0.0,237.448,37.139,103.863,-8172.727,M,sensor,0.0,0.0,0.0,0,0,99.99,99.99,0.0,V,0.0,0.0,0.0,,,sensor,0.648,1.813,-142.641,-0.311,0.11,9.877,0.0,0.0,0.0,-2833.0,-4081.0,-5350.0,32.42,237.732,sensor,,,,,,,,,,,,,,,,,,,,,39.3239667813352,-0.5825883937068852,3,10,39.323652482071225,-0.583101446616098,23.77,0.0,0.0,9,100.0,500.0,0.0,1781192952.956,0,0,,,,,25.0,1,5.0,station_keeping,8.0,emergency_stop,,,,,,,,,False,0,,16.4,58.426,2201.57,3796.93,58.0,6.954,28.522,25.7,1166.023,2260.011,2273.385,usvrp,Linux
2026-06-11T15:52:24.693Z,False,MANUAL,REAL,ACTIVE,False,False,forward,loop,0,0.0,0.0,0.0,0.0,0.0,237.468,37.139,103.863,-8172.727,M,sensor,0.0,0.0,0.0,0,0,99.99,99.99,0.0,V,0.0,0.0,0.0,,,sensor,0.648,1.813,-142.641,-0.311,0.11,9.877,0.0,0.0,0.0,-2846.0,-4067.0,-5378.0,32.41,237.516,sensor,,,,,,,,,,,,,,,,,,,,,39.3239667813352,-0.5825883937068852,3,10,39.323652482071225,-0.583101446616098,23.77,0.0,0.0,9,100.0,500.0,0.0,1781192952.956,0,0,,,,,25.0,1,5.0,station_keeping,8.0,emergency_stop,,,,,,,,,False,0,,12.8,57.939,2200.047,3796.93,57.9,6.954,28.522,25.7,1167.023,2136.913,2141.048,usvrp,Linux
2026-06-11T15:52:25.693Z,False,MANUAL,REAL,ACTIVE,False,False,forward,loop,0,0.0,0.0,0.0,0.0,0.0,238.02,37.139,103.863,-8172.727,M,sensor,0.0,0.0,0.0,0,0,99.99,99.99,0.0,V,0.0,0.0,0.0,,,sensor,0.648,1.813,-142.641,-0.311,0.105,9.881,0.0,0.0,0.0,-2819.0,-4066.0,-5343.0,32.41,237.766,sensor,,,,,,,,,,,,,,,,,,,,,39.3239667813352,-0.5825883937068852,3,10,39.323652482071225,-0.583101446616098,23.77,0.0,0.0,9,100.0,500.0,0.0,1781192952.956,0,0,,,,,25.0,1,5.0,station_keeping,8.0,emergency_stop,,,,,,,,,False,0,,11.0,57.939,2199.527,3796.93,57.9,6.954,28.522,25.7,1168.023,2115.0,2119.759,usvrp,Linux
2026-06-11T15:52:26.693Z,False,MANUAL,REAL,ACTIVE,False,False,forward,loop,0,0.0,0.0,0.0,0.0,0.0,237.64,36.824,103.863,-8172.727,M,sensor,0.0,0.0,0.0,0,0,99.99,99.99,0.0,V,0.0,0.0,0.0,,,sensor,0.643,1.813,-142.641,-0.311,0.115,9.881,0.0,0.0,0.0,-2825.0,-4084.0,-5348.0,32.39,237.827,sensor,,,,,,,,,,,,,,,,,,,,,39.3239667813352,-0.5825883937068852,3,10,39.323652482071225,-0.583101446616098,23.77,0.0,0.0,9,100.0,500.0,0.0,1781192952.956,0,0,,,,,25.0,1,5.0,station_keeping,8.0,emergency_stop,,,,,,,,,False,0,,31.2,58.426,2193.199,3796.93,57.8,6.954,28.522,25.7,1169.024,2089.889,2092.52,usvrp,Linux
