timestamp_utc,Armed,Vehicle Mode,Sim/Real Mode,System Status,Station Active,WP Route Active,WP Route Direction,WP Route Completion,GNSS Fix Type (sys),Latitude [deg],Longitude [deg],Altitude [m],Speed [m/s],Course [deg],Heading [deg],Roll [deg],Pitch [deg],Yaw [deg],Heading Status,Source,Latitude [deg],Longitude [deg],Altitude (AMSL) [m],Fix Type,Satellites,HDOP,VDOP,Heading (THS) [deg],Heading Status,COG [deg],SOG [kn],SOG [km/h],UTC Time,UTC Date,Source,Roll [deg],Pitch [deg],Yaw [deg],Accel X [m/s²],Accel Y [m/s²],Accel Z [m/s²],Gyro X [deg/s],Gyro Y [deg/s],Gyro Z [deg/s],Mag X,Mag Y,Mag Z,Temperature [°C],Mag Heading [deg],Source,Target Heading [deg],Heading Error [deg],Cross-Track Error [m],Surge Velocity [m/s],Sway Velocity [m/s],Surge Accel [m/s²],Sway Accel [m/s²],τx Effective [N],τx Cruise [N],Cruise Speed [m/s],WP Index,Distance to WP [m],Reference Speed [kn],ETT next WP [s],ETA next WP [ts],ETT route end [s],ETA route end [ts],KP (chainage) [m],Motor Port [%],Motor Starboard [%],Station WP Lat [deg],Station WP Lon [deg],Station Reach R [m],Station Radius [m],Home WP Lat [deg],Home WP Lon [deg],Voltage [V],Current [A],Power [W],Energy (HW) [Wh],Level [%],Capacity [Wh],Consumed (SW) [Wh],Measurement Start [ts],High V Alarm,Low V Alarm,Last Command Type,Last Command Seq,Manual Throttle,Manual Steering,Min Battery [%],Min GNSS Fix,Comm Timeout [s],Comm Action,INS Timeout [s],INS Action,Sim Running,Sim Elapsed [s],Sim Total [s],Completion Mode,GNSS Mode,Current WP,Total WP,Loops Completed,WS Alive,WS Clients,Last Ping Age [s],CPU Usage [%],CPU Temperature [°C],RAM Used [MB],RAM Total [MB],RAM Used [%],Disk Used [GB],Disk Total [GB],Disk Used [%],Uptime [s],Net RX [kbps],Net TX [kbps],Hostname,OS
2026-06-11T15:40:37.651Z,False,MANUAL,REAL,ACTIVE,False,False,forward,loop,0,,,,,,,,,,,,,,,,,,,,,,,,,,,0.654,1.835,-142.641,-0.321,0.105,9.877,0.0,0.0,0.0,-2847.0,-4050.0,-5311.0,31.93,237.394,sensor,,,,,,,,,,,,,,,,,,,,,39.3239667813352,-0.5825883937068852,3,10,39.323652482071225,-0.583101446616098,23.81,0.0,0.0,9,100.0,500.0,0.0,1781192436.94,0,0,,,,,25.0,1,5.0,station_keeping,8.0,emergency_stop,,,,,,,,,False,0,,50.0,57.452,1906.137,3796.93,50.2,6.953,28.522,25.7,460.051,1587.477,2453.374,usvrp,Linux
2026-06-11T15:40:38.643Z,False,MANUAL,REAL,ACTIVE,False,False,forward,loop,0,0.0,0.0,0.0,0.0,0.0,237.302,37.453,105.122,-8172.727,M,sensor,0.0,0.0,0.0,0,0,99.99,99.99,0.0,V,0.0,0.0,0.0,,,sensor,0.654,1.835,-142.641,-0.311,0.11,9.877,0.0,0.0,0.0,-2846.0,-4061.0,-5365.0,31.93,237.477,sensor,,,,,,,,,,,,,,,,,,,,,39.3239667813352,-0.5825883937068852,3,10,39.323652482071225,-0.583101446616098,23.81,0.0,0.0,9,100.0,500.0,0.0,1781192436.94,0,0,,,,,25.0,1,5.0,station_keeping,8.0,emergency_stop,,,,,,,,,False,0,,14.8,56.478,1911.367,3796.93,50.3,6.953,28.522,25.7,461.051,1580.451,1605.769,usvrp,Linux
2026-06-11T15:40:39.643Z,False,MANUAL,REAL,ACTIVE,False,False,forward,loop,0,0.0,0.0,0.0,0.0,0.0,237.635,37.453,104.807,-8172.727,M,sensor,0.0,0.0,0.0,0,0,99.99,99.99,0.0,V,0.0,0.0,0.0,,,sensor,0.654,1.829,-142.641,-0.316,0.115,9.877,0.0,0.0,0.0,-2842.0,-4059.0,-5353.0,31.94,237.501,sensor,,,,,,,,,,,,,,,,,,,,,39.3239667813352,-0.5825883937068852,3,10,39.323652482071225,-0.583101446616098,23.77,0.0,0.0,9,100.0,500.0,0.0,1781192436.94,0,0,,,,,25.0,1,5.0,station_keeping,8.0,emergency_stop,,,,,,,,,False,0,,15.5,55.017,1915.352,3796.93,50.4,6.953,28.522,25.7,462.051,2236.569,2272.484,usvrp,Linux
2026-06-11T15:40:40.643Z,False,MANUAL,REAL,ACTIVE,False,False,forward,loop,0,0.0,0.0,0.0,0.0,0.0,237.535,37.453,105.122,-8172.727,M,sensor,0.0,0.0,0.0,0,0,99.99,99.99,0.0,V,0.0,0.0,0.0,,,sensor,0.654,1.835,-142.641,-0.316,0.105,9.881,0.0,0.0,0.0,-2848.0,-4085.0,-5341.0,31.95,237.616,sensor,,,,,,,,,,,,,,,,,,,,,39.3239667813352,-0.5825883937068852,3,10,39.323652482071225,-0.583101446616098,23.77,0.0,0.0,9,100.0,500.0,0.0,1781192436.94,0,0,,,,,25.0,1,5.0,station_keeping,8.0,emergency_stop,,,,,,,,,False,0,,9.9,56.478,1916.387,3796.93,50.5,6.953,28.522,25.7,463.051,2186.709,2206.035,usvrp,Linux
2026-06-11T15:40:41.643Z,False,MANUAL,REAL,ACTIVE,False,False,forward,loop,0,0.0,0.0,0.0,0.0,0.0,237.558,37.453,104.807,-8172.727,M,sensor,0.0,0.0,0.0,0,0,99.99,99.99,0.0,V,0.0,0.0,0.0,,,sensor,0.654,1.829,-142.641,-0.311,0.115,9.877,0.0,0.0,0.0,-2848.0,-4065.0,-5353.0,31.94,237.484,sensor,,,,,,,,,,,,,,,,,,,,,39.3239667813352,-0.5825883937068852,3,10,39.323652482071225,-0.583101446616098,23.78,0.0,0.0,9,100.0,500.0,0.0,1781192436.94,0,0,,,,,25.0,1,5.0,station_keeping,8.0,emergency_stop,,,,,,,,,False,0,,6.3,55.991,1915.281,3796.93,50.4,6.953,28.522,25.7,464.051,2111.693,2112.965,usvrp,Linux
2026-06-11T15:40:42.643Z,False,MANUAL,REAL,ACTIVE,False,False,forward,loop,0,0.0,0.0,0.0,0.0,0.0,237.655,37.453,104.807,-8172.727,M,sensor,0.0,0.0,0.0,0,0,99.99,99.99,0.0,V,0.0,0.0,0.0,,,sensor,0.654,1.829,-142.641,-0.316,0.11,9.877,0.0,0.0,0.0,-2830.0,-4045.0,-5375.0,31.94,237.522,sensor,,,,,,,,,,,,,,,,,,,,,39.3239667813352,-0.5825883937068852,3,10,39.323652482071225,-0.583101446616098,23.78,0.0,0.0,9,100.0,500.0,0.0,1781192436.94,0,0,,,,,25.0,1,5.0,station_keeping,8.0,emergency_stop,,,,,,,,,False,0,,7.1,55.017,1915.035,3796.93,50.4,6.953,28.522,25.7,465.052,2157.667,2161.074,usvrp,Linux
2026-06-11T15:40:43.643Z,False,MANUAL,REAL,ACTIVE,False,False,forward,loop,0,0.0,0.0,0.0,0.0,0.0,237.804,37.453,104.807,-8172.727,M,sensor,0.0,0.0,0.0,0,0,99.99,99.99,0.0,V,0.0,0.0,0.0,,,sensor,0.654,1.829,-142.641,-0.316,0.11,9.881,0.0,0.0,0.0,-2833.0,-4092.0,-5360.0,31.92,237.804,sensor,,,,,,,,,,,,,,,,,,,,,39.3239667813352,-0.5825883937068852,3,10,39.323652482071225,-0.583101446616098,23.78,0.0,0.0,9,100.0,500.0,0.0,1781192436.94,0,0,,,,,25.0,1,5.0,station_keeping,8.0,emergency_stop,,,,,,,,,False,0,,7.6,55.504,1910.207,3796.93,50.3,6.953,28.522,25.7,466.052,2137.014,2136.47,usvrp,Linux
2026-06-11T15:40:44.643Z,False,MANUAL,REAL,ACTIVE,False,False,forward,loop,0,0.0,0.0,0.0,0.0,0.0,237.455,37.768,104.807,-8172.727,M,sensor,0.0,0.0,0.0,0,0,99.99,99.99,0.0,V,0.0,0.0,0.0,,,sensor,0.659,1.829,-142.641,-0.321,0.12,9.872,0.0,0.0,0.0,-2835.0,-4042.0,-5353.0,31.97,237.455,sensor,,,,,,,,,,,,,,,,,,,,,39.3239667813352,-0.5825883937068852,3,10,39.323652482071225,-0.583101446616098,23.78,0.0,0.0,9,100.0,500.0,0.0,1781192436.94,0,0,,,,,25.0,1,5.0,station_keeping,8.0,emergency_stop,,,,,,,,,False,0,,12.2,55.017,1911.918,3796.93,50.4,6.953,28.522,25.7,467.052,2089.989,2092.788,usvrp,Linux
2026-06-11T15:40:45.643Z,False,MANUAL,REAL,ACTIVE,False,False,forward,loop,0,0.0,0.0,0.0,0.0,0.0,237.534,37.453,104.807,-8172.727,M,sensor,0.0,0.0,0.0,0,0,99.99,99.99,0.0,V,0.0,0.0,0.0,,,sensor,0.654,1.829,-142.641,-0.316,0.115,9.877,0.0,0.0,0.0,-2833.0,-4051.0,-5341.0,31.92,237.534,sensor,,,,,,,,,,,,,,,,,,,,,39.3239667813352,-0.5825883937068852,3,10,39.323652482071225,-0.583101446616098,23.78,0.0,0.0,9,100.0,500.0,0.0,1781192436.94,0,0,,,,,25.0,1,5.0,station_keeping,8.0,emergency_stop,,,,,,,,,False,0,,15.4,54.53,1910.648,3796.93,50.3,6.953,28.522,25.7,468.052,2157.458,2170.336,usvrp,Linux
2026-06-11T15:40:46.643Z,False,MANUAL,REAL,ACTIVE,False,False,forward,loop,0,0.0,0.0,0.0,0.0,0.0,237.612,37.768,105.122,-8172.727,M,sensor,0.0,0.0,0.0,0,0,99.99,99.99,0.0,V,0.0,0.0,0.0,,,sensor,0.659,1.835,-142.641,-0.321,0.105,9.877,0.0,0.0,0.0,-2831.0,-4060.0,-5342.0,31.92,237.612,sensor,,,,,,,,,,,,,,,,,,,,,39.3239667813352,-0.5825883937068852,3,10,39.323652482071225,-0.583101446616098,23.78,0.0,0.0,9,100.0,500.0,0.0,1781192436.94,0,0,,,,,25.0,1,5.0,station_keeping,8.0,emergency_stop,,,,,,,,,False,0,,7.0,55.504,1909.391,3796.93,50.3,6.953,28.522,25.7,469.052,1959.031,1963.806,usvrp,Linux
2026-06-11T15:40:47.643Z,False,MANUAL,REAL,ACTIVE,False,False,forward,loop,0,0.0,0.0,0.0,0.0,0.0,237.547,37.768,105.122,-8172.727,M,sensor,0.0,0.0,0.0,0,0,99.99,99.99,0.0,V,0.0,0.0,0.0,,,sensor,0.659,1.835,-142.641,-0.321,0.105,9.891,0.0,0.0,0.0,-2833.0,-4054.0,-5364.0,31.96,237.554,sensor,,,,,,,,,,,,,,,,,,,,,39.3239667813352,-0.5825883937068852,3,10,39.323652482071225,-0.583101446616098,23.79,0.0,0.0,9,100.0,500.0,0.0,1781192436.94,0,0,,,,,25.0,1,5.0,station_keeping,8.0,emergency_stop,,,,,,,,,False,0,,6.1,54.53,1906.582,3796.93,50.2,6.953,28.522,25.7,470.052,2078.914,2081.73,usvrp,Linux
2026-06-11T15:40:48.643Z,False,MANUAL,REAL,ACTIVE,False,False,forward,loop,0,0.0,0.0,0.0,0.0,0.0,237.545,37.768,104.807,-8172.727,M,sensor,0.0,0.0,0.0,0,0,99.99,99.99,0.0,V,0.0,0.0,0.0,,,sensor,0.659,1.835,-142.641,-0.316,0.11,9.877,0.0,0.0,0.0,-2839.0,-4062.0,-5337.0,31.96,237.55,sensor,,,,,,,,,,,,,,,,,,,,,39.3239667813352,-0.5825883937068852,3,10,39.323652482071225,-0.583101446616098,23.79,0.0,0.0,9,100.0,500.0,0.0,1781192436.94,0,0,,,,,25.0,1,5.0,station_keeping,8.0,emergency_stop,,,,,,,,,False,0,,8.0,54.53,1906.082,3796.93,50.2,6.953,28.522,25.7,471.052,2097.229,2101.533,usvrp,Linux
2026-06-11T15:40:49.643Z,False,MANUAL,REAL,ACTIVE,False,False,forward,loop,0,0.0,0.0,0.0,0.0,0.0,237.496,37.768,104.807,-8172.727,M,sensor,0.0,0.0,0.0,0,0,99.99,99.99,0.0,V,0.0,0.0,0.0,,,sensor,0.659,1.829,-142.641,-0.311,0.11,9.872,0.0,0.0,0.0,-2858.0,-4064.0,-5338.0,31.95,237.383,sensor,,,,,,,,,,,,,,,,,,,,,39.3239667813352,-0.5825883937068852,3,10,39.323652482071225,-0.583101446616098,23.78,0.0,0.0,9,100.0,500.0,0.0,1781192436.94,0,0,,,,,25.0,1,5.0,station_keeping,8.0,emergency_stop,,,,,,,,,False,0,,9.1,55.991,1904.168,3796.93,50.2,6.953,28.522,25.7,472.052,2126.185,2134.488,usvrp,Linux
2026-06-11T15:40:50.643Z,False,MANUAL,REAL,ACTIVE,False,False,forward,loop,0,0.0,0.0,0.0,0.0,0.0,237.683,37.768,104.807,-8172.727,M,sensor,0.0,0.0,0.0,0,0,99.99,99.99,0.0,V,0.0,0.0,0.0,,,sensor,0.659,1.829,-142.641,-0.316,0.12,9.881,0.0,0.0,0.0,-2848.0,-4064.0,-5347.0,31.96,237.478,sensor,,,,,,,,,,,,,,,,,,,,,39.3239667813352,-0.5825883937068852,3,10,39.323652482071225,-0.583101446616098,23.78,0.0,0.0,9,100.0,500.0,0.0,1781192436.94,0,0,,,,,25.0,1,5.0,station_keeping,8.0,emergency_stop,,,,,,,,,False,0,,15.6,55.017,1903.453,3796.93,50.1,6.953,28.522,25.7,473.052,2159.476,2167.027,usvrp,Linux
2026-06-11T15:40:51.643Z,False,MANUAL,REAL,ACTIVE,False,False,forward,loop,0,0.0,0.0,0.0,0.0,0.0,237.792,37.453,105.122,-8172.727,M,sensor,0.0,0.0,0.0,0,0,99.99,99.99,0.0,V,0.0,0.0,0.0,,,sensor,0.654,1.835,-142.641,-0.316,0.105,9.886,0.0,0.0,0.0,-2844.0,-4101.0,-5378.0,31.92,237.759,sensor,,,,,,,,,,,,,,,,,,,,,39.3239667813352,-0.5825883937068852,3,10,39.323652482071225,-0.583101446616098,23.78,0.0,0.0,9,100.0,500.0,0.0,1781192436.94,0,0,,,,,25.0,1,5.0,station_keeping,8.0,emergency_stop,,,,,,,,,False,0,,8.1,55.504,1901.328,3796.93,50.1,6.953,28.522,25.7,474.053,2162.026,2153.531,usvrp,Linux
2026-06-11T15:40:52.643Z,False,MANUAL,REAL,ACTIVE,False,False,forward,loop,0,0.0,0.0,0.0,0.0,0.0,237.427,37.453,104.807,-8172.727,M,sensor,0.0,0.0,0.0,0,0,99.99,99.99,0.0,V,0.0,0.0,0.0,,,sensor,0.654,1.829,-142.641,-0.316,0.11,9.881,0.0,0.0,0.0,-2857.0,-4064.0,-5342.0,31.97,237.393,sensor,,,,,,,,,,,,,,,,,,,,,39.3239667813352,-0.5825883937068852,3,10,39.323652482071225,-0.583101446616098,23.78,0.0,0.0,9,100.0,500.0,0.0,1781192436.94,0,0,,,,,25.0,1,5.0,station_keeping,8.0,emergency_stop,,,,,,,,,False,0,,6.3,55.991,1900.688,3796.93,50.1,6.953,28.522,25.7,475.053,2090.685,2094.692,usvrp,Linux
2026-06-11T15:40:53.643Z,False,MANUAL,REAL,ACTIVE,False,False,forward,loop,0,0.0,0.0,0.0,0.0,0.0,237.624,37.768,104.807,-8172.727,M,sensor,0.0,0.0,0.0,0,0,99.99,99.99,0.0,V,0.0,0.0,0.0,,,sensor,0.659,1.829,-142.641,-0.316,0.11,9.886,0.0,0.0,0.0,-2850.0,-4089.0,-5354.0,31.94,237.624,sensor,,,,,,,,,,,,,,,,,,,,,39.3239667813352,-0.5825883937068852,3,10,39.323652482071225,-0.583101446616098,23.78,0.0,0.0,9,100.0,500.0,0.0,1781192436.94,0,0,,,,,25.0,1,5.0,station_keeping,8.0,emergency_stop,,,,,,,,,False,0,,6.5,55.017,1899.402,3796.93,50.0,6.953,28.522,25.7,476.053,2095.226,2099.785,usvrp,Linux
2026-06-11T15:40:54.643Z,False,MANUAL,REAL,ACTIVE,False,False,forward,loop,0,0.0,0.0,0.0,0.0,0.0,237.495,37.768,104.492,-8172.727,M,sensor,0.0,0.0,0.0,0,0,99.99,99.99,0.0,V,0.0,0.0,0.0,,,sensor,0.659,1.824,-142.641,-0.311,0.115,9.891,0.0,0.0,0.0,-2835.0,-4048.0,-5378.0,31.97,237.495,sensor,,,,,,,,,,,,,,,,,,,,,39.3239667813352,-0.5825883937068852,3,10,39.323652482071225,-0.583101446616098,23.79,0.0,0.0,9,100.0,500.0,0.0,1781192436.94,0,0,,,,,25.0,1,5.0,station_keeping,8.0,emergency_stop,,,,,,,,,False,0,,6.8,55.017,1899.266,3796.93,50.0,6.953,28.522,25.7,477.053,2091.199,2096.374,usvrp,Linux
2026-06-11T15:40:55.643Z,False,MANUAL,REAL,ACTIVE,False,False,forward,loop,0,0.0,0.0,0.0,0.0,0.0,237.664,37.768,104.492,-8172.727,M,sensor,0.0,0.0,0.0,0,0,99.99,99.99,0.0,V,0.0,0.0,0.0,,,sensor,0.659,1.824,-142.641,-0.311,0.11,9.881,0.0,0.0,0.0,-2837.0,-4059.0,-5356.0,31.95,237.549,sensor,,,,,,,,,,,,,,,,,,,,,39.3239667813352,-0.5825883937068852,3,10,39.323652482071225,-0.583101446616098,23.79,0.0,0.0,9,100.0,500.0,0.0,1781192436.94,0,0,,,,,25.0,1,5.0,station_keeping,8.0,emergency_stop,,,,,,,,,False,0,,14.1,54.53,1898.238,3796.93,50.0,6.953,28.522,25.7,478.053,2114.482,2129.048,usvrp,Linux
2026-06-11T15:40:56.643Z,False,MANUAL,REAL,ACTIVE,False,False,forward,loop,0,0.0,0.0,0.0,0.0,0.0,237.695,37.768,104.492,-8172.727,M,sensor,0.0,0.0,0.0,0,0,99.99,99.99,0.0,V,0.0,0.0,0.0,,,sensor,0.659,1.824,-142.641,-0.311,0.105,9.881,0.0,0.0,0.0,-2848.0,-4097.0,-5336.0,31.99,237.695,sensor,,,,,,,,,,,,,,,,,,,,,39.3239667813352,-0.5825883937068852,3,10,39.323652482071225,-0.583101446616098,23.78,0.0,0.0,9,100.0,500.0,0.0,1781192436.94,0,0,,,,,25.0,1,5.0,station_keeping,8.0,emergency_stop,,,,,,,,,False,0,,11.3,55.504,1899.148,3796.93,50.0,6.953,28.522,25.7,479.053,2123.292,2128.771,usvrp,Linux
2026-06-11T15:40:57.643Z,False,MANUAL,REAL,ACTIVE,False,False,forward,loop,0,0.0,0.0,0.0,0.0,0.0,237.517,37.453,104.492,-8172.727,M,sensor,0.0,0.0,0.0,0,0,99.99,99.99,0.0,V,0.0,0.0,0.0,,,sensor,0.654,1.824,-142.641,-0.311,0.115,9.881,0.0,0.0,0.0,-2839.0,-4057.0,-5342.0,31.95,237.517,sensor,,,,,,,,,,,,,,,,,,,,,39.3239667813352,-0.5825883937068852,3,10,39.323652482071225,-0.583101446616098,23.8,0.0,0.0,9,100.0,500.0,0.0,1781192436.94,0,0,,,,,25.0,1,5.0,station_keeping,8.0,emergency_stop,,,,,,,,,False,0,,10.5,54.53,1898.176,3796.93,50.0,6.953,28.522,25.7,480.053,2077.821,2080.893,usvrp,Linux
2026-06-11T15:40:58.643Z,False,MANUAL,REAL,ACTIVE,False,False,forward,loop,0,0.0,0.0,0.0,0.0,0.0,237.402,37.453,104.492,-8172.727,M,sensor,0.0,0.0,0.0,0,0,99.99,99.99,0.0,V,0.0,0.0,0.0,,,sensor,0.654,1.824,-142.641,-0.311,0.11,9.872,0.0,0.0,0.0,-2850.0,-4071.0,-5386.0,31.96,237.505,sensor,,,,,,,,,,,,,,,,,,,,,39.3239667813352,-0.5825883937068852,3,10,39.323652482071225,-0.583101446616098,23.8,0.0,0.0,9,100.0,500.0,0.0,1781192436.94,0,0,,,,,25.0,1,5.0,station_keeping,8.0,emergency_stop,,,,,,,,,False,0,,11.7,54.043,1897.043,3796.93,50.0,6.953,28.522,25.7,481.053,2105.456,2112.592,usvrp,Linux
2026-06-11T15:40:59.643Z,False,MANUAL,REAL,ACTIVE,False,False,forward,loop,0,0.0,0.0,0.0,0.0,0.0,237.519,37.453,104.807,-8172.727,M,sensor,0.0,0.0,0.0,0,0,99.99,99.99,0.0,V,0.0,0.0,0.0,,,sensor,0.654,1.829,-142.641,-0.311,0.11,9.872,0.0,0.0,0.0,-2846.0,-4045.0,-5329.0,31.97,237.37,sensor,,,,,,,,,,,,,,,,,,,,,39.3239667813352,-0.5825883937068852,3,10,39.323652482071225,-0.583101446616098,23.79,0.0,0.0,9,100.0,500.0,0.0,1781192436.94,0,0,,,,,25.0,1,5.0,station_keeping,8.0,emergency_stop,,,,,,,,,False,0,,9.4,54.53,1896.164,3796.93,49.9,6.953,28.522,25.7,482.054,2095.391,2102.236,usvrp,Linux
2026-06-11T15:41:00.643Z,False,MANUAL,REAL,ACTIVE,False,False,forward,loop,0,0.0,0.0,0.0,0.0,0.0,237.702,37.453,104.807,-8172.727,M,sensor,0.0,0.0,0.0,0,0,99.99,99.99,0.0,V,0.0,0.0,0.0,,,sensor,0.654,1.829,-142.641,-0.311,0.11,9.881,0.0,0.0,0.0,-2841.0,-4088.0,-5330.0,31.96,237.702,sensor,,,,,,,,,,,,,,,,,,,,,39.3239667813352,-0.5825883937068852,3,10,39.323652482071225,-0.583101446616098,23.79,0.0,0.0,9,100.0,500.0,0.0,1781192436.94,0,0,,,,,25.0,1,5.0,station_keeping,8.0,emergency_stop,,,,,,,,,False,0,,14.2,54.043,1896.363,3796.93,49.9,6.953,28.522,25.7,483.054,2091.518,2099.237,usvrp,Linux
2026-06-11T15:41:01.643Z,False,MANUAL,REAL,ACTIVE,False,False,forward,loop,0,0.0,0.0,0.0,0.0,0.0,237.649,37.453,105.122,-8172.727,M,sensor,0.0,0.0,0.0,0,0,99.99,99.99,0.0,V,0.0,0.0,0.0,,,sensor,0.654,1.835,-142.641,-0.316,0.105,9.872,0.0,0.0,0.0,-2840.0,-4082.0,-5356.0,31.94,237.672,sensor,,,,,,,,,,,,,,,,,,,,,39.3239667813352,-0.5825883937068852,3,10,39.323652482071225,-0.583101446616098,23.79,0.0,0.0,9,100.0,500.0,0.0,1781192436.94,0,0,,,,,25.0,1,5.0,station_keeping,8.0,emergency_stop,,,,,,,,,False,0,,11.6,55.017,1896.871,3796.93,50.0,6.953,28.522,25.7,484.054,2160.284,2166.491,usvrp,Linux
2026-06-11T15:41:02.643Z,False,MANUAL,REAL,ACTIVE,False,False,forward,loop,0,0.0,0.0,0.0,0.0,0.0,237.541,37.453,104.807,-8172.727,M,sensor,0.0,0.0,0.0,0,0,99.99,99.99,0.0,V,0.0,0.0,0.0,,,sensor,0.654,1.829,-142.641,-0.316,0.11,9.881,0.0,0.0,0.0,-2849.0,-4075.0,-5349.0,31.95,237.541,sensor,,,,,,,,,,,,,,,,,,,,,39.3239667813352,-0.5825883937068852,3,10,39.323652482071225,-0.583101446616098,23.78,0.0,0.0,9,100.0,500.0,0.0,1781192436.94,0,0,,,,,25.0,1,5.0,station_keeping,8.0,emergency_stop,,,,,,,,,False,0,,7.5,55.991,1896.805,3796.93,50.0,6.953,28.522,25.7,485.054,2081.717,2083.94,usvrp,Linux
2026-06-11T15:41:03.643Z,False,MANUAL,REAL,ACTIVE,False,False,forward,loop,0,0.0,0.0,0.0,0.0,0.0,237.528,37.453,104.807,-8172.727,M,sensor,0.0,0.0,0.0,0,0,99.99,99.99,0.0,V,0.0,0.0,0.0,,,sensor,0.654,1.829,-142.641,-0.321,0.11,9.877,0.0,0.0,0.0,-2842.0,-4063.0,-5362.0,31.97,237.528,sensor,,,,,,,,,,,,,,,,,,,,,39.3239667813352,-0.5825883937068852,3,10,39.323652482071225,-0.583101446616098,23.78,0.0,0.0,9,100.0,500.0,0.0,1781192436.94,0,0,,,,,25.0,1,5.0,station_keeping,8.0,emergency_stop,,,,,,,,,False,0,,6.3,55.017,1896.055,3796.93,49.9,6.953,28.522,25.7,486.054,2089.132,2096.284,usvrp,Linux
2026-06-11T15:41:04.643Z,False,MANUAL,REAL,ACTIVE,False,False,forward,loop,0,0.0,0.0,0.0,0.0,0.0,237.599,37.453,104.492,-8172.727,M,sensor,0.0,0.0,0.0,0,0,99.99,99.99,0.0,V,0.0,0.0,0.0,,,sensor,0.654,1.824,-142.641,-0.316,0.11,9.872,0.0,0.0,0.0,-2835.0,-4059.0,-5341.0,31.92,237.568,sensor,,,,,,,,,,,,,,,,,,,,,39.3239667813352,-0.5825883937068852,3,10,39.323652482071225,-0.583101446616098,23.79,0.0,0.0,9,100.0,500.0,0.0,1781192436.94,0,0,,,,,25.0,1,5.0,station_keeping,8.0,emergency_stop,,,,,,,,,False,0,,5.1,54.043,1895.699,3796.93,49.9,6.953,28.522,25.7,487.054,2095.733,2120.538,usvrp,Linux
2026-06-11T15:41:05.643Z,False,MANUAL,REAL,ACTIVE,False,False,forward,loop,0,0.0,0.0,0.0,0.0,0.0,237.543,37.768,104.807,-8172.727,M,sensor,0.0,0.0,0.0,0,0,99.99,99.99,0.0,V,0.0,0.0,0.0,,,sensor,0.659,1.829,-142.641,-0.316,0.11,9.881,0.0,0.0,0.0,-2839.0,-4061.0,-5346.0,31.96,237.543,sensor,,,,,,,,,,,,,,,,,,,,,39.3239667813352,-0.5825883937068852,3,10,39.323652482071225,-0.583101446616098,23.78,0.0,0.0,9,100.0,500.0,0.0,1781192436.94,0,0,,,,,25.0,1,5.0,station_keeping,8.0,emergency_stop,,,,,,,,,False,0,,5.8,55.017,1894.73,3796.93,49.9,6.953,28.522,25.7,488.054,2077.864,2085.415,usvrp,Linux
2026-06-11T15:41:06.643Z,False,MANUAL,REAL,ACTIVE,False,False,forward,loop,0,0.0,0.0,0.0,0.0,0.0,237.654,37.768,104.807,-8172.727,M,sensor,0.0,0.0,0.0,0,0,99.99,99.99,0.0,V,0.0,0.0,0.0,,,sensor,0.659,1.829,-142.641,-0.306,0.115,9.881,0.0,0.0,0.0,-2847.0,-4057.0,-5342.0,31.96,237.441,sensor,,,,,,,,,,,,,,,,,,,,,39.3239667813352,-0.5825883937068852,3,10,39.323652482071225,-0.583101446616098,23.78,0.0,0.0,9,100.0,500.0,0.0,1781192436.94,0,0,,,,,25.0,1,5.0,station_keeping,8.0,emergency_stop,,,,,,,,,False,0,,13.3,55.504,1896.426,3796.93,49.9,6.953,28.522,25.7,489.055,2195.565,2203.005,usvrp,Linux
2026-06-11T15:41:07.643Z,False,MANUAL,REAL,ACTIVE,False,False,forward,loop,0,0.0,0.0,0.0,0.0,0.0,237.507,37.768,104.492,-8172.727,M,sensor,0.0,0.0,0.0,0,0,99.99,99.99,0.0,V,0.0,0.0,0.0,,,sensor,0.659,1.824,-142.641,-0.316,0.11,9.877,0.0,0.0,0.0,-2843.0,-4054.0,-5343.0,31.96,237.459,sensor,,,,,,,,,,,,,,,,,,,,,39.3239667813352,-0.5825883937068852,3,10,39.323652482071225,-0.583101446616098,23.78,0.0,0.0,9,100.0,500.0,0.0,1781192436.94,0,0,,,,,25.0,1,5.0,station_keeping,8.0,emergency_stop,,,,,,,,,False,0,,6.1,55.017,1895.637,3796.93,49.9,6.953,28.522,25.7,490.055,2090.683,2089.043,usvrp,Linux
2026-06-11T15:41:08.643Z,False,MANUAL,REAL,ACTIVE,False,False,forward,loop,0,0.0,0.0,0.0,0.0,0.0,237.628,37.768,104.492,-8172.727,M,sensor,0.0,0.0,0.0,0,0,99.99,99.99,0.0,V,0.0,0.0,0.0,,,sensor,0.659,1.824,-142.641,-0.316,0.115,9.881,0.0,0.0,0.0,-2846.0,-4063.0,-5353.0,31.96,237.49,sensor,,,,,,,,,,,,,,,,,,,,,39.3239667813352,-0.5825883937068852,3,10,39.323652482071225,-0.583101446616098,23.78,0.0,0.0,9,100.0,500.0,0.0,1781192436.94,0,0,,,,,25.0,1,5.0,station_keeping,8.0,emergency_stop,,,,,,,,,False,0,,4.9,53.556,1895.355,3796.93,49.9,6.953,28.522,25.7,491.055,2081.14,2084.308,usvrp,Linux
2026-06-11T15:41:09.643Z,False,MANUAL,REAL,ACTIVE,False,False,forward,loop,0,0.0,0.0,0.0,0.0,0.0,237.667,37.768,104.807,-8172.727,M,sensor,0.0,0.0,0.0,0,0,99.99,99.99,0.0,V,0.0,0.0,0.0,,,sensor,0.659,1.829,-142.641,-0.311,0.12,9.886,0.0,0.0,0.0,-2855.0,-4073.0,-5348.0,31.97,237.471,sensor,,,,,,,,,,,,,,,,,,,,,39.3239667813352,-0.5825883937068852,3,10,39.323652482071225,-0.583101446616098,23.78,0.0,0.0,9,100.0,500.0,0.0,1781192436.94,0,0,,,,,25.0,1,5.0,station_keeping,8.0,emergency_stop,,,,,,,,,False,0,,6.3,55.017,1894.98,3796.93,49.9,6.953,28.522,25.7,492.055,2094.565,2118.651,usvrp,Linux
2026-06-11T15:41:10.643Z,False,MANUAL,REAL,ACTIVE,False,False,forward,loop,0,0.0,0.0,0.0,0.0,0.0,237.618,37.768,104.807,-8172.727,M,sensor,0.0,0.0,0.0,0,0,99.99,99.99,0.0,V,0.0,0.0,0.0,,,sensor,0.659,1.829,-142.641,-0.316,0.11,9.877,0.0,0.0,0.0,-2836.0,-4076.0,-5366.0,31.97,237.671,sensor,,,,,,,,,,,,,,,,,,,,,39.3239667813352,-0.5825883937068852,3,10,39.323652482071225,-0.583101446616098,23.78,0.0,0.0,9,100.0,500.0,0.0,1781192436.94,0,0,,,,,25.0,1,5.0,station_keeping,8.0,emergency_stop,,,,,,,,,False,0,,6.8,55.991,1895.074,3796.93,49.9,6.953,28.522,25.7,493.055,2100.981,2099.765,usvrp,Linux
2026-06-11T15:41:11.643Z,False,MANUAL,REAL,ACTIVE,False,False,forward,loop,0,0.0,0.0,0.0,0.0,0.0,237.524,37.453,104.807,-8172.727,M,sensor,0.0,0.0,0.0,0,0,99.99,99.99,0.0,V,0.0,0.0,0.0,,,sensor,0.654,1.829,-142.641,-0.316,0.105,9.891,0.0,0.0,0.0,-2849.0,-4065.0,-5357.0,31.95,237.475,sensor,,,,,,,,,,,,,,,,,,,,,39.3239667813352,-0.5825883937068852,3,10,39.323652482071225,-0.583101446616098,23.78,0.0,0.0,9,100.0,500.0,0.0,1781192436.94,0,0,,,,,25.0,1,5.0,station_keeping,8.0,emergency_stop,,,,,,,,,False,0,,13.2,54.53,1896.559,3796.93,49.9,6.953,28.522,25.7,494.055,2169.643,2176.067,usvrp,Linux
2026-06-11T15:41:12.643Z,False,MANUAL,REAL,ACTIVE,False,False,forward,loop,0,0.0,0.0,0.0,0.0,0.0,237.819,37.768,104.492,-8172.727,M,sensor,0.0,0.0,0.0,0,0,99.99,99.99,0.0,V,0.0,0.0,0.0,,,sensor,0.659,1.824,-142.641,-0.316,0.11,9.881,0.0,0.0,0.0,-2839.0,-4103.0,-5353.0,31.94,237.819,sensor,,,,,,,,,,,,,,,,,,,,,39.3239667813352,-0.5825883937068852,3,10,39.323652482071225,-0.583101446616098,23.78,0.0,0.0,9,100.0,500.0,0.0,1781192436.94,0,0,,,,,25.0,1,5.0,station_keeping,8.0,emergency_stop,,,,,,,,,False,0,,7.8,55.017,1896.555,3796.93,49.9,6.953,28.522,25.7,495.055,2137.955,2135.539,usvrp,Linux
2026-06-11T15:41:13.643Z,False,MANUAL,REAL,ACTIVE,False,False,forward,loop,0,0.0,0.0,0.0,0.0,0.0,237.708,37.453,104.492,-8172.727,M,sensor,0.0,0.0,0.0,0,0,99.99,99.99,0.0,V,0.0,0.0,0.0,,,sensor,0.654,1.824,-142.641,-0.321,0.115,9.877,0.0,0.0,0.0,-2832.0,-4076.0,-5332.0,31.96,237.708,sensor,,,,,,,,,,,,,,,,,,,,,39.3239667813352,-0.5825883937068852,3,10,39.323652482071225,-0.583101446616098,23.78,0.0,0.0,9,100.0,500.0,0.0,1781192436.94,0,0,,,,,25.0,1,5.0,station_keeping,8.0,emergency_stop,,,,,,,,,False,0,,5.8,55.504,1896.164,3796.93,49.9,6.953,28.522,25.7,496.055,2078.784,2079.168,usvrp,Linux
2026-06-11T15:41:14.643Z,False,MANUAL,REAL,ACTIVE,False,False,forward,loop,0,0.0,0.0,0.0,0.0,0.0,237.648,37.453,104.492,-8172.727,M,sensor,0.0,0.0,0.0,0,0,99.99,99.99,0.0,V,0.0,0.0,0.0,,,sensor,0.654,1.824,-142.641,-0.316,0.11,9.881,0.0,0.0,0.0,-2846.0,-4087.0,-5359.0,31.94,237.648,sensor,,,,,,,,,,,,,,,,,,,,,39.3239667813352,-0.5825883937068852,3,10,39.323652482071225,-0.583101446616098,23.78,0.0,0.0,9,100.0,500.0,0.0,1781192436.94,0,0,,,,,25.0,1,5.0,station_keeping,8.0,emergency_stop,,,,,,,,,False,0,,7.8,54.53,1895.324,3796.93,49.9,6.953,28.522,25.7,497.055,2107.747,2112.067,usvrp,Linux
2026-06-11T15:41:15.643Z,False,MANUAL,REAL,ACTIVE,False,False,forward,loop,0,0.0,0.0,0.0,0.0,0.0,237.708,37.453,104.492,-8172.727,M,sensor,0.0,0.0,0.0,0,0,99.99,99.99,0.0,V,0.0,0.0,0.0,,,sensor,0.654,1.824,-142.641,-0.316,0.12,9.891,0.0,0.0,0.0,-2832.0,-4076.0,-5359.0,31.94,237.708,sensor,,,,,,,,,,,,,,,,,,,,,39.3239667813352,-0.5825883937068852,3,10,39.323652482071225,-0.583101446616098,23.78,0.0,0.0,9,100.0,500.0,0.0,1781192436.94,0,0,,,,,25.0,1,5.0,station_keeping,8.0,emergency_stop,,,,,,,,,False,0,,8.1,54.53,1895.258,3796.93,49.9,6.953,28.522,25.7,498.055,2196.982,2188.391,usvrp,Linux
2026-06-11T15:41:16.643Z,False,MANUAL,REAL,ACTIVE,False,False,forward,loop,0,0.0,0.0,0.0,0.0,0.0,237.681,37.453,104.492,-8172.727,M,sensor,0.0,0.0,0.0,0,0,99.99,99.99,0.0,V,0.0,0.0,0.0,,,sensor,0.654,1.824,-142.641,-0.321,0.105,9.872,0.0,0.0,0.0,-2838.0,-4082.0,-5342.0,31.92,237.691,sensor,,,,,,,,,,,,,,,,,,,,,39.3239667813352,-0.5825883937068852,3,10,39.323652482071225,-0.583101446616098,23.78,0.0,0.0,9,100.0,500.0,0.0,1781192436.94,0,0,,,,,25.0,1,5.0,station_keeping,8.0,emergency_stop,,,,,,,,,False,0,,15.7,55.504,1895.387,3796.93,49.9,6.953,28.522,25.7,499.056,2255.593,2252.338,usvrp,Linux
2026-06-11T15:41:17.643Z,False,MANUAL,REAL,ACTIVE,False,False,forward,loop,0,0.0,0.0,0.0,0.0,0.0,237.626,37.453,104.492,-8172.727,M,sensor,0.0,0.0,0.0,0,0,99.99,99.99,0.0,V,0.0,0.0,0.0,,,sensor,0.654,1.824,-142.641,-0.321,0.115,9.881,0.0,0.0,0.0,-2840.0,-4075.0,-5328.0,31.94,237.626,sensor,,,,,,,,,,,,,,,,,,,,,39.3239667813352,-0.5825883937068852,3,10,39.323652482071225,-0.583101446616098,23.78,0.0,0.0,9,100.0,500.0,0.0,1781192436.94,0,0,,,,,25.0,1,5.0,station_keeping,8.0,emergency_stop,,,,,,,,,False,0,,10.0,55.504,1895.301,3796.93,49.9,6.953,28.522,25.7,500.056,2217.155,2206.836,usvrp,Linux
2026-06-11T15:41:18.643Z,False,MANUAL,REAL,ACTIVE,False,False,forward,loop,0,0.0,0.0,0.0,0.0,0.0,237.68,37.453,104.807,-8172.727,M,sensor,0.0,0.0,0.0,0,0,99.99,99.99,0.0,V,0.0,0.0,0.0,,,sensor,0.654,1.829,-142.641,-0.316,0.115,9.877,0.0,0.0,0.0,-2844.0,-4089.0,-5350.0,31.97,237.68,sensor,,,,,,,,,,,,,,,,,,,,,39.3239667813352,-0.5825883937068852,3,10,39.323652482071225,-0.583101446616098,23.78,0.0,0.0,9,100.0,500.0,0.0,1781192436.94,0,0,,,,,25.0,1,5.0,station_keeping,8.0,emergency_stop,,,,,,,,,False,0,,7.3,55.504,1894.648,3796.93,49.9,6.953,28.522,25.7,501.056,2087.173,2086.565,usvrp,Linux
2026-06-11T15:41:19.643Z,False,MANUAL,REAL,ACTIVE,False,False,forward,loop,0,0.0,0.0,0.0,0.0,0.0,237.722,37.453,104.492,-8172.727,M,sensor,0.0,0.0,0.0,0,0,99.99,99.99,0.0,V,0.0,0.0,0.0,,,sensor,0.654,1.824,-142.641,-0.316,0.115,9.881,0.0,0.0,0.0,-2841.0,-4091.0,-5320.0,31.95,237.722,sensor,,,,,,,,,,,,,,,,,,,,,39.3239667813352,-0.5825883937068852,3,10,39.323652482071225,-0.583101446616098,23.78,0.0,0.0,9,100.0,500.0,0.0,1781192436.94,0,0,,,,,25.0,1,5.0,station_keeping,8.0,emergency_stop,,,,,,,,,False,0,,6.1,53.556,1894.148,3796.93,49.9,6.953,28.522,25.7,502.056,2095.563,2102.274,usvrp,Linux
2026-06-11T15:41:20.643Z,False,MANUAL,REAL,ACTIVE,False,False,forward,loop,0,0.0,0.0,0.0,0.0,0.0,237.543,37.453,104.492,-8172.727,M,sensor,0.0,0.0,0.0,0,0,99.99,99.99,0.0,V,0.0,0.0,0.0,,,sensor,0.654,1.824,-142.641,-0.311,0.105,9.877,0.0,0.0,0.0,-2843.0,-4049.0,-5351.0,31.99,237.425,sensor,,,,,,,,,,,,,,,,,,,,,39.3239667813352,-0.5825883937068852,3,10,39.323652482071225,-0.583101446616098,23.78,0.0,0.0,9,100.0,500.0,0.0,1781192436.94,0,0,,,,,25.0,1,5.0,station_keeping,8.0,emergency_stop,,,,,,,,,False,0,,5.8,55.017,1894.148,3796.93,49.9,6.953,28.522,25.7,503.056,2077.511,2081.318,usvrp,Linux
2026-06-11T15:41:21.643Z,False,MANUAL,REAL,ACTIVE,False,False,forward,loop,0,0.0,0.0,0.0,0.0,0.0,237.701,37.453,104.492,-8172.727,M,sensor,0.0,0.0,0.0,0,0,99.99,99.99,0.0,V,0.0,0.0,0.0,,,sensor,0.654,1.824,-142.641,-0.306,0.11,9.896,0.0,0.0,0.0,-2848.0,-4067.0,-5386.0,31.99,237.498,sensor,,,,,,,,,,,,,,,,,,,,,39.3239667813352,-0.5825883937068852,3,10,39.323652482071225,-0.583101446616098,23.78,0.0,0.0,9,100.0,500.0,0.0,1781192436.94,0,0,,,,,25.0,1,5.0,station_keeping,8.0,emergency_stop,,,,,,,,,False,0,,12.8,55.017,1896.383,3796.93,49.9,6.953,28.522,25.7,504.056,2168.823,2176.158,usvrp,Linux
2026-06-11T15:41:22.643Z,False,MANUAL,REAL,ACTIVE,False,False,forward,loop,0,0.0,0.0,0.0,0.0,0.0,237.61,37.453,104.492,-8172.727,M,sensor,0.0,0.0,0.0,0,0,99.99,99.99,0.0,V,0.0,0.0,0.0,,,sensor,0.654,1.824,-142.641,-0.316,0.11,9.872,0.0,0.0,0.0,-2834.0,-4064.0,-5341.0,31.97,237.61,sensor,,,,,,,,,,,,,,,,,,,,,39.3239667813352,-0.5825883937068852,3,10,39.323652482071225,-0.583101446616098,23.79,0.0,0.0,9,100.0,500.0,0.0,1781192436.94,0,0,,,,,25.0,1,5.0,station_keeping,8.0,emergency_stop,,,,,,,,,False,0,,5.6,55.991,1896.094,3796.93,49.9,6.953,28.522,25.7,505.056,2088.425,2092.408,usvrp,Linux
2026-06-11T15:41:23.643Z,False,MANUAL,REAL,ACTIVE,False,False,forward,loop,0,0.0,0.0,0.0,0.0,0.0,237.558,37.139,104.492,-8172.727,M,sensor,0.0,0.0,0.0,0,0,99.99,99.99,0.0,V,0.0,0.0,0.0,,,sensor,0.648,1.824,-142.641,-0.311,0.115,9.881,0.0,0.0,0.0,-2836.0,-4059.0,-5374.0,31.98,237.558,sensor,,,,,,,,,,,,,,,,,,,,,39.3239667813352,-0.5825883937068852,3,10,39.323652482071225,-0.583101446616098,23.79,0.0,0.0,9,100.0,500.0,0.0,1781192436.94,0,0,,,,,25.0,1,5.0,station_keeping,8.0,emergency_stop,,,,,,,,,False,0,,5.4,55.017,1895.078,3796.93,49.9,6.953,28.522,25.7,506.056,2087.31,2092.629,usvrp,Linux
2026-06-11T15:41:24.643Z,False,MANUAL,REAL,ACTIVE,False,False,forward,loop,0,0.0,0.0,0.0,0.0,0.0,237.648,37.139,104.492,-8172.727,M,sensor,0.0,0.0,0.0,0,0,99.99,99.99,0.0,V,0.0,0.0,0.0,,,sensor,0.648,1.824,-142.641,-0.306,0.115,9.881,0.0,0.0,0.0,-2837.0,-4074.0,-5344.0,31.98,237.648,sensor,,,,,,,,,,,,,,,,,,,,,39.3239667813352,-0.5825883937068852,3,10,39.323652482071225,-0.583101446616098,23.79,0.0,0.0,9,100.0,500.0,0.0,1781192436.94,0,0,,,,,25.0,1,5.0,station_keeping,8.0,emergency_stop,,,,,,,,,False,0,,7.3,56.965,1894.535,3796.93,49.9,6.953,28.522,25.7,507.056,2097.545,2106.241,usvrp,Linux
2026-06-11T15:41:25.643Z,False,MANUAL,REAL,ACTIVE,False,False,forward,loop,0,0.0,0.0,0.0,0.0,0.0,237.693,37.139,104.492,-8172.727,M,sensor,0.0,0.0,0.0,0,0,99.99,99.99,0.0,V,0.0,0.0,0.0,,,sensor,0.648,1.824,-142.641,-0.311,0.115,9.877,0.0,0.0,0.0,-2842.0,-4081.0,-5357.0,31.99,237.647,sensor,,,,,,,,,,,,,,,,,,,,,39.3239667813352,-0.5825883937068852,3,10,39.323652482071225,-0.583101446616098,23.79,0.0,0.0,9,100.0,500.0,0.0,1781192436.94,0,0,,,,,25.0,1,5.0,station_keeping,8.0,emergency_stop,,,,,,,,,False,0,,6.8,55.017,1894.66,3796.93,49.9,6.953,28.522,25.7,508.056,2074.192,2081.151,usvrp,Linux
2026-06-11T15:41:26.643Z,False,MANUAL,REAL,ACTIVE,False,False,forward,loop,0,0.0,0.0,0.0,0.0,0.0,237.667,37.139,104.492,-8172.727,M,sensor,0.0,0.0,0.0,0,0,99.99,99.99,0.0,V,0.0,0.0,0.0,,,sensor,0.648,1.824,-142.641,-0.311,0.11,9.877,0.0,0.0,0.0,-2853.0,-4081.0,-5329.0,32.01,237.543,sensor,,,,,,,,,,,,,,,,,,,,,39.3239667813352,-0.5825883937068852,3,10,39.323652482071225,-0.583101446616098,23.79,0.0,0.0,9,100.0,500.0,0.0,1781192436.94,0,0,,,,,25.0,1,5.0,station_keeping,8.0,emergency_stop,,,,,,,,,False,0,,12.9,55.017,1896.465,3796.93,49.9,6.953,28.522,25.7,509.057,2129.208,2141.503,usvrp,Linux
2026-06-11T15:41:27.643Z,False,MANUAL,REAL,ACTIVE,False,False,forward,loop,0,0.0,0.0,0.0,0.0,0.0,237.649,37.453,104.492,-8172.727,M,sensor,0.0,0.0,0.0,0,0,99.99,99.99,0.0,V,0.0,0.0,0.0,,,sensor,0.654,1.824,-142.641,-0.306,0.115,9.886,0.0,0.0,0.0,-2829.0,-4087.0,-5354.0,31.97,237.809,sensor,,,,,,,,,,,,,,,,,,,,,39.3239667813352,-0.5825883937068852,3,10,39.323652482071225,-0.583101446616098,23.78,0.0,0.0,9,100.0,500.0,0.0,1781192436.94,0,0,,,,,25.0,1,5.0,station_keeping,8.0,emergency_stop,,,,,,,,,False,0,,6.6,55.017,1895.551,3796.93,49.9,6.953,28.522,25.7,510.057,2118.098,2122.314,usvrp,Linux
2026-06-11T15:41:28.643Z,False,MANUAL,REAL,ACTIVE,False,False,forward,loop,0,0.0,0.0,0.0,0.0,0.0,237.662,37.453,104.492,-8172.727,M,sensor,0.0,0.0,0.0,0,0,99.99,99.99,0.0,V,0.0,0.0,0.0,,,sensor,0.654,1.824,-142.641,-0.311,0.12,9.867,0.0,0.0,0.0,-2829.0,-4082.0,-5330.0,31.98,237.776,sensor,,,,,,,,,,,,,,,,,,,,,39.3239667813352,-0.5825883937068852,3,10,39.323652482071225,-0.583101446616098,23.79,0.0,0.0,9,100.0,500.0,0.0,1781192436.94,0,0,,,,,25.0,1,5.0,station_keeping,8.0,emergency_stop,,,,,,,,,False,0,,6.5,55.504,1895.102,3796.93,49.9,6.953,28.522,25.7,511.057,2079.721,2080.409,usvrp,Linux
2026-06-11T15:41:29.643Z,False,MANUAL,REAL,ACTIVE,False,False,forward,loop,0,0.0,0.0,0.0,0.0,0.0,237.495,37.453,104.492,-8172.727,M,sensor,0.0,0.0,0.0,0,0,99.99,99.99,0.0,V,0.0,0.0,0.0,,,sensor,0.654,1.824,-142.641,-0.316,0.105,9.877,0.0,0.0,0.0,-2839.0,-4064.0,-5356.0,32.01,237.563,sensor,,,,,,,,,,,,,,,,,,,,,39.3239667813352,-0.5825883937068852,3,10,39.323652482071225,-0.583101446616098,23.79,0.0,0.0,9,100.0,500.0,0.0,1781192436.94,0,0,,,,,25.0,1,5.0,station_keeping,8.0,emergency_stop,,,,,,,,,False,0,,7.1,55.504,1894.855,3796.93,49.9,6.953,28.522,25.7,512.057,2106.194,2119.28,usvrp,Linux
2026-06-11T15:41:30.643Z,False,MANUAL,REAL,ACTIVE,False,False,forward,loop,0,0.0,0.0,0.0,0.0,0.0,237.383,37.453,104.492,-8172.727,M,sensor,0.0,0.0,0.0,0,0,99.99,99.99,0.0,V,0.0,0.0,0.0,,,sensor,0.654,1.824,-142.641,-0.311,0.11,9.872,0.0,0.0,0.0,-2842.0,-4047.0,-5364.0,32.01,237.422,sensor,,,,,,,,,,,,,,,,,,,,,39.3239667813352,-0.5825883937068852,3,10,39.323652482071225,-0.583101446616098,23.78,0.0,0.0,9,100.0,500.0,0.0,1781192436.94,0,0,,,,,25.0,1,5.0,station_keeping,8.0,emergency_stop,,,,,,,,,False,0,,6.1,55.504,1894.609,3796.93,49.9,6.953,28.522,25.7,513.057,2120.918,2120.214,usvrp,Linux
2026-06-11T15:41:31.643Z,False,MANUAL,REAL,ACTIVE,False,False,forward,loop,0,0.0,0.0,0.0,0.0,0.0,237.753,37.768,104.492,-8172.727,M,sensor,0.0,0.0,0.0,0,0,99.99,99.99,0.0,V,0.0,0.0,0.0,,,sensor,0.659,1.824,-142.641,-0.316,0.11,9.872,0.0,0.0,0.0,-2845.0,-4093.0,-5370.0,31.99,237.697,sensor,,,,,,,,,,,,,,,,,,,,,39.3239667813352,-0.5825883937068852,3,10,39.323652482071225,-0.583101446616098,23.78,0.0,0.0,9,100.0,500.0,0.0,1781192436.94,0,0,,,,,25.0,1,5.0,station_keeping,8.0,emergency_stop,,,,,,,,,False,0,,13.5,55.991,1895.148,3796.93,49.9,6.953,28.522,25.7,514.057,2191.311,2187.872,usvrp,Linux
2026-06-11T15:41:32.643Z,False,MANUAL,REAL,ACTIVE,False,False,forward,loop,0,0.0,0.0,0.0,0.0,0.0,237.73,37.453,104.492,-8172.727,M,sensor,0.0,0.0,0.0,0,0,99.99,99.99,0.0,V,0.0,0.0,0.0,,,sensor,0.654,1.824,-142.641,-0.311,0.105,9.872,0.0,0.0,0.0,-2836.0,-4085.0,-5355.0,31.99,237.73,sensor,,,,,,,,,,,,,,,,,,,,,39.3239667813352,-0.5825883937068852,3,10,39.323652482071225,-0.583101446616098,23.78,0.0,0.0,9,100.0,500.0,0.0,1781192436.94,0,0,,,,,25.0,1,5.0,station_keeping,8.0,emergency_stop,,,,,,,,,False,0,,8.1,56.478,1895.227,3796.93,49.9,6.953,28.522,25.7,515.057,2145.881,2143.953,usvrp,Linux
2026-06-11T15:41:33.643Z,False,MANUAL,REAL,ACTIVE,False,False,forward,loop,0,0.0,0.0,0.0,0.0,0.0,237.68,37.453,104.492,-8172.727,M,sensor,0.0,0.0,0.0,0,0,99.99,99.99,0.0,V,0.0,0.0,0.0,,,sensor,0.654,1.824,-142.641,-0.316,0.115,9.877,0.0,0.0,0.0,-2826.0,-4063.0,-5341.0,32.01,237.68,sensor,,,,,,,,,,,,,,,,,,,,,39.3239667813352,-0.5825883937068852,3,10,39.323652482071225,-0.583101446616098,23.78,0.0,0.0,9,100.0,500.0,0.0,1781192436.94,0,0,,,,,25.0,1,5.0,station_keeping,8.0,emergency_stop,,,,,,,,,False,0,,6.9,55.504,1894.734,3796.93,49.9,6.953,28.522,25.7,516.057,2146.547,2136.588,usvrp,Linux
2026-06-11T15:41:34.643Z,False,MANUAL,REAL,ACTIVE,False,False,forward,loop,0,0.0,0.0,0.0,0.0,0.0,237.643,37.768,104.807,-8172.727,M,sensor,0.0,0.0,0.0,0,0,99.99,99.99,0.0,V,0.0,0.0,0.0,,,sensor,0.659,1.829,-142.641,-0.311,0.11,9.891,0.0,0.0,0.0,-2841.0,-4079.0,-5353.0,31.97,237.643,sensor,,,,,,,,,,,,,,,,,,,,,39.3239667813352,-0.5825883937068852,3,10,39.323652482071225,-0.583101446616098,23.78,0.0,0.0,9,100.0,500.0,0.0,1781192436.94,0,0,,,,,25.0,1,5.0,station_keeping,8.0,emergency_stop,,,,,,,,,False,0,,6.2,55.017,1894.863,3796.93,49.9,6.953,28.522,25.7,517.057,2194.93,2184.507,usvrp,Linux
2026-06-11T15:41:35.643Z,False,MANUAL,REAL,ACTIVE,False,False,forward,loop,0,0.0,0.0,0.0,0.0,0.0,237.791,37.453,104.807,-8172.727,M,sensor,0.0,0.0,0.0,0,0,99.99,99.99,0.0,V,0.0,0.0,0.0,,,sensor,0.654,1.829,-142.641,-0.316,0.11,9.877,0.0,0.0,0.0,-2833.0,-4090.0,-5342.0,31.99,237.791,sensor,,,,,,,,,,,,,,,,,,,,,39.3239667813352,-0.5825883937068852,3,10,39.323652482071225,-0.583101446616098,23.79,0.0,0.0,9,100.0,500.0,0.0,1781192436.94,0,0,,,,,25.0,1,5.0,station_keeping,8.0,emergency_stop,,,,,,,,,False,0,,8.3,55.017,1894.414,3796.93,49.9,6.953,28.522,25.7,518.058,2172.319,2167.984,usvrp,Linux
2026-06-11T15:41:36.643Z,False,MANUAL,REAL,ACTIVE,False,False,forward,loop,0,0.0,0.0,0.0,0.0,0.0,237.622,37.453,104.807,-8172.727,M,sensor,0.0,0.0,0.0,0,0,99.99,99.99,0.0,V,0.0,0.0,0.0,,,sensor,0.654,1.829,-142.641,-0.311,0.105,9.877,0.0,0.0,0.0,-2830.0,-4060.0,-5315.0,31.97,237.622,sensor,,,,,,,,,,,,,,,,,,,,,39.3239667813352,-0.5825883937068852,3,10,39.323652482071225,-0.583101446616098,23.78,0.0,0.0,9,100.0,500.0,0.0,1781192436.94,0,0,,,,,25.0,1,5.0,station_keeping,8.0,emergency_stop,,,,,,,,,False,0,,10.6,54.53,1896.418,3796.93,49.9,6.953,28.522,25.7,519.058,2137.769,2135.289,usvrp,Linux
2026-06-11T15:41:37.643Z,False,MANUAL,REAL,ACTIVE,False,False,forward,loop,0,0.0,0.0,0.0,0.0,0.0,237.682,37.453,104.807,-8172.727,M,sensor,0.0,0.0,0.0,0,0,99.99,99.99,0.0,V,0.0,0.0,0.0,,,sensor,0.654,1.829,-142.641,-0.311,0.115,9.877,0.0,0.0,0.0,-2841.0,-4085.0,-5325.0,31.99,237.682,sensor,,,,,,,,,,,,,,,,,,,,,39.3239667813352,-0.5825883937068852,3,10,39.323652482071225,-0.583101446616098,23.78,0.0,0.0,9,100.0,500.0,0.0,1781192436.94,0,0,,,,,25.0,1,5.0,station_keeping,8.0,emergency_stop,,,,,,,,,False,0,,11.8,56.478,1894.887,3796.93,49.9,6.953,28.522,25.7,520.058,2223.211,2220.203,usvrp,Linux
2026-06-11T15:41:38.643Z,False,MANUAL,REAL,ACTIVE,False,False,forward,loop,0,0.0,0.0,0.0,0.0,0.0,237.457,37.453,104.492,-8172.727,M,sensor,0.0,0.0,0.0,0,0,99.99,99.99,0.0,V,0.0,0.0,0.0,,,sensor,0.654,1.824,-142.641,-0.321,0.105,9.877,0.0,0.0,0.0,-2829.0,-4057.0,-5351.0,31.99,237.611,sensor,,,,,,,,,,,,,,,,,,,,,39.3239667813352,-0.5825883937068852,3,10,39.323652482071225,-0.583101446616098,23.78,0.0,0.0,9,100.0,500.0,0.0,1781192436.94,0,0,,,,,25.0,1,5.0,station_keeping,8.0,emergency_stop,,,,,,,,,False,0,,6.9,55.017,1894.773,3796.93,49.9,6.953,28.522,25.7,521.058,2141.644,2131.565,usvrp,Linux
2026-06-11T15:41:39.643Z,False,MANUAL,REAL,ACTIVE,False,False,forward,loop,0,0.0,0.0,0.0,0.0,0.0,237.623,37.453,104.492,-8172.727,M,sensor,0.0,0.0,0.0,0,0,99.99,99.99,0.0,V,0.0,0.0,0.0,,,sensor,0.654,1.824,-142.641,-0.306,0.115,9.877,0.0,0.0,0.0,-2841.0,-4076.0,-5358.0,31.97,237.623,sensor,,,,,,,,,,,,,,,,,,,,,39.3239667813352,-0.5825883937068852,3,10,39.323652482071225,-0.583101446616098,23.78,0.0,0.0,9,100.0,500.0,0.0,1781192436.94,0,0,,,,,25.0,1,5.0,station_keeping,8.0,emergency_stop,,,,,,,,,False,0,,7.8,55.017,1894.52,3796.93,49.9,6.953,28.522,25.7,522.058,2156.671,2170.47,usvrp,Linux
2026-06-11T15:41:40.643Z,False,MANUAL,REAL,ACTIVE,False,False,forward,loop,0,0.0,0.0,0.0,0.0,0.0,237.7,37.453,104.492,-8172.727,M,sensor,0.0,0.0,0.0,0,0,99.99,99.99,0.0,V,0.0,0.0,0.0,,,sensor,0.654,1.824,-142.641,-0.311,0.11,9.881,0.0,0.0,0.0,-2847.0,-4068.0,-5344.0,32.0,237.514,sensor,,,,,,,,,,,,,,,,,,,,,39.3239667813352,-0.5825883937068852,3,10,39.323652482071225,-0.583101446616098,23.77,0.0,0.0,9,100.0,500.0,0.0,1781192436.94,0,0,,,,,25.0,1,5.0,station_keeping,8.0,emergency_stop,,,,,,,,,False,0,,9.6,55.504,1892.754,3796.93,49.8,6.953,28.522,25.7,523.058,2126.848,2127.984,usvrp,Linux
2026-06-11T15:41:41.643Z,False,MANUAL,REAL,ACTIVE,False,False,forward,loop,0,0.0,0.0,0.0,0.0,0.0,237.703,37.453,104.492,-8172.727,M,sensor,0.0,0.0,0.0,0,0,99.99,99.99,0.0,V,0.0,0.0,0.0,,,sensor,0.654,1.824,-142.641,-0.316,0.115,9.881,0.0,0.0,0.0,-2837.0,-4068.0,-5381.0,32.01,237.608,sensor,,,,,,,,,,,,,,,,,,,,,39.3239667813352,-0.5825883937068852,3,10,39.323652482071225,-0.583101446616098,23.78,0.0,0.0,9,100.0,500.0,0.0,1781192436.94,0,0,,,,,25.0,1,5.0,station_keeping,8.0,emergency_stop,,,,,,,,,False,0,,5.1,55.017,1892.754,3796.93,49.8,6.953,28.522,25.7,524.058,2089.667,2091.755,usvrp,Linux
2026-06-11T15:41:42.643Z,False,MANUAL,REAL,ACTIVE,False,False,forward,loop,0,0.0,0.0,0.0,0.0,0.0,237.469,37.453,104.492,-8172.727,M,sensor,0.0,0.0,0.0,0,0,99.99,99.99,0.0,V,0.0,0.0,0.0,,,sensor,0.654,1.824,-142.641,-0.311,0.11,9.877,0.0,0.0,0.0,-2837.0,-4047.0,-5358.0,31.96,237.469,sensor,,,,,,,,,,,,,,,,,,,,,39.3239667813352,-0.5825883937068852,3,10,39.323652482071225,-0.583101446616098,23.78,0.0,0.0,9,100.0,500.0,0.0,1781192436.94,0,0,,,,,25.0,1,5.0,station_keeping,8.0,emergency_stop,,,,,,,,,False,0,,12.7,55.017,1893.355,3796.93,49.9,6.953,28.522,25.7,525.058,2172.026,2179.801,usvrp,Linux
2026-06-11T15:41:43.643Z,False,MANUAL,REAL,ACTIVE,False,False,forward,loop,0,0.0,0.0,0.0,0.0,0.0,237.729,37.453,104.492,-8172.727,M,sensor,0.0,0.0,0.0,0,0,99.99,99.99,0.0,V,0.0,0.0,0.0,,,sensor,0.654,1.824,-142.641,-0.316,0.115,9.886,0.0,0.0,0.0,-2842.0,-4076.0,-5346.0,31.99,237.614,sensor,,,,,,,,,,,,,,,,,,,,,39.3239667813352,-0.5825883937068852,3,10,39.323652482071225,-0.583101446616098,23.79,0.0,0.0,9,100.0,500.0,0.0,1781192436.94,0,0,,,,,25.0,1,5.0,station_keeping,8.0,emergency_stop,,,,,,,,,False,0,,6.5,54.043,1893.57,3796.93,49.9,6.953,28.522,25.7,526.058,2078.744,2081.816,usvrp,Linux
2026-06-11T15:41:44.643Z,False,MANUAL,REAL,ACTIVE,False,False,forward,loop,0,0.0,0.0,0.0,0.0,0.0,237.541,37.453,104.177,-8172.727,M,sensor,0.0,0.0,0.0,0,0,99.99,99.99,0.0,V,0.0,0.0,0.0,,,sensor,0.654,1.818,-142.641,-0.316,0.105,9.872,0.0,0.0,0.0,-2832.0,-4076.0,-5359.0,31.97,237.708,sensor,,,,,,,,,,,,,,,,,,,,,39.3239667813352,-0.5825883937068852,3,10,39.323652482071225,-0.583101446616098,23.79,0.0,0.0,9,100.0,500.0,0.0,1781192436.94,0,0,,,,,25.0,1,5.0,station_keeping,8.0,emergency_stop,,,,,,,,,False,0,,7.0,55.991,1893.566,3796.93,49.9,6.953,28.522,25.7,527.059,2098.757,2105.413,usvrp,Linux
2026-06-11T15:41:45.643Z,False,MANUAL,REAL,ACTIVE,False,False,forward,loop,0,0.0,0.0,0.0,0.0,0.0,237.588,37.453,104.492,-8172.727,M,sensor,0.0,0.0,0.0,0,0,99.99,99.99,0.0,V,0.0,0.0,0.0,,,sensor,0.654,1.824,-142.641,-0.311,0.115,9.881,0.0,0.0,0.0,-2837.0,-4065.0,-5391.0,31.98,237.588,sensor,,,,,,,,,,,,,,,,,,,,,39.3239667813352,-0.5825883937068852,3,10,39.323652482071225,-0.583101446616098,23.78,0.0,0.0,9,100.0,500.0,0.0,1781192436.94,0,0,,,,,25.0,1,5.0,station_keeping,8.0,emergency_stop,,,,,,,,,False,0,,5.4,55.504,1893.531,3796.93,49.9,6.953,28.522,25.7,528.059,2094.588,2104.811,usvrp,Linux
2026-06-11T15:41:46.643Z,False,MANUAL,REAL,ACTIVE,False,False,forward,loop,0,0.0,0.0,0.0,0.0,0.0,237.624,37.453,104.177,-8172.727,M,sensor,0.0,0.0,0.0,0,0,99.99,99.99,0.0,V,0.0,0.0,0.0,,,sensor,0.654,1.818,-142.641,-0.316,0.11,9.877,0.0,0.0,0.0,-2842.0,-4075.0,-5385.0,32.01,237.607,sensor,,,,,,,,,,,,,,,,,,,,,39.3239667813352,-0.5825883937068852,3,10,39.323652482071225,-0.583101446616098,23.78,0.0,0.0,9,100.0,500.0,0.0,1781192436.94,0,0,,,,,25.0,1,5.0,station_keeping,8.0,emergency_stop,,,,,,,,,False,0,,6.3,55.504,1893.352,3796.93,49.9,6.953,28.522,25.7,529.059,2081.6,2082.976,usvrp,Linux
2026-06-11T15:41:47.643Z,False,MANUAL,REAL,ACTIVE,False,False,forward,loop,0,0.0,0.0,0.0,0.0,0.0,237.815,37.453,104.492,-8172.727,M,sensor,0.0,0.0,0.0,0,0,99.99,99.99,0.0,V,0.0,0.0,0.0,,,sensor,0.654,1.824,-142.641,-0.316,0.11,9.891,0.0,0.0,0.0,-2834.0,-4078.0,-5355.0,32.0,237.703,sensor,,,,,,,,,,,,,,,,,,,,,39.3239667813352,-0.5825883937068852,3,10,39.323652482071225,-0.583101446616098,23.78,0.0,0.0,9,100.0,500.0,0.0,1781192436.94,0,0,,,,,25.0,1,5.0,station_keeping,8.0,emergency_stop,,,,,,,,,False,0,,14.2,55.504,1892.688,3796.93,49.8,6.953,28.522,25.7,530.059,2165.093,2177.019,usvrp,Linux
2026-06-11T15:41:48.643Z,False,MANUAL,REAL,ACTIVE,False,False,forward,loop,0,0.0,0.0,0.0,0.0,0.0,237.705,37.453,104.492,-8172.727,M,sensor,0.0,0.0,0.0,0,0,99.99,99.99,0.0,V,0.0,0.0,0.0,,,sensor,0.654,1.824,-142.641,-0.306,0.11,9.881,0.0,0.0,0.0,-2833.0,-4068.0,-5361.0,32.0,237.646,sensor,,,,,,,,,,,,,,,,,,,,,39.3239667813352,-0.5825883937068852,3,10,39.323652482071225,-0.583101446616098,23.77,0.0,0.0,9,100.0,500.0,0.0,1781192436.94,0,0,,,,,25.0,1,5.0,station_keeping,8.0,emergency_stop,,,,,,,,,False,0,,5.6,55.991,1892.688,3796.93,49.8,6.953,28.522,25.7,531.059,2104.389,2105.541,usvrp,Linux
2026-06-11T15:41:49.643Z,False,MANUAL,REAL,ACTIVE,False,False,forward,loop,0,0.0,0.0,0.0,0.0,0.0,237.547,37.453,104.807,-8172.727,M,sensor,0.0,0.0,0.0,0,0,99.99,99.99,0.0,V,0.0,0.0,0.0,,,sensor,0.654,1.829,-142.641,-0.316,0.115,9.881,0.0,0.0,0.0,-2839.0,-4074.0,-5345.0,32.0,237.629,sensor,,,,,,,,,,,,,,,,,,,,,39.3239667813352,-0.5825883937068852,3,10,39.323652482071225,-0.583101446616098,23.79,0.0,0.0,9,100.0,500.0,0.0,1781192436.94,0,0,,,,,25.0,1,5.0,station_keeping,8.0,emergency_stop,,,,,,,,,False,0,,8.0,55.017,1892.438,3796.93,49.8,6.953,28.522,25.7,532.059,2127.171,2130.787,usvrp,Linux
2026-06-11T15:41:50.643Z,False,MANUAL,REAL,ACTIVE,False,False,forward,loop,0,0.0,0.0,0.0,0.0,0.0,237.646,37.453,104.807,-8172.727,M,sensor,0.0,0.0,0.0,0,0,99.99,99.99,0.0,V,0.0,0.0,0.0,,,sensor,0.654,1.829,-142.641,-0.325,0.115,9.881,0.0,0.0,0.0,-2841.0,-4081.0,-5355.0,32.01,237.656,sensor,,,,,,,,,,,,,,,,,,,,,39.3239667813352,-0.5825883937068852,3,10,39.323652482071225,-0.583101446616098,23.79,0.0,0.0,9,100.0,500.0,0.0,1781192436.94,0,0,,,,,25.0,1,5.0,station_keeping,8.0,emergency_stop,,,,,,,,,False,0,,7.6,55.504,1892.375,3796.93,49.8,6.953,28.522,25.7,533.059,2182.427,2172.684,usvrp,Linux
2026-06-11T15:41:51.643Z,False,MANUAL,REAL,ACTIVE,False,False,forward,loop,0,0.0,0.0,0.0,0.0,0.0,237.781,37.453,104.807,-8172.727,M,sensor,0.0,0.0,0.0,0,0,99.99,99.99,0.0,V,0.0,0.0,0.0,,,sensor,0.654,1.829,-142.641,-0.311,0.11,9.881,0.0,0.0,0.0,-2836.0,-4083.0,-5365.0,31.99,237.717,sensor,,,,,,,,,,,,,,,,,,,,,39.3239667813352,-0.5825883937068852,3,10,39.323652482071225,-0.583101446616098,23.77,0.0,0.0,9,100.0,500.0,0.0,1781192436.94,0,0,,,,,25.0,1,5.0,station_keeping,8.0,emergency_stop,,,,,,,,,False,0,,7.6,55.504,1892.375,3796.93,49.8,6.953,28.522,25.7,534.059,2171.89,2163.907,usvrp,Linux
2026-06-11T15:41:52.643Z,False,MANUAL,REAL,ACTIVE,False,False,forward,loop,0,0.0,0.0,0.0,0.0,0.0,237.555,37.453,104.492,-8172.727,M,sensor,0.0,0.0,0.0,0,0,99.99,99.99,0.0,V,0.0,0.0,0.0,,,sensor,0.654,1.824,-142.641,-0.311,0.115,9.896,0.0,0.0,0.0,-2844.0,-4070.0,-5369.0,32.04,237.555,sensor,,,,,,,,,,,,,,,,,,,,,39.3239667813352,-0.5825883937068852,3,10,39.323652482071225,-0.583101446616098,23.77,0.0,0.0,9,100.0,500.0,0.0,1781192436.94,0,0,,,,,25.0,1,5.0,station_keeping,8.0,emergency_stop,,,,,,,,,False,0,,13.8,56.478,1893.07,3796.93,49.9,6.953,28.522,25.7,535.059,2246.012,2245.052,usvrp,Linux
2026-06-11T15:41:53.643Z,False,MANUAL,REAL,ACTIVE,False,False,forward,loop,0,0.0,0.0,0.0,0.0,0.0,237.739,37.453,104.492,-8172.727,M,sensor,0.0,0.0,0.0,0,0,99.99,99.99,0.0,V,0.0,0.0,0.0,,,sensor,0.654,1.824,-142.641,-0.311,0.11,9.886,0.0,0.0,0.0,-2835.0,-4085.0,-5354.0,32.04,237.739,sensor,,,,,,,,,,,,,,,,,,,,,39.3239667813352,-0.5825883937068852,3,10,39.323652482071225,-0.583101446616098,23.78,0.0,0.0,9,100.0,500.0,0.0,1781192436.94,0,0,,,,,25.0,1,5.0,station_keeping,8.0,emergency_stop,,,,,,,,,False,0,,7.6,55.504,1893.316,3796.93,49.9,6.953,28.522,25.7,536.059,2174.043,2162.54,usvrp,Linux
2026-06-11T15:41:54.643Z,False,MANUAL,REAL,ACTIVE,False,False,forward,loop,0,0.0,0.0,0.0,0.0,0.0,237.855,37.768,104.492,-8172.727,M,sensor,0.0,0.0,0.0,0,0,99.99,99.99,0.0,V,0.0,0.0,0.0,,,sensor,0.659,1.824,-142.641,-0.311,0.11,9.881,0.0,0.0,0.0,-2829.0,-4094.0,-5367.0,31.96,237.855,sensor,,,,,,,,,,,,,,,,,,,,,39.3239667813352,-0.5825883937068852,3,10,39.323652482071225,-0.583101446616098,23.79,0.0,0.0,9,100.0,500.0,0.0,1781192436.94,0,0,,,,,25.0,1,5.0,station_keeping,8.0,emergency_stop,,,,,,,,,False,0,,8.0,55.017,1892.785,3796.93,49.9,6.953,28.522,25.7,537.06,2160.86,2155.508,usvrp,Linux
2026-06-11T15:41:55.643Z,False,MANUAL,REAL,ACTIVE,False,False,forward,loop,0,0.0,0.0,0.0,0.0,0.0,237.76,37.768,104.492,-8172.727,M,sensor,0.0,0.0,0.0,0,0,99.99,99.99,0.0,V,0.0,0.0,0.0,,,sensor,0.659,1.824,-142.641,-0.316,0.115,9.881,0.0,0.0,0.0,-2837.0,-4091.0,-5347.0,31.97,237.76,sensor,,,,,,,,,,,,,,,,,,,,,39.3239667813352,-0.5825883937068852,3,10,39.323652482071225,-0.583101446616098,23.79,0.0,0.0,9,100.0,500.0,0.0,1781192436.94,0,0,,,,,25.0,1,5.0,station_keeping,8.0,emergency_stop,,,,,,,,,False,0,,7.1,55.017,1893.0,3796.93,49.9,6.953,28.522,25.7,538.06,2125.313,2126.768,usvrp,Linux
2026-06-11T15:41:56.643Z,False,MANUAL,REAL,ACTIVE,False,False,forward,loop,0,0.0,0.0,0.0,0.0,0.0,237.603,37.453,104.492,-8172.727,M,sensor,0.0,0.0,0.0,0,0,99.99,99.99,0.0,V,0.0,0.0,0.0,,,sensor,0.654,1.824,-142.641,-0.306,0.115,9.877,0.0,0.0,0.0,-2831.0,-4066.0,-5370.0,32.01,237.652,sensor,,,,,,,,,,,,,,,,,,,,,39.3239667813352,-0.5825883937068852,3,10,39.323652482071225,-0.583101446616098,23.78,0.0,0.0,9,100.0,500.0,0.0,1781192436.94,0,0,,,,,25.0,1,5.0,station_keeping,8.0,emergency_stop,,,,,,,,,False,0,,6.1,55.017,1892.754,3796.93,49.8,6.953,28.522,25.7,539.06,2073.458,2073.698,usvrp,Linux
2026-06-11T15:41:57.643Z,False,MANUAL,REAL,ACTIVE,False,False,forward,loop,0,0.0,0.0,0.0,0.0,0.0,237.453,37.453,104.492,-8172.727,M,sensor,0.0,0.0,0.0,0,0,99.99,99.99,0.0,V,0.0,0.0,0.0,,,sensor,0.654,1.824,-142.641,-0.311,0.115,9.877,0.0,0.0,0.0,-2838.0,-4046.0,-5363.0,31.98,237.453,sensor,,,,,,,,,,,,,,,,,,,,,39.3239667813352,-0.5825883937068852,3,10,39.323652482071225,-0.583101446616098,23.78,0.0,0.0,9,100.0,500.0,0.0,1781192436.94,0,0,,,,,25.0,1,5.0,station_keeping,8.0,emergency_stop,,,,,,,,,False,0,,13.4,55.504,1894.52,3796.93,49.9,6.953,28.522,25.7,540.06,2152.557,2161.563,usvrp,Linux
2026-06-11T15:41:58.643Z,False,MANUAL,REAL,ACTIVE,False,False,forward,loop,0,0.0,0.0,0.0,0.0,0.0,237.54,37.768,104.807,-8172.727,M,sensor,0.0,0.0,0.0,0,0,99.99,99.99,0.0,V,0.0,0.0,0.0,,,sensor,0.659,1.829,-142.641,-0.321,0.105,9.877,0.0,0.0,0.0,-2852.0,-4085.0,-5362.0,31.98,237.579,sensor,,,,,,,,,,,,,,,,,,,,,39.3239667813352,-0.5825883937068852,3,10,39.323652482071225,-0.583101446616098,23.79,0.0,0.0,9,100.0,500.0,0.0,1781192436.94,0,0,,,,,25.0,1,5.0,station_keeping,8.0,emergency_stop,,,,,,,,,False,0,,28.8,56.965,1883.371,3796.93,49.6,6.953,28.522,25.7,541.062,2095.849,2100.897,usvrp,Linux
2026-06-11T15:41:59.643Z,False,MANUAL,REAL,ACTIVE,False,False,forward,loop,0,0.0,0.0,0.0,0.0,0.0,237.518,37.768,104.492,-8172.727,M,sensor,0.0,0.0,0.0,0,0,99.99,99.99,0.0,V,0.0,0.0,0.0,,,sensor,0.659,1.824,-142.641,-0.311,0.11,9.877,0.0,0.0,0.0,-2843.0,-4063.0,-5361.0,31.99,237.518,sensor,,,,,,,,,,,,,,,,,,,,,39.3239667813352,-0.5825883937068852,3,10,39.323652482071225,-0.583101446616098,23.78,0.0,0.0,9,100.0,500.0,0.0,1781192436.94,0,0,,,,,25.0,1,5.0,station_keeping,8.0,emergency_stop,,,,,,,,,False,0,,7.1,56.478,1878.836,3796.93,49.5,6.953,28.522,25.7,542.062,2088.299,2095.587,usvrp,Linux
2026-06-11T15:42:00.643Z,False,MANUAL,REAL,ACTIVE,False,False,forward,loop,0,0.0,0.0,0.0,0.0,0.0,237.568,37.453,104.492,-8172.727,M,sensor,0.0,0.0,0.0,0,0,99.99,99.99,0.0,V,0.0,0.0,0.0,,,sensor,0.654,1.824,-142.641,-0.311,0.115,9.872,0.0,0.0,0.0,-2833.0,-4044.0,-5384.0,32.01,237.487,sensor,,,,,,,,,,,,,,,,,,,,,39.3239667813352,-0.5825883937068852,3,10,39.323652482071225,-0.583101446616098,23.78,0.0,0.0,9,100.0,500.0,0.0,1781192436.94,0,0,,,,,25.0,1,5.0,station_keeping,8.0,emergency_stop,,,,,,,,,False,0,,6.5,55.504,1877.488,3796.93,49.4,6.953,28.522,25.7,543.062,2080.131,2086.61,usvrp,Linux
2026-06-11T15:42:01.643Z,False,MANUAL,REAL,ACTIVE,False,False,forward,loop,0,0.0,0.0,0.0,0.0,0.0,237.458,37.453,104.492,-8172.727,M,sensor,0.0,0.0,0.0,0,0,99.99,99.99,0.0,V,0.0,0.0,0.0,,,sensor,0.654,1.824,-142.641,-0.311,0.11,9.881,0.0,0.0,0.0,-2834.0,-4041.0,-5370.0,31.98,237.458,sensor,,,,,,,,,,,,,,,,,,,,,39.3239667813352,-0.5825883937068852,3,10,39.323652482071225,-0.583101446616098,23.78,0.0,0.0,9,100.0,500.0,0.0,1781192436.94,0,0,,,,,25.0,1,5.0,station_keeping,8.0,emergency_stop,,,,,,,,,False,0,,7.5,56.478,1876.629,3796.93,49.4,6.953,28.522,25.7,544.062,2091.853,2095.956,usvrp,Linux
2026-06-11T15:42:02.643Z,False,MANUAL,REAL,ACTIVE,False,False,forward,loop,0,0.0,0.0,0.0,0.0,0.0,237.535,37.453,104.492,-8172.727,M,sensor,0.0,0.0,0.0,0,0,99.99,99.99,0.0,V,0.0,0.0,0.0,,,sensor,0.654,1.824,-142.641,-0.311,0.115,9.881,0.0,0.0,0.0,-2844.0,-4067.0,-5335.0,31.98,237.535,sensor,,,,,,,,,,,,,,,,,,,,,39.3239667813352,-0.5825883937068852,3,10,39.323652482071225,-0.583101446616098,23.78,0.0,0.0,9,100.0,500.0,0.0,1781192436.94,0,0,,,,,25.0,1,5.0,station_keeping,8.0,emergency_stop,,,,,,,,,False,0,,16.4,54.53,1875.145,3796.93,49.4,6.953,28.522,25.7,545.062,2198.742,2196.351,usvrp,Linux
2026-06-11T15:42:03.643Z,False,MANUAL,REAL,ACTIVE,False,False,forward,loop,0,0.0,0.0,0.0,0.0,0.0,237.586,37.453,104.492,-8172.727,M,sensor,0.0,0.0,0.0,0,0,99.99,99.99,0.0,V,0.0,0.0,0.0,,,sensor,0.654,1.824,-142.641,-0.311,0.115,9.877,0.0,0.0,0.0,-2835.0,-4059.0,-5365.0,32.04,237.568,sensor,,,,,,,,,,,,,,,,,,,,,39.3239667813352,-0.5825883937068852,3,10,39.323652482071225,-0.583101446616098,23.74,0.0,0.0,9,100.0,500.0,0.0,1781192436.94,0,0,,,,,25.0,1,5.0,station_keeping,8.0,emergency_stop,,,,,,,,,False,0,,8.4,55.504,1874.309,3796.93,49.4,6.953,28.522,25.7,546.062,2187.827,2189.555,usvrp,Linux
2026-06-11T15:42:04.643Z,False,MANUAL,REAL,ACTIVE,False,False,forward,loop,0,0.0,0.0,0.0,0.0,0.0,237.574,37.768,104.177,-8172.727,M,sensor,0.0,0.0,0.0,0,0,99.99,99.99,0.0,V,0.0,0.0,0.0,,,sensor,0.659,1.818,-142.641,-0.316,0.11,9.881,0.0,0.0,0.0,-2842.0,-4094.0,-5346.0,32.04,237.732,sensor,,,,,,,,,,,,,,,,,,,,,39.3239667813352,-0.5825883937068852,3,10,39.323652482071225,-0.583101446616098,23.78,0.0,0.0,9,100.0,500.0,0.0,1781192436.94,0,0,,,,,25.0,1,5.0,station_keeping,8.0,emergency_stop,,,,,,,,,False,0,,8.7,55.504,1873.562,3796.93,49.3,6.953,28.522,25.7,547.062,2173.957,2184.364,usvrp,Linux
2026-06-11T15:42:05.643Z,False,MANUAL,REAL,ACTIVE,False,False,forward,loop,0,0.0,0.0,0.0,0.0,0.0,237.666,37.453,104.492,-8172.727,M,sensor,0.0,0.0,0.0,0,0,99.99,99.99,0.0,V,0.0,0.0,0.0,,,sensor,0.654,1.824,-142.641,-0.316,0.115,9.877,0.0,0.0,0.0,-2833.0,-4071.0,-5355.0,32.01,237.666,sensor,,,,,,,,,,,,,,,,,,,,,39.3239667813352,-0.5825883937068852,3,10,39.323652482071225,-0.583101446616098,23.78,0.0,0.0,9,100.0,500.0,0.0,1781192436.94,0,0,,,,,25.0,1,5.0,station_keeping,8.0,emergency_stop,,,,,,,,,False,0,,7.6,54.53,1873.547,3796.93,49.3,6.953,28.522,25.7,548.062,2169.836,2160.349,usvrp,Linux
2026-06-11T15:42:06.643Z,False,MANUAL,REAL,ACTIVE,False,False,forward,loop,0,0.0,0.0,0.0,0.0,0.0,237.611,37.453,104.177,-8172.727,M,sensor,0.0,0.0,0.0,0,0,99.99,99.99,0.0,V,0.0,0.0,0.0,,,sensor,0.654,1.818,-142.641,-0.311,0.115,9.877,0.0,0.0,0.0,-2837.0,-4059.0,-5333.0,31.99,237.549,sensor,,,,,,,,,,,,,,,,,,,,,39.3239667813352,-0.5825883937068852,3,10,39.323652482071225,-0.583101446616098,23.78,0.0,0.0,9,100.0,500.0,0.0,1781192436.94,0,0,,,,,25.0,1,5.0,station_keeping,8.0,emergency_stop,,,,,,,,,False,0,,7.1,55.991,1873.395,3796.93,49.3,6.953,28.522,25.7,549.063,2182.389,2180.662,usvrp,Linux
2026-06-11T15:42:07.643Z,False,MANUAL,REAL,ACTIVE,False,False,forward,loop,0,0.0,0.0,0.0,0.0,0.0,237.353,37.453,104.177,-8172.727,M,sensor,0.0,0.0,0.0,0,0,99.99,99.99,0.0,V,0.0,0.0,0.0,,,sensor,0.654,1.818,-142.641,-0.306,0.1,9.877,0.0,0.0,0.0,-2852.0,-4045.0,-5352.0,32.0,237.314,sensor,,,,,,,,,,,,,,,,,,,,,39.3239667813352,-0.5825883937068852,3,10,39.323652482071225,-0.583101446616098,23.78,0.0,0.0,9,100.0,500.0,0.0,1781192436.94,0,0,,,,,25.0,1,5.0,station_keeping,8.0,emergency_stop,,,,,,,,,False,0,,14.9,55.504,1875.242,3796.93,49.4,6.953,28.522,25.7,550.063,2174.227,2161.012,usvrp,Linux
2026-06-11T15:42:08.643Z,False,MANUAL,REAL,ACTIVE,False,False,forward,loop,0,0.0,0.0,0.0,0.0,0.0,237.512,37.453,103.863,-8172.727,M,sensor,0.0,0.0,0.0,0,0,99.99,99.99,0.0,V,0.0,0.0,0.0,,,sensor,0.654,1.813,-142.641,-0.316,0.105,9.881,0.0,0.0,0.0,-2845.0,-4063.0,-5338.0,32.01,237.499,sensor,,,,,,,,,,,,,,,,,,,,,39.3239667813352,-0.5825883937068852,3,10,39.323652482071225,-0.583101446616098,23.78,0.0,0.0,9,100.0,500.0,0.0,1781192436.94,0,0,,,,,25.0,1,5.0,station_keeping,8.0,emergency_stop,,,,,,,,,False,0,,10.5,55.504,1874.539,3796.93,49.4,6.953,28.522,25.7,551.063,2268.744,2256.465,usvrp,Linux
2026-06-11T15:42:09.643Z,False,MANUAL,REAL,ACTIVE,False,False,forward,loop,0,0.0,0.0,0.0,0.0,0.0,237.706,37.453,104.177,-8172.727,M,sensor,0.0,0.0,0.0,0,0,99.99,99.99,0.0,V,0.0,0.0,0.0,,,sensor,0.654,1.818,-142.641,-0.306,0.11,9.881,0.0,0.0,0.0,-2840.0,-4074.0,-5359.0,32.04,237.62,sensor,,,,,,,,,,,,,,,,,,,,,39.3239667813352,-0.5825883937068852,3,10,39.323652482071225,-0.583101446616098,23.78,0.0,0.0,9,100.0,500.0,0.0,1781192436.94,0,0,,,,,25.0,1,5.0,station_keeping,8.0,emergency_stop,,,,,,,,,False,0,,6.4,55.991,1873.77,3796.93,49.3,6.953,28.522,25.7,552.063,2156.385,2169.0,usvrp,Linux
2026-06-11T15:42:10.643Z,False,MANUAL,REAL,ACTIVE,False,False,forward,loop,0,0.0,0.0,0.0,0.0,0.0,237.556,37.453,104.177,-8172.727,M,sensor,0.0,0.0,0.0,0,0,99.99,99.99,0.0,V,0.0,0.0,0.0,,,sensor,0.654,1.818,-142.641,-0.316,0.115,9.881,0.0,0.0,0.0,-2853.0,-4065.0,-5361.0,32.03,237.437,sensor,,,,,,,,,,,,,,,,,,,,,39.3239667813352,-0.5825883937068852,3,10,39.323652482071225,-0.583101446616098,23.78,0.0,0.0,9,100.0,500.0,0.0,1781192436.94,0,0,,,,,25.0,1,5.0,station_keeping,8.0,emergency_stop,,,,,,,,,False,0,,7.8,55.504,1873.762,3796.93,49.3,6.953,28.522,25.7,553.063,2182.614,2171.127,usvrp,Linux
2026-06-11T15:42:11.643Z,False,MANUAL,REAL,ACTIVE,False,False,forward,loop,0,0.0,0.0,0.0,0.0,0.0,237.586,37.453,104.177,-8172.727,M,sensor,0.0,0.0,0.0,0,0,99.99,99.99,0.0,V,0.0,0.0,0.0,,,sensor,0.654,1.818,-142.641,-0.316,0.11,9.872,0.0,0.0,0.0,-2831.0,-4056.0,-5378.0,32.01,237.586,sensor,,,,,,,,,,,,,,,,,,,,,39.3239667813352,-0.5825883937068852,3,10,39.323652482071225,-0.583101446616098,23.78,0.0,0.0,9,100.0,500.0,0.0,1781192436.94,0,0,,,,,25.0,1,5.0,station_keeping,8.0,emergency_stop,,,,,,,,,False,0,,28.6,56.478,1874.109,3796.93,49.4,6.953,28.522,25.7,554.065,2140.408,2135.584,usvrp,Linux
2026-06-11T15:42:12.643Z,False,MANUAL,REAL,ACTIVE,False,False,forward,loop,0,0.0,0.0,0.0,0.0,0.0,237.549,37.453,104.492,-8172.727,M,sensor,0.0,0.0,0.0,0,0,99.99,99.99,0.0,V,0.0,0.0,0.0,,,sensor,0.654,1.824,-142.641,-0.311,0.105,9.881,0.0,0.0,0.0,-2837.0,-4059.0,-5354.0,32.01,237.549,sensor,,,,,,,,,,,,,,,,,,,,,39.3239667813352,-0.5825883937068852,3,10,39.323652482071225,-0.583101446616098,23.77,0.0,0.0,9,100.0,500.0,0.0,1781192436.94,0,0,,,,,25.0,1,5.0,station_keeping,8.0,emergency_stop,,,,,,,,,False,0,,15.8,56.478,1806.73,3796.93,47.6,6.953,28.522,25.7,555.065,2173.912,2164.577,usvrp,Linux
2026-06-11T15:42:13.643Z,False,MANUAL,REAL,ACTIVE,False,False,forward,loop,0,0.0,0.0,0.0,0.0,0.0,237.506,37.139,104.492,-8172.727,M,sensor,0.0,0.0,0.0,0,0,99.99,99.99,0.0,V,0.0,0.0,0.0,,,sensor,0.648,1.824,-142.641,-0.316,0.105,9.881,0.0,0.0,0.0,-2838.0,-4054.0,-5394.0,32.02,237.506,sensor,,,,,,,,,,,,,,,,,,,,,39.3239667813352,-0.5825883937068852,3,10,39.323652482071225,-0.583101446616098,23.77,0.0,0.0,9,100.0,500.0,0.0,1781192436.94,0,0,,,,,25.0,1,5.0,station_keeping,8.0,emergency_stop,,,,,,,,,False,0,,12.4,56.478,1804.816,3796.93,47.5,6.953,28.522,25.7,556.065,2231.898,2229.818,usvrp,Linux
2026-06-11T15:42:14.643Z,False,MANUAL,REAL,ACTIVE,False,False,forward,loop,0,0.0,0.0,0.0,0.0,0.0,237.468,37.139,104.177,-8172.727,M,sensor,0.0,0.0,0.0,0,0,99.99,99.99,0.0,V,0.0,0.0,0.0,,,sensor,0.648,1.818,-142.641,-0.306,0.115,9.877,0.0,0.0,0.0,-2842.0,-4054.0,-5361.0,32.05,237.468,sensor,,,,,,,,,,,,,,,,,,,,,39.3239667813352,-0.5825883937068852,3,10,39.323652482071225,-0.583101446616098,23.78,0.0,0.0,9,100.0,500.0,0.0,1781192436.94,0,0,,,,,25.0,1,5.0,station_keeping,8.0,emergency_stop,,,,,,,,,False,0,,7.0,55.991,1803.598,3796.93,47.5,6.953,28.522,25.7,557.065,2081.689,2088.256,usvrp,Linux
2026-06-11T15:42:15.643Z,False,MANUAL,REAL,ACTIVE,False,False,forward,loop,0,0.0,0.0,0.0,0.0,0.0,237.8,37.453,104.492,-8172.727,M,sensor,0.0,0.0,0.0,0,0,99.99,99.99,0.0,V,0.0,0.0,0.0,,,sensor,0.654,1.824,-142.641,-0.311,0.11,9.877,0.0,0.0,0.0,-2832.0,-4090.0,-5370.0,32.06,237.8,sensor,,,,,,,,,,,,,,,,,,,,,39.3239667813352,-0.5825883937068852,3,10,39.323652482071225,-0.583101446616098,23.78,0.0,0.0,9,100.0,500.0,0.0,1781192436.94,0,0,,,,,25.0,1,5.0,station_keeping,8.0,emergency_stop,,,,,,,,,False,0,,7.9,56.478,1803.32,3796.93,47.5,6.953,28.522,25.7,558.065,2092.233,2095.273,usvrp,Linux
2026-06-11T15:42:16.643Z,False,MANUAL,REAL,ACTIVE,False,False,forward,loop,0,0.0,0.0,0.0,0.0,0.0,237.635,37.768,104.492,-8172.727,M,sensor,0.0,0.0,0.0,0,0,99.99,99.99,0.0,V,0.0,0.0,0.0,,,sensor,0.659,1.824,-142.641,-0.306,0.105,9.877,0.0,0.0,0.0,-2836.0,-4075.0,-5392.0,32.01,237.664,sensor,,,,,,,,,,,,,,,,,,,,,39.3239667813352,-0.5825883937068852,3,10,39.323652482071225,-0.583101446616098,23.78,0.0,0.0,9,100.0,500.0,0.0,1781192436.94,0,0,,,,,25.0,1,5.0,station_keeping,8.0,emergency_stop,,,,,,,,,False,0,,6.5,55.991,1803.043,3796.93,47.5,6.953,28.522,25.7,559.065,2084.049,2085.84,usvrp,Linux
2026-06-11T15:42:17.643Z,False,MANUAL,REAL,ACTIVE,False,False,forward,loop,0,0.0,0.0,0.0,0.0,0.0,237.43,37.768,104.492,-8172.727,M,sensor,0.0,0.0,0.0,0,0,99.99,99.99,0.0,V,0.0,0.0,0.0,,,sensor,0.654,1.824,-142.641,-0.321,0.11,9.877,0.0,0.0,0.0,-2840.0,-4076.0,-5337.0,32.0,237.633,sensor,,,,,,,,,,,,,,,,,,,,,39.3239667813352,-0.5825883937068852,3,10,39.323652482071225,-0.583101446616098,23.78,0.0,0.0,9,100.0,500.0,0.0,1781192436.94,0,0,,,,,25.0,1,5.0,station_keeping,8.0,emergency_stop,,,,,,,,,False,0,,5.6,55.991,1802.098,3796.93,47.5,6.953,28.522,25.7,560.065,2070.657,2073.393,usvrp,Linux
2026-06-11T15:42:18.643Z,False,MANUAL,REAL,ACTIVE,False,False,forward,loop,0,0.0,0.0,0.0,0.0,0.0,237.71,37.768,104.492,-8172.727,M,sensor,0.0,0.0,0.0,0,0,99.99,99.99,0.0,V,0.0,0.0,0.0,,,sensor,0.659,1.824,-142.641,-0.311,0.11,9.886,0.0,0.0,0.0,-2835.0,-4075.0,-5370.0,32.0,237.673,sensor,,,,,,,,,,,,,,,,,,,,,39.3239667813352,-0.5825883937068852,3,10,39.323652482071225,-0.583101446616098,23.78,0.0,0.0,9,100.0,500.0,0.0,1781192436.94,0,0,,,,,25.0,1,5.0,station_keeping,8.0,emergency_stop,,,,,,,,,False,0,,16.7,55.017,1806.902,3796.93,47.6,6.953,28.522,25.7,561.066,2150.687,2160.718,usvrp,Linux
2026-06-11T15:42:19.643Z,False,MANUAL,REAL,ACTIVE,False,False,forward,loop,0,0.0,0.0,0.0,0.0,0.0,237.472,37.768,104.492,-8172.727,M,sensor,0.0,0.0,0.0,0,0,99.99,99.99,0.0,V,0.0,0.0,0.0,,,sensor,0.659,1.824,-142.641,-0.311,0.11,9.877,0.0,0.0,0.0,-2850.0,-4066.0,-5354.0,32.03,237.472,sensor,,,,,,,,,,,,,,,,,,,,,39.3239667813352,-0.5825883937068852,3,10,39.323652482071225,-0.583101446616098,23.73,0.0,0.0,9,100.0,500.0,0.0,1781192436.94,0,0,,,,,25.0,1,5.0,station_keeping,8.0,emergency_stop,,,,,,,,,False,0,,19.6,55.504,1785.672,3796.93,47.0,6.953,28.522,25.7,562.066,1932.79,1940.749,usvrp,Linux
2026-06-11T15:42:20.643Z,False,MANUAL,REAL,ACTIVE,False,False,forward,loop,0,0.0,0.0,0.0,0.0,0.0,237.543,37.768,104.492,-8172.727,M,sensor,0.0,0.0,0.0,0,0,99.99,99.99,0.0,V,0.0,0.0,0.0,,,sensor,0.659,1.824,-142.641,-0.311,0.105,9.872,0.0,0.0,0.0,-2846.0,-4071.0,-5369.0,32.03,237.543,sensor,,,,,,,,,,,,,,,,,,,,,39.3239667813352,-0.5825883937068852,3,10,39.323652482071225,-0.583101446616098,23.73,0.0,0.0,9,100.0,500.0,0.0,1781192436.94,0,0,,,,,25.0,1,5.0,station_keeping,8.0,emergency_stop,,,,,,,,,False,0,,6.8,54.53,1783.523,3796.93,47.0,6.953,28.522,25.7,563.066,2070.31,2074.518,usvrp,Linux
2026-06-11T15:42:21.643Z,False,MANUAL,REAL,ACTIVE,False,False,forward,loop,0,0.0,0.0,0.0,0.0,0.0,237.579,37.768,104.492,-8172.727,M,sensor,0.0,0.0,0.0,0,0,99.99,99.99,0.0,V,0.0,0.0,0.0,,,sensor,0.659,1.824,-142.641,-0.311,0.11,9.886,0.0,0.0,0.0,-2841.0,-4065.0,-5332.0,31.99,237.551,sensor,,,,,,,,,,,,,,,,,,,,,39.3239667813352,-0.5825883937068852,3,10,39.323652482071225,-0.583101446616098,23.79,0.0,0.0,9,100.0,500.0,0.0,1781192436.94,0,0,,,,,25.0,1,5.0,station_keeping,8.0,emergency_stop,,,,,,,,,False,0,,5.8,55.017,1781.902,3796.93,46.9,6.953,28.522,25.7,564.066,2086.899,2089.738,usvrp,Linux
2026-06-11T15:42:22.643Z,False,MANUAL,REAL,ACTIVE,False,False,forward,loop,0,0.0,0.0,0.0,0.0,0.0,237.805,37.768,104.492,-8172.727,M,sensor,0.0,0.0,0.0,0,0,99.99,99.99,0.0,V,0.0,0.0,0.0,,,sensor,0.659,1.824,-142.641,-0.301,0.115,9.881,0.0,0.0,0.0,-2832.0,-4054.0,-5353.0,32.03,237.563,sensor,,,,,,,,,,,,,,,,,,,,,39.3239667813352,-0.5825883937068852,3,10,39.323652482071225,-0.583101446616098,23.79,0.0,0.0,9,100.0,500.0,0.0,1781192436.94,0,0,,,,,25.0,1,5.0,station_keeping,8.0,emergency_stop,,,,,,,,,False,0,,6.1,55.991,1781.656,3796.93,46.9,6.953,28.522,25.7,565.066,2073.851,2076.075,usvrp,Linux
2026-06-11T15:42:23.643Z,False,MANUAL,REAL,ACTIVE,False,False,forward,loop,0,0.0,0.0,0.0,0.0,0.0,237.83,37.453,104.807,-8172.727,M,sensor,0.0,0.0,0.0,0,0,99.99,99.99,0.0,V,0.0,0.0,0.0,,,sensor,0.654,1.829,-142.641,-0.311,0.105,9.881,0.0,0.0,0.0,-2833.0,-4096.0,-5350.0,32.05,237.83,sensor,,,,,,,,,,,,,,,,,,,,,39.3239667813352,-0.5825883937068852,3,10,39.323652482071225,-0.583101446616098,23.79,0.0,0.0,9,100.0,500.0,0.0,1781192436.94,0,0,,,,,25.0,1,5.0,station_keeping,8.0,emergency_stop,,,,,,,,,False,0,,11.2,55.504,1782.812,3796.93,47.0,6.953,28.522,25.7,566.066,2176.859,2188.625,usvrp,Linux
2026-06-11T15:42:24.643Z,False,MANUAL,REAL,ACTIVE,False,False,forward,loop,0,0.0,0.0,0.0,0.0,0.0,237.662,37.453,104.492,-8172.727,M,sensor,0.0,0.0,0.0,0,0,99.99,99.99,0.0,V,0.0,0.0,0.0,,,sensor,0.654,1.824,-142.641,-0.311,0.115,9.877,0.0,0.0,0.0,-2841.0,-4056.0,-5382.0,32.0,237.491,sensor,,,,,,,,,,,,,,,,,,,,,39.3239667813352,-0.5825883937068852,3,10,39.323652482071225,-0.583101446616098,23.78,0.0,0.0,9,100.0,500.0,0.0,1781192436.94,0,0,,,,,25.0,1,5.0,station_keeping,8.0,emergency_stop,,,,,,,,,False,0,,11.0,55.017,1782.453,3796.93,46.9,6.953,28.522,25.7,567.066,2098.258,2106.497,usvrp,Linux
2026-06-11T15:42:25.643Z,False,MANUAL,REAL,ACTIVE,False,False,forward,loop,0,0.0,0.0,0.0,0.0,0.0,237.627,37.768,104.492,-8172.727,M,sensor,0.0,0.0,0.0,0,0,99.99,99.99,0.0,V,0.0,0.0,0.0,,,sensor,0.659,1.818,-142.641,-0.306,0.11,9.872,0.0,0.0,0.0,-2840.0,-4056.0,-5392.0,32.01,237.5,sensor,,,,,,,,,,,,,,,,,,,,,39.3239667813352,-0.5825883937068852,3,10,39.323652482071225,-0.583101446616098,23.8,0.0,0.0,9,100.0,500.0,0.0,1781192436.94,0,0,,,,,25.0,1,5.0,station_keeping,8.0,emergency_stop,,,,,,,,,False,0,,10.1,55.504,1781.465,3796.93,46.9,6.953,28.522,25.7,568.066,2085.672,2093.095,usvrp,Linux
2026-06-11T15:42:26.643Z,False,MANUAL,REAL,ACTIVE,False,False,forward,loop,0,0.0,0.0,0.0,0.0,0.0,237.601,37.768,104.492,-8172.727,M,sensor,0.0,0.0,0.0,0,0,99.99,99.99,0.0,V,0.0,0.0,0.0,,,sensor,0.659,1.824,-142.641,-0.316,0.115,9.877,0.0,0.0,0.0,-2846.0,-4061.0,-5364.0,32.04,237.477,sensor,,,,,,,,,,,,,,,,,,,,,39.3239667813352,-0.5825883937068852,3,10,39.323652482071225,-0.583101446616098,23.8,0.0,0.0,9,100.0,500.0,0.0,1781192436.94,0,0,,,,,25.0,1,5.0,station_keeping,8.0,emergency_stop,,,,,,,,,False,0,,10.7,54.53,1780.809,3796.93,46.9,6.953,28.522,25.7,569.066,2088.294,2089.19,usvrp,Linux
2026-06-11T15:42:27.643Z,False,MANUAL,REAL,ACTIVE,False,False,forward,loop,0,0.0,0.0,0.0,0.0,0.0,237.499,37.768,104.492,-8172.727,M,sensor,0.0,0.0,0.0,0,0,99.99,99.99,0.0,V,0.0,0.0,0.0,,,sensor,0.665,1.824,-142.641,-0.316,0.11,9.877,0.0,0.0,0.0,-2838.0,-4048.0,-5378.0,32.05,237.466,sensor,,,,,,,,,,,,,,,,,,,,,39.3239667813352,-0.5825883937068852,3,10,39.323652482071225,-0.583101446616098,23.81,0.0,0.0,9,100.0,500.0,0.0,1781192436.94,0,0,,,,,25.0,1,5.0,station_keeping,8.0,emergency_stop,,,,,,,,,False,0,,10.9,54.53,1779.484,3796.93,46.9,6.953,28.522,25.7,570.067,2075.28,2078.168,usvrp,Linux
2026-06-11T15:42:28.643Z,False,MANUAL,REAL,ACTIVE,False,False,forward,loop,0,0.0,0.0,0.0,0.0,0.0,237.413,37.768,104.492,-8172.727,M,sensor,0.0,0.0,0.0,0,0,99.99,99.99,0.0,V,0.0,0.0,0.0,,,sensor,0.659,1.824,-142.641,-0.316,0.105,9.877,0.0,0.0,0.0,-2855.0,-4093.0,-5339.0,32.03,237.603,sensor,,,,,,,,,,,,,,,,,,,,,39.3239667813352,-0.5825883937068852,3,10,39.323652482071225,-0.583101446616098,23.81,0.0,0.0,9,100.0,500.0,0.0,1781192436.94,0,0,,,,,25.0,1,5.0,station_keeping,8.0,emergency_stop,,,,,,,,,False,0,,13.7,56.478,1780.699,3796.93,46.9,6.953,28.522,25.7,571.067,2166.386,2178.729,usvrp,Linux
2026-06-11T15:42:29.643Z,False,MANUAL,REAL,ACTIVE,False,False,forward,loop,0,0.0,0.0,0.0,0.0,0.0,237.648,37.768,104.807,-8172.727,M,sensor,0.0,0.0,0.0,0,0,99.99,99.99,0.0,V,0.0,0.0,0.0,,,sensor,0.659,1.829,-142.641,-0.306,0.115,9.881,0.0,0.0,0.0,-2837.0,-4074.0,-5365.0,31.98,237.648,sensor,,,,,,,,,,,,,,,,,,,,,39.3239667813352,-0.5825883937068852,3,10,39.323652482071225,-0.583101446616098,23.79,0.0,0.0,9,100.0,500.0,0.0,1781192436.94,0,0,,,,,25.0,1,5.0,station_keeping,8.0,emergency_stop,,,,,,,,,False,0,,4.4,55.991,1779.746,3796.93,46.9,6.953,28.522,25.7,572.067,2074.578,2079.722,usvrp,Linux
2026-06-11T15:42:30.643Z,False,MANUAL,REAL,ACTIVE,False,False,forward,loop,0,0.0,0.0,0.0,0.0,0.0,237.523,37.768,104.492,-8172.727,M,sensor,0.0,0.0,0.0,0,0,99.99,99.99,0.0,V,0.0,0.0,0.0,,,sensor,0.659,1.824,-142.641,-0.311,0.115,9.877,0.0,0.0,0.0,-2853.0,-4078.0,-5353.0,32.04,237.523,sensor,,,,,,,,,,,,,,,,,,,,,39.3239667813352,-0.5825883937068852,3,10,39.323652482071225,-0.583101446616098,23.79,0.0,0.0,9,100.0,500.0,0.0,1781192436.94,0,0,,,,,25.0,1,5.0,station_keeping,8.0,emergency_stop,,,,,,,,,False,0,,8.0,54.53,1781.66,3796.93,46.9,6.953,28.522,25.7,573.067,2094.424,2104.631,usvrp,Linux
2026-06-11T15:42:31.643Z,False,MANUAL,REAL,ACTIVE,False,False,forward,loop,0,0.0,0.0,0.0,0.0,0.0,237.609,37.768,104.807,-8172.727,M,sensor,0.0,0.0,0.0,0,0,99.99,99.99,0.0,V,0.0,0.0,0.0,,,sensor,0.659,1.829,-142.641,-0.311,0.115,9.877,0.0,0.0,0.0,-2839.0,-4071.0,-5348.0,32.01,237.609,sensor,,,,,,,,,,,,,,,,,,,,,39.3239667813352,-0.5825883937068852,3,10,39.323652482071225,-0.583101446616098,23.79,0.0,0.0,9,100.0,500.0,0.0,1781192436.94,0,0,,,,,25.0,1,5.0,station_keeping,8.0,emergency_stop,,,,,,,,,False,0,,7.0,55.504,1781.207,3796.93,46.9,6.953,28.522,25.7,574.067,2083.875,2086.163,usvrp,Linux
2026-06-11T15:42:32.643Z,False,MANUAL,REAL,ACTIVE,False,False,forward,loop,0,0.0,0.0,0.0,0.0,0.0,237.54,37.768,104.492,-8172.727,M,sensor,0.0,0.0,0.0,0,0,99.99,99.99,0.0,V,0.0,0.0,0.0,,,sensor,0.659,1.824,-142.641,-0.316,0.115,9.886,0.0,0.0,0.0,-2840.0,-4062.0,-5359.0,32.06,237.54,sensor,,,,,,,,,,,,,,,,,,,,,39.3239667813352,-0.5825883937068852,3,10,39.323652482071225,-0.583101446616098,23.78,0.0,0.0,9,100.0,500.0,0.0,1781192436.94,0,0,,,,,25.0,1,5.0,station_keeping,8.0,emergency_stop,,,,,,,,,False,0,,6.3,56.478,1780.566,3796.93,46.9,6.953,28.522,25.7,575.067,2075.654,2081.621,usvrp,Linux
2026-06-11T15:42:33.643Z,False,MANUAL,REAL,ACTIVE,False,False,forward,loop,0,0.0,0.0,0.0,0.0,0.0,237.467,37.453,104.177,-8172.727,M,sensor,0.0,0.0,0.0,0,0,99.99,99.99,0.0,V,0.0,0.0,0.0,,,sensor,0.654,1.818,-142.641,-0.311,0.105,9.881,0.0,0.0,0.0,-2838.0,-4087.0,-5382.0,32.02,237.724,sensor,,,,,,,,,,,,,,,,,,,,,39.3239667813352,-0.5825883937068852,3,10,39.323652482071225,-0.583101446616098,23.78,0.0,0.0,9,100.0,500.0,0.0,1781192436.94,0,0,,,,,25.0,1,5.0,station_keeping,8.0,emergency_stop,,,,,,,,,False,0,,13.5,55.504,1780.156,3796.93,46.9,6.953,28.522,25.7,576.067,2159.872,2172.998,usvrp,Linux
2026-06-11T15:42:34.643Z,False,MANUAL,REAL,ACTIVE,False,False,forward,loop,0,0.0,0.0,0.0,0.0,0.0,237.603,37.453,104.492,-8172.727,M,sensor,0.0,0.0,0.0,0,0,99.99,99.99,0.0,V,0.0,0.0,0.0,,,sensor,0.654,1.824,-142.641,-0.321,0.115,9.886,0.0,0.0,0.0,-2839.0,-4070.0,-5355.0,32.06,237.603,sensor,,,,,,,,,,,,,,,,,,,,,39.3239667813352,-0.5825883937068852,3,10,39.323652482071225,-0.583101446616098,23.76,0.0,0.0,9,100.0,500.0,0.0,1781192436.94,0,0,,,,,25.0,1,5.0,station_keeping,8.0,emergency_stop,,,,,,,,,False,0,,6.1,55.504,1779.688,3796.93,46.9,6.953,28.522,25.7,577.067,2086.93,2089.81,usvrp,Linux
2026-06-11T15:42:35.643Z,False,MANUAL,REAL,ACTIVE,False,False,forward,loop,0,0.0,0.0,0.0,0.0,0.0,237.788,37.453,104.492,-8172.727,M,sensor,0.0,0.0,0.0,0,0,99.99,99.99,0.0,V,0.0,0.0,0.0,,,sensor,0.654,1.824,-142.641,-0.311,0.115,9.877,0.0,0.0,0.0,-2834.0,-4091.0,-5352.0,32.05,237.788,sensor,,,,,,,,,,,,,,,,,,,,,39.3239667813352,-0.5825883937068852,3,10,39.323652482071225,-0.583101446616098,23.78,0.0,0.0,9,100.0,500.0,0.0,1781192436.94,0,0,,,,,25.0,1,5.0,station_keeping,8.0,emergency_stop,,,,,,,,,False,0,,7.3,56.478,1778.75,3796.93,46.8,6.953,28.522,25.7,578.067,2099.083,2111.162,usvrp,Linux
2026-06-11T15:42:36.643Z,False,MANUAL,REAL,ACTIVE,False,False,forward,loop,0,0.0,0.0,0.0,0.0,0.0,237.514,37.453,104.492,-8172.727,M,sensor,0.0,0.0,0.0,0,0,99.99,99.99,0.0,V,0.0,0.0,0.0,,,sensor,0.654,1.824,-142.641,-0.311,0.105,9.877,0.0,0.0,0.0,-2847.0,-4084.0,-5354.0,32.05,237.619,sensor,,,,,,,,,,,,,,,,,,,,,39.3239667813352,-0.5825883937068852,3,10,39.323652482071225,-0.583101446616098,23.78,0.0,0.0,9,100.0,500.0,0.0,1781192436.94,0,0,,,,,25.0,1,5.0,station_keeping,8.0,emergency_stop,,,,,,,,,False,0,,5.3,55.504,1778.43,3796.93,46.8,6.953,28.522,25.7,579.068,2089.677,2091.181,usvrp,Linux
2026-06-11T15:42:37.643Z,False,MANUAL,REAL,ACTIVE,False,False,forward,loop,0,0.0,0.0,0.0,0.0,0.0,237.453,37.453,104.492,-8172.727,M,sensor,0.0,0.0,0.0,0,0,99.99,99.99,0.0,V,0.0,0.0,0.0,,,sensor,0.654,1.824,-142.641,-0.316,0.11,9.877,0.0,0.0,0.0,-2839.0,-4048.0,-5347.0,32.06,237.457,sensor,,,,,,,,,,,,,,,,,,,,,39.3239667813352,-0.5825883937068852,3,10,39.323652482071225,-0.583101446616098,23.79,0.0,0.0,9,100.0,500.0,0.0,1781192436.94,0,0,,,,,25.0,1,5.0,station_keeping,8.0,emergency_stop,,,,,,,,,False,0,,5.9,55.017,1777.699,3796.93,46.8,6.953,28.522,25.7,580.068,2088.518,2092.806,usvrp,Linux
2026-06-11T15:42:38.643Z,False,MANUAL,REAL,ACTIVE,False,False,forward,loop,0,0.0,0.0,0.0,0.0,0.0,237.642,37.453,104.492,-8172.727,M,sensor,0.0,0.0,0.0,0,0,99.99,99.99,0.0,V,0.0,0.0,0.0,,,sensor,0.654,1.824,-142.641,-0.321,0.115,9.872,0.0,0.0,0.0,-2829.0,-4061.0,-5359.0,32.06,237.638,sensor,,,,,,,,,,,,,,,,,,,,,39.3239667813352,-0.5825883937068852,3,10,39.323652482071225,-0.583101446616098,23.79,0.0,0.0,9,100.0,500.0,0.0,1781192436.94,0,0,,,,,25.0,1,5.0,station_keeping,8.0,emergency_stop,,,,,,,,,False,0,,12.5,55.504,1779.695,3796.93,46.9,6.953,28.522,25.7,581.068,2126.176,2137.55,usvrp,Linux
2026-06-11T15:42:39.643Z,False,MANUAL,REAL,ACTIVE,False,False,forward,loop,0,0.0,0.0,0.0,0.0,0.0,237.629,37.453,104.492,-8172.727,M,sensor,0.0,0.0,0.0,0,0,99.99,99.99,0.0,V,0.0,0.0,0.0,,,sensor,0.654,1.824,-142.641,-0.316,0.12,9.877,0.0,0.0,0.0,-2839.0,-4074.0,-5350.0,32.06,237.629,sensor,,,,,,,,,,,,,,,,,,,,,39.3239667813352,-0.5825883937068852,3,10,39.323652482071225,-0.583101446616098,23.78,0.0,0.0,9,100.0,500.0,0.0,1781192436.94,0,0,,,,,25.0,1,5.0,station_keeping,8.0,emergency_stop,,,,,,,,,False,0,,7.1,54.53,1778.805,3796.93,46.8,6.953,28.522,25.7,582.068,2114.138,2137.472,usvrp,Linux
2026-06-11T15:42:40.643Z,False,MANUAL,REAL,ACTIVE,False,False,forward,loop,0,0.0,0.0,0.0,0.0,0.0,237.623,37.768,104.177,-8172.727,M,sensor,0.0,0.0,0.0,0,0,99.99,99.99,0.0,V,0.0,0.0,0.0,,,sensor,0.659,1.818,-142.641,-0.316,0.115,9.881,0.0,0.0,0.0,-2832.0,-4063.0,-5373.0,32.05,237.623,sensor,,,,,,,,,,,,,,,,,,,,,39.3239667813352,-0.5825883937068852,3,10,39.323652482071225,-0.583101446616098,23.77,0.0,0.0,9,100.0,500.0,0.0,1781192436.94,0,0,,,,,25.0,1,5.0,station_keeping,8.0,emergency_stop,,,,,,,,,False,0,,6.1,55.991,1778.801,3796.93,46.8,6.954,28.522,25.7,583.068,2113.643,2117.067,usvrp,Linux
2026-06-11T15:42:41.643Z,False,MANUAL,REAL,ACTIVE,False,False,forward,loop,0,0.0,0.0,0.0,0.0,0.0,237.661,37.768,104.177,-8172.727,M,sensor,0.0,0.0,0.0,0,0,99.99,99.99,0.0,V,0.0,0.0,0.0,,,sensor,0.659,1.818,-142.641,-0.311,0.11,9.877,0.0,0.0,0.0,-2830.0,-4066.0,-5330.0,32.02,237.661,sensor,,,,,,,,,,,,,,,,,,,,,39.3239667813352,-0.5825883937068852,3,10,39.323652482071225,-0.583101446616098,23.77,0.0,0.0,9,100.0,500.0,0.0,1781192436.94,0,0,,,,,25.0,1,5.0,station_keeping,8.0,emergency_stop,,,,,,,,,False,0,,7.1,55.504,1778.656,3796.93,46.8,6.954,28.522,25.7,584.068,2120.178,2123.713,usvrp,Linux
2026-06-11T15:42:42.643Z,False,MANUAL,REAL,ACTIVE,False,False,forward,loop,0,0.0,0.0,0.0,0.0,0.0,237.547,37.768,104.492,-8172.727,M,sensor,0.0,0.0,0.0,0,0,99.99,99.99,0.0,V,0.0,0.0,0.0,,,sensor,0.659,1.824,-142.641,-0.311,0.115,9.881,0.0,0.0,0.0,-2845.0,-4063.0,-5352.0,32.06,237.499,sensor,,,,,,,,,,,,,,,,,,,,,39.3239667813352,-0.5825883937068852,3,10,39.323652482071225,-0.583101446616098,23.78,0.0,0.0,9,100.0,500.0,0.0,1781192436.94,0,0,,,,,25.0,1,5.0,station_keeping,8.0,emergency_stop,,,,,,,,,False,0,,7.6,55.017,1778.371,3796.93,46.8,6.954,28.522,25.7,585.068,2143.518,2138.158,usvrp,Linux
2026-06-11T15:42:43.643Z,False,MANUAL,REAL,ACTIVE,False,False,forward,loop,0,0.0,0.0,0.0,0.0,0.0,237.555,37.453,104.177,-8172.727,M,sensor,0.0,0.0,0.0,0,0,99.99,99.99,0.0,V,0.0,0.0,0.0,,,sensor,0.654,1.818,-142.641,-0.311,0.115,9.872,0.0,0.0,0.0,-2844.0,-4070.0,-5353.0,32.05,237.555,sensor,,,,,,,,,,,,,,,,,,,,,39.3239667813352,-0.5825883937068852,3,10,39.323652482071225,-0.583101446616098,23.78,0.0,0.0,9,100.0,500.0,0.0,1781192436.94,0,0,,,,,25.0,1,5.0,station_keeping,8.0,emergency_stop,,,,,,,,,False,0,,15.3,55.991,1779.855,3796.93,46.9,6.954,28.522,25.7,586.068,2178.965,2170.918,usvrp,Linux
2026-06-11T15:42:44.643Z,False,MANUAL,REAL,ACTIVE,False,False,forward,loop,0,0.0,0.0,0.0,0.0,0.0,237.663,37.453,104.492,-8172.727,M,sensor,0.0,0.0,0.0,0,0,99.99,99.99,0.0,V,0.0,0.0,0.0,,,sensor,0.654,1.824,-142.641,-0.311,0.11,9.886,0.0,0.0,0.0,-2841.0,-4082.0,-5383.0,32.04,237.663,sensor,,,,,,,,,,,,,,,,,,,,,39.3239667813352,-0.5825883937068852,3,10,39.323652482071225,-0.583101446616098,23.78,0.0,0.0,9,100.0,500.0,0.0,1781192436.94,0,0,,,,,25.0,1,5.0,station_keeping,8.0,emergency_stop,,,,,,,,,False,0,,8.6,55.991,1779.898,3796.93,46.9,6.954,28.522,25.7,587.068,2163.581,2166.284,usvrp,Linux
2026-06-11T15:42:45.643Z,False,MANUAL,REAL,ACTIVE,False,False,forward,loop,0,0.0,0.0,0.0,0.0,0.0,237.452,37.453,104.492,-8172.727,M,sensor,0.0,0.0,0.0,0,0,99.99,99.99,0.0,V,0.0,0.0,0.0,,,sensor,0.654,1.824,-142.641,-0.311,0.115,9.877,0.0,0.0,0.0,-2836.0,-4043.0,-5367.0,32.07,237.452,sensor,,,,,,,,,,,,,,,,,,,,,39.3239667813352,-0.5825883937068852,3,10,39.323652482071225,-0.583101446616098,23.78,0.0,0.0,9,100.0,500.0,0.0,1781192436.94,0,0,,,,,25.0,1,5.0,station_keeping,8.0,emergency_stop,,,,,,,,,False,0,,6.6,55.991,1779.68,3796.93,46.9,6.954,28.522,25.7,588.069,2119.427,2117.107,usvrp,Linux
2026-06-11T15:42:46.643Z,False,MANUAL,REAL,ACTIVE,False,False,forward,loop,0,0.0,0.0,0.0,0.0,0.0,237.492,37.453,104.492,-8172.727,M,sensor,0.0,0.0,0.0,0,0,99.99,99.99,0.0,V,0.0,0.0,0.0,,,sensor,0.654,1.824,-142.641,-0.311,0.115,9.877,0.0,0.0,0.0,-2842.0,-4075.0,-5368.0,32.05,237.607,sensor,,,,,,,,,,,,,,,,,,,,,39.3239667813352,-0.5825883937068852,3,10,39.323652482071225,-0.583101446616098,23.78,0.0,0.0,9,100.0,500.0,0.0,1781192436.94,0,0,,,,,25.0,1,5.0,station_keeping,8.0,emergency_stop,,,,,,,,,False,0,,8.7,56.965,1779.727,3796.93,46.9,6.954,28.522,25.7,589.069,2105.397,2109.301,usvrp,Linux
2026-06-11T15:42:47.643Z,False,MANUAL,REAL,ACTIVE,False,False,forward,loop,0,0.0,0.0,0.0,0.0,0.0,237.649,37.768,104.492,-8172.727,M,sensor,0.0,0.0,0.0,0,0,99.99,99.99,0.0,V,0.0,0.0,0.0,,,sensor,0.659,1.824,-142.641,-0.321,0.11,9.891,0.0,0.0,0.0,-2834.0,-4100.0,-5379.0,32.05,237.847,sensor,,,,,,,,,,,,,,,,,,,,,39.3239667813352,-0.5825883937068852,3,10,39.323652482071225,-0.583101446616098,23.78,0.0,0.0,9,100.0,500.0,0.0,1781192436.94,0,0,,,,,25.0,1,5.0,station_keeping,8.0,emergency_stop,,,,,,,,,False,0,,6.3,55.991,1778.922,3796.93,46.9,6.954,28.522,25.7,590.069,2115.572,2114.916,usvrp,Linux
2026-06-11T15:42:48.643Z,False,MANUAL,REAL,ACTIVE,False,False,forward,loop,0,0.0,0.0,0.0,0.0,0.0,237.495,37.768,104.492,-8172.727,M,sensor,0.0,0.0,0.0,0,0,99.99,99.99,0.0,V,0.0,0.0,0.0,,,sensor,0.659,1.824,-142.641,-0.316,0.115,9.877,0.0,0.0,0.0,-2831.0,-4080.0,-5376.0,32.05,237.744,sensor,,,,,,,,,,,,,,,,,,,,,39.3239667813352,-0.5825883937068852,3,10,39.323652482071225,-0.583101446616098,23.78,0.0,0.0,9,100.0,500.0,0.0,1781192436.94,0,0,,,,,25.0,1,5.0,station_keeping,8.0,emergency_stop,,,,,,,,,False,0,,10.5,56.478,1778.828,3796.93,46.8,6.954,28.522,25.7,591.069,2153.194,2144.268,usvrp,Linux
2026-06-11T15:42:49.643Z,False,MANUAL,REAL,ACTIVE,False,False,forward,loop,0,0.0,0.0,0.0,0.0,0.0,237.735,37.768,104.177,-8172.727,M,sensor,0.0,0.0,0.0,0,0,99.99,99.99,0.0,V,0.0,0.0,0.0,,,sensor,0.659,1.818,-142.641,-0.311,0.105,9.881,0.0,0.0,0.0,-2825.0,-4070.0,-5367.0,32.01,237.735,sensor,,,,,,,,,,,,,,,,,,,,,39.3239667813352,-0.5825883937068852,3,10,39.323652482071225,-0.583101446616098,23.78,0.0,0.0,9,100.0,500.0,0.0,1781192436.94,0,0,,,,,25.0,1,5.0,station_keeping,8.0,emergency_stop,,,,,,,,,False,0,,12.3,55.504,1777.5,3796.93,46.8,6.954,28.522,25.7,592.069,2211.845,2213.844,usvrp,Linux
2026-06-11T15:42:50.643Z,False,MANUAL,REAL,ACTIVE,False,False,forward,loop,0,0.0,0.0,0.0,0.0,0.0,237.686,37.768,104.177,-8172.727,M,sensor,0.0,0.0,0.0,0,0,99.99,99.99,0.0,V,0.0,0.0,0.0,,,sensor,0.659,1.818,-142.641,-0.311,0.115,9.881,0.0,0.0,0.0,-2833.0,-4074.0,-5357.0,32.05,237.686,sensor,,,,,,,,,,,,,,,,,,,,,39.3239667813352,-0.5825883937068852,3,10,39.323652482071225,-0.583101446616098,23.78,0.0,0.0,9,100.0,500.0,0.0,1781192436.94,0,0,,,,,25.0,1,5.0,station_keeping,8.0,emergency_stop,,,,,,,,,False,0,,6.6,55.991,1777.246,3796.93,46.8,6.954,28.522,25.7,593.069,2110.803,2111.683,usvrp,Linux
2026-06-11T15:42:51.643Z,False,MANUAL,REAL,ACTIVE,False,False,forward,loop,0,0.0,0.0,0.0,0.0,0.0,237.722,37.768,104.177,-8172.727,M,sensor,0.0,0.0,0.0,0,0,99.99,99.99,0.0,V,0.0,0.0,0.0,,,sensor,0.659,1.818,-142.641,-0.311,0.11,9.881,0.0,0.0,0.0,-2834.0,-4081.0,-5335.0,32.04,237.722,sensor,,,,,,,,,,,,,,,,,,,,,39.3239667813352,-0.5825883937068852,3,10,39.323652482071225,-0.583101446616098,23.78,0.0,0.0,9,100.0,500.0,0.0,1781192436.94,0,0,,,,,25.0,1,5.0,station_keeping,8.0,emergency_stop,,,,,,,,,False,0,,7.4,55.504,1776.969,3796.93,46.8,6.954,28.522,25.7,594.069,2168.804,2163.205,usvrp,Linux
2026-06-11T15:42:52.643Z,False,MANUAL,REAL,ACTIVE,False,False,forward,loop,0,0.0,0.0,0.0,0.0,0.0,237.746,37.768,104.177,-8172.727,M,sensor,0.0,0.0,0.0,0,0,99.99,99.99,0.0,V,0.0,0.0,0.0,,,sensor,0.659,1.818,-142.641,-0.311,0.115,9.881,0.0,0.0,0.0,-2830.0,-4064.0,-5341.0,32.08,237.648,sensor,,,,,,,,,,,,,,,,,,,,,39.3239667813352,-0.5825883937068852,3,10,39.323652482071225,-0.583101446616098,23.78,0.0,0.0,9,100.0,500.0,0.0,1781192436.94,0,0,,,,,25.0,1,5.0,station_keeping,8.0,emergency_stop,,,,,,,,,False,0,,6.9,56.478,1777.43,3796.93,46.8,6.954,28.522,25.7,595.069,2197.473,2182.802,usvrp,Linux
2026-06-11T15:42:53.643Z,False,MANUAL,REAL,ACTIVE,False,False,forward,loop,0,0.0,0.0,0.0,0.0,0.0,237.612,37.453,104.492,-8172.727,M,sensor,0.0,0.0,0.0,0,0,99.99,99.99,0.0,V,0.0,0.0,0.0,,,sensor,0.654,1.824,-142.641,-0.321,0.12,9.877,0.0,0.0,0.0,-2838.0,-4070.0,-5366.0,32.05,237.612,sensor,,,,,,,,,,,,,,,,,,,,,39.3239667813352,-0.5825883937068852,3,10,39.323652482071225,-0.583101446616098,23.77,0.0,0.0,9,100.0,500.0,0.0,1781192436.94,0,0,,,,,25.0,1,5.0,station_keeping,8.0,emergency_stop,,,,,,,,,False,0,,8.0,55.991,1777.184,3796.93,46.8,6.954,28.522,25.7,596.069,2147.892,2138.965,usvrp,Linux
2026-06-11T15:42:54.643Z,False,MANUAL,REAL,ACTIVE,False,False,forward,loop,0,0.0,0.0,0.0,0.0,0.0,237.561,37.453,104.492,-8172.727,M,sensor,0.0,0.0,0.0,0,0,99.99,99.99,0.0,V,0.0,0.0,0.0,,,sensor,0.654,1.818,-142.641,-0.306,0.11,9.877,0.0,0.0,0.0,-2829.0,-4076.0,-5364.0,32.05,237.737,sensor,,,,,,,,,,,,,,,,,,,,,39.3239667813352,-0.5825883937068852,3,10,39.323652482071225,-0.583101446616098,23.77,0.0,0.0,9,100.0,500.0,0.0,1781192436.94,0,0,,,,,25.0,1,5.0,station_keeping,8.0,emergency_stop,,,,,,,,,False,0,,13.6,55.991,1777.527,3796.93,46.8,6.954,28.522,25.7,597.07,2198.73,2199.698,usvrp,Linux
2026-06-11T15:42:55.643Z,False,MANUAL,REAL,ACTIVE,False,False,forward,loop,0,0.0,0.0,0.0,0.0,0.0,237.508,37.453,104.492,-8172.727,M,sensor,0.0,0.0,0.0,0,0,99.99,99.99,0.0,V,0.0,0.0,0.0,,,sensor,0.654,1.824,-142.641,-0.306,0.11,9.877,0.0,0.0,0.0,-2830.0,-4072.0,-5357.0,32.04,237.701,sensor,,,,,,,,,,,,,,,,,,,,,39.3239667813352,-0.5825883937068852,3,10,39.323652482071225,-0.583101446616098,23.79,0.0,0.0,9,100.0,500.0,0.0,1781192436.94,0,0,,,,,25.0,1,5.0,station_keeping,8.0,emergency_stop,,,,,,,,,False,0,,5.9,56.478,1777.492,3796.93,46.8,6.954,28.522,25.7,598.07,2149.062,2146.838,usvrp,Linux
2026-06-11T15:42:56.643Z,False,MANUAL,REAL,ACTIVE,False,False,forward,loop,0,0.0,0.0,0.0,0.0,0.0,237.604,37.453,104.492,-8172.727,M,sensor,0.0,0.0,0.0,0,0,99.99,99.99,0.0,V,0.0,0.0,0.0,,,sensor,0.654,1.824,-142.641,-0.321,0.12,9.877,0.0,0.0,0.0,-2843.0,-4077.0,-5344.0,32.04,237.611,sensor,,,,,,,,,,,,,,,,,,,,,39.3239667813352,-0.5825883937068852,3,10,39.323652482071225,-0.583101446616098,23.79,0.0,0.0,9,100.0,500.0,0.0,1781192436.94,0,0,,,,,25.0,1,5.0,station_keeping,8.0,emergency_stop,,,,,,,,,False,0,,7.1,55.991,1777.234,3796.93,46.8,6.954,28.522,25.7,599.07,2138.846,2136.383,usvrp,Linux
2026-06-11T15:42:57.643Z,False,MANUAL,REAL,ACTIVE,False,False,forward,loop,0,0.0,0.0,0.0,0.0,0.0,237.292,37.453,104.492,-8172.727,M,sensor,0.0,0.0,0.0,0,0,99.99,99.99,0.0,V,0.0,0.0,0.0,,,sensor,0.654,1.824,-142.641,-0.316,0.11,9.881,0.0,0.0,0.0,-2841.0,-4057.0,-5337.0,32.05,237.498,sensor,,,,,,,,,,,,,,,,,,,,,39.3239667813352,-0.5825883937068852,3,10,39.323652482071225,-0.583101446616098,23.78,0.0,0.0,9,100.0,500.0,0.0,1781192436.94,0,0,,,,,25.0,1,5.0,station_keeping,8.0,emergency_stop,,,,,,,,,False,0,,9.3,56.478,1777.531,3796.93,46.8,6.954,28.522,25.7,600.07,2192.109,2181.598,usvrp,Linux
2026-06-11T15:42:58.643Z,False,MANUAL,REAL,ACTIVE,False,False,forward,loop,0,0.0,0.0,0.0,0.0,0.0,237.648,37.139,104.492,-8172.727,M,sensor,0.0,0.0,0.0,0,0,99.99,99.99,0.0,V,0.0,0.0,0.0,,,sensor,0.648,1.824,-142.641,-0.321,0.11,9.877,0.0,0.0,0.0,-2832.0,-4094.0,-5380.0,32.06,237.827,sensor,,,,,,,,,,,,,,,,,,,,,39.3239667813352,-0.5825883937068852,3,10,39.323652482071225,-0.583101446616098,23.78,0.0,0.0,9,100.0,500.0,0.0,1781192436.94,0,0,,,,,25.0,1,5.0,station_keeping,8.0,emergency_stop,,,,,,,,,False,0,,9.6,56.965,1777.285,3796.93,46.8,6.954,28.522,25.7,601.07,2162.219,2149.868,usvrp,Linux
2026-06-11T15:42:59.643Z,False,MANUAL,REAL,ACTIVE,False,False,forward,loop,0,0.0,0.0,0.0,0.0,0.0,237.521,37.453,104.492,-8172.727,M,sensor,0.0,0.0,0.0,0,0,99.99,99.99,0.0,V,0.0,0.0,0.0,,,sensor,0.654,1.824,-142.641,-0.316,0.11,9.877,0.0,0.0,0.0,-2849.0,-4072.0,-5342.0,32.08,237.521,sensor,,,,,,,,,,,,,,,,,,,,,39.3239667813352,-0.5825883937068852,3,10,39.323652482071225,-0.583101446616098,23.78,0.0,0.0,9,100.0,500.0,0.0,1781192436.94,0,0,,,,,25.0,1,5.0,station_keeping,8.0,emergency_stop,,,,,,,,,False,0,,14.9,55.504,1780.32,3796.93,46.9,6.954,28.522,25.7,602.07,2223.828,2222.964,usvrp,Linux
2026-06-11T15:43:00.643Z,False,MANUAL,REAL,ACTIVE,False,False,forward,loop,0,0.0,0.0,0.0,0.0,0.0,237.505,37.453,104.807,-8172.727,M,sensor,0.0,0.0,0.0,0,0,99.99,99.99,0.0,V,0.0,0.0,0.0,,,sensor,0.654,1.829,-142.641,-0.311,0.11,9.877,0.0,0.0,0.0,-2836.0,-4051.0,-5353.0,32.07,237.505,sensor,,,,,,,,,,,,,,,,,,,,,39.3239667813352,-0.5825883937068852,3,10,39.323652482071225,-0.583101446616098,23.82,0.0,0.0,9,100.0,500.0,0.0,1781192436.94,0,0,,,,,25.0,1,5.0,station_keeping,8.0,emergency_stop,,,,,,,,,False,0,,7.4,56.478,1779.969,3796.93,46.9,6.954,28.522,25.7,603.07,2161.791,2156.56,usvrp,Linux
2026-06-11T15:43:01.643Z,False,MANUAL,REAL,ACTIVE,False,False,forward,loop,0,0.0,0.0,0.0,0.0,0.0,237.548,37.768,104.492,-8172.727,M,sensor,0.0,0.0,0.0,0,0,99.99,99.99,0.0,V,0.0,0.0,0.0,,,sensor,0.659,1.824,-142.641,-0.306,0.11,9.881,0.0,0.0,0.0,-2835.0,-4056.0,-5356.0,32.07,237.548,sensor,,,,,,,,,,,,,,,,,,,,,39.3239667813352,-0.5825883937068852,3,10,39.323652482071225,-0.583101446616098,23.83,0.0,0.0,9,100.0,500.0,0.0,1781192436.94,0,0,,,,,25.0,1,5.0,station_keeping,8.0,emergency_stop,,,,,,,,,False,0,,6.3,55.991,1779.332,3796.93,46.9,6.954,28.522,25.7,604.07,2094.89,2092.65,usvrp,Linux
2026-06-11T15:43:02.643Z,False,MANUAL,REAL,ACTIVE,False,False,forward,loop,0,0.0,0.0,0.0,0.0,0.0,237.721,37.768,104.492,-8172.727,M,sensor,0.0,0.0,0.0,0,0,99.99,99.99,0.0,V,0.0,0.0,0.0,,,sensor,0.659,1.824,-142.641,-0.316,0.11,9.881,0.0,0.0,0.0,-2830.0,-4075.0,-5365.0,32.06,237.721,sensor,,,,,,,,,,,,,,,,,,,,,39.3239667813352,-0.5825883937068852,3,10,39.323652482071225,-0.583101446616098,23.83,0.0,0.0,9,100.0,500.0,0.0,1781192436.94,0,0,,,,,25.0,1,5.0,station_keeping,8.0,emergency_stop,,,,,,,,,False,0,,7.6,55.991,1779.059,3796.93,46.9,6.954,28.522,25.7,605.07,2111.551,2115.887,usvrp,Linux
2026-06-11T15:43:03.643Z,False,MANUAL,REAL,ACTIVE,False,False,forward,loop,0,0.0,0.0,0.0,0.0,0.0,237.746,37.768,104.492,-8172.727,M,sensor,0.0,0.0,0.0,0,0,99.99,99.99,0.0,V,0.0,0.0,0.0,,,sensor,0.659,1.824,-142.641,-0.311,0.11,9.881,0.0,0.0,0.0,-2826.0,-4073.0,-5329.0,32.07,237.746,sensor,,,,,,,,,,,,,,,,,,,,,39.3239667813352,-0.5825883937068852,3,10,39.323652482071225,-0.583101446616098,23.77,0.0,0.0,9,100.0,500.0,0.0,1781192436.94,0,0,,,,,25.0,1,5.0,station_keeping,8.0,emergency_stop,,,,,,,,,False,0,,10.7,57.452,1779.301,3796.93,46.9,6.954,28.522,25.7,606.071,2479.105,2700.188,usvrp,Linux
2026-06-11T15:43:04.643Z,False,MANUAL,REAL,ACTIVE,False,False,forward,loop,0,0.0,0.0,0.0,0.0,0.0,238.106,37.453,104.492,-8172.727,M,sensor,0.0,0.0,0.0,0,0,99.99,99.99,0.0,V,0.0,0.0,0.0,,,sensor,0.654,1.824,-142.641,-0.311,0.115,9.872,0.0,0.0,0.0,-2797.0,-4077.0,-5346.0,32.04,238.048,sensor,,,,,,,,,,,,,,,,,,,,,39.3239667813352,-0.5825883937068852,3,10,39.323652482071225,-0.583101446616098,23.77,0.0,0.0,9,100.0,500.0,0.0,1781192436.94,0,0,,,,,25.0,1,5.0,station_keeping,8.0,emergency_stop,,,,,,,,,False,0,,59.8,56.478,1921.531,3796.93,50.6,6.954,28.522,25.7,607.071,2336.021,2628.765,usvrp,Linux
2026-06-11T15:43:05.643Z,False,MANUAL,REAL,ACTIVE,False,False,forward,loop,0,0.0,0.0,0.0,0.0,0.0,237.685,37.453,104.177,-8172.727,M,sensor,0.0,0.0,0.0,0,0,99.99,99.99,0.0,V,0.0,0.0,0.0,,,sensor,0.654,1.818,-142.641,-0.321,0.115,9.877,0.0,0.0,0.0,-2824.0,-4061.0,-5341.0,32.06,237.685,sensor,,,,,,,,,,,,,,,,,,,,,39.3239667813352,-0.5825883937068852,3,10,39.323652482071225,-0.583101446616098,23.7,0.0,0.0,9,100.0,500.0,0.0,1781192436.94,0,0,,,,,25.0,1,5.0,station_keeping,8.0,emergency_stop,,,,,,,,,False,0,,48.5,56.965,1988.305,3796.93,52.4,6.954,28.522,25.7,608.071,2273.04,2229.525,usvrp,Linux
2026-06-11T15:43:06.647Z,False,MANUAL,REAL,ACTIVE,False,False,forward,loop,0,0.0,0.0,0.0,0.0,0.0,238.118,37.453,104.177,-8172.727,M,sensor,0.0,0.0,0.0,0,0,99.99,99.99,0.0,V,0.0,0.0,0.0,,,sensor,0.654,1.818,-142.641,-0.311,0.11,9.877,0.0,0.0,0.0,-2787.0,-4073.0,-5324.0,32.08,238.118,sensor,,,,,,,,,,,,,,,,,,,,,39.3239667813352,-0.5825883937068852,3,10,39.323652482071225,-0.583101446616098,23.71,0.0,0.0,9,100.0,500.0,0.0,1781192436.94,0,0,,,,,25.0,1,5.0,station_keeping,8.0,emergency_stop,,,,,,,,,False,0,,29.7,57.939,1997.895,3796.93,52.6,6.954,28.522,25.7,609.071,2249.449,2271.246,usvrp,Linux
2026-06-11T15:43:07.643Z,False,MANUAL,REAL,ACTIVE,False,False,forward,loop,0,0.0,0.0,0.0,0.0,0.0,237.629,37.768,103.863,-8172.727,M,sensor,0.0,0.0,0.0,0,0,99.99,99.99,0.0,V,0.0,0.0,0.0,,,sensor,0.659,1.813,-142.641,-0.311,0.115,9.881,0.0,0.0,0.0,-2839.0,-4074.0,-5366.0,32.09,237.629,sensor,,,,,,,,,,,,,,,,,,,,,39.3239667813352,-0.5825883937068852,3,10,39.323652482071225,-0.583101446616098,23.71,0.0,0.0,9,100.0,500.0,0.0,1781192436.94,0,0,,,,,25.0,1,5.0,station_keeping,8.0,emergency_stop,,,,,,,,,False,0,,72.7,57.939,2009.676,3796.93,52.9,6.954,28.522,25.7,610.071,2567.345,3067.009,usvrp,Linux
2026-06-11T15:43:08.643Z,False,MANUAL,REAL,ACTIVE,False,False,forward,loop,0,0.0,0.0,0.0,0.0,0.0,237.652,37.768,103.863,-8172.727,M,sensor,0.0,0.0,0.0,0,0,99.99,99.99,0.0,V,0.0,0.0,0.0,,,sensor,0.659,1.813,-142.641,-0.311,0.11,9.881,0.0,0.0,0.0,-2838.0,-4076.0,-5352.0,32.02,237.652,sensor,,,,,,,,,,,,,,,,,,,,,39.3239667813352,-0.5825883937068852,3,10,39.323652482071225,-0.583101446616098,23.78,0.0,0.0,9,100.0,500.0,0.0,1781192436.94,0,0,,,,,25.0,1,5.0,station_keeping,8.0,emergency_stop,,,,,,,,,False,0,,14.2,57.452,2009.707,3796.93,52.9,6.954,28.522,25.7,611.071,2187.492,2194.308,usvrp,Linux
2026-06-11T15:43:09.643Z,False,MANUAL,REAL,ACTIVE,False,False,forward,loop,0,0.0,0.0,0.0,0.0,0.0,237.6,37.453,103.863,-8172.727,M,sensor,0.0,0.0,0.0,0,0,99.99,99.99,0.0,V,0.0,0.0,0.0,,,sensor,0.654,1.813,-142.641,-0.321,0.115,9.881,0.0,0.0,0.0,-2836.0,-4052.0,-5358.0,32.08,237.512,sensor,,,,,,,,,,,,,,,,,,,,,39.3239667813352,-0.5825883937068852,3,10,39.323652482071225,-0.583101446616098,23.78,0.0,0.0,9,100.0,500.0,0.0,1781192436.94,0,0,,,,,25.0,1,5.0,station_keeping,8.0,emergency_stop,,,,,,,,,False,0,,15.3,56.478,2006.859,3796.93,52.9,6.954,28.522,25.7,612.071,2158.415,2191.923,usvrp,Linux
2026-06-11T15:43:10.643Z,False,MANUAL,REAL,ACTIVE,False,False,forward,loop,0,0.0,0.0,0.0,0.0,0.0,237.66,37.453,104.177,-8172.727,M,sensor,0.0,0.0,0.0,0,0,99.99,99.99,0.0,V,0.0,0.0,0.0,,,sensor,0.654,1.818,-142.641,-0.311,0.11,9.886,0.0,0.0,0.0,-2835.0,-4073.0,-5350.0,32.08,237.66,sensor,,,,,,,,,,,,,,,,,,,,,39.3239667813352,-0.5825883937068852,3,10,39.323652482071225,-0.583101446616098,23.75,0.0,0.0,9,100.0,500.0,0.0,1781192436.94,0,0,,,,,25.0,1,5.0,station_keeping,8.0,emergency_stop,,,,,,,,,False,0,,7.8,56.965,2005.918,3796.93,52.8,6.954,28.522,25.7,613.071,2143.908,2118.879,usvrp,Linux
2026-06-11T15:43:11.643Z,False,MANUAL,REAL,ACTIVE,False,False,forward,loop,0,0.0,0.0,0.0,0.0,0.0,237.752,37.768,104.177,-8172.727,M,sensor,0.0,0.0,0.0,0,0,99.99,99.99,0.0,V,0.0,0.0,0.0,,,sensor,0.659,1.818,-142.641,-0.316,0.11,9.881,0.0,0.0,0.0,-2845.0,-4066.0,-5339.0,32.05,237.519,sensor,,,,,,,,,,,,,,,,,,,,,39.3239667813352,-0.5825883937068852,3,10,39.323652482071225,-0.583101446616098,23.78,0.0,0.0,9,100.0,500.0,0.0,1781192436.94,0,0,,,,,25.0,1,5.0,station_keeping,8.0,emergency_stop,,,,,,,,,False,0,,7.8,57.452,2000.109,3796.93,52.7,6.954,28.522,25.7,614.072,2107.676,2128.218,usvrp,Linux
2026-06-11T15:43:12.643Z,False,MANUAL,REAL,ACTIVE,False,False,forward,loop,0,0.0,0.0,0.0,0.0,0.0,237.873,37.453,104.177,-8172.727,M,sensor,0.0,0.0,0.0,0,0,99.99,99.99,0.0,V,0.0,0.0,0.0,,,sensor,0.654,1.818,-142.641,-0.316,0.115,9.877,0.0,0.0,0.0,-2837.0,-4083.0,-5337.0,32.07,237.707,sensor,,,,,,,,,,,,,,,,,,,,,39.3239667813352,-0.5825883937068852,3,10,39.323652482071225,-0.583101446616098,23.78,0.0,0.0,9,100.0,500.0,0.0,1781192436.94,0,0,,,,,25.0,1,5.0,station_keeping,8.0,emergency_stop,,,,,,,,,False,0,,16.3,56.965,2002.914,3796.93,52.8,6.954,28.522,25.7,615.072,2252.339,2276.152,usvrp,Linux
2026-06-11T15:43:13.643Z,False,MANUAL,REAL,ACTIVE,False,False,forward,loop,0,0.0,0.0,0.0,0.0,0.0,237.432,37.453,104.177,-8172.727,M,sensor,0.0,0.0,0.0,0,0,99.99,99.99,0.0,V,0.0,0.0,0.0,,,sensor,0.654,1.818,-142.641,-0.316,0.11,9.872,0.0,0.0,0.0,-2850.0,-4064.0,-5341.0,32.11,237.459,sensor,,,,,,,,,,,,,,,,,,,,,39.3239667813352,-0.5825883937068852,3,10,39.323652482071225,-0.583101446616098,23.68,0.0,0.0,9,100.0,500.0,0.0,1781192436.94,0,0,,,,,25.0,1,5.0,station_keeping,8.0,emergency_stop,,,,,,,,,False,0,,46.8,56.965,2005.441,3796.93,52.8,6.954,28.522,25.7,616.072,2355.813,3200.968,usvrp,Linux
2026-06-11T15:43:14.643Z,False,MANUAL,REAL,ACTIVE,False,False,forward,loop,0,0.0,0.0,0.0,0.0,0.0,237.888,37.768,104.177,-8172.727,M,sensor,0.0,0.0,0.0,0,0,99.99,99.99,0.0,V,0.0,0.0,0.0,,,sensor,0.659,1.818,-142.641,-0.306,0.115,9.896,0.0,0.0,0.0,-2829.0,-4099.0,-5371.0,32.08,237.888,sensor,,,,,,,,,,,,,,,,,,,,,39.3239667813352,-0.5825883937068852,3,10,39.323652482071225,-0.583101446616098,23.68,0.0,0.0,9,100.0,500.0,0.0,1781192436.94,0,0,,,,,25.0,1,5.0,station_keeping,8.0,emergency_stop,,,,,,,,,False,0,,12.0,57.452,2005.102,3796.93,52.8,6.954,28.522,25.7,617.072,2159.789,2178.862,usvrp,Linux
2026-06-11T15:43:15.643Z,False,MANUAL,REAL,ACTIVE,False,False,forward,loop,0,0.0,0.0,0.0,0.0,0.0,237.576,37.768,104.177,-8172.727,M,sensor,0.0,0.0,0.0,0,0,99.99,99.99,0.0,V,0.0,0.0,0.0,,,sensor,0.659,1.818,-142.641,-0.311,0.11,9.877,0.0,0.0,0.0,-2846.0,-4076.0,-5355.0,32.07,237.576,sensor,,,,,,,,,,,,,,,,,,,,,39.3239667813352,-0.5825883937068852,3,10,39.323652482071225,-0.583101446616098,23.76,0.0,0.0,9,100.0,500.0,0.0,1781192436.94,0,0,,,,,25.0,1,5.0,station_keeping,8.0,emergency_stop,,,,,,,,,False,0,,8.8,56.965,2001.902,3796.93,52.7,6.954,28.522,25.7,618.072,2148.529,2220.761,usvrp,Linux
2026-06-11T15:43:16.643Z,False,MANUAL,REAL,ACTIVE,False,False,forward,loop,0,0.0,0.0,0.0,0.0,0.0,237.788,37.768,104.492,-8172.727,M,sensor,0.0,0.0,0.0,0,0,99.99,99.99,0.0,V,0.0,0.0,0.0,,,sensor,0.659,1.824,-142.641,-0.311,0.115,9.872,0.0,0.0,0.0,-2836.0,-4077.0,-5370.0,32.08,237.677,sensor,,,,,,,,,,,,,,,,,,,,,39.3239667813352,-0.5825883937068852,3,10,39.323652482071225,-0.583101446616098,23.78,0.0,0.0,9,100.0,500.0,0.0,1781192436.94,0,0,,,,,25.0,1,5.0,station_keeping,8.0,emergency_stop,,,,,,,,,False,0,,5.6,55.991,2000.273,3796.93,52.7,6.954,28.522,25.7,619.072,2078.833,2078.945,usvrp,Linux
2026-06-11T15:43:17.643Z,False,MANUAL,REAL,ACTIVE,False,False,forward,loop,0,0.0,0.0,0.0,0.0,0.0,237.847,37.768,104.492,-8172.727,M,sensor,0.0,0.0,0.0,0,0,99.99,99.99,0.0,V,0.0,0.0,0.0,,,sensor,0.659,1.824,-142.641,-0.311,0.11,9.872,0.0,0.0,0.0,-2834.0,-4100.0,-5352.0,32.08,237.847,sensor,,,,,,,,,,,,,,,,,,,,,39.3239667813352,-0.5825883937068852,3,10,39.323652482071225,-0.583101446616098,23.78,0.0,0.0,9,100.0,500.0,0.0,1781192436.94,0,0,,,,,25.0,1,5.0,station_keeping,8.0,emergency_stop,,,,,,,,,False,0,,20.3,57.452,2015.898,3796.93,53.1,6.954,28.522,25.7,620.072,2439.736,2411.851,usvrp,Linux
2026-06-11T15:43:18.643Z,False,MANUAL,REAL,ACTIVE,False,False,forward,loop,0,0.0,0.0,0.0,0.0,0.0,237.585,37.768,104.492,-8172.727,M,sensor,0.0,0.0,0.0,0,0,99.99,99.99,0.0,V,0.0,0.0,0.0,,,sensor,0.659,1.824,-142.641,-0.316,0.11,9.881,0.0,0.0,0.0,-2836.0,-4063.0,-5368.0,32.08,237.585,sensor,,,,,,,,,,,,,,,,,,,,,39.3239667813352,-0.5825883937068852,3,10,39.323652482071225,-0.583101446616098,23.73,0.0,0.0,9,100.0,500.0,0.0,1781192436.94,0,0,,,,,25.0,1,5.0,station_keeping,8.0,emergency_stop,,,,,,,,,False,0,,7.6,55.504,2015.996,3796.93,53.1,6.954,28.522,25.7,621.073,2127.933,3046.494,usvrp,Linux
2026-06-11T15:43:19.643Z,False,MANUAL,REAL,ACTIVE,False,False,forward,loop,0,0.0,0.0,0.0,0.0,0.0,237.716,37.768,104.492,-8172.727,M,sensor,0.0,0.0,0.0,0,0,99.99,99.99,0.0,V,0.0,0.0,0.0,,,sensor,0.659,1.824,-142.641,-0.311,0.11,9.881,0.0,0.0,0.0,-2836.0,-4089.0,-5339.0,32.05,237.756,sensor,,,,,,,,,,,,,,,,,,,,,39.3239667813352,-0.5825883937068852,3,10,39.323652482071225,-0.583101446616098,23.77,0.0,0.0,9,100.0,500.0,0.0,1781192436.94,0,0,,,,,25.0,1,5.0,station_keeping,8.0,emergency_stop,,,,,,,,,False,0,,11.4,56.965,2016.449,3796.93,53.1,6.954,28.522,25.7,622.073,2580.697,2247.989,usvrp,Linux
2026-06-11T15:43:20.643Z,False,MANUAL,REAL,ACTIVE,False,False,forward,loop,0,0.0,0.0,0.0,0.0,0.0,237.764,37.768,104.492,-8172.727,M,sensor,0.0,0.0,0.0,0,0,99.99,99.99,0.0,V,0.0,0.0,0.0,,,sensor,0.654,1.824,-142.641,-0.306,0.11,9.886,0.0,0.0,0.0,-2842.0,-4102.0,-5352.0,32.05,237.785,sensor,,,,,,,,,,,,,,,,,,,,,39.3239667813352,-0.5825883937068852,3,10,39.323652482071225,-0.583101446616098,23.77,0.0,0.0,9,100.0,500.0,0.0,1781192436.94,0,0,,,,,25.0,1,5.0,station_keeping,8.0,emergency_stop,,,,,,,,,False,0,,9.5,56.478,2015.973,3796.93,53.1,6.954,28.522,25.7,623.073,2135.926,2150.101,usvrp,Linux
2026-06-11T15:43:21.643Z,False,MANUAL,REAL,ACTIVE,False,False,forward,loop,0,0.0,0.0,0.0,0.0,0.0,237.449,37.453,103.548,-8172.727,M,sensor,0.0,0.0,0.0,0,0,99.99,99.99,0.0,V,0.0,0.0,0.0,,,sensor,0.654,1.807,-142.641,-0.316,0.105,9.881,0.0,0.0,0.0,-2845.0,-4088.0,-5357.0,32.08,237.664,sensor,,,,,,,,,,,,,,,,,,,,,39.3239667813352,-0.5825883937068852,3,10,39.323652482071225,-0.583101446616098,23.76,0.0,0.0,9,100.0,500.0,0.0,1781192436.94,0,0,,,,,25.0,1,5.0,station_keeping,8.0,emergency_stop,,,,,,,,,False,0,,7.6,55.504,2015.902,3796.93,53.1,6.954,28.522,25.7,624.073,2135.412,2113.022,usvrp,Linux
2026-06-11T15:43:22.643Z,False,MANUAL,REAL,ACTIVE,False,False,forward,loop,0,0.0,0.0,0.0,0.0,0.0,237.675,36.824,103.233,-8172.727,M,sensor,0.0,0.0,0.0,0,0,99.99,99.99,0.0,V,0.0,0.0,0.0,,,sensor,0.643,1.802,-142.641,-0.311,0.11,9.881,0.0,0.0,0.0,-2833.0,-4051.0,-5338.0,32.07,237.534,sensor,,,,,,,,,,,,,,,,,,,,,39.3239667813352,-0.5825883937068852,3,10,39.323652482071225,-0.583101446616098,23.76,0.0,0.0,9,100.0,500.0,0.0,1781192436.94,0,0,,,,,25.0,1,5.0,station_keeping,8.0,emergency_stop,,,,,,,,,False,0,,6.1,56.478,2015.484,3796.93,53.1,6.954,28.522,25.7,625.073,2086.001,2088.224,usvrp,Linux
2026-06-11T15:43:23.643Z,False,MANUAL,REAL,ACTIVE,False,False,forward,loop,0,0.0,0.0,0.0,0.0,0.0,237.782,37.139,103.233,-8172.727,M,sensor,0.0,0.0,0.0,0,0,99.99,99.99,0.0,V,0.0,0.0,0.0,,,sensor,0.648,1.807,-142.641,-0.311,0.12,9.881,0.0,0.0,0.0,-2836.0,-4087.0,-5349.0,32.04,237.743,sensor,,,,,,,,,,,,,,,,,,,,,39.3239667813352,-0.5825883937068852,3,10,39.323652482071225,-0.583101446616098,23.79,0.0,0.0,9,100.0,500.0,0.0,1781192436.94,0,0,,,,,25.0,1,5.0,station_keeping,8.0,emergency_stop,,,,,,,,,False,0,,4.6,56.965,2015.152,3796.93,53.1,6.954,28.522,25.7,626.073,2089.482,2093.77,usvrp,Linux
2026-06-11T15:43:24.643Z,False,MANUAL,REAL,ACTIVE,False,False,forward,loop,0,0.0,0.0,0.0,0.0,0.0,237.527,37.453,103.548,-8172.727,M,sensor,0.0,0.0,0.0,0,0,99.99,99.99,0.0,V,0.0,0.0,0.0,,,sensor,0.654,1.807,-142.641,-0.306,0.115,9.881,0.0,0.0,0.0,-2840.0,-4060.0,-5376.0,32.08,237.527,sensor,,,,,,,,,,,,,,,,,,,,,39.3239667813352,-0.5825883937068852,3,10,39.323652482071225,-0.583101446616098,23.78,0.0,0.0,9,100.0,500.0,0.0,1781192436.94,0,0,,,,,25.0,1,5.0,station_keeping,8.0,emergency_stop,,,,,,,,,False,0,,9.1,55.504,2015.723,3796.93,53.1,6.954,28.522,25.7,627.073,2087.647,2097.75,usvrp,Linux
2026-06-11T15:43:25.643Z,False,MANUAL,REAL,ACTIVE,False,False,forward,loop,0,0.0,0.0,0.0,0.0,0.0,237.57,37.768,103.863,-8172.727,M,sensor,0.0,0.0,0.0,0,0,99.99,99.99,0.0,V,0.0,0.0,0.0,,,sensor,0.659,1.813,-142.641,-0.311,0.115,9.867,0.0,0.0,0.0,-2840.0,-4092.0,-5351.0,32.07,237.738,sensor,,,,,,,,,,,,,,,,,,,,,39.3239667813352,-0.5825883937068852,3,10,39.323652482071225,-0.583101446616098,23.78,0.0,0.0,9,100.0,500.0,0.0,1781192436.94,0,0,,,,,25.0,1,5.0,station_keeping,8.0,emergency_stop,,,,,,,,,False,0,,12.4,56.965,2018.586,3796.93,53.2,6.954,28.522,25.7,628.073,2168.368,2180.911,usvrp,Linux
2026-06-11T15:43:26.643Z,False,MANUAL,REAL,ACTIVE,False,False,forward,loop,0,0.0,0.0,0.0,0.0,0.0,237.644,37.768,103.863,-8172.727,M,sensor,0.0,0.0,0.0,0,0,99.99,99.99,0.0,V,0.0,0.0,0.0,,,sensor,0.659,1.813,-142.641,-0.316,0.115,9.877,0.0,0.0,0.0,-2836.0,-4072.0,-5381.0,32.06,237.644,sensor,,,,,,,,,,,,,,,,,,,,,39.3239667813352,-0.5825883937068852,3,10,39.323652482071225,-0.583101446616098,23.79,0.0,0.0,9,100.0,500.0,0.0,1781192436.94,0,0,,,,,25.0,1,5.0,station_keeping,8.0,emergency_stop,,,,,,,,,False,0,,6.1,55.991,2017.91,3796.93,53.1,6.954,28.522,25.7,629.073,2136.33,2111.653,usvrp,Linux
2026-06-11T15:43:27.643Z,False,MANUAL,REAL,ACTIVE,False,False,forward,loop,0,0.0,0.0,0.0,0.0,0.0,237.659,37.768,104.177,-8172.727,M,sensor,0.0,0.0,0.0,0,0,99.99,99.99,0.0,V,0.0,0.0,0.0,,,sensor,0.659,1.818,-142.641,-0.316,0.115,9.886,0.0,0.0,0.0,-2840.0,-4080.0,-5363.0,32.08,237.659,sensor,,,,,,,,,,,,,,,,,,,,,39.3239667813352,-0.5825883937068852,3,10,39.323652482071225,-0.583101446616098,23.79,0.0,0.0,9,100.0,500.0,0.0,1781192436.94,0,0,,,,,25.0,1,5.0,station_keeping,8.0,emergency_stop,,,,,,,,,False,0,,7.0,55.017,2017.102,3796.93,53.1,6.954,28.522,25.7,630.074,2145.294,2129.584,usvrp,Linux
2026-06-11T15:43:28.643Z,False,MANUAL,REAL,ACTIVE,False,False,forward,loop,0,0.0,0.0,0.0,0.0,0.0,237.709,37.768,104.492,-8172.727,M,sensor,0.0,0.0,0.0,0,0,99.99,99.99,0.0,V,0.0,0.0,0.0,,,sensor,0.659,1.824,-142.641,-0.316,0.105,9.877,0.0,0.0,0.0,-2833.0,-4088.0,-5342.0,32.05,237.778,sensor,,,,,,,,,,,,,,,,,,,,,39.3239667813352,-0.5825883937068852,3,10,39.323652482071225,-0.583101446616098,23.79,0.0,0.0,9,100.0,500.0,0.0,1781192436.94,0,0,,,,,25.0,1,5.0,station_keeping,8.0,emergency_stop,,,,,,,,,False,0,,6.3,55.504,2016.238,3796.93,53.1,6.954,28.522,25.7,631.074,2087.694,2088.702,usvrp,Linux
2026-06-11T15:43:29.643Z,False,MANUAL,REAL,ACTIVE,False,False,forward,loop,0,0.0,0.0,0.0,0.0,0.0,237.638,37.768,104.492,-8172.727,M,sensor,0.0,0.0,0.0,0,0,99.99,99.99,0.0,V,0.0,0.0,0.0,,,sensor,0.659,1.824,-142.641,-0.311,0.115,9.881,0.0,0.0,0.0,-2844.0,-4092.0,-5360.0,32.1,237.7,sensor,,,,,,,,,,,,,,,,,,,,,39.3239667813352,-0.5825883937068852,3,10,39.323652482071225,-0.583101446616098,23.79,0.0,0.0,9,100.0,500.0,0.0,1781192436.94,0,0,,,,,25.0,1,5.0,station_keeping,8.0,emergency_stop,,,,,,,,,False,0,,5.8,56.478,2014.633,3796.93,53.1,6.954,28.522,25.7,632.074,2074.592,2081.823,usvrp,Linux
2026-06-11T15:43:30.643Z,False,MANUAL,REAL,ACTIVE,False,False,forward,loop,0,0.0,0.0,0.0,0.0,0.0,237.614,37.768,104.492,-8172.727,M,sensor,0.0,0.0,0.0,0,0,99.99,99.99,0.0,V,0.0,0.0,0.0,,,sensor,0.659,1.824,-142.641,-0.316,0.11,9.877,0.0,0.0,0.0,-2831.0,-4072.0,-5335.0,32.1,237.692,sensor,,,,,,,,,,,,,,,,,,,,,39.3239667813352,-0.5825883937068852,3,10,39.323652482071225,-0.583101446616098,23.79,0.0,0.0,9,100.0,500.0,0.0,1781192436.94,0,0,,,,,25.0,1,5.0,station_keeping,8.0,emergency_stop,,,,,,,,,False,0,,13.6,56.478,2014.727,3796.93,53.1,6.954,28.522,25.7,633.074,2096.214,2103.317,usvrp,Linux
2026-06-11T15:43:31.643Z,False,MANUAL,REAL,ACTIVE,False,False,forward,loop,0,0.0,0.0,0.0,0.0,0.0,237.588,37.768,104.492,-8172.727,M,sensor,0.0,0.0,0.0,0,0,99.99,99.99,0.0,V,0.0,0.0,0.0,,,sensor,0.659,1.824,-142.641,-0.316,0.11,9.877,0.0,0.0,0.0,-2849.0,-4062.0,-5367.0,32.1,237.455,sensor,,,,,,,,,,,,,,,,,,,,,39.3239667813352,-0.5825883937068852,3,10,39.323652482071225,-0.583101446616098,23.79,0.0,0.0,9,100.0,500.0,0.0,1781192436.94,0,0,,,,,25.0,1,5.0,station_keeping,8.0,emergency_stop,,,,,,,,,False,0,,6.6,56.478,2014.172,3796.93,53.0,6.954,28.522,25.7,634.074,2136.603,2101.583,usvrp,Linux
2026-06-11T15:43:32.643Z,False,MANUAL,REAL,ACTIVE,False,False,forward,loop,0,0.0,0.0,0.0,0.0,0.0,237.493,37.768,104.177,-8172.727,M,sensor,0.0,0.0,0.0,0,0,99.99,99.99,0.0,V,0.0,0.0,0.0,,,sensor,0.659,1.818,-142.641,-0.306,0.11,9.872,0.0,0.0,0.0,-2838.0,-4066.0,-5353.0,32.06,237.586,sensor,,,,,,,,,,,,,,,,,,,,,39.3239667813352,-0.5825883937068852,3,10,39.323652482071225,-0.583101446616098,23.79,0.0,0.0,9,100.0,500.0,0.0,1781192436.94,0,0,,,,,25.0,1,5.0,station_keeping,8.0,emergency_stop,,,,,,,,,False,0,,7.0,56.965,2013.031,3796.93,53.0,6.954,28.522,25.7,635.074,2073.148,2074.86,usvrp,Linux
2026-06-11T15:43:33.643Z,False,MANUAL,REAL,ACTIVE,False,False,forward,loop,0,0.0,0.0,0.0,0.0,0.0,237.498,37.768,104.177,-8172.727,M,sensor,0.0,0.0,0.0,0,0,99.99,99.99,0.0,V,0.0,0.0,0.0,,,sensor,0.659,1.818,-142.641,-0.316,0.11,9.867,0.0,0.0,0.0,-2844.0,-4048.0,-5357.0,32.09,237.409,sensor,,,,,,,,,,,,,,,,,,,,,39.3239667813352,-0.5825883937068852,3,10,39.323652482071225,-0.583101446616098,23.78,0.0,0.0,9,100.0,500.0,0.0,1781192436.94,0,0,,,,,25.0,1,5.0,station_keeping,8.0,emergency_stop,,,,,,,,,False,0,,6.1,55.991,2012.793,3796.93,53.0,6.954,28.522,25.7,636.074,2086.147,2091.714,usvrp,Linux
2026-06-11T15:43:34.643Z,False,MANUAL,REAL,ACTIVE,False,False,forward,loop,0,0.0,0.0,0.0,0.0,0.0,237.789,37.768,104.177,-8172.727,M,sensor,0.0,0.0,0.0,0,0,99.99,99.99,0.0,V,0.0,0.0,0.0,,,sensor,0.659,1.818,-142.641,-0.311,0.11,9.877,0.0,0.0,0.0,-2827.0,-4081.0,-5362.0,32.08,237.789,sensor,,,,,,,,,,,,,,,,,,,,,39.3239667813352,-0.5825883937068852,3,10,39.323652482071225,-0.583101446616098,23.78,0.0,0.0,9,100.0,500.0,0.0,1781192436.94,0,0,,,,,25.0,1,5.0,station_keeping,8.0,emergency_stop,,,,,,,,,False,0,,6.3,55.991,2012.492,3796.93,53.0,6.954,28.522,25.7,637.074,2072.206,2078.221,usvrp,Linux
2026-06-11T15:43:35.643Z,False,MANUAL,REAL,ACTIVE,False,False,forward,loop,0,0.0,0.0,0.0,0.0,0.0,237.735,37.768,104.492,-8172.727,M,sensor,0.0,0.0,0.0,0,0,99.99,99.99,0.0,V,0.0,0.0,0.0,,,sensor,0.659,1.824,-142.641,-0.311,0.11,9.877,0.0,0.0,0.0,-2841.0,-4093.0,-5366.0,32.07,237.735,sensor,,,,,,,,,,,,,,,,,,,,,39.3239667813352,-0.5825883937068852,3,10,39.323652482071225,-0.583101446616098,23.78,0.0,0.0,9,100.0,500.0,0.0,1781192436.94,0,0,,,,,25.0,1,5.0,station_keeping,8.0,emergency_stop,,,,,,,,,False,0,,14.5,56.478,2012.312,3796.93,53.0,6.954,28.522,25.7,638.075,2213.561,2246.238,usvrp,Linux
2026-06-11T15:43:36.643Z,False,MANUAL,REAL,ACTIVE,False,False,forward,loop,0,0.0,0.0,0.0,0.0,0.0,237.66,37.768,104.177,-8172.727,M,sensor,0.0,0.0,0.0,0,0,99.99,99.99,0.0,V,0.0,0.0,0.0,,,sensor,0.659,1.818,-142.641,-0.311,0.11,9.877,0.0,0.0,0.0,-2835.0,-4073.0,-5366.0,32.08,237.66,sensor,,,,,,,,,,,,,,,,,,,,,39.3239667813352,-0.5825883937068852,3,10,39.323652482071225,-0.583101446616098,23.77,0.0,0.0,9,100.0,500.0,0.0,1781192436.94,0,0,,,,,25.0,1,5.0,station_keeping,8.0,emergency_stop,,,,,,,,,False,0,,8.7,56.965,1999.414,3796.93,52.7,6.954,28.522,25.7,639.075,2153.378,2123.837,usvrp,Linux
2026-06-11T15:43:37.643Z,False,MANUAL,REAL,ACTIVE,False,False,forward,loop,0,0.0,0.0,0.0,0.0,0.0,237.662,37.768,104.177,-8172.727,M,sensor,0.0,0.0,0.0,0,0,99.99,99.99,0.0,V,0.0,0.0,0.0,,,sensor,0.659,1.818,-142.641,-0.316,0.11,9.881,0.0,0.0,0.0,-2846.0,-4089.0,-5359.0,32.08,237.662,sensor,,,,,,,,,,,,,,,,,,,,,39.3239667813352,-0.5825883937068852,3,10,39.323652482071225,-0.583101446616098,23.78,0.0,0.0,9,100.0,500.0,0.0,1781192436.94,0,0,,,,,25.0,1,5.0,station_keeping,8.0,emergency_stop,,,,,,,,,False,0,,5.8,56.965,1997.957,3796.93,52.6,6.954,28.522,25.7,640.075,2075.249,2077.944,usvrp,Linux
2026-06-11T15:43:38.643Z,False,MANUAL,REAL,ACTIVE,False,False,forward,loop,0,0.0,0.0,0.0,0.0,0.0,237.615,37.768,104.177,-8172.727,M,sensor,0.0,0.0,0.0,0,0,99.99,99.99,0.0,V,0.0,0.0,0.0,,,sensor,0.659,1.818,-142.641,-0.311,0.115,9.872,0.0,0.0,0.0,-2837.0,-4069.0,-5351.0,32.09,237.615,sensor,,,,,,,,,,,,,,,,,,,,,39.3239667813352,-0.5825883937068852,3,10,39.323652482071225,-0.583101446616098,23.78,0.0,0.0,9,100.0,500.0,0.0,1781192436.94,0,0,,,,,25.0,1,5.0,station_keeping,8.0,emergency_stop,,,,,,,,,False,0,,5.4,55.991,1997.148,3796.93,52.6,6.954,28.522,25.7,641.075,2090.681,2099.16,usvrp,Linux
2026-06-11T15:43:39.643Z,False,MANUAL,REAL,ACTIVE,False,False,forward,loop,0,0.0,0.0,0.0,0.0,0.0,237.778,37.453,104.492,-8172.727,M,sensor,0.0,0.0,0.0,0,0,99.99,99.99,0.0,V,0.0,0.0,0.0,,,sensor,0.654,1.824,-142.641,-0.316,0.11,9.872,0.0,0.0,0.0,-2824.0,-4075.0,-5343.0,32.08,237.778,sensor,,,,,,,,,,,,,,,,,,,,,39.3239667813352,-0.5825883937068852,3,10,39.323652482071225,-0.583101446616098,23.79,0.0,0.0,9,100.0,500.0,0.0,1781192436.94,0,0,,,,,25.0,1,5.0,station_keeping,8.0,emergency_stop,,,,,,,,,False,0,,7.0,56.478,1996.262,3796.93,52.6,6.954,28.522,25.7,642.075,2139.009,2127.459,usvrp,Linux
2026-06-11T15:43:40.643Z,False,MANUAL,REAL,ACTIVE,False,False,forward,loop,0,0.0,0.0,0.0,0.0,0.0,237.612,37.453,104.177,-8172.727,M,sensor,0.0,0.0,0.0,0,0,99.99,99.99,0.0,V,0.0,0.0,0.0,,,sensor,0.654,1.818,-142.641,-0.311,0.115,9.872,0.0,0.0,0.0,-2838.0,-4070.0,-5337.0,32.05,237.612,sensor,,,,,,,,,,,,,,,,,,,,,39.3239667813352,-0.5825883937068852,3,10,39.323652482071225,-0.583101446616098,23.79,0.0,0.0,9,100.0,500.0,0.0,1781192436.94,0,0,,,,,25.0,1,5.0,station_keeping,8.0,emergency_stop,,,,,,,,,False,0,,15.7,56.965,1994.305,3796.93,52.5,6.954,28.522,25.7,643.075,2218.24,2204.61,usvrp,Linux
2026-06-11T15:43:41.643Z,False,MANUAL,REAL,ACTIVE,False,False,forward,loop,0,0.0,0.0,0.0,0.0,0.0,237.637,37.453,104.177,-8172.727,M,sensor,0.0,0.0,0.0,0,0,99.99,99.99,0.0,V,0.0,0.0,0.0,,,sensor,0.654,1.818,-142.641,-0.311,0.11,9.877,0.0,0.0,0.0,-2843.0,-4081.0,-5348.0,32.08,237.637,sensor,,,,,,,,,,,,,,,,,,,,,39.3239667813352,-0.5825883937068852,3,10,39.323652482071225,-0.583101446616098,23.76,0.0,0.0,9,100.0,500.0,0.0,1781192436.94,0,0,,,,,25.0,1,5.0,station_keeping,8.0,emergency_stop,,,,,,,,,False,0,,4.9,55.991,1993.758,3796.93,52.5,6.954,28.522,25.7,644.075,2091.497,2094.809,usvrp,Linux
2026-06-11T15:43:42.643Z,False,MANUAL,REAL,ACTIVE,False,False,forward,loop,0,0.0,0.0,0.0,0.0,0.0,237.715,37.453,104.177,-8172.727,M,sensor,0.0,0.0,0.0,0,0,99.99,99.99,0.0,V,0.0,0.0,0.0,,,sensor,0.654,1.818,-142.641,-0.316,0.11,9.872,0.0,0.0,0.0,-2839.0,-4079.0,-5351.0,32.09,237.662,sensor,,,,,,,,,,,,,,,,,,,,,39.3239667813352,-0.5825883937068852,3,10,39.323652482071225,-0.583101446616098,23.78,0.0,0.0,9,100.0,500.0,0.0,1781192436.94,0,0,,,,,25.0,1,5.0,station_keeping,8.0,emergency_stop,,,,,,,,,False,0,,7.2,56.965,1993.758,3796.93,52.5,6.954,28.522,25.7,645.075,2131.418,2121.707,usvrp,Linux
2026-06-11T15:43:43.643Z,False,MANUAL,REAL,ACTIVE,False,False,forward,loop,0,0.0,0.0,0.0,0.0,0.0,237.522,37.453,104.492,-8172.727,M,sensor,0.0,0.0,0.0,0,0,99.99,99.99,0.0,V,0.0,0.0,0.0,,,sensor,0.654,1.824,-142.641,-0.316,0.11,9.877,0.0,0.0,0.0,-2835.0,-4069.0,-5385.0,32.09,237.634,sensor,,,,,,,,,,,,,,,,,,,,,39.3239667813352,-0.5825883937068852,3,10,39.323652482071225,-0.583101446616098,23.78,0.0,0.0,9,100.0,500.0,0.0,1781192436.94,0,0,,,,,25.0,1,5.0,station_keeping,8.0,emergency_stop,,,,,,,,,False,0,,6.1,56.478,1993.238,3796.93,52.5,6.954,28.522,25.7,646.075,2096.807,2093.927,usvrp,Linux
2026-06-11T15:43:44.643Z,False,MANUAL,REAL,ACTIVE,False,False,forward,loop,0,0.0,0.0,0.0,0.0,0.0,237.557,37.453,104.177,-8172.727,M,sensor,0.0,0.0,0.0,0,0,99.99,99.99,0.0,V,0.0,0.0,0.0,,,sensor,0.654,1.818,-142.641,-0.316,0.11,9.877,0.0,0.0,0.0,-2835.0,-4072.0,-5353.0,32.08,237.654,sensor,,,,,,,,,,,,,,,,,,,,,39.3239667813352,-0.5825883937068852,3,10,39.323652482071225,-0.583101446616098,23.78,0.0,0.0,9,100.0,500.0,0.0,1781192436.94,0,0,,,,,25.0,1,5.0,station_keeping,8.0,emergency_stop,,,,,,,,,False,0,,7.3,56.478,1880.664,3796.93,49.5,6.954,28.522,25.7,647.075,2069.516,2074.14,usvrp,Linux
2026-06-11T15:43:45.643Z,False,MANUAL,REAL,ACTIVE,False,False,forward,loop,0,0.0,0.0,0.0,0.0,0.0,237.795,37.453,104.492,-8172.727,M,sensor,0.0,0.0,0.0,0,0,99.99,99.99,0.0,V,0.0,0.0,0.0,,,sensor,0.654,1.824,-142.641,-0.311,0.115,9.877,0.0,0.0,0.0,-2836.0,-4095.0,-5343.0,32.12,237.795,sensor,,,,,,,,,,,,,,,,,,,,,39.3239667813352,-0.5825883937068852,3,10,39.323652482071225,-0.583101446616098,23.78,0.0,0.0,9,100.0,500.0,0.0,1781192436.94,0,0,,,,,25.0,1,5.0,station_keeping,8.0,emergency_stop,,,,,,,,,False,0,,12.6,56.478,1880.535,3796.93,49.5,6.954,28.522,25.7,648.076,2101.547,2127.544,usvrp,Linux
2026-06-11T15:43:46.643Z,False,MANUAL,REAL,ACTIVE,False,False,forward,loop,0,0.0,0.0,0.0,0.0,0.0,237.581,37.453,104.492,-8172.727,M,sensor,0.0,0.0,0.0,0,0,99.99,99.99,0.0,V,0.0,0.0,0.0,,,sensor,0.654,1.824,-142.641,-0.311,0.11,9.877,0.0,0.0,0.0,-2835.0,-4061.0,-5349.0,32.11,237.581,sensor,,,,,,,,,,,,,,,,,,,,,39.3239667813352,-0.5825883937068852,3,10,39.323652482071225,-0.583101446616098,23.75,0.0,0.0,9,100.0,500.0,0.0,1781192436.94,0,0,,,,,25.0,1,5.0,station_keeping,8.0,emergency_stop,,,,,,,,,False,0,,8.2,55.991,1876.082,3796.93,49.4,6.954,28.522,25.7,649.076,2287.962,2231.823,usvrp,Linux
2026-06-11T15:43:47.643Z,False,MANUAL,REAL,ACTIVE,False,False,forward,loop,0,0.0,0.0,0.0,0.0,0.0,237.359,37.768,104.177,-8172.727,M,sensor,0.0,0.0,0.0,0,0,99.99,99.99,0.0,V,0.0,0.0,0.0,,,sensor,0.659,1.818,-142.641,-0.316,0.115,9.886,0.0,0.0,0.0,-2838.0,-4058.0,-5363.0,32.07,237.533,sensor,,,,,,,,,,,,,,,,,,,,,39.3239667813352,-0.5825883937068852,3,10,39.323652482071225,-0.583101446616098,23.77,0.0,0.0,9,100.0,500.0,0.0,1781192436.94,0,0,,,,,25.0,1,5.0,station_keeping,8.0,emergency_stop,,,,,,,,,False,0,,7.3,55.504,1874.977,3796.93,49.4,6.954,28.522,25.7,650.076,2077.106,2085.969,usvrp,Linux
2026-06-11T15:43:48.643Z,False,MANUAL,REAL,ACTIVE,False,False,forward,loop,0,0.0,0.0,0.0,0.0,0.0,237.653,37.768,104.177,-8172.727,M,sensor,0.0,0.0,0.0,0,0,99.99,99.99,0.0,V,0.0,0.0,0.0,,,sensor,0.659,1.818,-142.641,-0.321,0.11,9.867,0.0,0.0,0.0,-2836.0,-4086.0,-5375.0,32.08,237.736,sensor,,,,,,,,,,,,,,,,,,,,,39.3239667813352,-0.5825883937068852,3,10,39.323652482071225,-0.583101446616098,23.77,0.0,0.0,9,100.0,500.0,0.0,1781192436.94,0,0,,,,,25.0,1,5.0,station_keeping,8.0,emergency_stop,,,,,,,,,False,0,,6.1,55.504,1873.562,3796.93,49.3,6.954,28.522,25.7,651.076,2105.0,2107.56,usvrp,Linux
2026-06-11T15:43:49.643Z,False,MANUAL,REAL,ACTIVE,False,False,forward,loop,0,0.0,0.0,0.0,0.0,0.0,237.443,37.768,104.177,-8172.727,M,sensor,0.0,0.0,0.0,0,0,99.99,99.99,0.0,V,0.0,0.0,0.0,,,sensor,0.654,1.818,-142.641,-0.306,0.115,9.872,0.0,0.0,0.0,-2845.0,-4035.0,-5341.0,32.11,237.313,sensor,,,,,,,,,,,,,,,,,,,,,39.3239667813352,-0.5825883937068852,3,10,39.323652482071225,-0.583101446616098,23.78,0.0,0.0,9,100.0,500.0,0.0,1781192436.94,0,0,,,,,25.0,1,5.0,station_keeping,8.0,emergency_stop,,,,,,,,,False,0,,7.0,57.452,1872.98,3796.93,49.3,6.954,28.522,25.7,652.076,2085.894,2092.062,usvrp,Linux
2026-06-11T15:43:50.643Z,False,MANUAL,REAL,ACTIVE,False,False,forward,loop,0,0.0,0.0,0.0,0.0,0.0,237.686,37.453,104.177,-8172.727,M,sensor,0.0,0.0,0.0,0,0,99.99,99.99,0.0,V,0.0,0.0,0.0,,,sensor,0.654,1.818,-142.641,-0.316,0.115,9.877,0.0,0.0,0.0,-2823.0,-4069.0,-5341.0,32.08,237.748,sensor,,,,,,,,,,,,,,,,,,,,,39.3239667813352,-0.5825883937068852,3,10,39.323652482071225,-0.583101446616098,23.78,0.0,0.0,9,100.0,500.0,0.0,1781192436.94,0,0,,,,,25.0,1,5.0,station_keeping,8.0,emergency_stop,,,,,,,,,False,0,,14.2,55.991,1872.777,3796.93,49.3,6.954,28.522,25.7,653.076,2222.908,2174.258,usvrp,Linux
2026-06-11T15:43:51.643Z,False,MANUAL,REAL,ACTIVE,False,False,forward,loop,0,0.0,0.0,0.0,0.0,0.0,237.444,37.768,104.492,-8172.727,M,sensor,0.0,0.0,0.0,0,0,99.99,99.99,0.0,V,0.0,0.0,0.0,,,sensor,0.659,1.824,-142.641,-0.311,0.11,9.877,0.0,0.0,0.0,-2843.0,-4064.0,-5366.0,32.09,237.525,sensor,,,,,,,,,,,,,,,,,,,,,39.3239667813352,-0.5825883937068852,3,10,39.323652482071225,-0.583101446616098,23.78,0.0,0.0,9,100.0,500.0,0.0,1781192436.94,0,0,,,,,25.0,1,5.0,station_keeping,8.0,emergency_stop,,,,,,,,,False,0,,8.8,56.478,1872.453,3796.93,49.3,6.954,28.522,25.7,654.076,2130.895,2141.782,usvrp,Linux
2026-06-11T15:43:52.643Z,False,MANUAL,REAL,ACTIVE,False,False,forward,loop,0,0.0,0.0,0.0,0.0,0.0,237.6,37.768,104.492,-8172.727,M,sensor,0.0,0.0,0.0,0,0,99.99,99.99,0.0,V,0.0,0.0,0.0,,,sensor,0.659,1.824,-142.641,-0.301,0.11,9.881,0.0,0.0,0.0,-2837.0,-4062.0,-5348.0,32.11,237.569,sensor,,,,,,,,,,,,,,,,,,,,,39.3239667813352,-0.5825883937068852,3,10,39.323652482071225,-0.583101446616098,23.78,0.0,0.0,9,100.0,500.0,0.0,1781192436.94,0,0,,,,,25.0,1,5.0,station_keeping,8.0,emergency_stop,,,,,,,,,False,0,,5.9,55.991,1871.41,3796.93,49.3,6.954,28.522,25.7,655.076,2083.848,2089.208,usvrp,Linux
2026-06-11T15:43:53.643Z,False,MANUAL,REAL,ACTIVE,False,False,forward,loop,0,0.0,0.0,0.0,0.0,0.0,237.329,37.768,104.177,-8172.727,M,sensor,0.0,0.0,0.0,0,0,99.99,99.99,0.0,V,0.0,0.0,0.0,,,sensor,0.659,1.818,-142.641,-0.311,0.11,9.881,0.0,0.0,0.0,-2849.0,-4043.0,-5371.0,32.12,237.329,sensor,,,,,,,,,,,,,,,,,,,,,39.3239667813352,-0.5825883937068852,3,10,39.323652482071225,-0.583101446616098,23.78,0.0,0.0,9,100.0,500.0,0.0,1781192436.94,0,0,,,,,25.0,1,5.0,station_keeping,8.0,emergency_stop,,,,,,,,,False,0,,6.6,56.478,1870.816,3796.93,49.3,6.954,28.522,25.7,656.076,2143.171,2121.174,usvrp,Linux
2026-06-11T15:43:54.643Z,False,MANUAL,REAL,ACTIVE,False,False,forward,loop,0,0.0,0.0,0.0,0.0,0.0,237.79,37.768,104.177,-8172.727,M,sensor,0.0,0.0,0.0,0,0,99.99,99.99,0.0,V,0.0,0.0,0.0,,,sensor,0.659,1.818,-142.641,-0.316,0.11,9.881,0.0,0.0,0.0,-2831.0,-4087.0,-5346.0,32.09,237.79,sensor,,,,,,,,,,,,,,,,,,,,,39.3239667813352,-0.5825883937068852,3,10,39.323652482071225,-0.583101446616098,23.78,0.0,0.0,9,100.0,500.0,0.0,1781192436.94,0,0,,,,,25.0,1,5.0,station_keeping,8.0,emergency_stop,,,,,,,,,False,0,,8.0,55.991,1870.047,3796.93,49.3,6.954,28.522,25.7,657.076,2230.91,2127.513,usvrp,Linux
2026-06-11T15:43:55.643Z,False,MANUAL,REAL,ACTIVE,False,False,forward,loop,0,0.0,0.0,0.0,0.0,0.0,237.946,37.453,104.492,-8172.727,M,sensor,0.0,0.0,0.0,0,0,99.99,99.99,0.0,V,0.0,0.0,0.0,,,sensor,0.654,1.824,-142.641,-0.316,0.115,9.886,0.0,0.0,0.0,-2807.0,-4076.0,-5317.0,32.12,237.946,sensor,,,,,,,,,,,,,,,,,,,,,39.3239667813352,-0.5825883937068852,3,10,39.323652482071225,-0.583101446616098,23.78,0.0,0.0,9,100.0,500.0,0.0,1781192436.94,0,0,,,,,25.0,1,5.0,station_keeping,8.0,emergency_stop,,,,,,,,,False,0,,19.1,56.478,1872.219,3796.93,49.3,6.954,28.522,25.7,658.077,2200.546,2177.95,usvrp,Linux
2026-06-11T15:43:56.643Z,False,MANUAL,REAL,ACTIVE,False,False,forward,loop,0,0.0,0.0,0.0,0.0,0.0,237.502,37.768,104.177,-8172.727,M,sensor,0.0,0.0,0.0,0,0,99.99,99.99,0.0,V,0.0,0.0,0.0,,,sensor,0.659,1.818,-142.641,-0.311,0.11,9.877,0.0,0.0,0.0,-2838.0,-4072.0,-5358.0,32.1,237.625,sensor,,,,,,,,,,,,,,,,,,,,,39.3239667813352,-0.5825883937068852,3,10,39.323652482071225,-0.583101446616098,23.78,0.0,0.0,9,100.0,500.0,0.0,1781192436.94,0,0,,,,,25.0,1,5.0,station_keeping,8.0,emergency_stop,,,,,,,,,False,0,,57.7,57.939,1983.238,3796.93,52.2,6.954,28.522,25.7,659.077,2187.425,2195.811,usvrp,Linux
2026-06-11T15:43:57.643Z,False,MANUAL,REAL,ACTIVE,False,False,forward,loop,0,0.0,0.0,0.0,0.0,0.0,237.65,37.768,104.177,-8172.727,M,sensor,0.0,0.0,0.0,0,0,99.99,99.99,0.0,V,0.0,0.0,0.0,,,sensor,0.659,1.818,-142.641,-0.311,0.11,9.881,0.0,0.0,0.0,-2841.0,-4080.0,-5376.0,32.09,237.65,sensor,,,,,,,,,,,,,,,,,,,,,39.3239667813352,-0.5825883937068852,3,10,39.323652482071225,-0.583101446616098,23.71,0.0,0.0,9,100.0,500.0,0.0,1781192436.94,0,0,,,,,25.0,1,5.0,station_keeping,8.0,emergency_stop,,,,,,,,,False,0,,25.4,56.965,2000.066,3796.93,52.7,6.954,28.522,25.7,660.078,2226.08,2234.415,usvrp,Linux
2026-06-11T15:43:58.643Z,False,MANUAL,REAL,ACTIVE,False,False,forward,loop,0,0.0,0.0,0.0,0.0,0.0,237.765,37.768,104.177,-8172.727,M,sensor,0.0,0.0,0.0,0,0,99.99,99.99,0.0,V,0.0,0.0,0.0,,,sensor,0.659,1.818,-142.641,-0.306,0.11,9.872,0.0,0.0,0.0,-2824.0,-4073.0,-5344.0,32.12,237.765,sensor,,,,,,,,,,,,,,,,,,,,,39.3239667813352,-0.5825883937068852,3,10,39.323652482071225,-0.583101446616098,23.71,0.0,0.0,9,100.0,500.0,0.0,1781192436.94,0,0,,,,,25.0,1,5.0,station_keeping,8.0,emergency_stop,,,,,,,,,False,0,,8.8,56.478,2000.262,3796.93,52.7,6.954,28.522,25.7,661.078,2197.295,2189.64,usvrp,Linux
2026-06-11T15:43:59.643Z,False,MANUAL,REAL,ACTIVE,False,False,forward,loop,0,0.0,0.0,0.0,0.0,0.0,237.551,37.768,103.863,-8172.727,M,sensor,0.0,0.0,0.0,0,0,99.99,99.99,0.0,V,0.0,0.0,0.0,,,sensor,0.659,1.813,-142.641,-0.306,0.105,9.877,0.0,0.0,0.0,-2843.0,-4068.0,-5355.0,32.12,237.551,sensor,,,,,,,,,,,,,,,,,,,,,39.3239667813352,-0.5825883937068852,3,10,39.323652482071225,-0.583101446616098,23.79,0.0,0.0,9,100.0,500.0,0.0,1781192436.94,0,0,,,,,25.0,1,5.0,station_keeping,8.0,emergency_stop,,,,,,,,,False,0,,15.1,56.478,2000.793,3796.93,52.7,6.954,28.522,25.7,662.078,2102.778,3148.527,usvrp,Linux
2026-06-11T15:44:00.643Z,False,MANUAL,REAL,ACTIVE,False,False,forward,loop,0,0.0,0.0,0.0,0.0,0.0,237.523,37.768,103.863,-8172.727,M,sensor,0.0,0.0,0.0,0,0,99.99,99.99,0.0,V,0.0,0.0,0.0,,,sensor,0.659,1.813,-142.641,-0.316,0.11,9.891,0.0,0.0,0.0,-2831.0,-4059.0,-5373.0,32.07,237.606,sensor,,,,,,,,,,,,,,,,,,,,,39.3239667813352,-0.5825883937068852,3,10,39.323652482071225,-0.583101446616098,23.79,0.0,0.0,9,100.0,500.0,0.0,1781192436.94,0,0,,,,,25.0,1,5.0,station_keeping,8.0,emergency_stop,,,,,,,,,False,0,,7.0,56.965,2000.289,3796.93,52.7,6.954,28.522,25.7,663.078,2077.44,2080.823,usvrp,Linux
2026-06-11T15:44:01.643Z,False,MANUAL,REAL,ACTIVE,False,False,forward,loop,0,0.0,0.0,0.0,0.0,0.0,237.563,37.453,104.177,-8172.727,M,sensor,0.0,0.0,0.0,0,0,99.99,99.99,0.0,V,0.0,0.0,0.0,,,sensor,0.654,1.818,-142.641,-0.316,0.11,9.881,0.0,0.0,0.0,-2832.0,-4054.0,-5381.0,32.11,237.563,sensor,,,,,,,,,,,,,,,,,,,,,39.3239667813352,-0.5825883937068852,3,10,39.323652482071225,-0.583101446616098,23.79,0.0,0.0,9,100.0,500.0,0.0,1781192436.94,0,0,,,,,25.0,1,5.0,station_keeping,8.0,emergency_stop,,,,,,,,,False,0,,15.1,56.965,1996.086,3796.93,52.6,6.954,28.522,25.7,664.078,2180.187,2190.562,usvrp,Linux
2026-06-11T15:44:02.643Z,False,MANUAL,REAL,ACTIVE,False,False,forward,loop,0,0.0,0.0,0.0,0.0,0.0,237.449,37.453,104.177,-8172.727,M,sensor,0.0,0.0,0.0,0,0,99.99,99.99,0.0,V,0.0,0.0,0.0,,,sensor,0.654,1.818,-142.641,-0.316,0.115,9.881,0.0,0.0,0.0,-2836.0,-4043.0,-5356.0,32.16,237.452,sensor,,,,,,,,,,,,,,,,,,,,,39.3239667813352,-0.5825883937068852,3,10,39.323652482071225,-0.583101446616098,23.77,0.0,0.0,9,100.0,500.0,0.0,1781192436.94,0,0,,,,,25.0,1,5.0,station_keeping,8.0,emergency_stop,,,,,,,,,False,0,,6.7,56.965,1992.25,3796.93,52.5,6.954,28.522,25.7,665.078,2079.432,2081.656,usvrp,Linux
2026-06-11T15:44:03.643Z,False,MANUAL,REAL,ACTIVE,False,False,forward,loop,0,0.0,0.0,0.0,0.0,0.0,237.354,37.453,104.177,-8172.727,M,sensor,0.0,0.0,0.0,0,0,99.99,99.99,0.0,V,0.0,0.0,0.0,,,sensor,0.654,1.818,-142.641,-0.311,0.11,9.881,0.0,0.0,0.0,-2840.0,-4034.0,-5363.0,32.12,237.354,sensor,,,,,,,,,,,,,,,,,,,,,39.3239667813352,-0.5825883937068852,3,10,39.323652482071225,-0.583101446616098,23.77,0.0,0.0,9,100.0,500.0,0.0,1781192436.94,0,0,,,,,25.0,1,5.0,station_keeping,8.0,emergency_stop,,,,,,,,,False,0,,16.0,56.478,1990.598,3796.93,52.4,6.954,28.522,25.7,666.078,2278.674,2224.567,usvrp,Linux
2026-06-11T15:44:04.643Z,False,MANUAL,REAL,ACTIVE,False,False,forward,loop,0,0.0,0.0,0.0,0.0,0.0,237.645,37.768,104.177,-8172.727,M,sensor,0.0,0.0,0.0,0,0,99.99,99.99,0.0,V,0.0,0.0,0.0,,,sensor,0.659,1.818,-142.641,-0.311,0.11,9.881,0.0,0.0,0.0,-2848.0,-4107.0,-5341.0,32.12,237.761,sensor,,,,,,,,,,,,,,,,,,,,,39.3239667813352,-0.5825883937068852,3,10,39.323652482071225,-0.583101446616098,23.77,0.0,0.0,9,100.0,500.0,0.0,1781192436.94,0,0,,,,,25.0,1,5.0,station_keeping,8.0,emergency_stop,,,,,,,,,False,0,,6.9,56.965,1985.762,3796.93,52.3,6.954,28.522,25.7,667.078,2106.773,2131.923,usvrp,Linux
2026-06-11T15:44:05.643Z,False,MANUAL,REAL,ACTIVE,False,False,forward,loop,0,0.0,0.0,0.0,0.0,0.0,237.709,37.768,104.177,-8172.727,M,sensor,0.0,0.0,0.0,0,0,99.99,99.99,0.0,V,0.0,0.0,0.0,,,sensor,0.659,1.818,-142.641,-0.316,0.11,9.881,0.0,0.0,0.0,-2823.0,-4064.0,-5355.0,32.1,237.715,sensor,,,,,,,,,,,,,,,,,,,,,39.3239667813352,-0.5825883937068852,3,10,39.323652482071225,-0.583101446616098,23.78,0.0,0.0,9,100.0,500.0,0.0,1781192436.94,0,0,,,,,25.0,1,5.0,station_keeping,8.0,emergency_stop,,,,,,,,,False,0,,19.8,56.478,1981.0,3796.93,52.2,6.954,28.522,25.7,668.078,2103.703,3156.131,usvrp,Linux
2026-06-11T15:44:06.643Z,False,MANUAL,REAL,ACTIVE,False,False,forward,loop,0,0.0,0.0,0.0,0.0,0.0,237.539,37.453,104.177,-8172.727,M,sensor,0.0,0.0,0.0,0,0,99.99,99.99,0.0,V,0.0,0.0,0.0,,,sensor,0.654,1.818,-142.641,-0.306,0.11,9.877,0.0,0.0,0.0,-2843.0,-4060.0,-5344.0,32.13,237.499,sensor,,,,,,,,,,,,,,,,,,,,,39.3239667813352,-0.5825883937068852,3,10,39.323652482071225,-0.583101446616098,23.78,0.0,0.0,9,100.0,500.0,0.0,1781192436.94,0,0,,,,,25.0,1,5.0,station_keeping,8.0,emergency_stop,,,,,,,,,False,0,,14.7,56.965,1978.488,3796.93,52.1,6.954,28.522,25.7,669.079,2175.395,2194.025,usvrp,Linux
2026-06-11T15:44:07.643Z,False,MANUAL,REAL,ACTIVE,False,False,forward,loop,0,0.0,0.0,0.0,0.0,0.0,237.626,37.453,104.177,-8172.727,M,sensor,0.0,0.0,0.0,0,0,99.99,99.99,0.0,V,0.0,0.0,0.0,,,sensor,0.654,1.813,-142.641,-0.311,0.11,9.881,0.0,0.0,0.0,-2850.0,-4058.0,-5354.0,32.08,237.419,sensor,,,,,,,,,,,,,,,,,,,,,39.3239667813352,-0.5825883937068852,3,10,39.323652482071225,-0.583101446616098,23.78,0.0,0.0,9,100.0,500.0,0.0,1781192436.94,0,0,,,,,25.0,1,5.0,station_keeping,8.0,emergency_stop,,,,,,,,,False,0,,6.3,56.965,1976.773,3796.93,52.1,6.954,28.522,25.7,670.079,2094.832,2098.712,usvrp,Linux
2026-06-11T15:44:08.643Z,False,MANUAL,REAL,ACTIVE,False,False,forward,loop,0,0.0,0.0,0.0,0.0,0.0,237.496,37.453,103.863,-8172.727,M,sensor,0.0,0.0,0.0,0,0,99.99,99.99,0.0,V,0.0,0.0,0.0,,,sensor,0.654,1.813,-142.641,-0.321,0.105,9.872,0.0,0.0,0.0,-2845.0,-4052.0,-5341.0,32.1,237.426,sensor,,,,,,,,,,,,,,,,,,,,,39.3239667813352,-0.5825883937068852,3,10,39.323652482071225,-0.583101446616098,23.78,0.0,0.0,9,100.0,500.0,0.0,1781192436.94,0,0,,,,,25.0,1,5.0,station_keeping,8.0,emergency_stop,,,,,,,,,False,0,,9.1,57.452,1974.496,3796.93,52.0,6.954,28.522,25.7,671.079,2136.864,2116.395,usvrp,Linux
2026-06-11T15:44:09.643Z,False,MANUAL,REAL,ACTIVE,False,False,forward,loop,0,0.0,0.0,0.0,0.0,0.0,237.621,37.768,103.863,-8172.727,M,sensor,0.0,0.0,0.0,0,0,99.99,99.99,0.0,V,0.0,0.0,0.0,,,sensor,0.659,1.813,-142.641,-0.311,0.12,9.877,0.0,0.0,0.0,-2836.0,-4060.0,-5346.0,32.08,237.565,sensor,,,,,,,,,,,,,,,,,,,,,39.3239667813352,-0.5825883937068852,3,10,39.323652482071225,-0.583101446616098,23.76,0.0,0.0,9,100.0,500.0,0.0,1781192436.94,0,0,,,,,25.0,1,5.0,station_keeping,8.0,emergency_stop,,,,,,,,,False,0,,7.1,57.939,1972.543,3796.93,52.0,6.954,28.522,25.7,672.079,2130.423,2165.387,usvrp,Linux
2026-06-11T15:44:10.643Z,False,MANUAL,REAL,ACTIVE,False,False,forward,loop,0,0.0,0.0,0.0,0.0,0.0,237.596,37.768,103.863,-8172.727,M,sensor,0.0,0.0,0.0,0,0,99.99,99.99,0.0,V,0.0,0.0,0.0,,,sensor,0.659,1.813,-142.641,-0.306,0.115,9.877,0.0,0.0,0.0,-2841.0,-4050.0,-5361.0,32.13,237.451,sensor,,,,,,,,,,,,,,,,,,,,,39.3239667813352,-0.5825883937068852,3,10,39.323652482071225,-0.583101446616098,23.77,0.0,0.0,9,100.0,500.0,0.0,1781192436.94,0,0,,,,,25.0,1,5.0,station_keeping,8.0,emergency_stop,,,,,,,,,False,0,,6.1,56.965,1971.398,3796.93,51.9,6.954,28.522,25.7,673.079,2127.615,2103.009,usvrp,Linux
2026-06-11T15:44:11.643Z,False,MANUAL,REAL,ACTIVE,False,False,forward,loop,0,0.0,0.0,0.0,0.0,0.0,237.694,37.768,103.863,-8172.727,M,sensor,0.0,0.0,0.0,0,0,99.99,99.99,0.0,V,0.0,0.0,0.0,,,sensor,0.659,1.813,-142.641,-0.311,0.11,9.886,0.0,0.0,0.0,-2828.0,-4068.0,-5368.0,32.12,237.694,sensor,,,,,,,,,,,,,,,,,,,,,39.3239667813352,-0.5825883937068852,3,10,39.323652482071225,-0.583101446616098,23.77,0.0,0.0,9,100.0,500.0,0.0,1781192436.94,0,0,,,,,25.0,1,5.0,station_keeping,8.0,emergency_stop,,,,,,,,,False,0,,16.6,57.452,1969.078,3796.93,51.9,6.954,28.522,25.7,674.079,2221.622,2238.597,usvrp,Linux
2026-06-11T15:44:12.643Z,False,MANUAL,REAL,ACTIVE,False,False,forward,loop,0,0.0,0.0,0.0,0.0,0.0,237.876,37.768,103.863,-8172.727,M,sensor,0.0,0.0,0.0,0,0,99.99,99.99,0.0,V,0.0,0.0,0.0,,,sensor,0.659,1.813,-142.641,-0.311,0.115,9.877,0.0,0.0,0.0,-2824.0,-4090.0,-5356.0,32.12,237.876,sensor,,,,,,,,,,,,,,,,,,,,,39.3239667813352,-0.5825883937068852,3,10,39.323652482071225,-0.583101446616098,23.76,0.0,0.0,9,100.0,500.0,0.0,1781192436.94,0,0,,,,,25.0,1,5.0,station_keeping,8.0,emergency_stop,,,,,,,,,False,0,,10.9,56.478,1967.859,3796.93,51.8,6.954,28.522,25.7,675.079,2349.436,2362.234,usvrp,Linux
2026-06-11T15:44:13.643Z,False,MANUAL,REAL,ACTIVE,False,False,forward,loop,0,0.0,0.0,0.0,0.0,0.0,237.543,37.768,103.863,-8172.727,M,sensor,0.0,0.0,0.0,0,0,99.99,99.99,0.0,V,0.0,0.0,0.0,,,sensor,0.659,1.813,-142.641,-0.311,0.115,9.877,0.0,0.0,0.0,-2853.0,-4081.0,-5365.0,32.08,237.543,sensor,,,,,,,,,,,,,,,,,,,,,39.3239667813352,-0.5825883937068852,3,10,39.323652482071225,-0.583101446616098,23.78,0.0,0.0,9,100.0,500.0,0.0,1781192436.94,0,0,,,,,25.0,1,5.0,station_keeping,8.0,emergency_stop,,,,,,,,,False,0,,8.1,55.504,1965.637,3796.93,51.8,6.954,28.522,25.7,676.079,2211.688,2222.439,usvrp,Linux
