timestamp_utc,Sim/Real Mode,Vehicle Mode,Latitude [deg],Longitude [deg],Altitude [m],Speed [m/s],Course [deg],Heading [deg],Roll [deg],Pitch [deg],Yaw [deg],Heading Status,Source,GNSS Fix Type (sys),Target Heading [deg],Cross-Track Error [m],Heading Error [deg],KP (chainage) [m],Motor Port [%],Motor Starboard [%],Distance to WP [m]
2026-06-11T15:49:13.700Z,,,,,,,,,,,,,,,,,,,,,
2026-06-11T15:49:13.792Z,REAL,MANUAL,,,,,,,,,,,,0,,,,,,,
2026-06-11T15:49:13.892Z,REAL,MANUAL,0.0,0.0,0.0,0.0,0.0,237.525,37.139,104.492,-8172.727,M,sensor,0,,,,,,,
2026-06-11T15:49:13.992Z,REAL,MANUAL,0.0,0.0,0.0,0.0,0.0,237.672,36.824,104.492,-8172.727,M,sensor,0,,,,,,,
2026-06-11T15:49:14.092Z,REAL,MANUAL,0.0,0.0,0.0,0.0,0.0,237.666,37.139,104.492,-8172.727,M,sensor,0,,,,,,,
2026-06-11T15:49:14.192Z,REAL,MANUAL,0.0,0.0,0.0,0.0,0.0,237.683,37.139,104.492,-8172.727,M,sensor,0,,,,,,,
2026-06-11T15:49:14.292Z,REAL,MANUAL,0.0,0.0,0.0,0.0,0.0,237.672,37.139,104.492,-8172.727,M,sensor,0,,,,,,,
2026-06-11T15:49:14.392Z,REAL,MANUAL,0.0,0.0,0.0,0.0,0.0,237.806,37.139,104.492,-8172.727,M,sensor,0,,,,,,,
2026-06-11T15:49:14.492Z,REAL,MANUAL,0.0,0.0,0.0,0.0,0.0,237.639,37.139,104.492,-8172.727,M,sensor,0,,,,,,,
2026-06-11T15:49:14.592Z,REAL,MANUAL,0.0,0.0,0.0,0.0,0.0,237.662,37.139,104.492,-8172.727,M,sensor,0,,,,,,,
2026-06-11T15:49:14.692Z,REAL,MANUAL,0.0,0.0,0.0,0.0,0.0,237.727,37.139,104.492,-8172.727,M,sensor,0,,,,,,,
2026-06-11T15:49:14.792Z,REAL,MANUAL,0.0,0.0,0.0,0.0,0.0,237.44,37.139,104.492,-8172.727,M,sensor,0,,,,,,,
2026-06-11T15:49:14.892Z,REAL,MANUAL,0.0,0.0,0.0,0.0,0.0,237.685,37.139,104.492,-8172.727,M,sensor,0,,,,,,,
2026-06-11T15:49:14.992Z,REAL,MANUAL,0.0,0.0,0.0,0.0,0.0,237.773,37.139,104.492,-8172.727,M,sensor,0,,,,,,,
2026-06-11T15:49:15.092Z,REAL,MANUAL,0.0,0.0,0.0,0.0,0.0,237.625,37.139,104.492,-8172.727,M,sensor,0,,,,,,,
2026-06-11T15:49:15.192Z,REAL,MANUAL,0.0,0.0,0.0,0.0,0.0,237.769,37.139,104.492,-8172.727,M,sensor,0,,,,,,,
2026-06-11T15:49:15.292Z,REAL,MANUAL,0.0,0.0,0.0,0.0,0.0,237.784,37.139,104.492,-8172.727,M,sensor,0,,,,,,,
2026-06-11T15:49:15.392Z,REAL,MANUAL,0.0,0.0,0.0,0.0,0.0,237.51,37.139,104.492,-8172.727,M,sensor,0,,,,,,,
2026-06-11T15:49:15.492Z,REAL,MANUAL,0.0,0.0,0.0,0.0,0.0,237.692,37.139,104.492,-8172.727,M,sensor,0,,,,,,,
2026-06-11T15:49:15.592Z,REAL,MANUAL,0.0,0.0,0.0,0.0,0.0,237.842,37.139,104.492,-8172.727,M,sensor,0,,,,,,,
2026-06-11T15:49:15.692Z,REAL,MANUAL,0.0,0.0,0.0,0.0,0.0,237.645,37.139,104.492,-8172.727,M,sensor,0,,,,,,,
2026-06-11T15:49:15.792Z,REAL,MANUAL,0.0,0.0,0.0,0.0,0.0,237.626,37.139,104.492,-8172.727,M,sensor,0,,,,,,,
2026-06-11T15:49:15.892Z,REAL,MANUAL,0.0,0.0,0.0,0.0,0.0,237.572,37.139,104.492,-8172.727,M,sensor,0,,,,,,,
2026-06-11T15:49:15.992Z,REAL,MANUAL,0.0,0.0,0.0,0.0,0.0,237.636,37.139,104.492,-8172.727,M,sensor,0,,,,,,,
2026-06-11T15:49:16.092Z,REAL,MANUAL,0.0,0.0,0.0,0.0,0.0,237.476,37.139,104.492,-8172.727,M,sensor,0,,,,,,,
2026-06-11T15:49:16.192Z,REAL,MANUAL,0.0,0.0,0.0,0.0,0.0,237.392,37.139,104.492,-8172.727,M,sensor,0,,,,,,,
2026-06-11T15:49:16.292Z,REAL,MANUAL,0.0,0.0,0.0,0.0,0.0,237.431,37.139,104.492,-8172.727,M,sensor,0,,,,,,,
2026-06-11T15:49:16.392Z,REAL,MANUAL,0.0,0.0,0.0,0.0,0.0,237.568,37.139,104.807,-8172.727,M,sensor,0,,,,,,,
2026-06-11T15:49:16.492Z,REAL,MANUAL,0.0,0.0,0.0,0.0,0.0,237.561,37.139,104.492,-8172.727,M,sensor,0,,,,,,,
2026-06-11T15:49:16.592Z,REAL,MANUAL,0.0,0.0,0.0,0.0,0.0,237.545,37.139,104.492,-8172.727,M,sensor,0,,,,,,,
2026-06-11T15:49:16.692Z,REAL,MANUAL,0.0,0.0,0.0,0.0,0.0,237.433,37.139,104.492,-8172.727,M,sensor,0,,,,,,,
2026-06-11T15:49:16.792Z,REAL,MANUAL,0.0,0.0,0.0,0.0,0.0,237.697,37.139,104.492,-8172.727,M,sensor,0,,,,,,,
2026-06-11T15:49:16.892Z,REAL,MANUAL,0.0,0.0,0.0,0.0,0.0,237.824,37.139,104.492,-8172.727,M,sensor,0,,,,,,,
2026-06-11T15:49:16.992Z,REAL,MANUAL,0.0,0.0,0.0,0.0,0.0,237.603,37.139,104.492,-8172.727,M,sensor,0,,,,,,,
2026-06-11T15:49:17.092Z,REAL,MANUAL,0.0,0.0,0.0,0.0,0.0,237.52,37.139,104.492,-8172.727,M,sensor,0,,,,,,,
2026-06-11T15:49:17.192Z,REAL,MANUAL,0.0,0.0,0.0,0.0,0.0,237.597,37.139,104.492,-8172.727,M,sensor,0,,,,,,,
2026-06-11T15:49:17.292Z,REAL,MANUAL,0.0,0.0,0.0,0.0,0.0,237.757,37.139,104.492,-8172.727,M,sensor,0,,,,,,,
2026-06-11T15:49:17.392Z,REAL,MANUAL,0.0,0.0,0.0,0.0,0.0,237.688,37.139,104.492,-8172.727,M,sensor,0,,,,,,,
2026-06-11T15:49:17.492Z,REAL,MANUAL,0.0,0.0,0.0,0.0,0.0,237.606,37.139,104.492,-8172.727,M,sensor,0,,,,,,,
2026-06-11T15:49:17.592Z,REAL,MANUAL,0.0,0.0,0.0,0.0,0.0,237.599,37.139,104.492,-8172.727,M,sensor,0,,,,,,,
2026-06-11T15:49:17.692Z,REAL,MANUAL,0.0,0.0,0.0,0.0,0.0,237.61,37.139,104.492,-8172.727,M,sensor,0,,,,,,,
2026-06-11T15:49:17.792Z,REAL,MANUAL,0.0,0.0,0.0,0.0,0.0,237.601,37.139,104.492,-8172.727,M,sensor,0,,,,,,,
2026-06-11T15:49:17.892Z,REAL,MANUAL,0.0,0.0,0.0,0.0,0.0,237.458,37.139,104.492,-8172.727,M,sensor,0,,,,,,,
2026-06-11T15:49:17.992Z,REAL,MANUAL,0.0,0.0,0.0,0.0,0.0,237.59,37.139,104.492,-8172.727,M,sensor,0,,,,,,,
2026-06-11T15:49:18.092Z,REAL,MANUAL,0.0,0.0,0.0,0.0,0.0,237.736,37.139,104.492,-8172.727,M,sensor,0,,,,,,,
2026-06-11T15:49:18.192Z,REAL,MANUAL,0.0,0.0,0.0,0.0,0.0,237.677,37.139,104.492,-8172.727,M,sensor,0,,,,,,,
2026-06-11T15:49:18.292Z,REAL,MANUAL,0.0,0.0,0.0,0.0,0.0,237.579,37.139,104.492,-8172.727,M,sensor,0,,,,,,,
2026-06-11T15:49:18.392Z,REAL,MANUAL,0.0,0.0,0.0,0.0,0.0,237.516,37.139,104.492,-8172.727,M,sensor,0,,,,,,,
2026-06-11T15:49:18.492Z,REAL,MANUAL,0.0,0.0,0.0,0.0,0.0,237.636,37.139,104.492,-8172.727,M,sensor,0,,,,,,,
2026-06-11T15:49:18.592Z,REAL,MANUAL,0.0,0.0,0.0,0.0,0.0,237.462,37.139,104.492,-8172.727,M,sensor,0,,,,,,,
2026-06-11T15:49:18.692Z,REAL,MANUAL,0.0,0.0,0.0,0.0,0.0,237.784,37.139,104.492,-8172.727,M,sensor,0,,,,,,,
2026-06-11T15:49:18.792Z,REAL,MANUAL,0.0,0.0,0.0,0.0,0.0,237.719,37.139,104.492,-8172.727,M,sensor,0,,,,,,,
2026-06-11T15:49:18.892Z,REAL,MANUAL,0.0,0.0,0.0,0.0,0.0,237.562,37.139,104.492,-8172.727,M,sensor,0,,,,,,,
2026-06-11T15:49:18.992Z,REAL,MANUAL,0.0,0.0,0.0,0.0,0.0,237.573,37.139,104.492,-8172.727,M,sensor,0,,,,,,,
2026-06-11T15:49:19.092Z,REAL,MANUAL,0.0,0.0,0.0,0.0,0.0,237.681,37.139,104.492,-8172.727,M,sensor,0,,,,,,,
2026-06-11T15:49:19.192Z,REAL,MANUAL,0.0,0.0,0.0,0.0,0.0,237.582,37.139,104.492,-8172.727,M,sensor,0,,,,,,,
2026-06-11T15:49:19.292Z,REAL,MANUAL,0.0,0.0,0.0,0.0,0.0,237.837,37.139,104.492,-8172.727,M,sensor,0,,,,,,,
2026-06-11T15:49:19.392Z,REAL,MANUAL,0.0,0.0,0.0,0.0,0.0,237.46,37.139,104.492,-8172.727,M,sensor,0,,,,,,,
2026-06-11T15:49:19.492Z,REAL,MANUAL,0.0,0.0,0.0,0.0,0.0,237.692,37.139,104.492,-8172.727,M,sensor,0,,,,,,,
2026-06-11T15:49:19.592Z,REAL,MANUAL,0.0,0.0,0.0,0.0,0.0,237.626,37.139,104.492,-8172.727,M,sensor,0,,,,,,,
2026-06-11T15:49:19.692Z,REAL,MANUAL,0.0,0.0,0.0,0.0,0.0,237.601,37.139,104.492,-8172.727,M,sensor,0,,,,,,,
2026-06-11T15:49:19.792Z,REAL,MANUAL,0.0,0.0,0.0,0.0,0.0,237.576,37.139,104.492,-8172.727,M,sensor,0,,,,,,,
2026-06-11T15:49:19.892Z,REAL,MANUAL,0.0,0.0,0.0,0.0,0.0,237.636,37.139,104.492,-8172.727,M,sensor,0,,,,,,,
2026-06-11T15:49:19.992Z,REAL,MANUAL,0.0,0.0,0.0,0.0,0.0,237.677,37.139,104.492,-8172.727,M,sensor,0,,,,,,,
2026-06-11T15:49:20.092Z,REAL,MANUAL,0.0,0.0,0.0,0.0,0.0,237.648,37.139,104.492,-8172.727,M,sensor,0,,,,,,,
2026-06-11T15:49:20.192Z,REAL,MANUAL,0.0,0.0,0.0,0.0,0.0,237.436,37.139,104.492,-8172.727,M,sensor,0,,,,,,,
2026-06-11T15:49:20.292Z,REAL,MANUAL,0.0,0.0,0.0,0.0,0.0,237.593,37.139,104.177,-8172.727,M,sensor,0,,,,,,,
2026-06-11T15:49:20.392Z,REAL,MANUAL,0.0,0.0,0.0,0.0,0.0,237.674,37.139,104.177,-8172.727,M,sensor,0,,,,,,,
2026-06-11T15:49:20.492Z,REAL,MANUAL,0.0,0.0,0.0,0.0,0.0,237.855,37.139,104.177,-8172.727,M,sensor,0,,,,,,,
2026-06-11T15:49:20.592Z,REAL,MANUAL,0.0,0.0,0.0,0.0,0.0,237.595,37.139,104.177,-8172.727,M,sensor,0,,,,,,,
2026-06-11T15:49:20.692Z,REAL,MANUAL,0.0,0.0,0.0,0.0,0.0,237.651,37.139,104.177,-8172.727,M,sensor,0,,,,,,,
2026-06-11T15:49:20.792Z,REAL,MANUAL,0.0,0.0,0.0,0.0,0.0,237.647,37.139,104.177,-8172.727,M,sensor,0,,,,,,,
2026-06-11T15:49:20.892Z,REAL,MANUAL,0.0,0.0,0.0,0.0,0.0,237.639,37.139,104.177,-8172.727,M,sensor,0,,,,,,,
2026-06-11T15:49:20.992Z,REAL,MANUAL,0.0,0.0,0.0,0.0,0.0,237.504,37.139,104.177,-8172.727,M,sensor,0,,,,,,,
2026-06-11T15:49:21.092Z,REAL,MANUAL,0.0,0.0,0.0,0.0,0.0,237.435,37.139,104.177,-8172.727,M,sensor,0,,,,,,,
2026-06-11T15:49:21.192Z,REAL,MANUAL,0.0,0.0,0.0,0.0,0.0,237.547,37.139,104.177,-8172.727,M,sensor,0,,,,,,,
2026-06-11T15:49:21.292Z,REAL,MANUAL,0.0,0.0,0.0,0.0,0.0,237.607,37.139,104.177,-8172.727,M,sensor,0,,,,,,,
2026-06-11T15:49:21.392Z,REAL,MANUAL,0.0,0.0,0.0,0.0,0.0,237.503,37.139,104.177,-8172.727,M,sensor,0,,,,,,,
2026-06-11T15:49:21.492Z,REAL,MANUAL,0.0,0.0,0.0,0.0,0.0,237.631,37.139,104.177,-8172.727,M,sensor,0,,,,,,,
2026-06-11T15:49:21.592Z,REAL,MANUAL,0.0,0.0,0.0,0.0,0.0,237.797,37.139,104.492,-8172.727,M,sensor,0,,,,,,,
2026-06-11T15:49:21.692Z,REAL,MANUAL,0.0,0.0,0.0,0.0,0.0,237.498,37.139,104.492,-8172.727,M,sensor,0,,,,,,,
2026-06-11T15:49:21.792Z,REAL,MANUAL,0.0,0.0,0.0,0.0,0.0,237.762,37.139,104.492,-8172.727,M,sensor,0,,,,,,,
2026-06-11T15:49:21.892Z,REAL,MANUAL,0.0,0.0,0.0,0.0,0.0,237.618,37.139,104.492,-8172.727,M,sensor,0,,,,,,,
2026-06-11T15:49:21.992Z,REAL,MANUAL,0.0,0.0,0.0,0.0,0.0,237.473,37.139,104.492,-8172.727,M,sensor,0,,,,,,,
2026-06-11T15:49:22.092Z,REAL,MANUAL,0.0,0.0,0.0,0.0,0.0,237.549,37.139,104.492,-8172.727,M,sensor,0,,,,,,,
2026-06-11T15:49:22.192Z,REAL,MANUAL,0.0,0.0,0.0,0.0,0.0,237.625,37.139,104.492,-8172.727,M,sensor,0,,,,,,,
2026-06-11T15:49:22.292Z,REAL,MANUAL,0.0,0.0,0.0,0.0,0.0,237.434,37.139,104.492,-8172.727,M,sensor,0,,,,,,,
2026-06-11T15:49:22.392Z,REAL,MANUAL,0.0,0.0,0.0,0.0,0.0,237.699,37.139,104.492,-8172.727,M,sensor,0,,,,,,,
2026-06-11T15:49:22.492Z,REAL,MANUAL,0.0,0.0,0.0,0.0,0.0,237.501,37.139,104.492,-8172.727,M,sensor,0,,,,,,,
2026-06-11T15:49:22.592Z,REAL,MANUAL,0.0,0.0,0.0,0.0,0.0,237.655,37.139,104.492,-8172.727,M,sensor,0,,,,,,,
2026-06-11T15:49:22.692Z,REAL,MANUAL,0.0,0.0,0.0,0.0,0.0,237.748,37.139,104.492,-8172.727,M,sensor,0,,,,,,,
2026-06-11T15:49:22.792Z,REAL,MANUAL,0.0,0.0,0.0,0.0,0.0,237.607,37.139,104.492,-8172.727,M,sensor,0,,,,,,,
2026-06-11T15:49:22.892Z,REAL,MANUAL,0.0,0.0,0.0,0.0,0.0,237.4,37.139,104.492,-8172.727,M,sensor,0,,,,,,,
2026-06-11T15:49:22.992Z,REAL,MANUAL,0.0,0.0,0.0,0.0,0.0,237.669,37.139,104.492,-8172.727,M,sensor,0,,,,,,,
2026-06-11T15:49:23.092Z,REAL,MANUAL,0.0,0.0,0.0,0.0,0.0,237.627,37.139,104.492,-8172.727,M,sensor,0,,,,,,,
2026-06-11T15:49:23.192Z,REAL,MANUAL,0.0,0.0,0.0,0.0,0.0,237.44,37.139,104.492,-8172.727,M,sensor,0,,,,,,,
2026-06-11T15:49:23.292Z,REAL,MANUAL,0.0,0.0,0.0,0.0,0.0,237.678,37.139,104.492,-8172.727,M,sensor,0,,,,,,,
2026-06-11T15:49:23.392Z,REAL,MANUAL,0.0,0.0,0.0,0.0,0.0,237.406,37.139,104.492,-8172.727,M,sensor,0,,,,,,,
2026-06-11T15:49:23.492Z,REAL,MANUAL,0.0,0.0,0.0,0.0,0.0,237.457,37.139,104.492,-8172.727,M,sensor,0,,,,,,,
2026-06-11T15:49:23.592Z,REAL,MANUAL,0.0,0.0,0.0,0.0,0.0,237.445,37.139,104.492,-8172.727,M,sensor,0,,,,,,,
2026-06-11T15:49:23.692Z,REAL,MANUAL,0.0,0.0,0.0,0.0,0.0,237.716,37.139,104.492,-8172.727,M,sensor,0,,,,,,,
2026-06-11T15:49:23.792Z,REAL,MANUAL,0.0,0.0,0.0,0.0,0.0,237.618,37.139,104.492,-8172.727,M,sensor,0,,,,,,,
2026-06-11T15:49:23.892Z,REAL,MANUAL,0.0,0.0,0.0,0.0,0.0,237.476,37.139,104.492,-8172.727,M,sensor,0,,,,,,,
2026-06-11T15:49:23.992Z,REAL,MANUAL,0.0,0.0,0.0,0.0,0.0,237.526,37.139,104.492,-8172.727,M,sensor,0,,,,,,,
2026-06-11T15:49:24.092Z,REAL,MANUAL,0.0,0.0,0.0,0.0,0.0,237.348,37.139,104.492,-8172.727,M,sensor,0,,,,,,,
2026-06-11T15:49:24.192Z,REAL,MANUAL,0.0,0.0,0.0,0.0,0.0,237.588,37.139,104.492,-8172.727,M,sensor,0,,,,,,,
2026-06-11T15:49:24.292Z,REAL,MANUAL,0.0,0.0,0.0,0.0,0.0,237.648,37.139,104.492,-8172.727,M,sensor,0,,,,,,,
2026-06-11T15:49:24.392Z,REAL,MANUAL,0.0,0.0,0.0,0.0,0.0,237.492,37.139,104.492,-8172.727,M,sensor,0,,,,,,,
2026-06-11T15:49:24.492Z,REAL,MANUAL,0.0,0.0,0.0,0.0,0.0,237.447,37.139,104.492,-8172.727,M,sensor,0,,,,,,,
2026-06-11T15:49:24.592Z,REAL,MANUAL,0.0,0.0,0.0,0.0,0.0,237.639,37.139,104.492,-8172.727,M,sensor,0,,,,,,,
2026-06-11T15:49:24.692Z,REAL,MANUAL,0.0,0.0,0.0,0.0,0.0,237.754,37.139,104.492,-8172.727,M,sensor,0,,,,,,,
2026-06-11T15:49:24.792Z,REAL,MANUAL,0.0,0.0,0.0,0.0,0.0,237.687,37.139,104.492,-8172.727,M,sensor,0,,,,,,,
2026-06-11T15:49:24.892Z,REAL,MANUAL,0.0,0.0,0.0,0.0,0.0,237.697,37.139,104.492,-8172.727,M,sensor,0,,,,,,,
2026-06-11T15:49:24.992Z,REAL,MANUAL,0.0,0.0,0.0,0.0,0.0,237.584,37.139,104.492,-8172.727,M,sensor,0,,,,,,,
2026-06-11T15:49:25.092Z,REAL,MANUAL,0.0,0.0,0.0,0.0,0.0,237.66,37.139,104.492,-8172.727,M,sensor,0,,,,,,,
2026-06-11T15:49:25.192Z,REAL,MANUAL,0.0,0.0,0.0,0.0,0.0,237.6,37.139,104.492,-8172.727,M,sensor,0,,,,,,,
2026-06-11T15:49:25.292Z,REAL,MANUAL,0.0,0.0,0.0,0.0,0.0,237.704,37.139,104.177,-8172.727,M,sensor,0,,,,,,,
2026-06-11T15:49:25.392Z,REAL,MANUAL,0.0,0.0,0.0,0.0,0.0,237.32,37.139,104.177,-8172.727,M,sensor,0,,,,,,,
2026-06-11T15:49:25.492Z,REAL,MANUAL,0.0,0.0,0.0,0.0,0.0,237.475,37.139,104.177,-8172.727,M,sensor,0,,,,,,,
2026-06-11T15:49:25.592Z,REAL,MANUAL,0.0,0.0,0.0,0.0,0.0,237.756,37.139,104.492,-8172.727,M,sensor,0,,,,,,,
2026-06-11T15:49:25.692Z,REAL,MANUAL,0.0,0.0,0.0,0.0,0.0,237.678,37.139,104.492,-8172.727,M,sensor,0,,,,,,,
2026-06-11T15:49:25.792Z,REAL,MANUAL,0.0,0.0,0.0,0.0,0.0,237.623,37.139,104.492,-8172.727,M,sensor,0,,,,,,,
2026-06-11T15:49:25.892Z,REAL,MANUAL,0.0,0.0,0.0,0.0,0.0,237.538,37.139,104.492,-8172.727,M,sensor,0,,,,,,,
2026-06-11T15:49:25.992Z,REAL,MANUAL,0.0,0.0,0.0,0.0,0.0,237.596,37.139,104.492,-8172.727,M,sensor,0,,,,,,,
2026-06-11T15:49:26.092Z,REAL,MANUAL,0.0,0.0,0.0,0.0,0.0,237.786,37.139,104.492,-8172.727,M,sensor,0,,,,,,,
2026-06-11T15:49:26.191Z,REAL,MANUAL,0.0,0.0,0.0,0.0,0.0,237.533,37.139,104.492,-8172.727,M,sensor,0,,,,,,,
2026-06-11T15:49:26.292Z,REAL,MANUAL,0.0,0.0,0.0,0.0,0.0,237.624,37.139,104.492,-8172.727,M,sensor,0,,,,,,,
2026-06-11T15:49:26.392Z,REAL,MANUAL,0.0,0.0,0.0,0.0,0.0,237.682,37.139,104.492,-8172.727,M,sensor,0,,,,,,,
2026-06-11T15:49:26.492Z,REAL,MANUAL,0.0,0.0,0.0,0.0,0.0,237.679,37.453,104.492,-8172.727,M,sensor,0,,,,,,,
2026-06-11T15:49:26.592Z,REAL,MANUAL,0.0,0.0,0.0,0.0,0.0,237.423,37.453,104.492,-8172.727,M,sensor,0,,,,,,,
2026-06-11T15:49:26.692Z,REAL,MANUAL,0.0,0.0,0.0,0.0,0.0,237.525,37.453,104.492,-8172.727,M,sensor,0,,,,,,,
2026-06-11T15:49:26.792Z,REAL,MANUAL,0.0,0.0,0.0,0.0,0.0,237.618,37.453,104.492,-8172.727,M,sensor,0,,,,,,,
2026-06-11T15:49:26.891Z,REAL,MANUAL,0.0,0.0,0.0,0.0,0.0,237.607,37.453,104.492,-8172.727,M,sensor,0,,,,,,,
2026-06-11T15:49:26.992Z,REAL,MANUAL,0.0,0.0,0.0,0.0,0.0,237.661,37.453,104.492,-8172.727,M,sensor,0,,,,,,,
2026-06-11T15:49:27.092Z,REAL,MANUAL,0.0,0.0,0.0,0.0,0.0,237.544,37.453,104.492,-8172.727,M,sensor,0,,,,,,,
2026-06-11T15:49:27.192Z,REAL,MANUAL,0.0,0.0,0.0,0.0,0.0,237.693,37.453,104.492,-8172.727,M,sensor,0,,,,,,,
2026-06-11T15:49:27.292Z,REAL,MANUAL,0.0,0.0,0.0,0.0,0.0,237.562,37.139,104.492,-8172.727,M,sensor,0,,,,,,,
2026-06-11T15:49:27.392Z,REAL,MANUAL,0.0,0.0,0.0,0.0,0.0,237.728,37.139,104.492,-8172.727,M,sensor,0,,,,,,,
2026-06-11T15:49:27.492Z,REAL,MANUAL,0.0,0.0,0.0,0.0,0.0,237.802,37.139,104.492,-8172.727,M,sensor,0,,,,,,,
2026-06-11T15:49:27.592Z,REAL,MANUAL,0.0,0.0,0.0,0.0,0.0,237.489,37.139,104.492,-8172.727,M,sensor,0,,,,,,,
2026-06-11T15:49:27.692Z,REAL,MANUAL,0.0,0.0,0.0,0.0,0.0,237.434,37.139,104.492,-8172.727,M,sensor,0,,,,,,,
2026-06-11T15:49:27.792Z,REAL,MANUAL,0.0,0.0,0.0,0.0,0.0,237.615,37.139,104.492,-8172.727,M,sensor,0,,,,,,,
2026-06-11T15:49:27.892Z,REAL,MANUAL,0.0,0.0,0.0,0.0,0.0,237.596,37.139,104.492,-8172.727,M,sensor,0,,,,,,,
2026-06-11T15:49:27.992Z,REAL,MANUAL,0.0,0.0,0.0,0.0,0.0,237.777,37.139,104.492,-8172.727,M,sensor,0,,,,,,,
2026-06-11T15:49:28.092Z,REAL,MANUAL,0.0,0.0,0.0,0.0,0.0,237.58,37.139,104.492,-8172.727,M,sensor,0,,,,,,,
2026-06-11T15:49:28.192Z,REAL,MANUAL,0.0,0.0,0.0,0.0,0.0,237.574,37.139,104.492,-8172.727,M,sensor,0,,,,,,,
2026-06-11T15:49:28.292Z,REAL,MANUAL,0.0,0.0,0.0,0.0,0.0,237.49,37.139,104.492,-8172.727,M,sensor,0,,,,,,,
2026-06-11T15:49:28.392Z,REAL,MANUAL,0.0,0.0,0.0,0.0,0.0,237.442,37.139,104.492,-8172.727,M,sensor,0,,,,,,,
2026-06-11T15:49:28.492Z,REAL,MANUAL,0.0,0.0,0.0,0.0,0.0,237.826,37.139,104.492,-8172.727,M,sensor,0,,,,,,,
2026-06-11T15:49:28.592Z,REAL,MANUAL,0.0,0.0,0.0,0.0,0.0,237.819,37.139,104.492,-8172.727,M,sensor,0,,,,,,,
2026-06-11T15:49:28.692Z,REAL,MANUAL,0.0,0.0,0.0,0.0,0.0,237.606,37.139,104.492,-8172.727,M,sensor,0,,,,,,,
2026-06-11T15:49:28.791Z,REAL,MANUAL,0.0,0.0,0.0,0.0,0.0,237.507,37.139,104.492,-8172.727,M,sensor,0,,,,,,,
2026-06-11T15:49:28.892Z,REAL,MANUAL,0.0,0.0,0.0,0.0,0.0,237.69,37.139,104.492,-8172.727,M,sensor,0,,,,,,,
2026-06-11T15:49:28.992Z,REAL,MANUAL,0.0,0.0,0.0,0.0,0.0,237.762,37.139,104.492,-8172.727,M,sensor,0,,,,,,,
2026-06-11T15:49:29.092Z,REAL,MANUAL,0.0,0.0,0.0,0.0,0.0,237.596,37.139,104.492,-8172.727,M,sensor,0,,,,,,,
2026-06-11T15:49:29.191Z,REAL,MANUAL,0.0,0.0,0.0,0.0,0.0,237.553,37.139,104.492,-8172.727,M,sensor,0,,,,,,,
2026-06-11T15:49:29.292Z,REAL,MANUAL,0.0,0.0,0.0,0.0,0.0,237.425,37.139,104.492,-8172.727,M,sensor,0,,,,,,,
2026-06-11T15:49:29.392Z,REAL,MANUAL,0.0,0.0,0.0,0.0,0.0,237.802,37.139,104.807,-8172.727,M,sensor,0,,,,,,,
2026-06-11T15:49:29.492Z,REAL,MANUAL,0.0,0.0,0.0,0.0,0.0,237.535,37.139,104.807,-8172.727,M,sensor,0,,,,,,,
2026-06-11T15:49:29.592Z,REAL,MANUAL,0.0,0.0,0.0,0.0,0.0,237.543,37.139,104.807,-8172.727,M,sensor,0,,,,,,,
2026-06-11T15:49:29.692Z,REAL,MANUAL,0.0,0.0,0.0,0.0,0.0,237.519,37.139,104.807,-8172.727,M,sensor,0,,,,,,,
2026-06-11T15:49:29.792Z,REAL,MANUAL,0.0,0.0,0.0,0.0,0.0,237.204,37.139,104.807,-8172.727,M,sensor,0,,,,,,,
2026-06-11T15:49:29.892Z,REAL,MANUAL,0.0,0.0,0.0,0.0,0.0,237.58,37.139,104.807,-8172.727,M,sensor,0,,,,,,,
2026-06-11T15:49:29.992Z,REAL,MANUAL,0.0,0.0,0.0,0.0,0.0,237.363,36.824,104.492,-8172.727,M,sensor,0,,,,,,,
2026-06-11T15:49:30.092Z,REAL,MANUAL,0.0,0.0,0.0,0.0,0.0,237.565,36.824,104.492,-8172.727,M,sensor,0,,,,,,,
2026-06-11T15:49:30.191Z,REAL,MANUAL,0.0,0.0,0.0,0.0,0.0,237.62,37.139,104.807,-8172.727,M,sensor,0,,,,,,,
2026-06-11T15:49:30.291Z,REAL,MANUAL,0.0,0.0,0.0,0.0,0.0,237.555,37.139,104.807,-8172.727,M,sensor,0,,,,,,,
2026-06-11T15:49:30.392Z,REAL,MANUAL,0.0,0.0,0.0,0.0,0.0,237.554,37.139,104.807,-8172.727,M,sensor,0,,,,,,,
2026-06-11T15:49:30.492Z,REAL,MANUAL,0.0,0.0,0.0,0.0,0.0,237.598,37.139,104.807,-8172.727,M,sensor,0,,,,,,,
2026-06-11T15:49:30.592Z,REAL,MANUAL,0.0,0.0,0.0,0.0,0.0,237.453,37.139,104.807,-8172.727,M,sensor,0,,,,,,,
2026-06-11T15:49:30.692Z,REAL,MANUAL,0.0,0.0,0.0,0.0,0.0,237.493,37.139,104.807,-8172.727,M,sensor,0,,,,,,,
2026-06-11T15:49:30.792Z,REAL,MANUAL,0.0,0.0,0.0,0.0,0.0,237.716,37.139,104.807,-8172.727,M,sensor,0,,,,,,,
2026-06-11T15:49:30.892Z,REAL,MANUAL,0.0,0.0,0.0,0.0,0.0,237.65,37.139,104.807,-8172.727,M,sensor,0,,,,,,,
2026-06-11T15:49:30.992Z,REAL,MANUAL,0.0,0.0,0.0,0.0,0.0,237.839,37.139,104.807,-8172.727,M,sensor,0,,,,,,,
2026-06-11T15:49:31.092Z,REAL,MANUAL,0.0,0.0,0.0,0.0,0.0,237.414,37.139,104.807,-8172.727,M,sensor,0,,,,,,,
2026-06-11T15:49:31.192Z,REAL,MANUAL,0.0,0.0,0.0,0.0,0.0,237.517,37.139,104.807,-8172.727,M,sensor,0,,,,,,,
2026-06-11T15:49:31.292Z,REAL,MANUAL,0.0,0.0,0.0,0.0,0.0,237.752,37.139,104.807,-8172.727,M,sensor,0,,,,,,,
2026-06-11T15:49:31.392Z,REAL,MANUAL,0.0,0.0,0.0,0.0,0.0,237.636,37.139,104.807,-8172.727,M,sensor,0,,,,,,,
2026-06-11T15:49:31.492Z,REAL,MANUAL,0.0,0.0,0.0,0.0,0.0,237.721,37.139,104.807,-8172.727,M,sensor,0,,,,,,,
2026-06-11T15:49:31.592Z,REAL,MANUAL,0.0,0.0,0.0,0.0,0.0,237.504,37.139,104.807,-8172.727,M,sensor,0,,,,,,,
2026-06-11T15:49:31.692Z,REAL,MANUAL,0.0,0.0,0.0,0.0,0.0,237.436,37.139,104.807,-8172.727,M,sensor,0,,,,,,,
2026-06-11T15:49:31.792Z,REAL,MANUAL,0.0,0.0,0.0,0.0,0.0,237.581,37.139,104.492,-8172.727,M,sensor,0,,,,,,,
2026-06-11T15:49:31.892Z,REAL,MANUAL,0.0,0.0,0.0,0.0,0.0,237.514,37.139,104.492,-8172.727,M,sensor,0,,,,,,,
2026-06-11T15:49:31.992Z,REAL,MANUAL,0.0,0.0,0.0,0.0,0.0,237.73,37.139,104.492,-8172.727,M,sensor,0,,,,,,,
2026-06-11T15:49:32.091Z,REAL,MANUAL,0.0,0.0,0.0,0.0,0.0,237.638,37.139,104.492,-8172.727,M,sensor,0,,,,,,,
2026-06-11T15:49:32.192Z,REAL,MANUAL,0.0,0.0,0.0,0.0,0.0,237.634,37.139,104.492,-8172.727,M,sensor,0,,,,,,,
2026-06-11T15:49:32.292Z,REAL,MANUAL,0.0,0.0,0.0,0.0,0.0,237.557,37.139,104.492,-8172.727,M,sensor,0,,,,,,,
2026-06-11T15:49:32.391Z,REAL,MANUAL,0.0,0.0,0.0,0.0,0.0,237.777,37.139,104.492,-8172.727,M,sensor,0,,,,,,,
2026-06-11T15:49:32.492Z,REAL,MANUAL,0.0,0.0,0.0,0.0,0.0,237.494,37.139,104.492,-8172.727,M,sensor,0,,,,,,,
2026-06-11T15:49:32.592Z,REAL,MANUAL,0.0,0.0,0.0,0.0,0.0,237.575,37.139,104.492,-8172.727,M,sensor,0,,,,,,,
2026-06-11T15:49:32.692Z,REAL,MANUAL,0.0,0.0,0.0,0.0,0.0,237.669,37.139,104.492,-8172.727,M,sensor,0,,,,,,,
2026-06-11T15:49:32.792Z,REAL,MANUAL,0.0,0.0,0.0,0.0,0.0,237.701,37.139,104.492,-8172.727,M,sensor,0,,,,,,,
2026-06-11T15:49:32.892Z,REAL,MANUAL,0.0,0.0,0.0,0.0,0.0,237.491,37.139,104.492,-8172.727,M,sensor,0,,,,,,,
2026-06-11T15:49:32.992Z,REAL,MANUAL,0.0,0.0,0.0,0.0,0.0,237.551,37.139,104.807,-8172.727,M,sensor,0,,,,,,,
2026-06-11T15:49:33.092Z,REAL,MANUAL,0.0,0.0,0.0,0.0,0.0,237.571,37.139,104.492,-8172.727,M,sensor,0,,,,,,,
2026-06-11T15:49:33.191Z,REAL,MANUAL,0.0,0.0,0.0,0.0,0.0,237.638,37.139,104.492,-8172.727,M,sensor,0,,,,,,,
2026-06-11T15:49:33.291Z,REAL,MANUAL,0.0,0.0,0.0,0.0,0.0,237.695,37.139,104.492,-8172.727,M,sensor,0,,,,,,,
2026-06-11T15:49:33.391Z,REAL,MANUAL,0.0,0.0,0.0,0.0,0.0,237.709,37.139,104.492,-8172.727,M,sensor,0,,,,,,,
2026-06-11T15:49:33.491Z,REAL,MANUAL,0.0,0.0,0.0,0.0,0.0,237.71,37.139,104.492,-8172.727,M,sensor,0,,,,,,,
2026-06-11T15:49:33.591Z,REAL,MANUAL,0.0,0.0,0.0,0.0,0.0,237.563,37.139,104.492,-8172.727,M,sensor,0,,,,,,,
2026-06-11T15:49:33.691Z,REAL,MANUAL,0.0,0.0,0.0,0.0,0.0,237.524,37.139,104.492,-8172.727,M,sensor,0,,,,,,,
2026-06-11T15:49:33.791Z,REAL,MANUAL,0.0,0.0,0.0,0.0,0.0,237.646,37.139,104.492,-8172.727,M,sensor,0,,,,,,,
2026-06-11T15:49:33.891Z,REAL,MANUAL,0.0,0.0,0.0,0.0,0.0,237.593,37.139,104.492,-8172.727,M,sensor,0,,,,,,,
2026-06-11T15:49:33.992Z,REAL,MANUAL,0.0,0.0,0.0,0.0,0.0,237.605,37.139,104.492,-8172.727,M,sensor,0,,,,,,,
2026-06-11T15:49:34.092Z,REAL,MANUAL,0.0,0.0,0.0,0.0,0.0,237.686,37.139,104.492,-8172.727,M,sensor,0,,,,,,,
2026-06-11T15:49:34.191Z,REAL,MANUAL,0.0,0.0,0.0,0.0,0.0,237.749,37.139,104.492,-8172.727,M,sensor,0,,,,,,,
2026-06-11T15:49:34.292Z,REAL,MANUAL,0.0,0.0,0.0,0.0,0.0,237.605,37.139,104.492,-8172.727,M,sensor,0,,,,,,,
2026-06-11T15:49:34.392Z,REAL,MANUAL,0.0,0.0,0.0,0.0,0.0,237.507,37.139,104.492,-8172.727,M,sensor,0,,,,,,,
2026-06-11T15:49:34.492Z,REAL,MANUAL,0.0,0.0,0.0,0.0,0.0,237.719,37.139,104.492,-8172.727,M,sensor,0,,,,,,,
2026-06-11T15:49:34.592Z,REAL,MANUAL,0.0,0.0,0.0,0.0,0.0,237.72,37.139,104.492,-8172.727,M,sensor,0,,,,,,,
2026-06-11T15:49:34.692Z,REAL,MANUAL,0.0,0.0,0.0,0.0,0.0,237.644,37.139,104.492,-8172.727,M,sensor,0,,,,,,,
2026-06-11T15:49:34.792Z,REAL,MANUAL,0.0,0.0,0.0,0.0,0.0,237.655,37.139,104.492,-8172.727,M,sensor,0,,,,,,,
2026-06-11T15:49:34.892Z,REAL,MANUAL,0.0,0.0,0.0,0.0,0.0,237.53,37.139,104.492,-8172.727,M,sensor,0,,,,,,,
2026-06-11T15:49:34.992Z,REAL,MANUAL,0.0,0.0,0.0,0.0,0.0,237.57,37.139,104.492,-8172.727,M,sensor,0,,,,,,,
2026-06-11T15:49:35.092Z,REAL,MANUAL,0.0,0.0,0.0,0.0,0.0,237.772,37.139,104.492,-8172.727,M,sensor,0,,,,,,,
2026-06-11T15:49:35.191Z,REAL,MANUAL,0.0,0.0,0.0,0.0,0.0,237.58,37.139,104.492,-8172.727,M,sensor,0,,,,,,,
2026-06-11T15:49:35.291Z,REAL,MANUAL,0.0,0.0,0.0,0.0,0.0,237.687,37.139,104.492,-8172.727,M,sensor,0,,,,,,,
2026-06-11T15:49:35.391Z,REAL,MANUAL,0.0,0.0,0.0,0.0,0.0,237.618,37.139,104.492,-8172.727,M,sensor,0,,,,,,,
2026-06-11T15:49:35.491Z,REAL,MANUAL,0.0,0.0,0.0,0.0,0.0,237.604,37.139,104.492,-8172.727,M,sensor,0,,,,,,,
2026-06-11T15:49:35.592Z,REAL,MANUAL,0.0,0.0,0.0,0.0,0.0,237.611,37.139,104.492,-8172.727,M,sensor,0,,,,,,,
2026-06-11T15:49:35.691Z,REAL,MANUAL,0.0,0.0,0.0,0.0,0.0,237.417,37.453,104.177,-8172.727,M,sensor,0,,,,,,,
2026-06-11T15:49:35.792Z,REAL,MANUAL,0.0,0.0,0.0,0.0,0.0,237.695,37.453,104.177,-8172.727,M,sensor,0,,,,,,,
2026-06-11T15:49:35.892Z,REAL,MANUAL,0.0,0.0,0.0,0.0,0.0,237.469,37.453,104.177,-8172.727,M,sensor,0,,,,,,,
2026-06-11T15:49:35.992Z,REAL,MANUAL,0.0,0.0,0.0,0.0,0.0,237.8,37.453,104.177,-8172.727,M,sensor,0,,,,,,,
2026-06-11T15:49:36.092Z,REAL,MANUAL,0.0,0.0,0.0,0.0,0.0,237.496,37.453,104.177,-8172.727,M,sensor,0,,,,,,,
2026-06-11T15:49:36.192Z,REAL,MANUAL,0.0,0.0,0.0,0.0,0.0,237.393,37.453,104.177,-8172.727,M,sensor,0,,,,,,,
2026-06-11T15:49:36.291Z,REAL,MANUAL,0.0,0.0,0.0,0.0,0.0,237.364,37.453,104.177,-8172.727,M,sensor,0,,,,,,,
2026-06-11T15:49:36.392Z,REAL,MANUAL,0.0,0.0,0.0,0.0,0.0,237.69,37.453,104.177,-8172.727,M,sensor,0,,,,,,,
2026-06-11T15:49:36.491Z,REAL,MANUAL,0.0,0.0,0.0,0.0,0.0,237.555,37.139,104.177,-8172.727,M,sensor,0,,,,,,,
2026-06-11T15:49:36.591Z,REAL,MANUAL,0.0,0.0,0.0,0.0,0.0,237.349,37.139,104.177,-8172.727,M,sensor,0,,,,,,,
2026-06-11T15:49:36.691Z,REAL,MANUAL,0.0,0.0,0.0,0.0,0.0,237.603,37.139,104.177,-8172.727,M,sensor,0,,,,,,,
2026-06-11T15:49:36.791Z,REAL,MANUAL,0.0,0.0,0.0,0.0,0.0,237.542,37.139,104.177,-8172.727,M,sensor,0,,,,,,,
2026-06-11T15:49:36.891Z,REAL,MANUAL,0.0,0.0,0.0,0.0,0.0,237.793,37.139,104.177,-8172.727,M,sensor,0,,,,,,,
2026-06-11T15:49:36.991Z,REAL,MANUAL,0.0,0.0,0.0,0.0,0.0,237.771,37.139,104.177,-8172.727,M,sensor,0,,,,,,,
2026-06-11T15:49:37.092Z,REAL,MANUAL,0.0,0.0,0.0,0.0,0.0,237.538,37.139,104.177,-8172.727,M,sensor,0,,,,,,,
2026-06-11T15:49:37.191Z,REAL,MANUAL,0.0,0.0,0.0,0.0,0.0,237.618,37.139,104.177,-8172.727,M,sensor,0,,,,,,,
2026-06-11T15:49:37.292Z,REAL,MANUAL,0.0,0.0,0.0,0.0,0.0,237.699,37.139,104.177,-8172.727,M,sensor,0,,,,,,,
2026-06-11T15:49:37.391Z,REAL,MANUAL,0.0,0.0,0.0,0.0,0.0,237.625,37.139,104.177,-8172.727,M,sensor,0,,,,,,,
2026-06-11T15:49:37.491Z,REAL,MANUAL,0.0,0.0,0.0,0.0,0.0,237.621,37.139,104.177,-8172.727,M,sensor,0,,,,,,,
2026-06-11T15:49:37.592Z,REAL,MANUAL,0.0,0.0,0.0,0.0,0.0,237.725,37.139,104.492,-8172.727,M,sensor,0,,,,,,,
2026-06-11T15:49:37.692Z,REAL,MANUAL,0.0,0.0,0.0,0.0,0.0,237.657,37.139,104.492,-8172.727,M,sensor,0,,,,,,,
2026-06-11T15:49:37.791Z,REAL,MANUAL,0.0,0.0,0.0,0.0,0.0,237.592,37.139,104.492,-8172.727,M,sensor,0,,,,,,,
2026-06-11T15:49:37.891Z,REAL,MANUAL,0.0,0.0,0.0,0.0,0.0,237.32,37.139,104.492,-8172.727,M,sensor,0,,,,,,,
2026-06-11T15:49:37.991Z,REAL,MANUAL,0.0,0.0,0.0,0.0,0.0,237.535,37.139,104.492,-8172.727,M,sensor,0,,,,,,,
2026-06-11T15:49:38.092Z,REAL,MANUAL,0.0,0.0,0.0,0.0,0.0,237.591,37.139,104.492,-8172.727,M,sensor,0,,,,,,,
2026-06-11T15:49:38.191Z,REAL,MANUAL,0.0,0.0,0.0,0.0,0.0,237.717,37.139,104.492,-8172.727,M,sensor,0,,,,,,,
2026-06-11T15:49:38.291Z,REAL,MANUAL,0.0,0.0,0.0,0.0,0.0,237.699,37.139,104.492,-8172.727,M,sensor,0,,,,,,,
2026-06-11T15:49:38.391Z,REAL,MANUAL,0.0,0.0,0.0,0.0,0.0,237.565,37.139,104.492,-8172.727,M,sensor,0,,,,,,,
2026-06-11T15:49:38.491Z,REAL,MANUAL,0.0,0.0,0.0,0.0,0.0,237.462,37.139,104.492,-8172.727,M,sensor,0,,,,,,,
2026-06-11T15:49:38.592Z,REAL,MANUAL,0.0,0.0,0.0,0.0,0.0,237.472,37.139,104.492,-8172.727,M,sensor,0,,,,,,,
2026-06-11T15:49:38.692Z,REAL,MANUAL,0.0,0.0,0.0,0.0,0.0,237.682,37.139,104.492,-8172.727,M,sensor,0,,,,,,,
2026-06-11T15:49:38.791Z,REAL,MANUAL,0.0,0.0,0.0,0.0,0.0,237.605,37.139,104.492,-8172.727,M,sensor,0,,,,,,,
2026-06-11T15:49:38.891Z,REAL,MANUAL,0.0,0.0,0.0,0.0,0.0,237.544,37.139,104.492,-8172.727,M,sensor,0,,,,,,,
2026-06-11T15:49:38.992Z,REAL,MANUAL,0.0,0.0,0.0,0.0,0.0,237.485,37.139,104.492,-8172.727,M,sensor,0,,,,,,,
2026-06-11T15:49:39.092Z,REAL,MANUAL,0.0,0.0,0.0,0.0,0.0,237.942,37.139,104.492,-8172.727,M,sensor,0,,,,,,,
2026-06-11T15:49:39.191Z,REAL,MANUAL,0.0,0.0,0.0,0.0,0.0,237.446,37.139,104.492,-8172.727,M,sensor,0,,,,,,,
2026-06-11T15:49:39.292Z,REAL,MANUAL,0.0,0.0,0.0,0.0,0.0,237.666,37.139,104.492,-8172.727,M,sensor,0,,,,,,,
2026-06-11T15:49:39.392Z,REAL,MANUAL,0.0,0.0,0.0,0.0,0.0,237.622,37.139,104.492,-8172.727,M,sensor,0,,,,,,,
2026-06-11T15:49:39.492Z,REAL,MANUAL,0.0,0.0,0.0,0.0,0.0,237.591,37.139,104.492,-8172.727,M,sensor,0,,,,,,,
2026-06-11T15:49:39.592Z,REAL,MANUAL,0.0,0.0,0.0,0.0,0.0,237.581,37.139,104.492,-8172.727,M,sensor,0,,,,,,,
2026-06-11T15:49:39.692Z,REAL,MANUAL,0.0,0.0,0.0,0.0,0.0,237.773,37.139,104.492,-8172.727,M,sensor,0,,,,,,,
2026-06-11T15:49:39.792Z,REAL,MANUAL,0.0,0.0,0.0,0.0,0.0,237.728,37.139,104.492,-8172.727,M,sensor,0,,,,,,,
2026-06-11T15:49:39.892Z,REAL,MANUAL,0.0,0.0,0.0,0.0,0.0,237.542,37.139,104.492,-8172.727,M,sensor,0,,,,,,,
2026-06-11T15:49:39.992Z,REAL,MANUAL,0.0,0.0,0.0,0.0,0.0,237.475,37.139,104.492,-8172.727,M,sensor,0,,,,,,,
2026-06-11T15:49:40.091Z,REAL,MANUAL,0.0,0.0,0.0,0.0,0.0,237.515,37.139,104.492,-8172.727,M,sensor,0,,,,,,,
2026-06-11T15:49:40.192Z,REAL,MANUAL,0.0,0.0,0.0,0.0,0.0,237.623,37.139,104.492,-8172.727,M,sensor,0,,,,,,,
2026-06-11T15:49:40.291Z,REAL,MANUAL,0.0,0.0,0.0,0.0,0.0,237.454,37.139,104.492,-8172.727,M,sensor,0,,,,,,,
2026-06-11T15:49:40.392Z,REAL,MANUAL,0.0,0.0,0.0,0.0,0.0,237.5,37.139,104.492,-8172.727,M,sensor,0,,,,,,,
2026-06-11T15:49:40.491Z,REAL,MANUAL,0.0,0.0,0.0,0.0,0.0,237.537,37.139,104.492,-8172.727,M,sensor,0,,,,,,,
2026-06-11T15:49:40.591Z,REAL,MANUAL,0.0,0.0,0.0,0.0,0.0,237.668,37.139,104.492,-8172.727,M,sensor,0,,,,,,,
2026-06-11T15:49:40.691Z,REAL,MANUAL,0.0,0.0,0.0,0.0,0.0,237.721,37.139,104.492,-8172.727,M,sensor,0,,,,,,,
2026-06-11T15:49:40.791Z,REAL,MANUAL,0.0,0.0,0.0,0.0,0.0,237.53,37.139,104.492,-8172.727,M,sensor,0,,,,,,,
2026-06-11T15:49:40.892Z,REAL,MANUAL,0.0,0.0,0.0,0.0,0.0,237.689,37.139,104.492,-8172.727,M,sensor,0,,,,,,,
2026-06-11T15:49:40.991Z,REAL,MANUAL,0.0,0.0,0.0,0.0,0.0,237.639,37.139,104.492,-8172.727,M,sensor,0,,,,,,,
2026-06-11T15:49:41.091Z,REAL,MANUAL,0.0,0.0,0.0,0.0,0.0,237.596,37.139,104.492,-8172.727,M,sensor,0,,,,,,,
2026-06-11T15:49:41.192Z,REAL,MANUAL,0.0,0.0,0.0,0.0,0.0,237.714,37.139,104.492,-8172.727,M,sensor,0,,,,,,,
2026-06-11T15:49:41.292Z,REAL,MANUAL,0.0,0.0,0.0,0.0,0.0,237.863,37.139,104.492,-8172.727,M,sensor,0,,,,,,,
2026-06-11T15:49:41.392Z,REAL,MANUAL,0.0,0.0,0.0,0.0,0.0,237.706,37.139,104.492,-8172.727,M,sensor,0,,,,,,,
2026-06-11T15:49:41.492Z,REAL,MANUAL,0.0,0.0,0.0,0.0,0.0,237.624,37.139,104.492,-8172.727,M,sensor,0,,,,,,,
2026-06-11T15:49:41.592Z,REAL,MANUAL,0.0,0.0,0.0,0.0,0.0,237.652,37.139,104.492,-8172.727,M,sensor,0,,,,,,,
2026-06-11T15:49:41.691Z,REAL,MANUAL,0.0,0.0,0.0,0.0,0.0,237.627,37.139,104.492,-8172.727,M,sensor,0,,,,,,,
2026-06-11T15:49:41.791Z,REAL,MANUAL,0.0,0.0,0.0,0.0,0.0,237.534,37.139,104.177,-8172.727,M,sensor,0,,,,,,,
2026-06-11T15:49:41.891Z,REAL,MANUAL,0.0,0.0,0.0,0.0,0.0,237.424,37.139,104.177,-8172.727,M,sensor,0,,,,,,,
2026-06-11T15:49:41.992Z,REAL,MANUAL,0.0,0.0,0.0,0.0,0.0,237.31,37.139,104.177,-8172.727,M,sensor,0,,,,,,,
2026-06-11T15:49:42.091Z,REAL,MANUAL,0.0,0.0,0.0,0.0,0.0,237.706,37.139,104.177,-8172.727,M,sensor,0,,,,,,,
2026-06-11T15:49:42.191Z,REAL,MANUAL,0.0,0.0,0.0,0.0,0.0,237.573,37.139,104.177,-8172.727,M,sensor,0,,,,,,,
2026-06-11T15:49:42.292Z,REAL,MANUAL,0.0,0.0,0.0,0.0,0.0,237.701,37.139,104.177,-8172.727,M,sensor,0,,,,,,,
2026-06-11T15:49:42.392Z,REAL,MANUAL,0.0,0.0,0.0,0.0,0.0,237.692,37.139,104.177,-8172.727,M,sensor,0,,,,,,,
2026-06-11T15:49:42.492Z,REAL,MANUAL,0.0,0.0,0.0,0.0,0.0,237.422,37.139,104.492,-8172.727,M,sensor,0,,,,,,,
2026-06-11T15:49:42.592Z,REAL,MANUAL,0.0,0.0,0.0,0.0,0.0,237.717,37.139,104.492,-8172.727,M,sensor,0,,,,,,,
2026-06-11T15:49:42.692Z,REAL,MANUAL,0.0,0.0,0.0,0.0,0.0,237.599,37.139,104.492,-8172.727,M,sensor,0,,,,,,,
2026-06-11T15:49:42.792Z,REAL,MANUAL,0.0,0.0,0.0,0.0,0.0,237.711,37.139,104.492,-8172.727,M,sensor,0,,,,,,,
2026-06-11T15:49:42.892Z,REAL,MANUAL,0.0,0.0,0.0,0.0,0.0,237.654,37.139,104.492,-8172.727,M,sensor,0,,,,,,,
2026-06-11T15:49:42.992Z,REAL,MANUAL,0.0,0.0,0.0,0.0,0.0,237.621,37.139,104.492,-8172.727,M,sensor,0,,,,,,,
2026-06-11T15:49:43.091Z,REAL,MANUAL,0.0,0.0,0.0,0.0,0.0,237.717,37.139,104.177,-8172.727,M,sensor,0,,,,,,,
2026-06-11T15:49:43.191Z,REAL,MANUAL,0.0,0.0,0.0,0.0,0.0,237.539,37.139,104.177,-8172.727,M,sensor,0,,,,,,,
2026-06-11T15:49:43.292Z,REAL,MANUAL,0.0,0.0,0.0,0.0,0.0,237.546,37.139,104.177,-8172.727,M,sensor,0,,,,,,,
2026-06-11T15:49:43.392Z,REAL,MANUAL,0.0,0.0,0.0,0.0,0.0,237.437,37.139,104.177,-8172.727,M,sensor,0,,,,,,,
2026-06-11T15:49:43.492Z,REAL,MANUAL,0.0,0.0,0.0,0.0,0.0,237.725,37.139,104.177,-8172.727,M,sensor,0,,,,,,,
2026-06-11T15:49:43.591Z,REAL,MANUAL,0.0,0.0,0.0,0.0,0.0,237.523,37.139,104.177,-8172.727,M,sensor,0,,,,,,,
2026-06-11T15:49:43.692Z,REAL,MANUAL,0.0,0.0,0.0,0.0,0.0,237.525,37.139,104.177,-8172.727,M,sensor,0,,,,,,,
2026-06-11T15:49:43.791Z,REAL,MANUAL,0.0,0.0,0.0,0.0,0.0,237.516,37.139,104.177,-8172.727,M,sensor,0,,,,,,,
2026-06-11T15:49:43.891Z,REAL,MANUAL,0.0,0.0,0.0,0.0,0.0,237.7,37.139,104.177,-8172.727,M,sensor,0,,,,,,,
2026-06-11T15:49:43.991Z,REAL,MANUAL,0.0,0.0,0.0,0.0,0.0,237.666,37.139,104.177,-8172.727,M,sensor,0,,,,,,,
2026-06-11T15:49:44.092Z,REAL,MANUAL,0.0,0.0,0.0,0.0,0.0,237.671,37.139,104.177,-8172.727,M,sensor,0,,,,,,,
2026-06-11T15:49:44.191Z,REAL,MANUAL,0.0,0.0,0.0,0.0,0.0,237.792,37.139,104.177,-8172.727,M,sensor,0,,,,,,,
2026-06-11T15:49:44.291Z,REAL,MANUAL,0.0,0.0,0.0,0.0,0.0,237.747,37.139,104.177,-8172.727,M,sensor,0,,,,,,,
2026-06-11T15:49:44.392Z,REAL,MANUAL,0.0,0.0,0.0,0.0,0.0,237.789,37.139,104.177,-8172.727,M,sensor,0,,,,,,,
2026-06-11T15:49:44.491Z,REAL,MANUAL,0.0,0.0,0.0,0.0,0.0,237.538,37.139,103.863,-8172.727,M,sensor,0,,,,,,,
2026-06-11T15:49:44.591Z,REAL,MANUAL,0.0,0.0,0.0,0.0,0.0,237.64,37.139,103.863,-8172.727,M,sensor,0,,,,,,,
2026-06-11T15:49:44.691Z,REAL,MANUAL,0.0,0.0,0.0,0.0,0.0,237.649,37.139,103.863,-8172.727,M,sensor,0,,,,,,,
2026-06-11T15:49:44.791Z,REAL,MANUAL,0.0,0.0,0.0,0.0,0.0,237.655,37.139,104.177,-8172.727,M,sensor,0,,,,,,,
2026-06-11T15:49:44.891Z,REAL,MANUAL,0.0,0.0,0.0,0.0,0.0,237.565,37.139,104.177,-8172.727,M,sensor,0,,,,,,,
2026-06-11T15:49:44.991Z,REAL,MANUAL,0.0,0.0,0.0,0.0,0.0,237.792,36.824,104.177,-8172.727,M,sensor,0,,,,,,,
2026-06-11T15:49:45.092Z,REAL,MANUAL,0.0,0.0,0.0,0.0,0.0,237.6,37.139,104.177,-8172.727,M,sensor,0,,,,,,,
2026-06-11T15:49:45.191Z,REAL,MANUAL,0.0,0.0,0.0,0.0,0.0,237.57,37.139,104.177,-8172.727,M,sensor,0,,,,,,,
2026-06-11T15:49:45.292Z,REAL,MANUAL,0.0,0.0,0.0,0.0,0.0,237.665,37.139,104.177,-8172.727,M,sensor,0,,,,,,,
2026-06-11T15:49:45.391Z,REAL,MANUAL,0.0,0.0,0.0,0.0,0.0,237.602,36.824,104.177,-8172.727,M,sensor,0,,,,,,,
2026-06-11T15:49:45.491Z,REAL,MANUAL,0.0,0.0,0.0,0.0,0.0,237.664,36.824,104.177,-8172.727,M,sensor,0,,,,,,,
2026-06-11T15:49:45.591Z,REAL,MANUAL,0.0,0.0,0.0,0.0,0.0,237.526,36.824,104.177,-8172.727,M,sensor,0,,,,,,,
2026-06-11T15:49:45.692Z,REAL,MANUAL,0.0,0.0,0.0,0.0,0.0,237.685,36.824,104.177,-8172.727,M,sensor,0,,,,,,,
2026-06-11T15:49:45.791Z,REAL,MANUAL,0.0,0.0,0.0,0.0,0.0,237.545,37.139,104.177,-8172.727,M,sensor,0,,,,,,,
2026-06-11T15:49:45.892Z,REAL,MANUAL,0.0,0.0,0.0,0.0,0.0,237.566,37.139,104.177,-8172.727,M,sensor,0,,,,,,,
2026-06-11T15:49:45.991Z,REAL,MANUAL,0.0,0.0,0.0,0.0,0.0,237.562,37.139,103.863,-8172.727,M,sensor,0,,,,,,,
2026-06-11T15:49:46.092Z,REAL,MANUAL,0.0,0.0,0.0,0.0,0.0,237.647,37.139,103.863,-8172.727,M,sensor,0,,,,,,,
2026-06-11T15:49:46.191Z,REAL,MANUAL,0.0,0.0,0.0,0.0,0.0,237.603,37.139,104.177,-8172.727,M,sensor,0,,,,,,,
2026-06-11T15:49:46.292Z,REAL,MANUAL,0.0,0.0,0.0,0.0,0.0,237.644,37.139,104.177,-8172.727,M,sensor,0,,,,,,,
2026-06-11T15:49:46.391Z,REAL,MANUAL,0.0,0.0,0.0,0.0,0.0,237.49,37.139,104.177,-8172.727,M,sensor,0,,,,,,,
2026-06-11T15:49:46.492Z,REAL,MANUAL,0.0,0.0,0.0,0.0,0.0,237.518,37.139,104.177,-8172.727,M,sensor,0,,,,,,,
2026-06-11T15:49:46.592Z,REAL,MANUAL,0.0,0.0,0.0,0.0,0.0,237.562,37.139,104.177,-8172.727,M,sensor,0,,,,,,,
2026-06-11T15:49:46.692Z,REAL,MANUAL,0.0,0.0,0.0,0.0,0.0,237.715,36.824,104.177,-8172.727,M,sensor,0,,,,,,,
2026-06-11T15:49:46.792Z,REAL,MANUAL,0.0,0.0,0.0,0.0,0.0,237.744,37.139,104.177,-8172.727,M,sensor,0,,,,,,,
2026-06-11T15:49:46.892Z,REAL,MANUAL,0.0,0.0,0.0,0.0,0.0,237.661,36.824,104.492,-8172.727,M,sensor,0,,,,,,,
2026-06-11T15:49:46.992Z,REAL,MANUAL,0.0,0.0,0.0,0.0,0.0,237.662,36.824,104.492,-8172.727,M,sensor,0,,,,,,,
2026-06-11T15:49:47.092Z,REAL,MANUAL,0.0,0.0,0.0,0.0,0.0,237.516,36.824,104.492,-8172.727,M,sensor,0,,,,,,,
2026-06-11T15:49:47.192Z,REAL,MANUAL,0.0,0.0,0.0,0.0,0.0,237.744,36.824,104.492,-8172.727,M,sensor,0,,,,,,,
2026-06-11T15:49:47.291Z,REAL,MANUAL,0.0,0.0,0.0,0.0,0.0,237.641,36.824,104.492,-8172.727,M,sensor,0,,,,,,,
2026-06-11T15:49:47.391Z,REAL,MANUAL,0.0,0.0,0.0,0.0,0.0,237.751,36.824,104.492,-8172.727,M,sensor,0,,,,,,,
2026-06-11T15:49:47.491Z,REAL,MANUAL,0.0,0.0,0.0,0.0,0.0,237.596,36.824,104.492,-8172.727,M,sensor,0,,,,,,,
2026-06-11T15:49:47.591Z,REAL,MANUAL,0.0,0.0,0.0,0.0,0.0,237.489,36.824,104.492,-8172.727,M,sensor,0,,,,,,,
2026-06-11T15:49:47.691Z,REAL,MANUAL,0.0,0.0,0.0,0.0,0.0,237.769,36.824,104.177,-8172.727,M,sensor,0,,,,,,,
2026-06-11T15:49:47.791Z,REAL,MANUAL,0.0,0.0,0.0,0.0,0.0,237.656,36.824,104.177,-8172.727,M,sensor,0,,,,,,,
2026-06-11T15:49:47.891Z,REAL,MANUAL,0.0,0.0,0.0,0.0,0.0,237.662,36.824,104.177,-8172.727,M,sensor,0,,,,,,,
2026-06-11T15:49:47.991Z,REAL,MANUAL,0.0,0.0,0.0,0.0,0.0,237.672,36.824,104.177,-8172.727,M,sensor,0,,,,,,,
2026-06-11T15:49:48.091Z,REAL,MANUAL,0.0,0.0,0.0,0.0,0.0,237.608,36.824,104.177,-8172.727,M,sensor,0,,,,,,,
2026-06-11T15:49:48.191Z,REAL,MANUAL,0.0,0.0,0.0,0.0,0.0,237.779,36.824,104.177,-8172.727,M,sensor,0,,,,,,,
2026-06-11T15:49:48.291Z,REAL,MANUAL,0.0,0.0,0.0,0.0,0.0,237.601,36.824,104.177,-8172.727,M,sensor,0,,,,,,,
2026-06-11T15:49:48.391Z,REAL,MANUAL,0.0,0.0,0.0,0.0,0.0,237.539,36.824,104.492,-8172.727,M,sensor,0,,,,,,,
2026-06-11T15:49:48.491Z,REAL,MANUAL,0.0,0.0,0.0,0.0,0.0,237.462,36.824,104.492,-8172.727,M,sensor,0,,,,,,,
2026-06-11T15:49:48.591Z,REAL,MANUAL,0.0,0.0,0.0,0.0,0.0,237.589,36.824,104.492,-8172.727,M,sensor,0,,,,,,,
2026-06-11T15:49:48.691Z,REAL,MANUAL,0.0,0.0,0.0,0.0,0.0,237.746,36.824,104.177,-8172.727,M,sensor,0,,,,,,,
2026-06-11T15:49:48.791Z,REAL,MANUAL,0.0,0.0,0.0,0.0,0.0,237.613,36.824,104.177,-8172.727,M,sensor,0,,,,,,,
2026-06-11T15:49:48.891Z,REAL,MANUAL,0.0,0.0,0.0,0.0,0.0,237.511,36.824,104.177,-8172.727,M,sensor,0,,,,,,,
2026-06-11T15:49:48.991Z,REAL,MANUAL,0.0,0.0,0.0,0.0,0.0,237.541,36.824,104.177,-8172.727,M,sensor,0,,,,,,,
2026-06-11T15:49:49.092Z,REAL,MANUAL,0.0,0.0,0.0,0.0,0.0,237.595,36.824,104.177,-8172.727,M,sensor,0,,,,,,,
2026-06-11T15:49:49.191Z,REAL,MANUAL,0.0,0.0,0.0,0.0,0.0,237.572,37.139,104.177,-8172.727,M,sensor,0,,,,,,,
2026-06-11T15:49:49.291Z,REAL,MANUAL,0.0,0.0,0.0,0.0,0.0,237.538,37.139,104.177,-8172.727,M,sensor,0,,,,,,,
2026-06-11T15:49:49.391Z,REAL,MANUAL,0.0,0.0,0.0,0.0,0.0,237.561,37.139,104.177,-8172.727,M,sensor,0,,,,,,,
2026-06-11T15:49:49.491Z,REAL,MANUAL,0.0,0.0,0.0,0.0,0.0,237.637,37.139,104.177,-8172.727,M,sensor,0,,,,,,,
2026-06-11T15:49:49.591Z,REAL,MANUAL,0.0,0.0,0.0,0.0,0.0,237.338,37.139,104.177,-8172.727,M,sensor,0,,,,,,,
2026-06-11T15:49:49.691Z,REAL,MANUAL,0.0,0.0,0.0,0.0,0.0,237.62,37.139,104.177,-8172.727,M,sensor,0,,,,,,,
2026-06-11T15:49:49.791Z,REAL,MANUAL,0.0,0.0,0.0,0.0,0.0,237.653,37.139,104.177,-8172.727,M,sensor,0,,,,,,,
2026-06-11T15:49:49.891Z,REAL,MANUAL,0.0,0.0,0.0,0.0,0.0,237.623,37.139,104.177,-8172.727,M,sensor,0,,,,,,,
2026-06-11T15:49:49.991Z,REAL,MANUAL,0.0,0.0,0.0,0.0,0.0,237.646,37.139,104.177,-8172.727,M,sensor,0,,,,,,,
2026-06-11T15:49:50.091Z,REAL,MANUAL,0.0,0.0,0.0,0.0,0.0,237.631,37.139,104.177,-8172.727,M,sensor,0,,,,,,,
2026-06-11T15:49:50.191Z,REAL,MANUAL,0.0,0.0,0.0,0.0,0.0,237.564,37.139,104.177,-8172.727,M,sensor,0,,,,,,,
2026-06-11T15:49:50.291Z,REAL,MANUAL,0.0,0.0,0.0,0.0,0.0,237.723,37.139,104.177,-8172.727,M,sensor,0,,,,,,,
2026-06-11T15:49:50.391Z,REAL,MANUAL,0.0,0.0,0.0,0.0,0.0,237.666,37.139,104.177,-8172.727,M,sensor,0,,,,,,,
2026-06-11T15:49:50.491Z,REAL,MANUAL,0.0,0.0,0.0,0.0,0.0,237.596,37.139,104.177,-8172.727,M,sensor,0,,,,,,,
2026-06-11T15:49:50.591Z,REAL,MANUAL,0.0,0.0,0.0,0.0,0.0,237.583,37.139,104.177,-8172.727,M,sensor,0,,,,,,,
2026-06-11T15:49:50.691Z,REAL,MANUAL,0.0,0.0,0.0,0.0,0.0,237.422,37.139,104.177,-8172.727,M,sensor,0,,,,,,,
2026-06-11T15:49:50.791Z,REAL,MANUAL,0.0,0.0,0.0,0.0,0.0,237.475,37.139,104.177,-8172.727,M,sensor,0,,,,,,,
2026-06-11T15:49:50.891Z,REAL,MANUAL,0.0,0.0,0.0,0.0,0.0,237.727,37.139,104.177,-8172.727,M,sensor,0,,,,,,,
2026-06-11T15:49:50.991Z,REAL,MANUAL,0.0,0.0,0.0,0.0,0.0,237.602,37.139,104.177,-8172.727,M,sensor,0,,,,,,,
2026-06-11T15:49:51.091Z,REAL,MANUAL,0.0,0.0,0.0,0.0,0.0,237.724,37.139,104.177,-8172.727,M,sensor,0,,,,,,,
2026-06-11T15:49:51.191Z,REAL,MANUAL,0.0,0.0,0.0,0.0,0.0,237.771,37.139,104.177,-8172.727,M,sensor,0,,,,,,,
2026-06-11T15:49:51.291Z,REAL,MANUAL,0.0,0.0,0.0,0.0,0.0,237.642,37.139,104.177,-8172.727,M,sensor,0,,,,,,,
2026-06-11T15:49:51.391Z,REAL,MANUAL,0.0,0.0,0.0,0.0,0.0,237.671,37.139,104.177,-8172.727,M,sensor,0,,,,,,,
2026-06-11T15:49:51.491Z,REAL,MANUAL,0.0,0.0,0.0,0.0,0.0,237.702,37.139,104.177,-8172.727,M,sensor,0,,,,,,,
2026-06-11T15:49:51.592Z,REAL,MANUAL,0.0,0.0,0.0,0.0,0.0,237.604,37.139,104.177,-8172.727,M,sensor,0,,,,,,,
2026-06-11T15:49:51.692Z,REAL,MANUAL,0.0,0.0,0.0,0.0,0.0,237.567,37.139,104.177,-8172.727,M,sensor,0,,,,,,,
2026-06-11T15:49:51.792Z,REAL,MANUAL,0.0,0.0,0.0,0.0,0.0,237.498,36.824,104.177,-8172.727,M,sensor,0,,,,,,,
2026-06-11T15:49:51.891Z,REAL,MANUAL,0.0,0.0,0.0,0.0,0.0,237.895,36.824,104.177,-8172.727,M,sensor,0,,,,,,,
2026-06-11T15:49:51.991Z,REAL,MANUAL,0.0,0.0,0.0,0.0,0.0,237.663,36.824,104.177,-8172.727,M,sensor,0,,,,,,,
2026-06-11T15:49:52.091Z,REAL,MANUAL,0.0,0.0,0.0,0.0,0.0,237.822,36.824,104.177,-8172.727,M,sensor,0,,,,,,,
2026-06-11T15:49:52.191Z,REAL,MANUAL,0.0,0.0,0.0,0.0,0.0,237.778,36.824,104.177,-8172.727,M,sensor,0,,,,,,,
2026-06-11T15:49:52.291Z,REAL,MANUAL,0.0,0.0,0.0,0.0,0.0,237.592,36.824,104.177,-8172.727,M,sensor,0,,,,,,,
2026-06-11T15:49:52.391Z,REAL,MANUAL,0.0,0.0,0.0,0.0,0.0,237.652,36.824,104.177,-8172.727,M,sensor,0,,,,,,,
2026-06-11T15:49:52.491Z,REAL,MANUAL,0.0,0.0,0.0,0.0,0.0,237.63,36.824,104.177,-8172.727,M,sensor,0,,,,,,,
2026-06-11T15:49:52.591Z,REAL,MANUAL,0.0,0.0,0.0,0.0,0.0,237.497,36.824,104.177,-8172.727,M,sensor,0,,,,,,,
2026-06-11T15:49:52.691Z,REAL,MANUAL,0.0,0.0,0.0,0.0,0.0,237.636,36.824,104.177,-8172.727,M,sensor,0,,,,,,,
2026-06-11T15:49:52.791Z,REAL,MANUAL,0.0,0.0,0.0,0.0,0.0,237.645,36.824,104.177,-8172.727,M,sensor,0,,,,,,,
2026-06-11T15:49:52.891Z,REAL,MANUAL,0.0,0.0,0.0,0.0,0.0,237.553,36.824,104.177,-8172.727,M,sensor,0,,,,,,,
2026-06-11T15:49:52.991Z,REAL,MANUAL,0.0,0.0,0.0,0.0,0.0,237.527,36.824,104.177,-8172.727,M,sensor,0,,,,,,,
2026-06-11T15:49:53.091Z,REAL,MANUAL,0.0,0.0,0.0,0.0,0.0,237.846,36.824,104.177,-8172.727,M,sensor,0,,,,,,,
2026-06-11T15:49:53.191Z,REAL,MANUAL,0.0,0.0,0.0,0.0,0.0,237.8,37.139,104.177,-8172.727,M,sensor,0,,,,,,,
2026-06-11T15:49:53.291Z,REAL,MANUAL,0.0,0.0,0.0,0.0,0.0,237.632,37.139,104.177,-8172.727,M,sensor,0,,,,,,,
2026-06-11T15:49:53.391Z,REAL,MANUAL,0.0,0.0,0.0,0.0,0.0,237.839,36.824,104.177,-8172.727,M,sensor,0,,,,,,,
2026-06-11T15:49:53.491Z,REAL,MANUAL,0.0,0.0,0.0,0.0,0.0,237.631,37.139,104.177,-8172.727,M,sensor,0,,,,,,,
2026-06-11T15:49:53.591Z,REAL,MANUAL,0.0,0.0,0.0,0.0,0.0,237.556,36.824,104.177,-8172.727,M,sensor,0,,,,,,,
2026-06-11T15:49:53.691Z,REAL,MANUAL,0.0,0.0,0.0,0.0,0.0,237.755,37.139,104.177,-8172.727,M,sensor,0,,,,,,,
2026-06-11T15:49:53.791Z,REAL,MANUAL,0.0,0.0,0.0,0.0,0.0,237.512,37.139,104.177,-8172.727,M,sensor,0,,,,,,,
2026-06-11T15:49:53.891Z,REAL,MANUAL,0.0,0.0,0.0,0.0,0.0,237.457,37.139,104.177,-8172.727,M,sensor,0,,,,,,,
2026-06-11T15:49:53.991Z,REAL,MANUAL,0.0,0.0,0.0,0.0,0.0,237.732,37.139,104.177,-8172.727,M,sensor,0,,,,,,,
2026-06-11T15:49:54.091Z,REAL,MANUAL,0.0,0.0,0.0,0.0,0.0,237.593,37.139,104.177,-8172.727,M,sensor,0,,,,,,,
2026-06-11T15:49:54.191Z,REAL,MANUAL,0.0,0.0,0.0,0.0,0.0,237.664,37.139,104.492,-8172.727,M,sensor,0,,,,,,,
2026-06-11T15:49:54.291Z,REAL,MANUAL,0.0,0.0,0.0,0.0,0.0,237.64,37.139,104.492,-8172.727,M,sensor,0,,,,,,,
2026-06-11T15:49:54.391Z,REAL,MANUAL,0.0,0.0,0.0,0.0,0.0,237.676,37.139,104.492,-8172.727,M,sensor,0,,,,,,,
2026-06-11T15:49:54.491Z,REAL,MANUAL,0.0,0.0,0.0,0.0,0.0,237.53,37.139,104.492,-8172.727,M,sensor,0,,,,,,,
2026-06-11T15:49:54.591Z,REAL,MANUAL,0.0,0.0,0.0,0.0,0.0,237.461,37.139,104.492,-8172.727,M,sensor,0,,,,,,,
2026-06-11T15:49:54.691Z,REAL,MANUAL,0.0,0.0,0.0,0.0,0.0,237.454,37.139,104.492,-8172.727,M,sensor,0,,,,,,,
2026-06-11T15:49:54.791Z,REAL,MANUAL,0.0,0.0,0.0,0.0,0.0,237.56,37.139,104.177,-8172.727,M,sensor,0,,,,,,,
2026-06-11T15:49:54.891Z,REAL,MANUAL,0.0,0.0,0.0,0.0,0.0,237.638,37.139,104.177,-8172.727,M,sensor,0,,,,,,,
2026-06-11T15:49:54.991Z,REAL,MANUAL,0.0,0.0,0.0,0.0,0.0,237.573,37.139,104.177,-8172.727,M,sensor,0,,,,,,,
2026-06-11T15:49:55.091Z,REAL,MANUAL,0.0,0.0,0.0,0.0,0.0,237.479,37.139,104.177,-8172.727,M,sensor,0,,,,,,,
2026-06-11T15:49:55.191Z,REAL,MANUAL,0.0,0.0,0.0,0.0,0.0,237.654,37.139,104.177,-8172.727,M,sensor,0,,,,,,,
2026-06-11T15:49:55.291Z,REAL,MANUAL,0.0,0.0,0.0,0.0,0.0,237.553,37.139,104.177,-8172.727,M,sensor,0,,,,,,,
2026-06-11T15:49:55.391Z,REAL,MANUAL,0.0,0.0,0.0,0.0,0.0,237.603,37.139,104.177,-8172.727,M,sensor,0,,,,,,,
2026-06-11T15:49:55.491Z,REAL,MANUAL,0.0,0.0,0.0,0.0,0.0,237.685,37.139,104.177,-8172.727,M,sensor,0,,,,,,,
2026-06-11T15:49:55.591Z,REAL,MANUAL,0.0,0.0,0.0,0.0,0.0,237.694,37.139,104.177,-8172.727,M,sensor,0,,,,,,,
2026-06-11T15:49:55.691Z,REAL,MANUAL,0.0,0.0,0.0,0.0,0.0,237.713,37.139,104.177,-8172.727,M,sensor,0,,,,,,,
2026-06-11T15:49:55.791Z,REAL,MANUAL,0.0,0.0,0.0,0.0,0.0,237.64,37.139,104.177,-8172.727,M,sensor,0,,,,,,,
2026-06-11T15:49:55.891Z,REAL,MANUAL,0.0,0.0,0.0,0.0,0.0,237.502,37.139,104.177,-8172.727,M,sensor,0,,,,,,,
2026-06-11T15:49:55.991Z,REAL,MANUAL,0.0,0.0,0.0,0.0,0.0,237.596,37.139,104.177,-8172.727,M,sensor,0,,,,,,,
2026-06-11T15:49:56.091Z,REAL,MANUAL,0.0,0.0,0.0,0.0,0.0,237.52,37.139,104.177,-8172.727,M,sensor,0,,,,,,,
2026-06-11T15:49:56.191Z,REAL,MANUAL,0.0,0.0,0.0,0.0,0.0,237.438,37.139,104.177,-8172.727,M,sensor,0,,,,,,,
2026-06-11T15:49:56.291Z,REAL,MANUAL,0.0,0.0,0.0,0.0,0.0,237.64,37.139,104.177,-8172.727,M,sensor,0,,,,,,,
2026-06-11T15:49:56.391Z,REAL,MANUAL,0.0,0.0,0.0,0.0,0.0,237.457,37.139,104.177,-8172.727,M,sensor,0,,,,,,,
2026-06-11T15:49:56.491Z,REAL,MANUAL,0.0,0.0,0.0,0.0,0.0,237.534,37.139,104.177,-8172.727,M,sensor,0,,,,,,,
2026-06-11T15:49:56.592Z,REAL,MANUAL,0.0,0.0,0.0,0.0,0.0,237.635,37.139,104.177,-8172.727,M,sensor,0,,,,,,,
2026-06-11T15:49:56.691Z,REAL,MANUAL,0.0,0.0,0.0,0.0,0.0,237.63,37.139,104.177,-8172.727,M,sensor,0,,,,,,,
2026-06-11T15:49:56.792Z,REAL,MANUAL,0.0,0.0,0.0,0.0,0.0,237.503,37.139,104.177,-8172.727,M,sensor,0,,,,,,,
2026-06-11T15:49:56.892Z,REAL,MANUAL,0.0,0.0,0.0,0.0,0.0,237.671,37.139,104.177,-8172.727,M,sensor,0,,,,,,,
2026-06-11T15:49:56.992Z,REAL,MANUAL,0.0,0.0,0.0,0.0,0.0,237.745,37.139,104.177,-8172.727,M,sensor,0,,,,,,,
2026-06-11T15:49:57.092Z,REAL,MANUAL,0.0,0.0,0.0,0.0,0.0,237.688,37.139,104.492,-8172.727,M,sensor,0,,,,,,,
2026-06-11T15:49:57.192Z,REAL,MANUAL,0.0,0.0,0.0,0.0,0.0,237.695,37.139,104.492,-8172.727,M,sensor,0,,,,,,,
2026-06-11T15:49:57.291Z,REAL,MANUAL,0.0,0.0,0.0,0.0,0.0,237.557,37.139,104.492,-8172.727,M,sensor,0,,,,,,,
2026-06-11T15:49:57.391Z,REAL,MANUAL,0.0,0.0,0.0,0.0,0.0,237.431,37.139,104.492,-8172.727,M,sensor,0,,,,,,,
2026-06-11T15:49:57.491Z,REAL,MANUAL,0.0,0.0,0.0,0.0,0.0,237.545,37.139,104.492,-8172.727,M,sensor,0,,,,,,,
2026-06-11T15:49:57.591Z,REAL,MANUAL,0.0,0.0,0.0,0.0,0.0,237.636,37.139,104.177,-8172.727,M,sensor,0,,,,,,,
2026-06-11T15:49:57.691Z,REAL,MANUAL,0.0,0.0,0.0,0.0,0.0,237.482,37.139,104.177,-8172.727,M,sensor,0,,,,,,,
2026-06-11T15:49:57.791Z,REAL,MANUAL,0.0,0.0,0.0,0.0,0.0,237.607,37.139,104.177,-8172.727,M,sensor,0,,,,,,,
2026-06-11T15:49:57.891Z,REAL,MANUAL,0.0,0.0,0.0,0.0,0.0,237.601,37.139,104.177,-8172.727,M,sensor,0,,,,,,,
2026-06-11T15:49:57.991Z,REAL,MANUAL,0.0,0.0,0.0,0.0,0.0,237.469,37.139,104.177,-8172.727,M,sensor,0,,,,,,,
2026-06-11T15:49:58.091Z,REAL,MANUAL,0.0,0.0,0.0,0.0,0.0,237.779,37.139,104.177,-8172.727,M,sensor,0,,,,,,,
2026-06-11T15:49:58.191Z,REAL,MANUAL,0.0,0.0,0.0,0.0,0.0,237.718,37.139,104.177,-8172.727,M,sensor,0,,,,,,,
2026-06-11T15:49:58.291Z,REAL,MANUAL,0.0,0.0,0.0,0.0,0.0,237.687,37.139,104.177,-8172.727,M,sensor,0,,,,,,,
2026-06-11T15:49:58.391Z,REAL,MANUAL,0.0,0.0,0.0,0.0,0.0,237.367,37.139,104.177,-8172.727,M,sensor,0,,,,,,,
2026-06-11T15:49:58.491Z,REAL,MANUAL,0.0,0.0,0.0,0.0,0.0,237.413,37.139,104.492,-8172.727,M,sensor,0,,,,,,,
2026-06-11T15:49:58.591Z,REAL,MANUAL,0.0,0.0,0.0,0.0,0.0,237.781,37.139,104.492,-8172.727,M,sensor,0,,,,,,,
2026-06-11T15:49:58.691Z,REAL,MANUAL,0.0,0.0,0.0,0.0,0.0,237.535,37.139,104.492,-8172.727,M,sensor,0,,,,,,,
2026-06-11T15:49:58.791Z,REAL,MANUAL,0.0,0.0,0.0,0.0,0.0,237.628,37.139,104.492,-8172.727,M,sensor,0,,,,,,,
2026-06-11T15:49:58.891Z,REAL,MANUAL,0.0,0.0,0.0,0.0,0.0,237.462,37.139,104.492,-8172.727,M,sensor,0,,,,,,,
2026-06-11T15:49:58.991Z,REAL,MANUAL,0.0,0.0,0.0,0.0,0.0,237.822,37.139,104.492,-8172.727,M,sensor,0,,,,,,,
2026-06-11T15:49:59.091Z,REAL,MANUAL,0.0,0.0,0.0,0.0,0.0,237.747,37.139,104.492,-8172.727,M,sensor,0,,,,,,,
2026-06-11T15:49:59.191Z,REAL,MANUAL,0.0,0.0,0.0,0.0,0.0,237.722,37.139,104.492,-8172.727,M,sensor,0,,,,,,,
2026-06-11T15:49:59.291Z,REAL,MANUAL,0.0,0.0,0.0,0.0,0.0,237.498,37.139,104.492,-8172.727,M,sensor,0,,,,,,,
2026-06-11T15:49:59.391Z,REAL,MANUAL,0.0,0.0,0.0,0.0,0.0,237.638,37.139,104.492,-8172.727,M,sensor,0,,,,,,,
2026-06-11T15:49:59.492Z,REAL,MANUAL,0.0,0.0,0.0,0.0,0.0,237.632,37.139,104.492,-8172.727,M,sensor,0,,,,,,,
2026-06-11T15:49:59.591Z,REAL,MANUAL,0.0,0.0,0.0,0.0,0.0,237.708,37.139,104.492,-8172.727,M,sensor,0,,,,,,,
2026-06-11T15:49:59.691Z,REAL,MANUAL,0.0,0.0,0.0,0.0,0.0,237.37,37.139,104.492,-8172.727,M,sensor,0,,,,,,,
2026-06-11T15:49:59.791Z,REAL,MANUAL,0.0,0.0,0.0,0.0,0.0,237.505,37.139,104.492,-8172.727,M,sensor,0,,,,,,,
2026-06-11T15:49:59.891Z,REAL,MANUAL,0.0,0.0,0.0,0.0,0.0,237.539,37.139,104.492,-8172.727,M,sensor,0,,,,,,,
2026-06-11T15:49:59.991Z,REAL,MANUAL,0.0,0.0,0.0,0.0,0.0,237.686,37.139,104.492,-8172.727,M,sensor,0,,,,,,,
2026-06-11T15:50:00.091Z,REAL,MANUAL,0.0,0.0,0.0,0.0,0.0,237.717,37.139,104.492,-8172.727,M,sensor,0,,,,,,,
2026-06-11T15:50:00.191Z,REAL,MANUAL,0.0,0.0,0.0,0.0,0.0,237.471,37.139,104.492,-8172.727,M,sensor,0,,,,,,,
2026-06-11T15:50:00.291Z,REAL,MANUAL,0.0,0.0,0.0,0.0,0.0,237.542,37.139,104.492,-8172.727,M,sensor,0,,,,,,,
2026-06-11T15:50:00.392Z,REAL,MANUAL,0.0,0.0,0.0,0.0,0.0,237.597,37.139,104.492,-8172.727,M,sensor,0,,,,,,,
2026-06-11T15:50:00.491Z,REAL,MANUAL,0.0,0.0,0.0,0.0,0.0,237.716,37.139,104.492,-8172.727,M,sensor,0,,,,,,,
2026-06-11T15:50:00.591Z,REAL,MANUAL,0.0,0.0,0.0,0.0,0.0,237.652,37.139,104.492,-8172.727,M,sensor,0,,,,,,,
2026-06-11T15:50:00.691Z,REAL,MANUAL,0.0,0.0,0.0,0.0,0.0,237.562,37.139,104.492,-8172.727,M,sensor,0,,,,,,,
2026-06-11T15:50:00.791Z,REAL,MANUAL,0.0,0.0,0.0,0.0,0.0,237.694,37.139,104.492,-8172.727,M,sensor,0,,,,,,,
2026-06-11T15:50:00.891Z,REAL,MANUAL,0.0,0.0,0.0,0.0,0.0,237.54,37.139,104.492,-8172.727,M,sensor,0,,,,,,,
2026-06-11T15:50:00.991Z,REAL,MANUAL,0.0,0.0,0.0,0.0,0.0,237.593,37.139,104.492,-8172.727,M,sensor,0,,,,,,,
2026-06-11T15:50:01.091Z,REAL,MANUAL,0.0,0.0,0.0,0.0,0.0,237.7,37.139,104.492,-8172.727,M,sensor,0,,,,,,,
2026-06-11T15:50:01.191Z,REAL,MANUAL,0.0,0.0,0.0,0.0,0.0,237.672,37.139,104.492,-8172.727,M,sensor,0,,,,,,,
2026-06-11T15:50:01.291Z,REAL,MANUAL,0.0,0.0,0.0,0.0,0.0,237.744,37.139,104.492,-8172.727,M,sensor,0,,,,,,,
2026-06-11T15:50:01.391Z,REAL,MANUAL,0.0,0.0,0.0,0.0,0.0,237.437,37.139,104.492,-8172.727,M,sensor,0,,,,,,,
2026-06-11T15:50:01.491Z,REAL,MANUAL,0.0,0.0,0.0,0.0,0.0,237.513,37.139,104.492,-8172.727,M,sensor,0,,,,,,,
2026-06-11T15:50:01.591Z,REAL,MANUAL,0.0,0.0,0.0,0.0,0.0,237.647,37.139,104.492,-8172.727,M,sensor,0,,,,,,,
2026-06-11T15:50:01.691Z,REAL,MANUAL,0.0,0.0,0.0,0.0,0.0,237.655,37.139,104.807,-8172.727,M,sensor,0,,,,,,,
2026-06-11T15:50:01.791Z,REAL,MANUAL,0.0,0.0,0.0,0.0,0.0,237.829,37.139,104.807,-8172.727,M,sensor,0,,,,,,,
2026-06-11T15:50:01.891Z,REAL,MANUAL,0.0,0.0,0.0,0.0,0.0,237.797,37.139,104.807,-8172.727,M,sensor,0,,,,,,,
2026-06-11T15:50:01.992Z,REAL,MANUAL,0.0,0.0,0.0,0.0,0.0,237.482,37.139,104.492,-8172.727,M,sensor,0,,,,,,,
2026-06-11T15:50:02.092Z,REAL,MANUAL,0.0,0.0,0.0,0.0,0.0,237.57,37.139,104.492,-8172.727,M,sensor,0,,,,,,,
2026-06-11T15:50:02.192Z,REAL,MANUAL,0.0,0.0,0.0,0.0,0.0,237.58,37.139,104.492,-8172.727,M,sensor,0,,,,,,,
2026-06-11T15:50:02.291Z,REAL,MANUAL,0.0,0.0,0.0,0.0,0.0,237.636,37.139,104.492,-8172.727,M,sensor,0,,,,,,,
2026-06-11T15:50:02.391Z,REAL,MANUAL,0.0,0.0,0.0,0.0,0.0,237.749,37.139,104.492,-8172.727,M,sensor,0,,,,,,,
2026-06-11T15:50:02.491Z,REAL,MANUAL,0.0,0.0,0.0,0.0,0.0,237.837,37.139,104.492,-8172.727,M,sensor,0,,,,,,,
2026-06-11T15:50:02.592Z,REAL,MANUAL,0.0,0.0,0.0,0.0,0.0,237.548,37.139,104.492,-8172.727,M,sensor,0,,,,,,,
2026-06-11T15:50:02.691Z,REAL,MANUAL,0.0,0.0,0.0,0.0,0.0,237.698,37.139,104.492,-8172.727,M,sensor,0,,,,,,,
2026-06-11T15:50:02.792Z,REAL,MANUAL,0.0,0.0,0.0,0.0,0.0,237.633,37.139,104.492,-8172.727,M,sensor,0,,,,,,,
2026-06-11T15:50:02.891Z,REAL,MANUAL,0.0,0.0,0.0,0.0,0.0,237.589,37.139,104.492,-8172.727,M,sensor,0,,,,,,,
2026-06-11T15:50:02.991Z,REAL,MANUAL,0.0,0.0,0.0,0.0,0.0,237.618,37.139,104.492,-8172.727,M,sensor,0,,,,,,,
2026-06-11T15:50:03.091Z,REAL,MANUAL,0.0,0.0,0.0,0.0,0.0,237.502,37.139,104.492,-8172.727,M,sensor,0,,,,,,,
2026-06-11T15:50:03.191Z,REAL,MANUAL,0.0,0.0,0.0,0.0,0.0,237.666,37.139,104.492,-8172.727,M,sensor,0,,,,,,,
2026-06-11T15:50:03.291Z,REAL,MANUAL,0.0,0.0,0.0,0.0,0.0,237.773,37.139,104.492,-8172.727,M,sensor,0,,,,,,,
2026-06-11T15:50:03.391Z,REAL,MANUAL,0.0,0.0,0.0,0.0,0.0,237.891,37.139,104.492,-8172.727,M,sensor,0,,,,,,,
2026-06-11T15:50:03.492Z,REAL,MANUAL,0.0,0.0,0.0,0.0,0.0,237.472,36.824,104.492,-8172.727,M,sensor,0,,,,,,,
2026-06-11T15:50:03.592Z,REAL,MANUAL,0.0,0.0,0.0,0.0,0.0,237.662,36.824,104.492,-8172.727,M,sensor,0,,,,,,,
2026-06-11T15:50:03.691Z,REAL,MANUAL,0.0,0.0,0.0,0.0,0.0,237.696,37.139,104.492,-8172.727,M,sensor,0,,,,,,,
2026-06-11T15:50:03.792Z,REAL,MANUAL,0.0,0.0,0.0,0.0,0.0,237.473,37.139,104.492,-8172.727,M,sensor,0,,,,,,,
2026-06-11T15:50:03.891Z,REAL,MANUAL,0.0,0.0,0.0,0.0,0.0,237.411,37.139,104.492,-8172.727,M,sensor,0,,,,,,,
2026-06-11T15:50:03.991Z,REAL,MANUAL,0.0,0.0,0.0,0.0,0.0,237.475,37.139,104.492,-8172.727,M,sensor,0,,,,,,,
2026-06-11T15:50:04.091Z,REAL,MANUAL,0.0,0.0,0.0,0.0,0.0,237.604,37.139,104.492,-8172.727,M,sensor,0,,,,,,,
2026-06-11T15:50:04.191Z,REAL,MANUAL,0.0,0.0,0.0,0.0,0.0,237.694,37.139,104.492,-8172.727,M,sensor,0,,,,,,,
2026-06-11T15:50:04.291Z,REAL,MANUAL,0.0,0.0,0.0,0.0,0.0,237.558,37.139,104.492,-8172.727,M,sensor,0,,,,,,,
2026-06-11T15:50:04.391Z,REAL,MANUAL,0.0,0.0,0.0,0.0,0.0,237.556,37.139,104.492,-8172.727,M,sensor,0,,,,,,,
2026-06-11T15:50:04.492Z,REAL,MANUAL,0.0,0.0,0.0,0.0,0.0,237.481,37.139,104.492,-8172.727,M,sensor,0,,,,,,,
2026-06-11T15:50:04.591Z,REAL,MANUAL,0.0,0.0,0.0,0.0,0.0,237.353,37.139,104.492,-8172.727,M,sensor,0,,,,,,,
2026-06-11T15:50:04.691Z,REAL,MANUAL,0.0,0.0,0.0,0.0,0.0,237.559,37.139,104.492,-8172.727,M,sensor,0,,,,,,,
2026-06-11T15:50:04.791Z,REAL,MANUAL,0.0,0.0,0.0,0.0,0.0,237.617,37.139,104.492,-8172.727,M,sensor,0,,,,,,,
2026-06-11T15:50:04.891Z,REAL,MANUAL,0.0,0.0,0.0,0.0,0.0,237.693,37.139,104.492,-8172.727,M,sensor,0,,,,,,,
2026-06-11T15:50:04.991Z,REAL,MANUAL,0.0,0.0,0.0,0.0,0.0,237.501,37.139,104.492,-8172.727,M,sensor,0,,,,,,,
2026-06-11T15:50:05.091Z,REAL,MANUAL,0.0,0.0,0.0,0.0,0.0,237.652,37.139,104.492,-8172.727,M,sensor,0,,,,,,,
2026-06-11T15:50:05.191Z,REAL,MANUAL,0.0,0.0,0.0,0.0,0.0,237.497,37.139,104.492,-8172.727,M,sensor,0,,,,,,,
2026-06-11T15:50:05.291Z,REAL,MANUAL,0.0,0.0,0.0,0.0,0.0,237.492,37.139,104.492,-8172.727,M,sensor,0,,,,,,,
2026-06-11T15:50:05.391Z,REAL,MANUAL,0.0,0.0,0.0,0.0,0.0,237.605,37.139,104.492,-8172.727,M,sensor,0,,,,,,,
2026-06-11T15:50:05.491Z,REAL,MANUAL,0.0,0.0,0.0,0.0,0.0,237.537,37.139,104.492,-8172.727,M,sensor,0,,,,,,,
2026-06-11T15:50:05.591Z,REAL,MANUAL,0.0,0.0,0.0,0.0,0.0,237.508,37.139,104.492,-8172.727,M,sensor,0,,,,,,,
2026-06-11T15:50:05.691Z,REAL,MANUAL,0.0,0.0,0.0,0.0,0.0,237.517,37.139,104.492,-8172.727,M,sensor,0,,,,,,,
2026-06-11T15:50:05.791Z,REAL,MANUAL,0.0,0.0,0.0,0.0,0.0,237.399,37.139,104.492,-8172.727,M,sensor,0,,,,,,,
2026-06-11T15:50:05.891Z,REAL,MANUAL,0.0,0.0,0.0,0.0,0.0,237.69,37.139,104.492,-8172.727,M,sensor,0,,,,,,,
2026-06-11T15:50:05.991Z,REAL,MANUAL,0.0,0.0,0.0,0.0,0.0,237.366,37.139,104.492,-8172.727,M,sensor,0,,,,,,,
2026-06-11T15:50:06.091Z,REAL,MANUAL,0.0,0.0,0.0,0.0,0.0,237.593,37.139,104.492,-8172.727,M,sensor,0,,,,,,,
2026-06-11T15:50:06.191Z,REAL,MANUAL,0.0,0.0,0.0,0.0,0.0,237.438,37.139,104.492,-8172.727,M,sensor,0,,,,,,,
2026-06-11T15:50:06.291Z,REAL,MANUAL,0.0,0.0,0.0,0.0,0.0,237.544,37.139,104.492,-8172.727,M,sensor,0,,,,,,,
2026-06-11T15:50:06.391Z,REAL,MANUAL,0.0,0.0,0.0,0.0,0.0,237.448,37.139,104.492,-8172.727,M,sensor,0,,,,,,,
2026-06-11T15:50:06.492Z,REAL,MANUAL,0.0,0.0,0.0,0.0,0.0,237.72,37.453,104.492,-8172.727,M,sensor,0,,,,,,,
2026-06-11T15:50:06.591Z,REAL,MANUAL,0.0,0.0,0.0,0.0,0.0,237.787,37.453,104.177,-8172.727,M,sensor,0,,,,,,,
2026-06-11T15:50:06.691Z,REAL,MANUAL,0.0,0.0,0.0,0.0,0.0,237.689,37.453,104.177,-8172.727,M,sensor,0,,,,,,,
2026-06-11T15:50:06.791Z,REAL,MANUAL,0.0,0.0,0.0,0.0,0.0,237.621,37.453,104.177,-8172.727,M,sensor,0,,,,,,,
2026-06-11T15:50:06.891Z,REAL,MANUAL,0.0,0.0,0.0,0.0,0.0,237.69,37.139,104.492,-8172.727,M,sensor,0,,,,,,,
2026-06-11T15:50:06.991Z,REAL,MANUAL,0.0,0.0,0.0,0.0,0.0,237.642,37.139,104.492,-8172.727,M,sensor,0,,,,,,,
2026-06-11T15:50:07.091Z,REAL,MANUAL,0.0,0.0,0.0,0.0,0.0,237.618,37.139,104.492,-8172.727,M,sensor,0,,,,,,,
2026-06-11T15:50:07.192Z,REAL,MANUAL,0.0,0.0,0.0,0.0,0.0,237.648,37.139,104.492,-8172.727,M,sensor,0,,,,,,,
2026-06-11T15:50:07.292Z,REAL,MANUAL,0.0,0.0,0.0,0.0,0.0,237.806,37.139,104.492,-8172.727,M,sensor,0,,,,,,,
2026-06-11T15:50:07.392Z,REAL,MANUAL,0.0,0.0,0.0,0.0,0.0,237.596,37.139,104.492,-8172.727,M,sensor,0,,,,,,,
2026-06-11T15:50:07.491Z,REAL,MANUAL,0.0,0.0,0.0,0.0,0.0,237.74,37.139,104.492,-8172.727,M,sensor,0,,,,,,,
2026-06-11T15:50:07.591Z,REAL,MANUAL,0.0,0.0,0.0,0.0,0.0,237.489,37.139,104.492,-8172.727,M,sensor,0,,,,,,,
2026-06-11T15:50:07.691Z,REAL,MANUAL,0.0,0.0,0.0,0.0,0.0,237.417,37.139,104.492,-8172.727,M,sensor,0,,,,,,,
2026-06-11T15:50:07.792Z,REAL,MANUAL,0.0,0.0,0.0,0.0,0.0,237.442,37.139,104.492,-8172.727,M,sensor,0,,,,,,,
2026-06-11T15:50:07.891Z,REAL,MANUAL,0.0,0.0,0.0,0.0,0.0,237.616,37.139,104.492,-8172.727,M,sensor,0,,,,,,,
2026-06-11T15:50:07.991Z,REAL,MANUAL,0.0,0.0,0.0,0.0,0.0,237.614,37.139,104.492,-8172.727,M,sensor,0,,,,,,,
2026-06-11T15:50:08.091Z,REAL,MANUAL,0.0,0.0,0.0,0.0,0.0,237.506,37.139,104.492,-8172.727,M,sensor,0,,,,,,,
2026-06-11T15:50:08.191Z,REAL,MANUAL,0.0,0.0,0.0,0.0,0.0,237.71,37.139,104.492,-8172.727,M,sensor,0,,,,,,,
2026-06-11T15:50:08.291Z,REAL,MANUAL,0.0,0.0,0.0,0.0,0.0,237.8,37.139,104.492,-8172.727,M,sensor,0,,,,,,,
2026-06-11T15:50:08.391Z,REAL,MANUAL,0.0,0.0,0.0,0.0,0.0,237.64,37.139,104.492,-8172.727,M,sensor,0,,,,,,,
2026-06-11T15:50:08.491Z,REAL,MANUAL,0.0,0.0,0.0,0.0,0.0,237.81,37.139,104.492,-8172.727,M,sensor,0,,,,,,,
2026-06-11T15:50:08.591Z,REAL,MANUAL,0.0,0.0,0.0,0.0,0.0,237.874,37.139,104.492,-8172.727,M,sensor,0,,,,,,,
2026-06-11T15:50:08.691Z,REAL,MANUAL,0.0,0.0,0.0,0.0,0.0,237.634,37.139,104.492,-8172.727,M,sensor,0,,,,,,,
2026-06-11T15:50:08.791Z,REAL,MANUAL,0.0,0.0,0.0,0.0,0.0,237.481,37.139,104.492,-8172.727,M,sensor,0,,,,,,,
2026-06-11T15:50:08.891Z,REAL,MANUAL,0.0,0.0,0.0,0.0,0.0,237.357,37.139,104.492,-8172.727,M,sensor,0,,,,,,,
2026-06-11T15:50:08.991Z,REAL,MANUAL,0.0,0.0,0.0,0.0,0.0,237.521,37.139,104.492,-8172.727,M,sensor,0,,,,,,,
2026-06-11T15:50:09.091Z,REAL,MANUAL,0.0,0.0,0.0,0.0,0.0,237.53,37.139,104.492,-8172.727,M,sensor,0,,,,,,,
2026-06-11T15:50:09.191Z,REAL,MANUAL,0.0,0.0,0.0,0.0,0.0,237.655,37.139,104.492,-8172.727,M,sensor,0,,,,,,,
2026-06-11T15:50:09.292Z,REAL,MANUAL,0.0,0.0,0.0,0.0,0.0,237.907,37.139,104.492,-8172.727,M,sensor,0,,,,,,,
2026-06-11T15:50:09.391Z,REAL,MANUAL,0.0,0.0,0.0,0.0,0.0,237.602,37.139,104.492,-8172.727,M,sensor,0,,,,,,,
2026-06-11T15:50:09.491Z,REAL,MANUAL,0.0,0.0,0.0,0.0,0.0,237.534,37.139,104.492,-8172.727,M,sensor,0,,,,,,,
2026-06-11T15:50:09.591Z,REAL,MANUAL,0.0,0.0,0.0,0.0,0.0,237.486,37.139,104.807,-8172.727,M,sensor,0,,,,,,,
2026-06-11T15:50:09.691Z,REAL,MANUAL,0.0,0.0,0.0,0.0,0.0,237.671,37.139,104.807,-8172.727,M,sensor,0,,,,,,,
2026-06-11T15:50:09.791Z,REAL,MANUAL,0.0,0.0,0.0,0.0,0.0,237.49,37.139,104.807,-8172.727,M,sensor,0,,,,,,,
2026-06-11T15:50:09.891Z,REAL,MANUAL,0.0,0.0,0.0,0.0,0.0,237.835,37.139,104.807,-8172.727,M,sensor,0,,,,,,,
2026-06-11T15:50:09.992Z,REAL,MANUAL,0.0,0.0,0.0,0.0,0.0,237.58,37.139,104.807,-8172.727,M,sensor,0,,,,,,,
2026-06-11T15:50:10.092Z,REAL,MANUAL,0.0,0.0,0.0,0.0,0.0,237.711,37.139,104.807,-8172.727,M,sensor,0,,,,,,,
2026-06-11T15:50:10.191Z,REAL,MANUAL,0.0,0.0,0.0,0.0,0.0,237.503,37.139,104.807,-8172.727,M,sensor,0,,,,,,,
2026-06-11T15:50:10.291Z,REAL,MANUAL,0.0,0.0,0.0,0.0,0.0,237.814,37.139,104.807,-8172.727,M,sensor,0,,,,,,,
2026-06-11T15:50:10.391Z,REAL,MANUAL,0.0,0.0,0.0,0.0,0.0,237.657,37.139,104.807,-8172.727,M,sensor,0,,,,,,,
2026-06-11T15:50:10.491Z,REAL,MANUAL,0.0,0.0,0.0,0.0,0.0,237.628,37.139,104.807,-8172.727,M,sensor,0,,,,,,,
2026-06-11T15:50:10.591Z,REAL,MANUAL,0.0,0.0,0.0,0.0,0.0,237.733,37.139,104.807,-8172.727,M,sensor,0,,,,,,,
2026-06-11T15:50:10.691Z,REAL,MANUAL,0.0,0.0,0.0,0.0,0.0,237.4,36.824,104.807,-8172.727,M,sensor,0,,,,,,,
2026-06-11T15:50:10.791Z,REAL,MANUAL,0.0,0.0,0.0,0.0,0.0,237.414,36.824,104.492,-8172.727,M,sensor,0,,,,,,,
2026-06-11T15:50:10.891Z,REAL,MANUAL,0.0,0.0,0.0,0.0,0.0,237.213,36.824,104.492,-8172.727,M,sensor,0,,,,,,,
2026-06-11T15:50:10.991Z,REAL,MANUAL,0.0,0.0,0.0,0.0,0.0,237.68,36.824,104.492,-8172.727,M,sensor,0,,,,,,,
2026-06-11T15:50:11.091Z,REAL,MANUAL,0.0,0.0,0.0,0.0,0.0,237.77,36.824,104.492,-8172.727,M,sensor,0,,,,,,,
2026-06-11T15:50:11.191Z,REAL,MANUAL,0.0,0.0,0.0,0.0,0.0,237.482,36.824,104.492,-8172.727,M,sensor,0,,,,,,,
2026-06-11T15:50:11.291Z,REAL,MANUAL,0.0,0.0,0.0,0.0,0.0,237.716,36.824,104.492,-8172.727,M,sensor,0,,,,,,,
2026-06-11T15:50:11.391Z,REAL,MANUAL,0.0,0.0,0.0,0.0,0.0,237.552,36.824,104.807,-8172.727,M,sensor,0,,,,,,,
2026-06-11T15:50:11.491Z,REAL,MANUAL,0.0,0.0,0.0,0.0,0.0,237.638,36.824,104.807,-8172.727,M,sensor,0,,,,,,,
2026-06-11T15:50:11.591Z,REAL,MANUAL,0.0,0.0,0.0,0.0,0.0,237.609,36.824,104.807,-8172.727,M,sensor,0,,,,,,,
2026-06-11T15:50:11.691Z,REAL,MANUAL,0.0,0.0,0.0,0.0,0.0,237.668,36.824,104.807,-8172.727,M,sensor,0,,,,,,,
2026-06-11T15:50:11.791Z,REAL,MANUAL,0.0,0.0,0.0,0.0,0.0,237.534,36.824,104.807,-8172.727,M,sensor,0,,,,,,,
2026-06-11T15:50:11.892Z,REAL,MANUAL,0.0,0.0,0.0,0.0,0.0,237.561,36.824,104.807,-8172.727,M,sensor,0,,,,,,,
2026-06-11T15:50:11.991Z,REAL,MANUAL,0.0,0.0,0.0,0.0,0.0,237.458,36.824,104.807,-8172.727,M,sensor,0,,,,,,,
2026-06-11T15:50:12.091Z,REAL,MANUAL,0.0,0.0,0.0,0.0,0.0,237.756,36.824,104.807,-8172.727,M,sensor,0,,,,,,,
2026-06-11T15:50:12.191Z,REAL,MANUAL,0.0,0.0,0.0,0.0,0.0,237.566,36.824,104.807,-8172.727,M,sensor,0,,,,,,,
2026-06-11T15:50:12.292Z,REAL,MANUAL,0.0,0.0,0.0,0.0,0.0,237.484,36.824,104.807,-8172.727,M,sensor,0,,,,,,,
2026-06-11T15:50:12.391Z,REAL,MANUAL,0.0,0.0,0.0,0.0,0.0,237.489,36.824,104.807,-8172.727,M,sensor,0,,,,,,,
2026-06-11T15:50:12.492Z,REAL,MANUAL,0.0,0.0,0.0,0.0,0.0,237.55,36.824,104.807,-8172.727,M,sensor,0,,,,,,,
2026-06-11T15:50:12.592Z,REAL,MANUAL,0.0,0.0,0.0,0.0,0.0,237.7,36.824,104.807,-8172.727,M,sensor,0,,,,,,,
2026-06-11T15:50:12.692Z,REAL,MANUAL,0.0,0.0,0.0,0.0,0.0,237.8,36.824,104.807,-8172.727,M,sensor,0,,,,,,,
2026-06-11T15:50:12.791Z,REAL,MANUAL,0.0,0.0,0.0,0.0,0.0,237.611,36.824,104.807,-8172.727,M,sensor,0,,,,,,,
2026-06-11T15:50:12.891Z,REAL,MANUAL,0.0,0.0,0.0,0.0,0.0,237.742,36.824,104.807,-8172.727,M,sensor,0,,,,,,,
2026-06-11T15:50:12.991Z,REAL,MANUAL,0.0,0.0,0.0,0.0,0.0,237.738,36.824,104.807,-8172.727,M,sensor,0,,,,,,,
2026-06-11T15:50:13.093Z,REAL,MANUAL,0.0,0.0,0.0,0.0,0.0,237.687,36.824,104.807,-8172.727,M,sensor,0,,,,,,,
2026-06-11T15:50:13.192Z,REAL,MANUAL,0.0,0.0,0.0,0.0,0.0,237.742,36.824,104.807,-8172.727,M,sensor,0,,,,,,,
2026-06-11T15:50:13.292Z,REAL,MANUAL,0.0,0.0,0.0,0.0,0.0,237.765,36.824,104.807,-8172.727,M,sensor,0,,,,,,,
2026-06-11T15:50:13.392Z,REAL,MANUAL,0.0,0.0,0.0,0.0,0.0,237.89,36.824,104.807,-8172.727,M,sensor,0,,,,,,,
2026-06-11T15:50:13.492Z,REAL,MANUAL,0.0,0.0,0.0,0.0,0.0,237.734,36.824,104.807,-8172.727,M,sensor,0,,,,,,,
2026-06-11T15:50:13.591Z,REAL,MANUAL,0.0,0.0,0.0,0.0,0.0,237.685,36.824,104.807,-8172.727,M,sensor,0,,,,,,,
2026-06-11T15:50:13.692Z,REAL,MANUAL,0.0,0.0,0.0,0.0,0.0,237.699,36.824,104.807,-8172.727,M,sensor,0,,,,,,,
2026-06-11T15:50:13.792Z,REAL,MANUAL,0.0,0.0,0.0,0.0,0.0,237.837,36.824,104.807,-8172.727,M,sensor,0,,,,,,,
2026-06-11T15:50:13.891Z,REAL,MANUAL,0.0,0.0,0.0,0.0,0.0,237.601,36.824,104.807,-8172.727,M,sensor,0,,,,,,,
2026-06-11T15:50:13.992Z,REAL,MANUAL,0.0,0.0,0.0,0.0,0.0,237.941,37.139,104.807,-8172.727,M,sensor,0,,,,,,,
2026-06-11T15:50:14.092Z,REAL,MANUAL,0.0,0.0,0.0,0.0,0.0,237.912,37.139,104.492,-8172.727,M,sensor,0,,,,,,,
2026-06-11T15:50:14.192Z,REAL,MANUAL,0.0,0.0,0.0,0.0,0.0,237.815,37.139,104.492,-8172.727,M,sensor,0,,,,,,,
2026-06-11T15:50:14.292Z,REAL,MANUAL,0.0,0.0,0.0,0.0,0.0,237.809,37.139,104.492,-8172.727,M,sensor,0,,,,,,,
2026-06-11T15:50:14.392Z,REAL,MANUAL,0.0,0.0,0.0,0.0,0.0,237.875,37.139,104.492,-8172.727,M,sensor,0,,,,,,,
2026-06-11T15:50:14.492Z,REAL,MANUAL,0.0,0.0,0.0,0.0,0.0,237.751,37.139,104.492,-8172.727,M,sensor,0,,,,,,,
2026-06-11T15:50:14.592Z,REAL,MANUAL,0.0,0.0,0.0,0.0,0.0,237.734,37.139,104.492,-8172.727,M,sensor,0,,,,,,,
2026-06-11T15:50:14.691Z,REAL,MANUAL,0.0,0.0,0.0,0.0,0.0,237.653,36.824,104.492,-8172.727,M,sensor,0,,,,,,,
2026-06-11T15:50:14.792Z,REAL,MANUAL,0.0,0.0,0.0,0.0,0.0,237.744,36.824,104.492,-8172.727,M,sensor,0,,,,,,,
2026-06-11T15:50:14.892Z,REAL,MANUAL,0.0,0.0,0.0,0.0,0.0,237.849,36.824,104.807,-8172.727,M,sensor,0,,,,,,,
2026-06-11T15:50:14.991Z,REAL,MANUAL,0.0,0.0,0.0,0.0,0.0,237.733,36.824,104.807,-8172.727,M,sensor,0,,,,,,,
2026-06-11T15:50:15.092Z,REAL,MANUAL,0.0,0.0,0.0,0.0,0.0,237.857,36.824,104.807,-8172.727,M,sensor,0,,,,,,,
2026-06-11T15:50:15.191Z,REAL,MANUAL,0.0,0.0,0.0,0.0,0.0,237.849,36.824,104.807,-8172.727,M,sensor,0,,,,,,,
2026-06-11T15:50:15.291Z,REAL,MANUAL,0.0,0.0,0.0,0.0,0.0,237.549,36.824,104.492,-8172.727,M,sensor,0,,,,,,,
2026-06-11T15:50:15.391Z,REAL,MANUAL,0.0,0.0,0.0,0.0,0.0,237.887,36.824,104.492,-8172.727,M,sensor,0,,,,,,,
2026-06-11T15:50:15.491Z,REAL,MANUAL,0.0,0.0,0.0,0.0,0.0,237.613,36.824,104.492,-8172.727,M,sensor,0,,,,,,,
2026-06-11T15:50:15.591Z,REAL,MANUAL,0.0,0.0,0.0,0.0,0.0,237.512,36.824,104.492,-8172.727,M,sensor,0,,,,,,,
2026-06-11T15:50:15.691Z,REAL,MANUAL,0.0,0.0,0.0,0.0,0.0,237.545,36.824,104.492,-8172.727,M,sensor,0,,,,,,,
2026-06-11T15:50:15.791Z,REAL,MANUAL,0.0,0.0,0.0,0.0,0.0,237.633,36.824,104.492,-8172.727,M,sensor,0,,,,,,,
2026-06-11T15:50:15.891Z,REAL,MANUAL,0.0,0.0,0.0,0.0,0.0,237.525,36.824,104.492,-8172.727,M,sensor,0,,,,,,,
2026-06-11T15:50:15.991Z,REAL,MANUAL,0.0,0.0,0.0,0.0,0.0,237.704,36.824,104.492,-8172.727,M,sensor,0,,,,,,,
2026-06-11T15:50:16.091Z,REAL,MANUAL,0.0,0.0,0.0,0.0,0.0,237.602,36.824,104.492,-8172.727,M,sensor,0,,,,,,,
2026-06-11T15:50:16.191Z,REAL,MANUAL,0.0,0.0,0.0,0.0,0.0,237.674,36.824,104.492,-8172.727,M,sensor,0,,,,,,,
2026-06-11T15:50:16.291Z,REAL,MANUAL,0.0,0.0,0.0,0.0,0.0,237.437,36.824,104.492,-8172.727,M,sensor,0,,,,,,,
2026-06-11T15:50:16.391Z,REAL,MANUAL,0.0,0.0,0.0,0.0,0.0,237.589,36.824,104.492,-8172.727,M,sensor,0,,,,,,,
2026-06-11T15:50:16.491Z,REAL,MANUAL,0.0,0.0,0.0,0.0,0.0,237.788,36.824,104.492,-8172.727,M,sensor,0,,,,,,,
2026-06-11T15:50:16.591Z,REAL,MANUAL,0.0,0.0,0.0,0.0,0.0,237.535,36.824,104.492,-8172.727,M,sensor,0,,,,,,,
2026-06-11T15:50:16.691Z,REAL,MANUAL,0.0,0.0,0.0,0.0,0.0,237.445,36.824,104.492,-8172.727,M,sensor,0,,,,,,,
2026-06-11T15:50:16.791Z,REAL,MANUAL,0.0,0.0,0.0,0.0,0.0,237.476,36.824,104.492,-8172.727,M,sensor,0,,,,,,,
2026-06-11T15:50:16.891Z,REAL,MANUAL,0.0,0.0,0.0,0.0,0.0,237.648,36.824,104.492,-8172.727,M,sensor,0,,,,,,,
2026-06-11T15:50:16.991Z,REAL,MANUAL,0.0,0.0,0.0,0.0,0.0,237.633,36.824,104.492,-8172.727,M,sensor,0,,,,,,,
2026-06-11T15:50:17.091Z,REAL,MANUAL,0.0,0.0,0.0,0.0,0.0,237.819,36.824,104.492,-8172.727,M,sensor,0,,,,,,,
2026-06-11T15:50:17.191Z,REAL,MANUAL,0.0,0.0,0.0,0.0,0.0,237.554,36.824,104.492,-8172.727,M,sensor,0,,,,,,,
2026-06-11T15:50:17.291Z,REAL,MANUAL,0.0,0.0,0.0,0.0,0.0,237.722,36.824,104.492,-8172.727,M,sensor,0,,,,,,,
2026-06-11T15:50:17.391Z,REAL,MANUAL,0.0,0.0,0.0,0.0,0.0,237.724,36.824,104.492,-8172.727,M,sensor,0,,,,,,,
2026-06-11T15:50:17.491Z,REAL,MANUAL,0.0,0.0,0.0,0.0,0.0,237.581,36.824,104.492,-8172.727,M,sensor,0,,,,,,,
2026-06-11T15:50:17.591Z,REAL,MANUAL,0.0,0.0,0.0,0.0,0.0,237.623,36.824,104.492,-8172.727,M,sensor,0,,,,,,,
2026-06-11T15:50:17.691Z,REAL,MANUAL,0.0,0.0,0.0,0.0,0.0,237.704,36.824,104.492,-8172.727,M,sensor,0,,,,,,,
2026-06-11T15:50:17.794Z,REAL,MANUAL,0.0,0.0,0.0,0.0,0.0,237.503,36.824,104.492,-8172.727,M,sensor,0,,,,,,,
2026-06-11T15:50:17.891Z,REAL,MANUAL,0.0,0.0,0.0,0.0,0.0,237.678,36.824,104.492,-8172.727,M,sensor,0,,,,,,,
2026-06-11T15:50:17.991Z,REAL,MANUAL,0.0,0.0,0.0,0.0,0.0,237.738,37.139,104.492,-8172.727,M,sensor,0,,,,,,,
2026-06-11T15:50:18.091Z,REAL,MANUAL,0.0,0.0,0.0,0.0,0.0,237.524,37.139,104.492,-8172.727,M,sensor,0,,,,,,,
2026-06-11T15:50:18.192Z,REAL,MANUAL,0.0,0.0,0.0,0.0,0.0,237.678,37.139,104.492,-8172.727,M,sensor,0,,,,,,,
2026-06-11T15:50:18.291Z,REAL,MANUAL,0.0,0.0,0.0,0.0,0.0,237.822,37.139,104.492,-8172.727,M,sensor,0,,,,,,,
2026-06-11T15:50:18.391Z,REAL,MANUAL,0.0,0.0,0.0,0.0,0.0,237.806,37.139,104.492,-8172.727,M,sensor,0,,,,,,,
2026-06-11T15:50:18.491Z,REAL,MANUAL,0.0,0.0,0.0,0.0,0.0,237.587,37.139,104.492,-8172.727,M,sensor,0,,,,,,,
2026-06-11T15:50:18.591Z,REAL,MANUAL,0.0,0.0,0.0,0.0,0.0,237.606,37.139,104.492,-8172.727,M,sensor,0,,,,,,,
2026-06-11T15:50:18.691Z,REAL,MANUAL,0.0,0.0,0.0,0.0,0.0,237.676,37.139,104.492,-8172.727,M,sensor,0,,,,,,,
2026-06-11T15:50:18.791Z,REAL,MANUAL,0.0,0.0,0.0,0.0,0.0,237.691,37.139,104.492,-8172.727,M,sensor,0,,,,,,,
2026-06-11T15:50:18.891Z,REAL,MANUAL,0.0,0.0,0.0,0.0,0.0,237.389,37.139,104.492,-8172.727,M,sensor,0,,,,,,,
2026-06-11T15:50:18.991Z,REAL,MANUAL,0.0,0.0,0.0,0.0,0.0,237.68,36.824,104.492,-8172.727,M,sensor,0,,,,,,,
2026-06-11T15:50:19.091Z,REAL,MANUAL,0.0,0.0,0.0,0.0,0.0,237.612,36.824,104.492,-8172.727,M,sensor,0,,,,,,,
2026-06-11T15:50:19.191Z,REAL,MANUAL,0.0,0.0,0.0,0.0,0.0,237.504,36.824,104.492,-8172.727,M,sensor,0,,,,,,,
2026-06-11T15:50:19.291Z,REAL,MANUAL,0.0,0.0,0.0,0.0,0.0,237.642,37.139,104.177,-8172.727,M,sensor,0,,,,,,,
2026-06-11T15:50:19.391Z,REAL,MANUAL,0.0,0.0,0.0,0.0,0.0,237.643,36.824,104.177,-8172.727,M,sensor,0,,,,,,,
2026-06-11T15:50:19.491Z,REAL,MANUAL,0.0,0.0,0.0,0.0,0.0,237.407,36.824,104.177,-8172.727,M,sensor,0,,,,,,,
2026-06-11T15:50:19.591Z,REAL,MANUAL,0.0,0.0,0.0,0.0,0.0,237.519,36.824,104.177,-8172.727,M,sensor,0,,,,,,,
2026-06-11T15:50:19.691Z,REAL,MANUAL,0.0,0.0,0.0,0.0,0.0,237.521,36.824,104.177,-8172.727,M,sensor,0,,,,,,,
2026-06-11T15:50:19.791Z,REAL,MANUAL,0.0,0.0,0.0,0.0,0.0,237.427,36.824,104.177,-8172.727,M,sensor,0,,,,,,,
2026-06-11T15:50:19.891Z,REAL,MANUAL,0.0,0.0,0.0,0.0,0.0,237.339,37.139,104.177,-8172.727,M,sensor,0,,,,,,,
2026-06-11T15:50:19.991Z,REAL,MANUAL,0.0,0.0,0.0,0.0,0.0,237.548,37.139,104.177,-8172.727,M,sensor,0,,,,,,,
2026-06-11T15:50:20.091Z,REAL,MANUAL,0.0,0.0,0.0,0.0,0.0,237.554,37.139,104.177,-8172.727,M,sensor,0,,,,,,,
2026-06-11T15:50:20.191Z,REAL,MANUAL,0.0,0.0,0.0,0.0,0.0,237.748,37.139,104.177,-8172.727,M,sensor,0,,,,,,,
2026-06-11T15:50:20.291Z,REAL,MANUAL,0.0,0.0,0.0,0.0,0.0,237.631,37.139,104.177,-8172.727,M,sensor,0,,,,,,,
2026-06-11T15:50:20.391Z,REAL,MANUAL,0.0,0.0,0.0,0.0,0.0,237.529,37.139,104.177,-8172.727,M,sensor,0,,,,,,,
2026-06-11T15:50:20.491Z,REAL,MANUAL,0.0,0.0,0.0,0.0,0.0,237.728,37.139,104.177,-8172.727,M,sensor,0,,,,,,,
2026-06-11T15:50:20.591Z,REAL,MANUAL,0.0,0.0,0.0,0.0,0.0,237.577,37.139,104.177,-8172.727,M,sensor,0,,,,,,,
2026-06-11T15:50:20.691Z,REAL,MANUAL,0.0,0.0,0.0,0.0,0.0,237.617,37.139,104.177,-8172.727,M,sensor,0,,,,,,,
2026-06-11T15:50:20.791Z,REAL,MANUAL,0.0,0.0,0.0,0.0,0.0,237.462,37.139,104.177,-8172.727,M,sensor,0,,,,,,,
2026-06-11T15:50:20.891Z,REAL,MANUAL,0.0,0.0,0.0,0.0,0.0,237.682,37.139,104.177,-8172.727,M,sensor,0,,,,,,,
2026-06-11T15:50:20.991Z,REAL,MANUAL,0.0,0.0,0.0,0.0,0.0,237.561,37.139,104.177,-8172.727,M,sensor,0,,,,,,,
2026-06-11T15:50:21.091Z,REAL,MANUAL,0.0,0.0,0.0,0.0,0.0,237.671,37.139,104.177,-8172.727,M,sensor,0,,,,,,,
2026-06-11T15:50:21.191Z,REAL,MANUAL,0.0,0.0,0.0,0.0,0.0,237.565,37.139,104.177,-8172.727,M,sensor,0,,,,,,,
2026-06-11T15:50:21.291Z,REAL,MANUAL,0.0,0.0,0.0,0.0,0.0,237.849,37.139,104.177,-8172.727,M,sensor,0,,,,,,,
2026-06-11T15:50:21.391Z,REAL,MANUAL,0.0,0.0,0.0,0.0,0.0,237.77,36.824,103.863,-8172.727,M,sensor,0,,,,,,,
2026-06-11T15:50:21.491Z,REAL,MANUAL,0.0,0.0,0.0,0.0,0.0,237.867,36.824,103.863,-8172.727,M,sensor,0,,,,,,,
2026-06-11T15:50:21.591Z,REAL,MANUAL,0.0,0.0,0.0,0.0,0.0,237.735,36.824,103.863,-8172.727,M,sensor,0,,,,,,,
2026-06-11T15:50:21.691Z,REAL,MANUAL,0.0,0.0,0.0,0.0,0.0,237.618,36.824,103.863,-8172.727,M,sensor,0,,,,,,,
2026-06-11T15:50:21.791Z,REAL,MANUAL,0.0,0.0,0.0,0.0,0.0,237.661,36.824,103.863,-8172.727,M,sensor,0,,,,,,,
2026-06-11T15:50:21.891Z,REAL,MANUAL,0.0,0.0,0.0,0.0,0.0,237.687,36.824,103.548,-8172.727,M,sensor,0,,,,,,,
2026-06-11T15:50:21.991Z,REAL,MANUAL,0.0,0.0,0.0,0.0,0.0,237.56,36.824,103.548,-8172.727,M,sensor,0,,,,,,,
2026-06-11T15:50:22.091Z,REAL,MANUAL,0.0,0.0,0.0,0.0,0.0,237.628,36.509,103.548,-8172.727,M,sensor,0,,,,,,,
2026-06-11T15:50:22.191Z,REAL,MANUAL,0.0,0.0,0.0,0.0,0.0,237.512,36.509,103.548,-8172.727,M,sensor,0,,,,,,,
2026-06-11T15:50:22.291Z,REAL,MANUAL,0.0,0.0,0.0,0.0,0.0,237.67,36.509,103.233,-8172.727,M,sensor,0,,,,,,,
2026-06-11T15:50:22.391Z,REAL,MANUAL,0.0,0.0,0.0,0.0,0.0,237.596,36.509,103.233,-8172.727,M,sensor,0,,,,,,,
2026-06-11T15:50:22.491Z,REAL,MANUAL,0.0,0.0,0.0,0.0,0.0,237.652,36.509,103.233,-8172.727,M,sensor,0,,,,,,,
2026-06-11T15:50:22.591Z,REAL,MANUAL,0.0,0.0,0.0,0.0,0.0,237.867,36.509,103.233,-8172.727,M,sensor,0,,,,,,,
2026-06-11T15:50:22.691Z,REAL,MANUAL,0.0,0.0,0.0,0.0,0.0,237.563,36.509,103.233,-8172.727,M,sensor,0,,,,,,,
2026-06-11T15:50:22.791Z,REAL,MANUAL,0.0,0.0,0.0,0.0,0.0,237.609,36.509,103.233,-8172.727,M,sensor,0,,,,,,,
2026-06-11T15:50:22.892Z,REAL,MANUAL,0.0,0.0,0.0,0.0,0.0,237.711,36.509,103.233,-8172.727,M,sensor,0,,,,,,,
2026-06-11T15:50:22.992Z,REAL,MANUAL,0.0,0.0,0.0,0.0,0.0,237.732,36.509,103.233,-8172.727,M,sensor,0,,,,,,,
2026-06-11T15:50:23.091Z,REAL,MANUAL,0.0,0.0,0.0,0.0,0.0,237.493,36.509,103.233,-8172.727,M,sensor,0,,,,,,,
2026-06-11T15:50:23.191Z,REAL,MANUAL,0.0,0.0,0.0,0.0,0.0,237.742,36.509,103.233,-8172.727,M,sensor,0,,,,,,,
2026-06-11T15:50:23.291Z,REAL,MANUAL,0.0,0.0,0.0,0.0,0.0,237.547,36.509,103.233,-8172.727,M,sensor,0,,,,,,,
2026-06-11T15:50:23.392Z,REAL,MANUAL,0.0,0.0,0.0,0.0,0.0,237.55,36.509,103.233,-8172.727,M,sensor,0,,,,,,,
2026-06-11T15:50:23.491Z,REAL,MANUAL,0.0,0.0,0.0,0.0,0.0,237.631,36.509,103.233,-8172.727,M,sensor,0,,,,,,,
2026-06-11T15:50:23.591Z,REAL,MANUAL,0.0,0.0,0.0,0.0,0.0,237.567,36.509,103.233,-8172.727,M,sensor,0,,,,,,,
2026-06-11T15:50:23.691Z,REAL,MANUAL,0.0,0.0,0.0,0.0,0.0,237.701,36.509,103.233,-8172.727,M,sensor,0,,,,,,,
2026-06-11T15:50:23.791Z,REAL,MANUAL,0.0,0.0,0.0,0.0,0.0,237.507,36.509,103.233,-8172.727,M,sensor,0,,,,,,,
2026-06-11T15:50:23.891Z,REAL,MANUAL,0.0,0.0,0.0,0.0,0.0,237.477,36.509,102.918,-8172.727,M,sensor,0,,,,,,,
2026-06-11T15:50:23.991Z,REAL,MANUAL,0.0,0.0,0.0,0.0,0.0,237.571,36.509,103.233,-8172.727,M,sensor,0,,,,,,,
2026-06-11T15:50:24.091Z,REAL,MANUAL,0.0,0.0,0.0,0.0,0.0,237.727,36.509,103.233,-8172.727,M,sensor,0,,,,,,,
2026-06-11T15:50:24.191Z,REAL,MANUAL,0.0,0.0,0.0,0.0,0.0,237.742,36.509,102.918,-8172.727,M,sensor,0,,,,,,,
2026-06-11T15:50:24.292Z,REAL,MANUAL,0.0,0.0,0.0,0.0,0.0,237.779,36.509,102.918,-8172.727,M,sensor,0,,,,,,,
2026-06-11T15:50:24.391Z,REAL,MANUAL,0.0,0.0,0.0,0.0,0.0,237.743,36.509,102.918,-8172.727,M,sensor,0,,,,,,,
2026-06-11T15:50:24.491Z,REAL,MANUAL,0.0,0.0,0.0,0.0,0.0,237.207,36.509,102.918,-8172.727,M,sensor,0,,,,,,,
2026-06-11T15:50:24.591Z,REAL,MANUAL,0.0,0.0,0.0,0.0,0.0,237.723,36.509,102.918,-8172.727,M,sensor,0,,,,,,,
2026-06-11T15:50:24.691Z,REAL,MANUAL,0.0,0.0,0.0,0.0,0.0,237.585,36.509,102.918,-8172.727,M,sensor,0,,,,,,,
2026-06-11T15:50:24.791Z,REAL,MANUAL,0.0,0.0,0.0,0.0,0.0,237.641,36.509,102.918,-8172.727,M,sensor,0,,,,,,,
2026-06-11T15:50:24.891Z,REAL,MANUAL,0.0,0.0,0.0,0.0,0.0,237.68,36.509,102.918,-8172.727,M,sensor,0,,,,,,,
2026-06-11T15:50:24.991Z,REAL,MANUAL,0.0,0.0,0.0,0.0,0.0,237.779,36.509,102.918,-8172.727,M,sensor,0,,,,,,,
2026-06-11T15:50:25.091Z,REAL,MANUAL,0.0,0.0,0.0,0.0,0.0,237.644,36.509,102.918,-8172.727,M,sensor,0,,,,,,,
2026-06-11T15:50:25.191Z,REAL,MANUAL,0.0,0.0,0.0,0.0,0.0,237.737,36.509,102.918,-8172.727,M,sensor,0,,,,,,,
2026-06-11T15:50:25.292Z,REAL,MANUAL,0.0,0.0,0.0,0.0,0.0,237.773,36.509,102.918,-8172.727,M,sensor,0,,,,,,,
2026-06-11T15:50:25.391Z,REAL,MANUAL,0.0,0.0,0.0,0.0,0.0,237.727,36.195,102.918,-8172.727,M,sensor,0,,,,,,,
2026-06-11T15:50:25.492Z,REAL,MANUAL,0.0,0.0,0.0,0.0,0.0,237.723,36.195,102.918,-8172.727,M,sensor,0,,,,,,,
2026-06-11T15:50:25.592Z,REAL,MANUAL,0.0,0.0,0.0,0.0,0.0,237.572,36.195,102.918,-8172.727,M,sensor,0,,,,,,,
2026-06-11T15:50:25.691Z,REAL,MANUAL,0.0,0.0,0.0,0.0,0.0,237.546,36.195,102.918,-8172.727,M,sensor,0,,,,,,,
2026-06-11T15:50:25.791Z,REAL,MANUAL,0.0,0.0,0.0,0.0,0.0,237.541,36.195,102.918,-8172.727,M,sensor,0,,,,,,,
2026-06-11T15:50:25.891Z,REAL,MANUAL,0.0,0.0,0.0,0.0,0.0,237.85,36.195,102.918,-8172.727,M,sensor,0,,,,,,,
2026-06-11T15:50:25.991Z,REAL,MANUAL,0.0,0.0,0.0,0.0,0.0,237.739,36.195,103.233,-8172.727,M,sensor,0,,,,,,,
2026-06-11T15:50:26.091Z,REAL,MANUAL,0.0,0.0,0.0,0.0,0.0,237.506,36.195,102.918,-8172.727,M,sensor,0,,,,,,,
2026-06-11T15:50:26.191Z,REAL,MANUAL,0.0,0.0,0.0,0.0,0.0,237.464,36.509,102.918,-8172.727,M,sensor,0,,,,,,,
2026-06-11T15:50:26.291Z,REAL,MANUAL,0.0,0.0,0.0,0.0,0.0,237.645,36.509,102.918,-8172.727,M,sensor,0,,,,,,,
2026-06-11T15:50:26.391Z,REAL,MANUAL,0.0,0.0,0.0,0.0,0.0,237.667,36.509,102.918,-8172.727,M,sensor,0,,,,,,,
2026-06-11T15:50:26.491Z,REAL,MANUAL,0.0,0.0,0.0,0.0,0.0,237.669,36.509,102.918,-8172.727,M,sensor,0,,,,,,,
2026-06-11T15:50:26.591Z,REAL,MANUAL,0.0,0.0,0.0,0.0,0.0,237.54,36.195,102.918,-8172.727,M,sensor,0,,,,,,,
2026-06-11T15:50:26.691Z,REAL,MANUAL,0.0,0.0,0.0,0.0,0.0,237.595,36.195,102.918,-8172.727,M,sensor,0,,,,,,,
2026-06-11T15:50:26.791Z,REAL,MANUAL,0.0,0.0,0.0,0.0,0.0,237.608,36.195,102.918,-8172.727,M,sensor,0,,,,,,,
2026-06-11T15:50:26.891Z,REAL,MANUAL,0.0,0.0,0.0,0.0,0.0,237.715,36.195,102.918,-8172.727,M,sensor,0,,,,,,,
2026-06-11T15:50:26.991Z,REAL,MANUAL,0.0,0.0,0.0,0.0,0.0,237.658,36.195,102.918,-8173.042,M,sensor,0,,,,,,,
2026-06-11T15:50:27.091Z,REAL,MANUAL,0.0,0.0,0.0,0.0,0.0,237.711,36.195,102.918,-8173.042,M,sensor,0,,,,,,,
2026-06-11T15:50:27.191Z,REAL,MANUAL,0.0,0.0,0.0,0.0,0.0,237.627,36.195,102.918,-8173.042,M,sensor,0,,,,,,,
2026-06-11T15:50:27.291Z,REAL,MANUAL,0.0,0.0,0.0,0.0,0.0,237.708,36.195,102.918,-8173.042,M,sensor,0,,,,,,,
2026-06-11T15:50:27.391Z,REAL,MANUAL,0.0,0.0,0.0,0.0,0.0,237.689,36.195,103.233,-8173.042,M,sensor,0,,,,,,,
2026-06-11T15:50:27.491Z,REAL,MANUAL,0.0,0.0,0.0,0.0,0.0,237.628,36.195,103.233,-8172.727,M,sensor,0,,,,,,,
2026-06-11T15:50:27.591Z,REAL,MANUAL,0.0,0.0,0.0,0.0,0.0,237.721,36.195,103.233,-8172.727,M,sensor,0,,,,,,,
2026-06-11T15:50:27.691Z,REAL,MANUAL,0.0,0.0,0.0,0.0,0.0,237.65,36.195,103.233,-8172.727,M,sensor,0,,,,,,,
2026-06-11T15:50:27.791Z,REAL,MANUAL,0.0,0.0,0.0,0.0,0.0,237.57,36.195,103.233,-8172.727,M,sensor,0,,,,,,,
2026-06-11T15:50:27.891Z,REAL,MANUAL,0.0,0.0,0.0,0.0,0.0,237.711,36.509,103.233,-8172.727,M,sensor,0,,,,,,,
2026-06-11T15:50:27.991Z,REAL,MANUAL,0.0,0.0,0.0,0.0,0.0,237.691,36.509,103.233,-8172.727,M,sensor,0,,,,,,,
2026-06-11T15:50:28.095Z,REAL,MANUAL,0.0,0.0,0.0,0.0,0.0,237.55,36.509,103.548,-8172.727,M,sensor,0,,,,,,,
2026-06-11T15:50:28.192Z,REAL,MANUAL,0.0,0.0,0.0,0.0,0.0,237.544,36.509,103.548,-8172.727,M,sensor,0,,,,,,,
2026-06-11T15:50:28.291Z,REAL,MANUAL,0.0,0.0,0.0,0.0,0.0,237.614,36.509,103.548,-8172.727,M,sensor,0,,,,,,,
2026-06-11T15:50:28.391Z,REAL,MANUAL,0.0,0.0,0.0,0.0,0.0,237.762,36.509,103.863,-8172.727,M,sensor,0,,,,,,,
2026-06-11T15:50:28.491Z,REAL,MANUAL,0.0,0.0,0.0,0.0,0.0,237.788,36.509,103.863,-8172.727,M,sensor,0,,,,,,,
2026-06-11T15:50:28.591Z,REAL,MANUAL,0.0,0.0,0.0,0.0,0.0,237.539,36.509,103.863,-8172.727,M,sensor,0,,,,,,,
2026-06-11T15:50:28.691Z,REAL,MANUAL,0.0,0.0,0.0,0.0,0.0,237.659,36.509,103.863,-8172.727,M,sensor,0,,,,,,,
2026-06-11T15:50:28.791Z,REAL,MANUAL,0.0,0.0,0.0,0.0,0.0,237.759,36.509,103.863,-8172.727,M,sensor,0,,,,,,,
2026-06-11T15:50:28.891Z,REAL,MANUAL,0.0,0.0,0.0,0.0,0.0,237.648,36.509,103.863,-8172.727,M,sensor,0,,,,,,,
2026-06-11T15:50:28.991Z,REAL,MANUAL,0.0,0.0,0.0,0.0,0.0,237.6,36.824,103.863,-8172.727,M,sensor,0,,,,,,,
2026-06-11T15:50:29.091Z,REAL,MANUAL,0.0,0.0,0.0,0.0,0.0,237.618,36.824,103.863,-8172.727,M,sensor,0,,,,,,,
2026-06-11T15:50:29.191Z,REAL,MANUAL,0.0,0.0,0.0,0.0,0.0,237.573,36.824,103.863,-8172.727,M,sensor,0,,,,,,,
2026-06-11T15:50:29.291Z,REAL,MANUAL,0.0,0.0,0.0,0.0,0.0,237.669,36.824,103.863,-8172.727,M,sensor,0,,,,,,,
2026-06-11T15:50:29.391Z,REAL,MANUAL,0.0,0.0,0.0,0.0,0.0,237.54,36.824,103.863,-8172.727,M,sensor,0,,,,,,,
2026-06-11T15:50:29.491Z,REAL,MANUAL,0.0,0.0,0.0,0.0,0.0,237.626,36.824,104.177,-8172.727,M,sensor,0,,,,,,,
2026-06-11T15:50:29.591Z,REAL,MANUAL,0.0,0.0,0.0,0.0,0.0,237.491,36.824,104.177,-8172.727,M,sensor,0,,,,,,,
2026-06-11T15:50:29.691Z,REAL,MANUAL,0.0,0.0,0.0,0.0,0.0,237.607,36.824,104.177,-8172.727,M,sensor,0,,,,,,,
2026-06-11T15:50:29.791Z,REAL,MANUAL,0.0,0.0,0.0,0.0,0.0,237.679,36.824,104.177,-8172.727,M,sensor,0,,,,,,,
2026-06-11T15:50:29.891Z,REAL,MANUAL,0.0,0.0,0.0,0.0,0.0,237.558,36.824,104.177,-8172.727,M,sensor,0,,,,,,,
2026-06-11T15:50:29.991Z,REAL,MANUAL,0.0,0.0,0.0,0.0,0.0,237.626,36.824,103.863,-8172.727,M,sensor,0,,,,,,,
2026-06-11T15:50:30.091Z,REAL,MANUAL,0.0,0.0,0.0,0.0,0.0,237.616,36.824,103.863,-8172.727,M,sensor,0,,,,,,,
2026-06-11T15:50:30.191Z,REAL,MANUAL,0.0,0.0,0.0,0.0,0.0,237.653,36.824,103.863,-8172.727,M,sensor,0,,,,,,,
2026-06-11T15:50:30.291Z,REAL,MANUAL,0.0,0.0,0.0,0.0,0.0,237.594,36.824,104.177,-8172.727,M,sensor,0,,,,,,,
2026-06-11T15:50:30.391Z,REAL,MANUAL,0.0,0.0,0.0,0.0,0.0,237.701,37.139,104.177,-8172.727,M,sensor,0,,,,,,,
2026-06-11T15:50:30.491Z,REAL,MANUAL,0.0,0.0,0.0,0.0,0.0,237.61,37.139,104.177,-8172.727,M,sensor,0,,,,,,,
2026-06-11T15:50:30.591Z,REAL,MANUAL,0.0,0.0,0.0,0.0,0.0,237.752,37.139,104.177,-8172.727,M,sensor,0,,,,,,,
2026-06-11T15:50:30.691Z,REAL,MANUAL,0.0,0.0,0.0,0.0,0.0,237.643,37.139,104.177,-8172.727,M,sensor,0,,,,,,,
2026-06-11T15:50:30.791Z,REAL,MANUAL,0.0,0.0,0.0,0.0,0.0,237.637,37.139,104.177,-8172.727,M,sensor,0,,,,,,,
2026-06-11T15:50:30.892Z,REAL,MANUAL,0.0,0.0,0.0,0.0,0.0,237.636,37.139,104.177,-8172.727,M,sensor,0,,,,,,,
2026-06-11T15:50:30.991Z,REAL,MANUAL,0.0,0.0,0.0,0.0,0.0,237.543,37.139,104.492,-8172.727,M,sensor,0,,,,,,,
2026-06-11T15:50:31.091Z,REAL,MANUAL,0.0,0.0,0.0,0.0,0.0,237.771,37.139,104.492,-8172.727,M,sensor,0,,,,,,,
2026-06-11T15:50:31.191Z,REAL,MANUAL,0.0,0.0,0.0,0.0,0.0,237.543,37.139,104.492,-8172.727,M,sensor,0,,,,,,,
2026-06-11T15:50:31.291Z,REAL,MANUAL,0.0,0.0,0.0,0.0,0.0,237.469,37.139,104.492,-8172.727,M,sensor,0,,,,,,,
2026-06-11T15:50:31.392Z,REAL,MANUAL,0.0,0.0,0.0,0.0,0.0,237.605,37.139,104.492,-8172.727,M,sensor,0,,,,,,,
2026-06-11T15:50:31.491Z,REAL,MANUAL,0.0,0.0,0.0,0.0,0.0,237.437,37.139,104.492,-8172.727,M,sensor,0,,,,,,,
2026-06-11T15:50:31.591Z,REAL,MANUAL,0.0,0.0,0.0,0.0,0.0,237.333,37.139,104.492,-8172.727,M,sensor,0,,,,,,,
2026-06-11T15:50:31.691Z,REAL,MANUAL,0.0,0.0,0.0,0.0,0.0,237.555,37.139,104.177,-8172.727,M,sensor,0,,,,,,,
2026-06-11T15:50:31.791Z,REAL,MANUAL,0.0,0.0,0.0,0.0,0.0,237.676,37.139,104.177,-8172.727,M,sensor,0,,,,,,,
2026-06-11T15:50:31.891Z,REAL,MANUAL,0.0,0.0,0.0,0.0,0.0,237.745,37.139,104.177,-8172.727,M,sensor,0,,,,,,,
2026-06-11T15:50:31.991Z,REAL,MANUAL,0.0,0.0,0.0,0.0,0.0,237.566,37.139,104.177,-8172.727,M,sensor,0,,,,,,,
2026-06-11T15:50:32.091Z,REAL,MANUAL,0.0,0.0,0.0,0.0,0.0,237.607,37.139,104.177,-8172.727,M,sensor,0,,,,,,,
2026-06-11T15:50:32.191Z,REAL,MANUAL,0.0,0.0,0.0,0.0,0.0,237.521,37.139,104.177,-8172.727,M,sensor,0,,,,,,,
2026-06-11T15:50:32.291Z,REAL,MANUAL,0.0,0.0,0.0,0.0,0.0,237.692,37.139,104.177,-8172.727,M,sensor,0,,,,,,,
2026-06-11T15:50:32.391Z,REAL,MANUAL,0.0,0.0,0.0,0.0,0.0,237.66,37.139,104.177,-8172.727,M,sensor,0,,,,,,,
2026-06-11T15:50:32.491Z,REAL,MANUAL,0.0,0.0,0.0,0.0,0.0,237.614,37.139,104.177,-8172.727,M,sensor,0,,,,,,,
2026-06-11T15:50:32.591Z,REAL,MANUAL,0.0,0.0,0.0,0.0,0.0,237.471,37.139,104.177,-8172.727,M,sensor,0,,,,,,,
2026-06-11T15:50:32.691Z,REAL,MANUAL,0.0,0.0,0.0,0.0,0.0,237.544,37.139,104.177,-8172.727,M,sensor,0,,,,,,,
2026-06-11T15:50:32.791Z,REAL,MANUAL,0.0,0.0,0.0,0.0,0.0,237.671,37.139,104.177,-8172.727,M,sensor,0,,,,,,,
2026-06-11T15:50:32.891Z,REAL,MANUAL,0.0,0.0,0.0,0.0,0.0,237.83,37.139,104.177,-8172.727,M,sensor,0,,,,,,,
2026-06-11T15:50:32.991Z,REAL,MANUAL,0.0,0.0,0.0,0.0,0.0,237.55,37.139,104.177,-8172.727,M,sensor,0,,,,,,,
2026-06-11T15:50:33.092Z,REAL,MANUAL,0.0,0.0,0.0,0.0,0.0,237.773,37.139,104.177,-8172.727,M,sensor,0,,,,,,,
2026-06-11T15:50:33.192Z,REAL,MANUAL,0.0,0.0,0.0,0.0,0.0,237.529,37.139,104.177,-8172.727,M,sensor,0,,,,,,,
2026-06-11T15:50:33.292Z,REAL,MANUAL,0.0,0.0,0.0,0.0,0.0,237.55,37.453,104.177,-8172.727,M,sensor,0,,,,,,,
2026-06-11T15:50:33.392Z,REAL,MANUAL,0.0,0.0,0.0,0.0,0.0,237.709,37.453,104.177,-8172.727,M,sensor,0,,,,,,,
2026-06-11T15:50:33.492Z,REAL,MANUAL,0.0,0.0,0.0,0.0,0.0,237.651,37.453,104.177,-8172.727,M,sensor,0,,,,,,,
2026-06-11T15:50:33.591Z,REAL,MANUAL,0.0,0.0,0.0,0.0,0.0,237.673,37.139,104.177,-8172.727,M,sensor,0,,,,,,,
2026-06-11T15:50:33.691Z,REAL,MANUAL,0.0,0.0,0.0,0.0,0.0,237.644,37.139,104.177,-8172.727,M,sensor,0,,,,,,,
2026-06-11T15:50:33.792Z,REAL,MANUAL,0.0,0.0,0.0,0.0,0.0,237.516,37.139,104.177,-8172.727,M,sensor,0,,,,,,,
2026-06-11T15:50:33.891Z,REAL,MANUAL,0.0,0.0,0.0,0.0,0.0,237.519,37.139,104.177,-8172.727,M,sensor,0,,,,,,,
2026-06-11T15:50:33.991Z,REAL,MANUAL,0.0,0.0,0.0,0.0,0.0,237.639,37.139,104.177,-8172.727,M,sensor,0,,,,,,,
2026-06-11T15:50:34.091Z,REAL,MANUAL,0.0,0.0,0.0,0.0,0.0,237.635,37.139,104.177,-8172.727,M,sensor,0,,,,,,,
2026-06-11T15:50:34.191Z,REAL,MANUAL,0.0,0.0,0.0,0.0,0.0,237.718,37.139,104.177,-8172.727,M,sensor,0,,,,,,,
2026-06-11T15:50:34.291Z,REAL,MANUAL,0.0,0.0,0.0,0.0,0.0,237.409,37.139,104.177,-8172.727,M,sensor,0,,,,,,,
2026-06-11T15:50:34.391Z,REAL,MANUAL,0.0,0.0,0.0,0.0,0.0,237.364,37.139,104.177,-8172.727,M,sensor,0,,,,,,,
2026-06-11T15:50:34.491Z,REAL,MANUAL,0.0,0.0,0.0,0.0,0.0,237.594,37.453,104.177,-8172.727,M,sensor,0,,,,,,,
2026-06-11T15:50:34.591Z,REAL,MANUAL,0.0,0.0,0.0,0.0,0.0,237.559,37.453,104.177,-8172.727,M,sensor,0,,,,,,,
2026-06-11T15:50:34.691Z,REAL,MANUAL,0.0,0.0,0.0,0.0,0.0,237.493,37.139,104.177,-8172.727,M,sensor,0,,,,,,,
2026-06-11T15:50:34.791Z,REAL,MANUAL,0.0,0.0,0.0,0.0,0.0,237.662,37.139,104.177,-8172.727,M,sensor,0,,,,,,,
2026-06-11T15:50:34.891Z,REAL,MANUAL,0.0,0.0,0.0,0.0,0.0,237.713,37.453,104.177,-8172.727,M,sensor,0,,,,,,,
2026-06-11T15:50:34.991Z,REAL,MANUAL,0.0,0.0,0.0,0.0,0.0,237.551,37.453,104.177,-8172.727,M,sensor,0,,,,,,,
2026-06-11T15:50:35.091Z,REAL,MANUAL,0.0,0.0,0.0,0.0,0.0,237.526,37.453,104.177,-8172.727,M,sensor,0,,,,,,,
2026-06-11T15:50:35.191Z,REAL,MANUAL,0.0,0.0,0.0,0.0,0.0,237.721,37.139,104.177,-8172.727,M,sensor,0,,,,,,,
2026-06-11T15:50:35.291Z,REAL,MANUAL,0.0,0.0,0.0,0.0,0.0,237.578,37.139,104.177,-8172.727,M,sensor,0,,,,,,,
2026-06-11T15:50:35.391Z,REAL,MANUAL,0.0,0.0,0.0,0.0,0.0,237.518,37.139,104.177,-8172.727,M,sensor,0,,,,,,,
2026-06-11T15:50:35.492Z,REAL,MANUAL,0.0,0.0,0.0,0.0,0.0,237.543,37.139,104.177,-8172.727,M,sensor,0,,,,,,,
2026-06-11T15:50:35.591Z,REAL,MANUAL,0.0,0.0,0.0,0.0,0.0,237.506,37.139,104.177,-8172.727,M,sensor,0,,,,,,,
2026-06-11T15:50:35.691Z,REAL,MANUAL,0.0,0.0,0.0,0.0,0.0,237.538,37.139,104.177,-8172.727,M,sensor,0,,,,,,,
2026-06-11T15:50:35.791Z,REAL,MANUAL,0.0,0.0,0.0,0.0,0.0,237.508,37.139,104.177,-8172.727,M,sensor,0,,,,,,,
2026-06-11T15:50:35.891Z,REAL,MANUAL,0.0,0.0,0.0,0.0,0.0,237.72,37.139,104.177,-8172.727,M,sensor,0,,,,,,,
2026-06-11T15:50:35.991Z,REAL,MANUAL,0.0,0.0,0.0,0.0,0.0,237.645,37.139,104.177,-8172.727,M,sensor,0,,,,,,,
2026-06-11T15:50:36.091Z,REAL,MANUAL,0.0,0.0,0.0,0.0,0.0,237.492,37.139,104.177,-8172.727,M,sensor,0,,,,,,,
2026-06-11T15:50:36.191Z,REAL,MANUAL,0.0,0.0,0.0,0.0,0.0,237.563,37.139,104.177,-8172.727,M,sensor,0,,,,,,,
2026-06-11T15:50:36.291Z,REAL,MANUAL,0.0,0.0,0.0,0.0,0.0,237.641,37.453,104.177,-8172.727,M,sensor,0,,,,,,,
2026-06-11T15:50:36.391Z,REAL,MANUAL,0.0,0.0,0.0,0.0,0.0,237.566,37.139,104.177,-8172.727,M,sensor,0,,,,,,,
2026-06-11T15:50:36.491Z,REAL,MANUAL,0.0,0.0,0.0,0.0,0.0,237.711,37.139,104.177,-8172.727,M,sensor,0,,,,,,,
2026-06-11T15:50:36.591Z,REAL,MANUAL,0.0,0.0,0.0,0.0,0.0,237.72,37.139,104.177,-8172.727,M,sensor,0,,,,,,,
2026-06-11T15:50:36.691Z,REAL,MANUAL,0.0,0.0,0.0,0.0,0.0,237.659,37.139,104.177,-8172.727,M,sensor,0,,,,,,,
2026-06-11T15:50:36.791Z,REAL,MANUAL,0.0,0.0,0.0,0.0,0.0,237.574,37.453,104.177,-8172.727,M,sensor,0,,,,,,,
2026-06-11T15:50:36.891Z,REAL,MANUAL,0.0,0.0,0.0,0.0,0.0,237.614,37.453,104.177,-8172.727,M,sensor,0,,,,,,,
2026-06-11T15:50:36.991Z,REAL,MANUAL,0.0,0.0,0.0,0.0,0.0,237.703,37.453,104.177,-8172.727,M,sensor,0,,,,,,,
2026-06-11T15:50:37.091Z,REAL,MANUAL,0.0,0.0,0.0,0.0,0.0,237.617,37.453,104.177,-8172.727,M,sensor,0,,,,,,,
2026-06-11T15:50:37.192Z,REAL,MANUAL,0.0,0.0,0.0,0.0,0.0,237.427,37.453,104.177,-8172.727,M,sensor,0,,,,,,,
2026-06-11T15:50:37.292Z,REAL,MANUAL,0.0,0.0,0.0,0.0,0.0,237.55,37.453,104.177,-8172.727,M,sensor,0,,,,,,,
2026-06-11T15:50:37.392Z,REAL,MANUAL,0.0,0.0,0.0,0.0,0.0,237.778,37.453,104.177,-8172.727,M,sensor,0,,,,,,,
2026-06-11T15:50:37.492Z,REAL,MANUAL,0.0,0.0,0.0,0.0,0.0,237.822,37.453,104.177,-8172.727,M,sensor,0,,,,,,,
2026-06-11T15:50:37.592Z,REAL,MANUAL,0.0,0.0,0.0,0.0,0.0,237.993,37.453,104.177,-8172.727,M,sensor,0,,,,,,,
2026-06-11T15:50:37.691Z,REAL,MANUAL,0.0,0.0,0.0,0.0,0.0,237.9,37.453,104.177,-8172.727,M,sensor,0,,,,,,,
2026-06-11T15:50:37.791Z,REAL,MANUAL,0.0,0.0,0.0,0.0,0.0,237.938,37.453,104.177,-8172.727,M,sensor,0,,,,,,,
2026-06-11T15:50:37.891Z,REAL,MANUAL,0.0,0.0,0.0,0.0,0.0,237.507,37.139,104.177,-8172.727,M,sensor,0,,,,,,,
2026-06-11T15:50:37.991Z,REAL,MANUAL,0.0,0.0,0.0,0.0,0.0,237.653,37.139,104.177,-8172.727,M,sensor,0,,,,,,,
2026-06-11T15:50:38.091Z,REAL,MANUAL,0.0,0.0,0.0,0.0,0.0,237.449,37.139,104.177,-8172.727,M,sensor,0,,,,,,,
2026-06-11T15:50:38.191Z,REAL,MANUAL,0.0,0.0,0.0,0.0,0.0,237.659,37.139,104.177,-8172.727,M,sensor,0,,,,,,,
2026-06-11T15:50:38.291Z,REAL,MANUAL,0.0,0.0,0.0,0.0,0.0,237.463,37.139,104.177,-8172.727,M,sensor,0,,,,,,,
2026-06-11T15:50:38.391Z,REAL,MANUAL,0.0,0.0,0.0,0.0,0.0,237.748,37.139,104.177,-8172.727,M,sensor,0,,,,,,,
2026-06-11T15:50:38.492Z,REAL,MANUAL,0.0,0.0,0.0,0.0,0.0,237.547,37.139,104.177,-8172.727,M,sensor,0,,,,,,,
2026-06-11T15:50:38.592Z,REAL,MANUAL,0.0,0.0,0.0,0.0,0.0,237.543,37.139,104.177,-8172.727,M,sensor,0,,,,,,,
2026-06-11T15:50:38.691Z,REAL,MANUAL,0.0,0.0,0.0,0.0,0.0,237.74,37.139,104.177,-8172.727,M,sensor,0,,,,,,,
2026-06-11T15:50:38.791Z,REAL,MANUAL,0.0,0.0,0.0,0.0,0.0,237.693,37.139,104.177,-8172.727,M,sensor,0,,,,,,,
2026-06-11T15:50:38.891Z,REAL,MANUAL,0.0,0.0,0.0,0.0,0.0,237.588,37.139,104.177,-8172.727,M,sensor,0,,,,,,,
2026-06-11T15:50:38.992Z,REAL,MANUAL,0.0,0.0,0.0,0.0,0.0,237.389,37.139,104.177,-8172.727,M,sensor,0,,,,,,,
2026-06-11T15:50:39.091Z,REAL,MANUAL,0.0,0.0,0.0,0.0,0.0,237.618,37.139,104.177,-8172.727,M,sensor,0,,,,,,,
2026-06-11T15:50:39.192Z,REAL,MANUAL,0.0,0.0,0.0,0.0,0.0,237.598,37.139,104.177,-8172.727,M,sensor,0,,,,,,,
2026-06-11T15:50:39.292Z,REAL,MANUAL,0.0,0.0,0.0,0.0,0.0,237.811,37.139,104.177,-8172.727,M,sensor,0,,,,,,,
2026-06-11T15:50:39.392Z,REAL,MANUAL,0.0,0.0,0.0,0.0,0.0,237.94,37.139,104.177,-8172.727,M,sensor,0,,,,,,,
2026-06-11T15:50:39.491Z,REAL,MANUAL,0.0,0.0,0.0,0.0,0.0,237.928,37.139,104.177,-8172.727,M,sensor,0,,,,,,,
2026-06-11T15:50:39.591Z,REAL,MANUAL,0.0,0.0,0.0,0.0,0.0,237.711,37.139,104.177,-8172.727,M,sensor,0,,,,,,,
2026-06-11T15:50:39.691Z,REAL,MANUAL,0.0,0.0,0.0,0.0,0.0,237.334,37.139,104.177,-8172.727,M,sensor,0,,,,,,,
2026-06-11T15:50:39.791Z,REAL,MANUAL,0.0,0.0,0.0,0.0,0.0,237.656,37.453,104.177,-8172.727,M,sensor,0,,,,,,,
2026-06-11T15:50:39.891Z,REAL,MANUAL,0.0,0.0,0.0,0.0,0.0,237.562,37.139,104.177,-8172.727,M,sensor,0,,,,,,,
2026-06-11T15:50:39.991Z,REAL,MANUAL,0.0,0.0,0.0,0.0,0.0,237.527,37.139,104.177,-8172.727,M,sensor,0,,,,,,,
2026-06-11T15:50:40.091Z,REAL,MANUAL,0.0,0.0,0.0,0.0,0.0,237.52,37.139,104.177,-8172.727,M,sensor,0,,,,,,,
2026-06-11T15:50:40.191Z,REAL,MANUAL,0.0,0.0,0.0,0.0,0.0,237.375,37.139,104.177,-8172.727,M,sensor,0,,,,,,,
2026-06-11T15:50:40.291Z,REAL,MANUAL,0.0,0.0,0.0,0.0,0.0,237.583,37.139,104.177,-8172.727,M,sensor,0,,,,,,,
2026-06-11T15:50:40.391Z,REAL,MANUAL,0.0,0.0,0.0,0.0,0.0,237.587,37.139,104.177,-8172.727,M,sensor,0,,,,,,,
2026-06-11T15:50:40.491Z,REAL,MANUAL,0.0,0.0,0.0,0.0,0.0,237.679,37.139,104.177,-8172.727,M,sensor,0,,,,,,,
2026-06-11T15:50:40.591Z,REAL,MANUAL,0.0,0.0,0.0,0.0,0.0,237.656,37.139,104.177,-8172.727,M,sensor,0,,,,,,,
2026-06-11T15:50:40.691Z,REAL,MANUAL,0.0,0.0,0.0,0.0,0.0,237.595,37.139,104.177,-8172.727,M,sensor,0,,,,,,,
2026-06-11T15:50:40.791Z,REAL,MANUAL,0.0,0.0,0.0,0.0,0.0,237.635,37.139,104.177,-8172.727,M,sensor,0,,,,,,,
2026-06-11T15:50:40.891Z,REAL,MANUAL,0.0,0.0,0.0,0.0,0.0,237.66,37.139,104.177,-8172.727,M,sensor,0,,,,,,,
2026-06-11T15:50:40.991Z,REAL,MANUAL,0.0,0.0,0.0,0.0,0.0,237.624,37.139,104.177,-8172.727,M,sensor,0,,,,,,,
2026-06-11T15:50:41.091Z,REAL,MANUAL,0.0,0.0,0.0,0.0,0.0,237.565,37.139,104.177,-8172.727,M,sensor,0,,,,,,,
2026-06-11T15:50:41.191Z,REAL,MANUAL,0.0,0.0,0.0,0.0,0.0,237.507,37.139,104.177,-8172.727,M,sensor,0,,,,,,,
2026-06-11T15:50:41.291Z,REAL,MANUAL,0.0,0.0,0.0,0.0,0.0,237.874,37.139,104.177,-8172.727,M,sensor,0,,,,,,,
2026-06-11T15:50:41.391Z,REAL,MANUAL,0.0,0.0,0.0,0.0,0.0,237.722,37.139,104.177,-8172.727,M,sensor,0,,,,,,,
2026-06-11T15:50:41.491Z,REAL,MANUAL,0.0,0.0,0.0,0.0,0.0,237.519,37.139,104.177,-8172.727,M,sensor,0,,,,,,,
2026-06-11T15:50:41.591Z,REAL,MANUAL,0.0,0.0,0.0,0.0,0.0,237.548,37.139,104.177,-8172.727,M,sensor,0,,,,,,,
2026-06-11T15:50:41.691Z,REAL,MANUAL,0.0,0.0,0.0,0.0,0.0,237.537,37.139,104.177,-8172.727,M,sensor,0,,,,,,,
2026-06-11T15:50:41.791Z,REAL,MANUAL,0.0,0.0,0.0,0.0,0.0,237.589,37.139,104.177,-8172.727,M,sensor,0,,,,,,,
2026-06-11T15:50:41.891Z,REAL,MANUAL,0.0,0.0,0.0,0.0,0.0,237.517,37.139,104.177,-8172.727,M,sensor,0,,,,,,,
2026-06-11T15:50:41.991Z,REAL,MANUAL,0.0,0.0,0.0,0.0,0.0,237.231,37.139,104.177,-8172.727,M,sensor,0,,,,,,,
2026-06-11T15:50:42.091Z,REAL,MANUAL,0.0,0.0,0.0,0.0,0.0,237.389,37.139,104.177,-8172.727,M,sensor,0,,,,,,,
2026-06-11T15:50:42.191Z,REAL,MANUAL,0.0,0.0,0.0,0.0,0.0,237.562,37.139,104.177,-8172.727,M,sensor,0,,,,,,,
2026-06-11T15:50:42.291Z,REAL,MANUAL,0.0,0.0,0.0,0.0,0.0,237.619,37.139,104.177,-8172.727,M,sensor,0,,,,,,,
2026-06-11T15:50:42.391Z,REAL,MANUAL,0.0,0.0,0.0,0.0,0.0,237.671,37.139,104.177,-8172.727,M,sensor,0,,,,,,,
2026-06-11T15:50:42.491Z,REAL,MANUAL,0.0,0.0,0.0,0.0,0.0,237.625,37.139,104.177,-8172.727,M,sensor,0,,,,,,,
2026-06-11T15:50:42.591Z,REAL,MANUAL,0.0,0.0,0.0,0.0,0.0,237.679,37.139,104.177,-8172.727,M,sensor,0,,,,,,,
2026-06-11T15:50:42.691Z,REAL,MANUAL,0.0,0.0,0.0,0.0,0.0,237.598,37.139,104.177,-8172.727,M,sensor,0,,,,,,,
2026-06-11T15:50:42.791Z,REAL,MANUAL,0.0,0.0,0.0,0.0,0.0,237.641,37.139,104.177,-8172.727,M,sensor,0,,,,,,,
2026-06-11T15:50:42.891Z,REAL,MANUAL,0.0,0.0,0.0,0.0,0.0,237.449,37.139,104.177,-8172.727,M,sensor,0,,,,,,,
2026-06-11T15:50:42.991Z,REAL,MANUAL,0.0,0.0,0.0,0.0,0.0,237.619,37.139,104.177,-8172.727,M,sensor,0,,,,,,,
2026-06-11T15:50:43.091Z,REAL,MANUAL,0.0,0.0,0.0,0.0,0.0,237.718,37.139,104.177,-8172.727,M,sensor,0,,,,,,,
2026-06-11T15:50:43.191Z,REAL,MANUAL,0.0,0.0,0.0,0.0,0.0,237.627,37.139,104.177,-8172.727,M,sensor,0,,,,,,,
2026-06-11T15:50:43.291Z,REAL,MANUAL,0.0,0.0,0.0,0.0,0.0,237.535,37.139,104.177,-8172.727,M,sensor,0,,,,,,,
2026-06-11T15:50:43.391Z,REAL,MANUAL,0.0,0.0,0.0,0.0,0.0,237.698,37.139,104.177,-8172.727,M,sensor,0,,,,,,,
2026-06-11T15:50:43.491Z,REAL,MANUAL,0.0,0.0,0.0,0.0,0.0,237.835,37.139,104.177,-8172.727,M,sensor,0,,,,,,,
2026-06-11T15:50:43.591Z,REAL,MANUAL,0.0,0.0,0.0,0.0,0.0,237.643,37.139,104.177,-8172.727,M,sensor,0,,,,,,,
2026-06-11T15:50:43.691Z,REAL,MANUAL,0.0,0.0,0.0,0.0,0.0,237.511,37.139,104.177,-8172.727,M,sensor,0,,,,,,,
2026-06-11T15:50:43.791Z,REAL,MANUAL,0.0,0.0,0.0,0.0,0.0,237.415,37.139,104.177,-8172.727,M,sensor,0,,,,,,,
2026-06-11T15:50:43.892Z,REAL,MANUAL,0.0,0.0,0.0,0.0,0.0,237.719,37.139,104.177,-8172.727,M,sensor,0,,,,,,,
2026-06-11T15:50:43.991Z,REAL,MANUAL,0.0,0.0,0.0,0.0,0.0,237.773,37.139,104.177,-8172.727,M,sensor,0,,,,,,,
2026-06-11T15:50:44.092Z,REAL,MANUAL,0.0,0.0,0.0,0.0,0.0,237.493,37.139,104.177,-8172.727,M,sensor,0,,,,,,,
2026-06-11T15:50:44.191Z,REAL,MANUAL,0.0,0.0,0.0,0.0,0.0,237.641,37.139,104.177,-8172.727,M,sensor,0,,,,,,,
2026-06-11T15:50:44.291Z,REAL,MANUAL,0.0,0.0,0.0,0.0,0.0,237.576,37.453,104.177,-8172.727,M,sensor,0,,,,,,,
2026-06-11T15:50:44.391Z,REAL,MANUAL,0.0,0.0,0.0,0.0,0.0,237.549,37.453,104.177,-8172.727,M,sensor,0,,,,,,,
2026-06-11T15:50:44.491Z,REAL,MANUAL,0.0,0.0,0.0,0.0,0.0,237.323,37.453,104.177,-8172.727,M,sensor,0,,,,,,,
2026-06-11T15:50:44.591Z,REAL,MANUAL,0.0,0.0,0.0,0.0,0.0,237.425,37.453,104.177,-8172.727,M,sensor,0,,,,,,,
2026-06-11T15:50:44.691Z,REAL,MANUAL,0.0,0.0,0.0,0.0,0.0,237.476,37.453,104.177,-8172.727,M,sensor,0,,,,,,,
2026-06-11T15:50:44.791Z,REAL,MANUAL,0.0,0.0,0.0,0.0,0.0,237.488,37.453,104.177,-8172.727,M,sensor,0,,,,,,,
2026-06-11T15:50:44.891Z,REAL,MANUAL,0.0,0.0,0.0,0.0,0.0,237.557,37.453,104.177,-8172.727,M,sensor,0,,,,,,,
2026-06-11T15:50:44.991Z,REAL,MANUAL,0.0,0.0,0.0,0.0,0.0,237.5,37.453,104.177,-8172.727,M,sensor,0,,,,,,,
2026-06-11T15:50:45.092Z,REAL,MANUAL,0.0,0.0,0.0,0.0,0.0,237.503,37.453,104.177,-8172.727,M,sensor,0,,,,,,,
2026-06-11T15:50:45.191Z,REAL,MANUAL,0.0,0.0,0.0,0.0,0.0,237.741,37.453,104.177,-8172.727,M,sensor,0,,,,,,,
2026-06-11T15:50:45.292Z,REAL,MANUAL,0.0,0.0,0.0,0.0,0.0,237.657,37.139,104.177,-8172.727,M,sensor,0,,,,,,,
2026-06-11T15:50:45.391Z,REAL,MANUAL,0.0,0.0,0.0,0.0,0.0,237.556,37.139,104.177,-8172.727,M,sensor,0,,,,,,,
2026-06-11T15:50:45.492Z,REAL,MANUAL,0.0,0.0,0.0,0.0,0.0,237.551,37.139,104.177,-8172.727,M,sensor,0,,,,,,,
2026-06-11T15:50:45.592Z,REAL,MANUAL,0.0,0.0,0.0,0.0,0.0,237.346,37.139,104.177,-8172.727,M,sensor,0,,,,,,,
2026-06-11T15:50:45.692Z,REAL,MANUAL,0.0,0.0,0.0,0.0,0.0,237.624,37.139,104.177,-8172.727,M,sensor,0,,,,,,,
2026-06-11T15:50:45.792Z,REAL,MANUAL,0.0,0.0,0.0,0.0,0.0,237.691,37.453,104.177,-8172.727,M,sensor,0,,,,,,,
2026-06-11T15:50:45.892Z,REAL,MANUAL,0.0,0.0,0.0,0.0,0.0,237.697,37.453,104.177,-8172.727,M,sensor,0,,,,,,,
2026-06-11T15:50:45.991Z,REAL,MANUAL,0.0,0.0,0.0,0.0,0.0,237.658,37.453,104.177,-8172.727,M,sensor,0,,,,,,,
2026-06-11T15:50:46.092Z,REAL,MANUAL,0.0,0.0,0.0,0.0,0.0,237.457,37.453,104.177,-8172.727,M,sensor,0,,,,,,,
2026-06-11T15:50:46.191Z,REAL,MANUAL,0.0,0.0,0.0,0.0,0.0,237.583,37.453,104.177,-8172.727,M,sensor,0,,,,,,,
2026-06-11T15:50:46.291Z,REAL,MANUAL,0.0,0.0,0.0,0.0,0.0,237.412,37.453,104.177,-8172.727,M,sensor,0,,,,,,,
2026-06-11T15:50:46.391Z,REAL,MANUAL,0.0,0.0,0.0,0.0,0.0,237.427,37.453,104.177,-8172.727,M,sensor,0,,,,,,,
2026-06-11T15:50:46.491Z,REAL,MANUAL,0.0,0.0,0.0,0.0,0.0,237.452,37.453,104.177,-8172.727,M,sensor,0,,,,,,,
2026-06-11T15:50:46.591Z,REAL,MANUAL,0.0,0.0,0.0,0.0,0.0,237.538,37.453,104.177,-8172.727,M,sensor,0,,,,,,,
2026-06-11T15:50:46.691Z,REAL,MANUAL,0.0,0.0,0.0,0.0,0.0,237.347,37.453,104.177,-8172.727,M,sensor,0,,,,,,,
2026-06-11T15:50:46.791Z,REAL,MANUAL,0.0,0.0,0.0,0.0,0.0,237.605,37.453,104.492,-8172.727,M,sensor,0,,,,,,,
2026-06-11T15:50:46.891Z,REAL,MANUAL,0.0,0.0,0.0,0.0,0.0,237.616,37.453,104.492,-8172.727,M,sensor,0,,,,,,,
2026-06-11T15:50:46.991Z,REAL,MANUAL,0.0,0.0,0.0,0.0,0.0,237.531,37.453,104.492,-8172.727,M,sensor,0,,,,,,,
2026-06-11T15:50:47.091Z,REAL,MANUAL,0.0,0.0,0.0,0.0,0.0,237.499,37.453,104.492,-8172.727,M,sensor,0,,,,,,,
2026-06-11T15:50:47.191Z,REAL,MANUAL,0.0,0.0,0.0,0.0,0.0,237.591,37.453,104.492,-8172.727,M,sensor,0,,,,,,,
2026-06-11T15:50:47.292Z,REAL,MANUAL,0.0,0.0,0.0,0.0,0.0,237.465,37.453,104.492,-8172.727,M,sensor,0,,,,,,,
2026-06-11T15:50:47.391Z,REAL,MANUAL,0.0,0.0,0.0,0.0,0.0,237.511,37.453,104.492,-8172.727,M,sensor,0,,,,,,,
2026-06-11T15:50:47.491Z,REAL,MANUAL,0.0,0.0,0.0,0.0,0.0,237.455,37.453,104.492,-8172.727,M,sensor,0,,,,,,,
2026-06-11T15:50:47.591Z,REAL,MANUAL,0.0,0.0,0.0,0.0,0.0,237.69,37.453,104.492,-8172.727,M,sensor,0,,,,,,,
2026-06-11T15:50:47.691Z,REAL,MANUAL,0.0,0.0,0.0,0.0,0.0,237.593,37.453,104.492,-8172.727,M,sensor,0,,,,,,,
2026-06-11T15:50:47.791Z,REAL,MANUAL,0.0,0.0,0.0,0.0,0.0,237.51,37.139,104.492,-8172.727,M,sensor,0,,,,,,,
2026-06-11T15:50:47.891Z,REAL,MANUAL,0.0,0.0,0.0,0.0,0.0,237.335,37.453,104.177,-8172.727,M,sensor,0,,,,,,,
2026-06-11T15:50:47.991Z,REAL,MANUAL,0.0,0.0,0.0,0.0,0.0,237.461,37.453,104.177,-8172.727,M,sensor,0,,,,,,,
2026-06-11T15:50:48.091Z,REAL,MANUAL,0.0,0.0,0.0,0.0,0.0,237.582,37.139,104.177,-8172.727,M,sensor,0,,,,,,,
2026-06-11T15:50:48.192Z,REAL,MANUAL,0.0,0.0,0.0,0.0,0.0,237.551,37.139,104.177,-8172.727,M,sensor,0,,,,,,,
2026-06-11T15:50:48.291Z,REAL,MANUAL,0.0,0.0,0.0,0.0,0.0,237.483,37.453,104.177,-8172.727,M,sensor,0,,,,,,,
2026-06-11T15:50:48.391Z,REAL,MANUAL,0.0,0.0,0.0,0.0,0.0,237.476,37.453,104.177,-8172.727,M,sensor,0,,,,,,,
2026-06-11T15:50:48.491Z,REAL,MANUAL,0.0,0.0,0.0,0.0,0.0,237.503,37.453,104.177,-8172.727,M,sensor,0,,,,,,,
2026-06-11T15:50:48.591Z,REAL,MANUAL,0.0,0.0,0.0,0.0,0.0,237.284,37.139,104.177,-8172.727,M,sensor,0,,,,,,,
2026-06-11T15:50:48.691Z,REAL,MANUAL,0.0,0.0,0.0,0.0,0.0,237.393,37.139,104.177,-8172.727,M,sensor,0,,,,,,,
2026-06-11T15:50:48.791Z,REAL,MANUAL,0.0,0.0,0.0,0.0,0.0,237.561,37.139,104.177,-8172.727,M,sensor,0,,,,,,,
2026-06-11T15:50:48.892Z,REAL,MANUAL,0.0,0.0,0.0,0.0,0.0,237.403,37.139,104.177,-8172.727,M,sensor,0,,,,,,,
2026-06-11T15:50:48.991Z,REAL,MANUAL,0.0,0.0,0.0,0.0,0.0,237.461,37.139,104.177,-8172.727,M,sensor,0,,,,,,,
2026-06-11T15:50:49.092Z,REAL,MANUAL,0.0,0.0,0.0,0.0,0.0,237.647,37.139,104.177,-8172.727,M,sensor,0,,,,,,,
2026-06-11T15:50:49.191Z,REAL,MANUAL,0.0,0.0,0.0,0.0,0.0,237.609,37.139,104.177,-8172.727,M,sensor,0,,,,,,,
2026-06-11T15:50:49.291Z,REAL,MANUAL,0.0,0.0,0.0,0.0,0.0,237.731,37.139,104.177,-8172.727,M,sensor,0,,,,,,,
2026-06-11T15:50:49.391Z,REAL,MANUAL,0.0,0.0,0.0,0.0,0.0,237.651,37.139,104.177,-8172.727,M,sensor,0,,,,,,,
2026-06-11T15:50:49.492Z,REAL,MANUAL,0.0,0.0,0.0,0.0,0.0,237.468,37.139,104.177,-8172.727,M,sensor,0,,,,,,,
2026-06-11T15:50:49.591Z,REAL,MANUAL,0.0,0.0,0.0,0.0,0.0,237.609,37.139,104.177,-8172.727,M,sensor,0,,,,,,,
2026-06-11T15:50:49.691Z,REAL,MANUAL,0.0,0.0,0.0,0.0,0.0,237.633,37.139,104.177,-8172.727,M,sensor,0,,,,,,,
2026-06-11T15:50:49.791Z,REAL,MANUAL,0.0,0.0,0.0,0.0,0.0,237.576,37.139,104.177,-8172.727,M,sensor,0,,,,,,,
2026-06-11T15:50:49.891Z,REAL,MANUAL,0.0,0.0,0.0,0.0,0.0,237.533,37.139,104.492,-8172.727,M,sensor,0,,,,,,,
2026-06-11T15:50:49.991Z,REAL,MANUAL,0.0,0.0,0.0,0.0,0.0,237.65,37.139,104.492,-8172.727,M,sensor,0,,,,,,,
2026-06-11T15:50:50.091Z,REAL,MANUAL,0.0,0.0,0.0,0.0,0.0,237.544,37.139,104.492,-8172.727,M,sensor,0,,,,,,,
2026-06-11T15:50:50.191Z,REAL,MANUAL,0.0,0.0,0.0,0.0,0.0,237.692,37.139,104.492,-8172.727,M,sensor,0,,,,,,,
2026-06-11T15:50:50.291Z,REAL,MANUAL,0.0,0.0,0.0,0.0,0.0,237.538,37.139,104.492,-8172.727,M,sensor,0,,,,,,,
2026-06-11T15:50:50.391Z,REAL,MANUAL,0.0,0.0,0.0,0.0,0.0,237.748,37.139,104.492,-8172.727,M,sensor,0,,,,,,,
2026-06-11T15:50:50.491Z,REAL,MANUAL,0.0,0.0,0.0,0.0,0.0,237.806,36.824,104.492,-8172.727,M,sensor,0,,,,,,,
2026-06-11T15:50:50.591Z,REAL,MANUAL,0.0,0.0,0.0,0.0,0.0,237.636,36.824,104.492,-8172.727,M,sensor,0,,,,,,,
2026-06-11T15:50:50.691Z,REAL,MANUAL,0.0,0.0,0.0,0.0,0.0,237.502,36.824,104.492,-8172.727,M,sensor,0,,,,,,,
2026-06-11T15:50:50.791Z,REAL,MANUAL,0.0,0.0,0.0,0.0,0.0,237.293,36.824,104.492,-8172.727,M,sensor,0,,,,,,,
2026-06-11T15:50:50.891Z,REAL,MANUAL,0.0,0.0,0.0,0.0,0.0,237.553,36.824,104.492,-8172.727,M,sensor,0,,,,,,,
2026-06-11T15:50:50.991Z,REAL,MANUAL,0.0,0.0,0.0,0.0,0.0,237.612,36.824,104.492,-8172.727,M,sensor,0,,,,,,,
2026-06-11T15:50:51.091Z,REAL,MANUAL,0.0,0.0,0.0,0.0,0.0,237.473,36.824,104.492,-8172.727,M,sensor,0,,,,,,,
2026-06-11T15:50:51.191Z,REAL,MANUAL,0.0,0.0,0.0,0.0,0.0,237.634,36.824,104.492,-8172.727,M,sensor,0,,,,,,,
2026-06-11T15:50:51.291Z,REAL,MANUAL,0.0,0.0,0.0,0.0,0.0,237.688,36.824,104.492,-8172.727,M,sensor,0,,,,,,,
2026-06-11T15:50:51.391Z,REAL,MANUAL,0.0,0.0,0.0,0.0,0.0,237.431,36.824,104.492,-8172.727,M,sensor,0,,,,,,,
2026-06-11T15:50:51.491Z,REAL,MANUAL,0.0,0.0,0.0,0.0,0.0,237.587,36.824,104.492,-8172.727,M,sensor,0,,,,,,,
2026-06-11T15:50:51.591Z,REAL,MANUAL,0.0,0.0,0.0,0.0,0.0,237.556,36.824,104.492,-8172.727,M,sensor,0,,,,,,,
2026-06-11T15:50:51.691Z,REAL,MANUAL,0.0,0.0,0.0,0.0,0.0,237.647,36.824,104.492,-8172.727,M,sensor,0,,,,,,,
2026-06-11T15:50:51.791Z,REAL,MANUAL,0.0,0.0,0.0,0.0,0.0,237.47,36.824,104.492,-8172.727,M,sensor,0,,,,,,,
2026-06-11T15:50:51.891Z,REAL,MANUAL,0.0,0.0,0.0,0.0,0.0,237.628,36.824,104.492,-8172.727,M,sensor,0,,,,,,,
2026-06-11T15:50:51.991Z,REAL,MANUAL,0.0,0.0,0.0,0.0,0.0,237.649,36.824,104.492,-8172.727,M,sensor,0,,,,,,,
2026-06-11T15:50:52.091Z,REAL,MANUAL,0.0,0.0,0.0,0.0,0.0,237.645,36.824,104.492,-8172.727,M,sensor,0,,,,,,,
2026-06-11T15:50:52.191Z,REAL,MANUAL,0.0,0.0,0.0,0.0,0.0,237.39,36.824,104.492,-8172.727,M,sensor,0,,,,,,,
2026-06-11T15:50:52.291Z,REAL,MANUAL,0.0,0.0,0.0,0.0,0.0,237.501,36.824,104.492,-8172.727,M,sensor,0,,,,,,,
2026-06-11T15:50:52.391Z,REAL,MANUAL,0.0,0.0,0.0,0.0,0.0,237.275,36.824,104.492,-8172.727,M,sensor,0,,,,,,,
2026-06-11T15:50:52.491Z,REAL,MANUAL,0.0,0.0,0.0,0.0,0.0,237.477,36.824,104.492,-8172.727,M,sensor,0,,,,,,,
2026-06-11T15:50:52.591Z,REAL,MANUAL,0.0,0.0,0.0,0.0,0.0,237.564,36.824,104.492,-8172.727,M,sensor,0,,,,,,,
2026-06-11T15:50:52.691Z,REAL,MANUAL,0.0,0.0,0.0,0.0,0.0,237.625,36.824,104.492,-8172.727,M,sensor,0,,,,,,,
2026-06-11T15:50:52.791Z,REAL,MANUAL,0.0,0.0,0.0,0.0,0.0,237.658,36.824,104.492,-8172.727,M,sensor,0,,,,,,,
2026-06-11T15:50:52.891Z,REAL,MANUAL,0.0,0.0,0.0,0.0,0.0,237.593,36.824,104.492,-8172.727,M,sensor,0,,,,,,,
2026-06-11T15:50:52.991Z,REAL,MANUAL,0.0,0.0,0.0,0.0,0.0,237.516,36.824,104.492,-8172.727,M,sensor,0,,,,,,,
2026-06-11T15:50:53.091Z,REAL,MANUAL,0.0,0.0,0.0,0.0,0.0,237.568,36.824,104.492,-8172.727,M,sensor,0,,,,,,,
2026-06-11T15:50:53.191Z,REAL,MANUAL,0.0,0.0,0.0,0.0,0.0,237.63,37.139,104.492,-8172.727,M,sensor,0,,,,,,,
2026-06-11T15:50:53.291Z,REAL,MANUAL,0.0,0.0,0.0,0.0,0.0,237.525,37.139,104.492,-8172.727,M,sensor,0,,,,,,,
2026-06-11T15:50:53.391Z,REAL,MANUAL,0.0,0.0,0.0,0.0,0.0,237.637,37.139,104.492,-8172.727,M,sensor,0,,,,,,,
2026-06-11T15:50:53.491Z,REAL,MANUAL,0.0,0.0,0.0,0.0,0.0,237.373,37.139,104.492,-8172.727,M,sensor,0,,,,,,,
2026-06-11T15:50:53.592Z,REAL,MANUAL,0.0,0.0,0.0,0.0,0.0,237.504,37.139,104.492,-8172.727,M,sensor,0,,,,,,,
2026-06-11T15:50:53.692Z,REAL,MANUAL,0.0,0.0,0.0,0.0,0.0,237.833,37.139,104.492,-8172.727,M,sensor,0,,,,,,,
2026-06-11T15:50:53.792Z,REAL,MANUAL,0.0,0.0,0.0,0.0,0.0,237.86,37.139,104.492,-8172.727,M,sensor,0,,,,,,,
2026-06-11T15:50:53.892Z,REAL,MANUAL,0.0,0.0,0.0,0.0,0.0,237.761,37.139,104.492,-8172.727,M,sensor,0,,,,,,,
2026-06-11T15:50:53.992Z,REAL,MANUAL,0.0,0.0,0.0,0.0,0.0,237.504,37.139,104.492,-8172.727,M,sensor,0,,,,,,,
2026-06-11T15:50:54.092Z,REAL,MANUAL,0.0,0.0,0.0,0.0,0.0,237.43,37.139,104.492,-8172.727,M,sensor,0,,,,,,,
2026-06-11T15:50:54.192Z,REAL,MANUAL,0.0,0.0,0.0,0.0,0.0,237.64,37.139,104.492,-8172.727,M,sensor,0,,,,,,,
2026-06-11T15:50:54.292Z,REAL,MANUAL,0.0,0.0,0.0,0.0,0.0,237.834,37.139,104.492,-8172.727,M,sensor,0,,,,,,,
2026-06-11T15:50:54.392Z,REAL,MANUAL,0.0,0.0,0.0,0.0,0.0,237.706,37.139,104.492,-8172.727,M,sensor,0,,,,,,,
2026-06-11T15:50:54.491Z,REAL,MANUAL,0.0,0.0,0.0,0.0,0.0,237.65,37.139,104.492,-8172.727,M,sensor,0,,,,,,,
2026-06-11T15:50:54.592Z,REAL,MANUAL,0.0,0.0,0.0,0.0,0.0,237.759,37.139,104.492,-8172.727,M,sensor,0,,,,,,,
2026-06-11T15:50:54.692Z,REAL,MANUAL,0.0,0.0,0.0,0.0,0.0,237.734,37.139,104.492,-8172.727,M,sensor,0,,,,,,,
2026-06-11T15:50:54.791Z,REAL,MANUAL,0.0,0.0,0.0,0.0,0.0,237.867,37.139,104.492,-8172.727,M,sensor,0,,,,,,,
2026-06-11T15:50:54.891Z,REAL,MANUAL,0.0,0.0,0.0,0.0,0.0,237.713,37.139,104.492,-8172.727,M,sensor,0,,,,,,,
2026-06-11T15:50:54.991Z,REAL,MANUAL,0.0,0.0,0.0,0.0,0.0,237.611,37.139,104.492,-8172.727,M,sensor,0,,,,,,,
2026-06-11T15:50:55.091Z,REAL,MANUAL,0.0,0.0,0.0,0.0,0.0,237.795,37.139,104.492,-8172.727,M,sensor,0,,,,,,,
2026-06-11T15:50:55.191Z,REAL,MANUAL,0.0,0.0,0.0,0.0,0.0,237.705,37.139,104.492,-8172.727,M,sensor,0,,,,,,,
2026-06-11T15:50:55.291Z,REAL,MANUAL,0.0,0.0,0.0,0.0,0.0,237.89,37.139,104.177,-8172.727,M,sensor,0,,,,,,,
2026-06-11T15:50:55.391Z,REAL,MANUAL,0.0,0.0,0.0,0.0,0.0,237.48,37.139,104.177,-8172.727,M,sensor,0,,,,,,,
2026-06-11T15:50:55.491Z,REAL,MANUAL,0.0,0.0,0.0,0.0,0.0,237.632,37.139,104.177,-8172.727,M,sensor,0,,,,,,,
2026-06-11T15:50:55.591Z,REAL,MANUAL,0.0,0.0,0.0,0.0,0.0,237.452,37.139,104.177,-8172.727,M,sensor,0,,,,,,,
2026-06-11T15:50:55.691Z,REAL,MANUAL,0.0,0.0,0.0,0.0,0.0,237.631,37.139,104.177,-8172.727,M,sensor,0,,,,,,,
2026-06-11T15:50:55.791Z,REAL,MANUAL,0.0,0.0,0.0,0.0,0.0,237.8,37.139,104.177,-8172.727,M,sensor,0,,,,,,,
2026-06-11T15:50:55.891Z,REAL,MANUAL,0.0,0.0,0.0,0.0,0.0,237.632,37.139,104.177,-8172.727,M,sensor,0,,,,,,,
2026-06-11T15:50:55.991Z,REAL,MANUAL,0.0,0.0,0.0,0.0,0.0,237.7,36.824,104.177,-8172.727,M,sensor,0,,,,,,,
2026-06-11T15:50:56.091Z,REAL,MANUAL,0.0,0.0,0.0,0.0,0.0,237.575,36.824,104.177,-8172.727,M,sensor,0,,,,,,,
2026-06-11T15:50:56.192Z,REAL,MANUAL,0.0,0.0,0.0,0.0,0.0,237.498,36.824,104.177,-8172.727,M,sensor,0,,,,,,,
2026-06-11T15:50:56.291Z,REAL,MANUAL,0.0,0.0,0.0,0.0,0.0,237.585,36.824,104.177,-8172.727,M,sensor,0,,,,,,,
2026-06-11T15:50:56.391Z,REAL,MANUAL,0.0,0.0,0.0,0.0,0.0,237.493,36.824,104.177,-8172.727,M,sensor,0,,,,,,,
2026-06-11T15:50:56.491Z,REAL,MANUAL,0.0,0.0,0.0,0.0,0.0,237.657,36.824,104.177,-8172.727,M,sensor,0,,,,,,,
2026-06-11T15:50:56.592Z,REAL,MANUAL,0.0,0.0,0.0,0.0,0.0,237.543,36.824,104.177,-8172.727,M,sensor,0,,,,,,,
2026-06-11T15:50:56.691Z,REAL,MANUAL,0.0,0.0,0.0,0.0,0.0,237.622,36.824,104.177,-8172.727,M,sensor,0,,,,,,,
2026-06-11T15:50:56.791Z,REAL,MANUAL,0.0,0.0,0.0,0.0,0.0,237.527,36.824,104.177,-8172.727,M,sensor,0,,,,,,,
2026-06-11T15:50:56.891Z,REAL,MANUAL,0.0,0.0,0.0,0.0,0.0,237.772,36.824,104.177,-8172.727,M,sensor,0,,,,,,,
2026-06-11T15:50:56.991Z,REAL,MANUAL,0.0,0.0,0.0,0.0,0.0,237.868,36.824,104.177,-8172.727,M,sensor,0,,,,,,,
2026-06-11T15:50:57.091Z,REAL,MANUAL,0.0,0.0,0.0,0.0,0.0,237.734,36.824,104.177,-8172.727,M,sensor,0,,,,,,,
2026-06-11T15:50:57.191Z,REAL,MANUAL,0.0,0.0,0.0,0.0,0.0,237.587,36.824,104.177,-8172.727,M,sensor,0,,,,,,,
2026-06-11T15:50:57.291Z,REAL,MANUAL,0.0,0.0,0.0,0.0,0.0,237.689,36.824,104.177,-8172.727,M,sensor,0,,,,,,,
2026-06-11T15:50:57.391Z,REAL,MANUAL,0.0,0.0,0.0,0.0,0.0,237.452,36.824,104.177,-8172.727,M,sensor,0,,,,,,,
2026-06-11T15:50:57.491Z,REAL,MANUAL,0.0,0.0,0.0,0.0,0.0,237.623,36.824,104.177,-8172.727,M,sensor,0,,,,,,,
2026-06-11T15:50:57.591Z,REAL,MANUAL,0.0,0.0,0.0,0.0,0.0,237.792,36.824,104.177,-8172.727,M,sensor,0,,,,,,,
2026-06-11T15:50:57.691Z,REAL,MANUAL,0.0,0.0,0.0,0.0,0.0,237.595,36.824,104.177,-8172.727,M,sensor,0,,,,,,,
2026-06-11T15:50:57.791Z,REAL,MANUAL,0.0,0.0,0.0,0.0,0.0,237.487,36.824,104.177,-8172.727,M,sensor,0,,,,,,,
2026-06-11T15:50:57.891Z,REAL,MANUAL,0.0,0.0,0.0,0.0,0.0,237.506,36.824,104.177,-8172.727,M,sensor,0,,,,,,,
2026-06-11T15:50:57.991Z,REAL,MANUAL,0.0,0.0,0.0,0.0,0.0,237.702,36.824,104.177,-8172.727,M,sensor,0,,,,,,,
2026-06-11T15:50:58.091Z,REAL,MANUAL,0.0,0.0,0.0,0.0,0.0,237.579,36.824,104.177,-8172.727,M,sensor,0,,,,,,,
2026-06-11T15:50:58.191Z,REAL,MANUAL,0.0,0.0,0.0,0.0,0.0,237.403,36.824,103.863,-8172.727,M,sensor,0,,,,,,,
2026-06-11T15:50:58.291Z,REAL,MANUAL,0.0,0.0,0.0,0.0,0.0,237.633,36.824,103.863,-8172.727,M,sensor,0,,,,,,,
2026-06-11T15:50:58.391Z,REAL,MANUAL,0.0,0.0,0.0,0.0,0.0,237.741,36.824,103.863,-8172.727,M,sensor,0,,,,,,,
2026-06-11T15:50:58.491Z,REAL,MANUAL,0.0,0.0,0.0,0.0,0.0,237.802,37.139,103.863,-8172.727,M,sensor,0,,,,,,,
2026-06-11T15:50:58.591Z,REAL,MANUAL,0.0,0.0,0.0,0.0,0.0,237.797,37.139,103.863,-8172.727,M,sensor,0,,,,,,,
2026-06-11T15:50:58.691Z,REAL,MANUAL,0.0,0.0,0.0,0.0,0.0,237.401,37.139,103.863,-8172.727,M,sensor,0,,,,,,,
2026-06-11T15:50:58.791Z,REAL,MANUAL,0.0,0.0,0.0,0.0,0.0,237.389,37.139,103.863,-8172.727,M,sensor,0,,,,,,,
2026-06-11T15:50:58.891Z,REAL,MANUAL,0.0,0.0,0.0,0.0,0.0,237.515,37.139,104.177,-8172.727,M,sensor,0,,,,,,,
2026-06-11T15:50:58.991Z,REAL,MANUAL,0.0,0.0,0.0,0.0,0.0,237.424,37.139,104.177,-8172.727,M,sensor,0,,,,,,,
2026-06-11T15:50:59.091Z,REAL,MANUAL,0.0,0.0,0.0,0.0,0.0,237.615,36.824,104.177,-8172.727,M,sensor,0,,,,,,,
2026-06-11T15:50:59.191Z,REAL,MANUAL,0.0,0.0,0.0,0.0,0.0,237.679,36.824,104.177,-8172.727,M,sensor,0,,,,,,,
2026-06-11T15:50:59.291Z,REAL,MANUAL,0.0,0.0,0.0,0.0,0.0,237.664,36.824,104.177,-8172.727,M,sensor,0,,,,,,,
2026-06-11T15:50:59.391Z,REAL,MANUAL,0.0,0.0,0.0,0.0,0.0,237.526,36.824,104.177,-8172.727,M,sensor,0,,,,,,,
2026-06-11T15:50:59.491Z,REAL,MANUAL,0.0,0.0,0.0,0.0,0.0,237.598,37.139,104.177,-8172.727,M,sensor,0,,,,,,,
2026-06-11T15:50:59.591Z,REAL,MANUAL,0.0,0.0,0.0,0.0,0.0,237.799,37.139,104.177,-8172.727,M,sensor,0,,,,,,,
2026-06-11T15:50:59.691Z,REAL,MANUAL,0.0,0.0,0.0,0.0,0.0,237.868,37.139,104.177,-8172.727,M,sensor,0,,,,,,,
2026-06-11T15:50:59.791Z,REAL,MANUAL,0.0,0.0,0.0,0.0,0.0,237.526,37.139,104.177,-8172.727,M,sensor,0,,,,,,,
2026-06-11T15:50:59.891Z,REAL,MANUAL,0.0,0.0,0.0,0.0,0.0,237.567,37.139,104.177,-8172.727,M,sensor,0,,,,,,,
2026-06-11T15:50:59.991Z,REAL,MANUAL,0.0,0.0,0.0,0.0,0.0,237.508,37.139,104.177,-8172.727,M,sensor,0,,,,,,,
2026-06-11T15:51:00.091Z,REAL,MANUAL,0.0,0.0,0.0,0.0,0.0,237.716,37.139,104.177,-8172.727,M,sensor,0,,,,,,,
2026-06-11T15:51:00.191Z,REAL,MANUAL,0.0,0.0,0.0,0.0,0.0,237.681,37.139,104.177,-8172.727,M,sensor,0,,,,,,,
2026-06-11T15:51:00.291Z,REAL,MANUAL,0.0,0.0,0.0,0.0,0.0,237.543,37.139,104.177,-8172.727,M,sensor,0,,,,,,,
2026-06-11T15:51:00.391Z,REAL,MANUAL,0.0,0.0,0.0,0.0,0.0,237.64,37.139,104.177,-8172.727,M,sensor,0,,,,,,,
2026-06-11T15:51:00.491Z,REAL,MANUAL,0.0,0.0,0.0,0.0,0.0,237.652,37.139,104.177,-8172.727,M,sensor,0,,,,,,,
2026-06-11T15:51:00.591Z,REAL,MANUAL,0.0,0.0,0.0,0.0,0.0,237.412,37.139,104.177,-8172.727,M,sensor,0,,,,,,,
2026-06-11T15:51:00.691Z,REAL,MANUAL,0.0,0.0,0.0,0.0,0.0,237.511,37.139,104.177,-8172.727,M,sensor,0,,,,,,,
2026-06-11T15:51:00.791Z,REAL,MANUAL,0.0,0.0,0.0,0.0,0.0,237.59,37.139,104.177,-8172.727,M,sensor,0,,,,,,,
2026-06-11T15:51:00.891Z,REAL,MANUAL,0.0,0.0,0.0,0.0,0.0,237.426,37.139,104.177,-8172.727,M,sensor,0,,,,,,,
2026-06-11T15:51:00.991Z,REAL,MANUAL,0.0,0.0,0.0,0.0,0.0,237.686,37.139,104.177,-8172.727,M,sensor,0,,,,,,,
2026-06-11T15:51:01.091Z,REAL,MANUAL,0.0,0.0,0.0,0.0,0.0,237.725,37.139,104.177,-8172.727,M,sensor,0,,,,,,,
2026-06-11T15:51:01.191Z,REAL,MANUAL,0.0,0.0,0.0,0.0,0.0,237.385,37.139,104.177,-8172.727,M,sensor,0,,,,,,,
2026-06-11T15:51:01.291Z,REAL,MANUAL,0.0,0.0,0.0,0.0,0.0,237.436,37.139,104.177,-8172.727,M,sensor,0,,,,,,,
2026-06-11T15:51:01.391Z,REAL,MANUAL,0.0,0.0,0.0,0.0,0.0,237.583,37.139,104.177,-8172.727,M,sensor,0,,,,,,,
2026-06-11T15:51:01.491Z,REAL,MANUAL,0.0,0.0,0.0,0.0,0.0,237.772,37.139,104.177,-8172.727,M,sensor,0,,,,,,,
2026-06-11T15:51:01.591Z,REAL,MANUAL,0.0,0.0,0.0,0.0,0.0,237.439,37.139,104.177,-8172.727,M,sensor,0,,,,,,,
2026-06-11T15:51:01.691Z,REAL,MANUAL,0.0,0.0,0.0,0.0,0.0,237.594,37.453,104.177,-8172.727,M,sensor,0,,,,,,,
2026-06-11T15:51:01.791Z,REAL,MANUAL,0.0,0.0,0.0,0.0,0.0,237.67,37.453,104.177,-8172.727,M,sensor,0,,,,,,,
2026-06-11T15:51:01.891Z,REAL,MANUAL,0.0,0.0,0.0,0.0,0.0,237.571,37.453,104.177,-8172.727,M,sensor,0,,,,,,,
2026-06-11T15:51:01.991Z,REAL,MANUAL,0.0,0.0,0.0,0.0,0.0,237.496,37.453,104.177,-8172.727,M,sensor,0,,,,,,,
2026-06-11T15:51:02.091Z,REAL,MANUAL,0.0,0.0,0.0,0.0,0.0,237.649,37.139,104.177,-8172.727,M,sensor,0,,,,,,,
2026-06-11T15:51:02.191Z,REAL,MANUAL,0.0,0.0,0.0,0.0,0.0,237.814,37.139,104.177,-8172.727,M,sensor,0,,,,,,,
2026-06-11T15:51:02.291Z,REAL,MANUAL,0.0,0.0,0.0,0.0,0.0,237.544,37.139,104.177,-8172.727,M,sensor,0,,,,,,,
2026-06-11T15:51:02.391Z,REAL,MANUAL,0.0,0.0,0.0,0.0,0.0,237.655,37.139,104.177,-8172.727,M,sensor,0,,,,,,,
2026-06-11T15:51:02.491Z,REAL,MANUAL,0.0,0.0,0.0,0.0,0.0,237.605,37.139,104.177,-8172.727,M,sensor,0,,,,,,,
2026-06-11T15:51:02.591Z,REAL,MANUAL,0.0,0.0,0.0,0.0,0.0,237.445,37.139,104.177,-8172.727,M,sensor,0,,,,,,,
2026-06-11T15:51:02.691Z,REAL,MANUAL,0.0,0.0,0.0,0.0,0.0,237.642,37.139,104.177,-8172.727,M,sensor,0,,,,,,,
2026-06-11T15:51:02.791Z,REAL,MANUAL,0.0,0.0,0.0,0.0,0.0,237.762,37.139,104.177,-8172.727,M,sensor,0,,,,,,,
2026-06-11T15:51:02.891Z,REAL,MANUAL,0.0,0.0,0.0,0.0,0.0,237.6,37.139,104.492,-8172.727,M,sensor,0,,,,,,,
2026-06-11T15:51:02.991Z,REAL,MANUAL,0.0,0.0,0.0,0.0,0.0,237.631,37.139,104.492,-8172.727,M,sensor,0,,,,,,,
2026-06-11T15:51:03.091Z,REAL,MANUAL,0.0,0.0,0.0,0.0,0.0,237.609,37.139,104.492,-8172.727,M,sensor,0,,,,,,,
2026-06-11T15:51:03.191Z,REAL,MANUAL,0.0,0.0,0.0,0.0,0.0,237.494,37.139,104.177,-8172.727,M,sensor,0,,,,,,,
2026-06-11T15:51:03.291Z,REAL,MANUAL,0.0,0.0,0.0,0.0,0.0,237.532,37.139,104.177,-8172.727,M,sensor,0,,,,,,,
2026-06-11T15:51:03.391Z,REAL,MANUAL,0.0,0.0,0.0,0.0,0.0,237.61,37.139,104.177,-8172.727,M,sensor,0,,,,,,,
2026-06-11T15:51:03.491Z,REAL,MANUAL,0.0,0.0,0.0,0.0,0.0,237.741,37.139,104.177,-8172.727,M,sensor,0,,,,,,,
2026-06-11T15:51:03.591Z,REAL,MANUAL,0.0,0.0,0.0,0.0,0.0,237.599,37.139,104.177,-8172.727,M,sensor,0,,,,,,,
2026-06-11T15:51:03.691Z,REAL,MANUAL,0.0,0.0,0.0,0.0,0.0,237.593,37.139,104.177,-8172.727,M,sensor,0,,,,,,,
2026-06-11T15:51:03.791Z,REAL,MANUAL,0.0,0.0,0.0,0.0,0.0,237.437,37.139,104.177,-8172.727,M,sensor,0,,,,,,,
2026-06-11T15:51:03.891Z,REAL,MANUAL,0.0,0.0,0.0,0.0,0.0,237.639,37.139,104.177,-8172.727,M,sensor,0,,,,,,,
2026-06-11T15:51:03.991Z,REAL,MANUAL,0.0,0.0,0.0,0.0,0.0,237.62,37.139,104.177,-8172.727,M,sensor,0,,,,,,,
2026-06-11T15:51:04.091Z,REAL,MANUAL,0.0,0.0,0.0,0.0,0.0,237.458,37.139,104.177,-8172.727,M,sensor,0,,,,,,,
2026-06-11T15:51:04.191Z,REAL,MANUAL,0.0,0.0,0.0,0.0,0.0,237.63,37.139,104.177,-8172.727,M,sensor,0,,,,,,,
2026-06-11T15:51:04.291Z,REAL,MANUAL,0.0,0.0,0.0,0.0,0.0,237.765,37.139,104.177,-8172.727,M,sensor,0,,,,,,,
2026-06-11T15:51:04.391Z,REAL,MANUAL,0.0,0.0,0.0,0.0,0.0,237.515,37.139,104.177,-8172.727,M,sensor,0,,,,,,,
2026-06-11T15:51:04.491Z,REAL,MANUAL,0.0,0.0,0.0,0.0,0.0,237.537,37.139,104.177,-8172.727,M,sensor,0,,,,,,,
2026-06-11T15:51:04.592Z,REAL,MANUAL,0.0,0.0,0.0,0.0,0.0,237.627,37.139,104.492,-8172.727,M,sensor,0,,,,,,,
2026-06-11T15:51:04.691Z,REAL,MANUAL,0.0,0.0,0.0,0.0,0.0,237.564,37.139,104.492,-8172.727,M,sensor,0,,,,,,,
2026-06-11T15:51:04.791Z,REAL,MANUAL,0.0,0.0,0.0,0.0,0.0,237.416,37.139,104.492,-8172.727,M,sensor,0,,,,,,,
2026-06-11T15:51:04.892Z,REAL,MANUAL,0.0,0.0,0.0,0.0,0.0,237.638,37.139,104.492,-8172.727,M,sensor,0,,,,,,,
2026-06-11T15:51:04.991Z,REAL,MANUAL,0.0,0.0,0.0,0.0,0.0,237.611,37.139,104.492,-8172.727,M,sensor,0,,,,,,,
2026-06-11T15:51:05.091Z,REAL,MANUAL,0.0,0.0,0.0,0.0,0.0,237.668,37.139,104.492,-8172.727,M,sensor,0,,,,,,,
2026-06-11T15:51:05.191Z,REAL,MANUAL,0.0,0.0,0.0,0.0,0.0,237.595,37.139,104.177,-8172.727,M,sensor,0,,,,,,,
2026-06-11T15:51:05.291Z,REAL,MANUAL,0.0,0.0,0.0,0.0,0.0,237.785,37.139,104.177,-8172.727,M,sensor,0,,,,,,,
2026-06-11T15:51:05.391Z,REAL,MANUAL,0.0,0.0,0.0,0.0,0.0,237.465,37.139,104.177,-8172.727,M,sensor,0,,,,,,,
2026-06-11T15:51:05.491Z,REAL,MANUAL,0.0,0.0,0.0,0.0,0.0,237.751,37.139,104.177,-8172.727,M,sensor,0,,,,,,,
2026-06-11T15:51:05.591Z,REAL,MANUAL,0.0,0.0,0.0,0.0,0.0,237.433,37.139,104.177,-8172.727,M,sensor,0,,,,,,,
2026-06-11T15:51:05.691Z,REAL,MANUAL,0.0,0.0,0.0,0.0,0.0,237.768,37.139,104.177,-8172.727,M,sensor,0,,,,,,,
2026-06-11T15:51:05.791Z,REAL,MANUAL,0.0,0.0,0.0,0.0,0.0,237.688,36.824,104.177,-8172.727,M,sensor,0,,,,,,,
2026-06-11T15:51:05.891Z,REAL,MANUAL,0.0,0.0,0.0,0.0,0.0,237.704,36.824,104.177,-8172.727,M,sensor,0,,,,,,,
2026-06-11T15:51:05.991Z,REAL,MANUAL,0.0,0.0,0.0,0.0,0.0,237.676,37.139,104.177,-8172.727,M,sensor,0,,,,,,,
2026-06-11T15:51:06.091Z,REAL,MANUAL,0.0,0.0,0.0,0.0,0.0,237.513,37.139,104.177,-8172.727,M,sensor,0,,,,,,,
2026-06-11T15:51:06.191Z,REAL,MANUAL,0.0,0.0,0.0,0.0,0.0,237.588,37.139,104.177,-8172.727,M,sensor,0,,,,,,,
2026-06-11T15:51:06.291Z,REAL,MANUAL,0.0,0.0,0.0,0.0,0.0,237.729,37.139,104.177,-8172.727,M,sensor,0,,,,,,,
2026-06-11T15:51:06.391Z,REAL,MANUAL,0.0,0.0,0.0,0.0,0.0,237.826,37.139,104.177,-8172.727,M,sensor,0,,,,,,,
2026-06-11T15:51:06.491Z,REAL,MANUAL,0.0,0.0,0.0,0.0,0.0,237.694,37.139,104.177,-8172.727,M,sensor,0,,,,,,,
2026-06-11T15:51:06.591Z,REAL,MANUAL,0.0,0.0,0.0,0.0,0.0,237.418,37.139,104.177,-8172.727,M,sensor,0,,,,,,,
2026-06-11T15:51:06.691Z,REAL,MANUAL,0.0,0.0,0.0,0.0,0.0,237.534,37.139,104.177,-8172.727,M,sensor,0,,,,,,,
2026-06-11T15:51:06.791Z,REAL,MANUAL,0.0,0.0,0.0,0.0,0.0,237.56,37.139,104.177,-8172.727,M,sensor,0,,,,,,,
2026-06-11T15:51:06.891Z,REAL,MANUAL,0.0,0.0,0.0,0.0,0.0,237.636,37.139,104.177,-8172.727,M,sensor,0,,,,,,,
2026-06-11T15:51:06.991Z,REAL,MANUAL,0.0,0.0,0.0,0.0,0.0,237.616,37.139,104.177,-8172.727,M,sensor,0,,,,,,,
2026-06-11T15:51:07.091Z,REAL,MANUAL,0.0,0.0,0.0,0.0,0.0,237.796,37.139,104.177,-8172.727,M,sensor,0,,,,,,,
2026-06-11T15:51:07.191Z,REAL,MANUAL,0.0,0.0,0.0,0.0,0.0,237.585,37.139,104.177,-8172.727,M,sensor,0,,,,,,,
2026-06-11T15:51:07.291Z,REAL,MANUAL,0.0,0.0,0.0,0.0,0.0,237.641,37.139,104.177,-8172.727,M,sensor,0,,,,,,,
2026-06-11T15:51:07.391Z,REAL,MANUAL,0.0,0.0,0.0,0.0,0.0,237.586,37.139,104.492,-8172.727,M,sensor,0,,,,,,,
2026-06-11T15:51:07.492Z,REAL,MANUAL,0.0,0.0,0.0,0.0,0.0,237.619,37.139,104.492,-8172.727,M,sensor,0,,,,,,,
2026-06-11T15:51:07.592Z,REAL,MANUAL,0.0,0.0,0.0,0.0,0.0,237.481,37.139,104.492,-8172.727,M,sensor,0,,,,,,,
2026-06-11T15:51:07.691Z,REAL,MANUAL,0.0,0.0,0.0,0.0,0.0,237.349,37.139,104.492,-8172.727,M,sensor,0,,,,,,,
2026-06-11T15:51:07.792Z,REAL,MANUAL,0.0,0.0,0.0,0.0,0.0,237.711,37.139,104.492,-8172.727,M,sensor,0,,,,,,,
2026-06-11T15:51:07.892Z,REAL,MANUAL,0.0,0.0,0.0,0.0,0.0,237.718,37.139,104.492,-8172.727,M,sensor,0,,,,,,,
2026-06-11T15:51:07.991Z,REAL,MANUAL,0.0,0.0,0.0,0.0,0.0,237.688,37.139,104.492,-8172.727,M,sensor,0,,,,,,,
2026-06-11T15:51:08.091Z,REAL,MANUAL,0.0,0.0,0.0,0.0,0.0,237.621,37.139,104.177,-8172.727,M,sensor,0,,,,,,,
2026-06-11T15:51:08.191Z,REAL,MANUAL,0.0,0.0,0.0,0.0,0.0,237.48,37.139,104.177,-8172.727,M,sensor,0,,,,,,,
2026-06-11T15:51:08.291Z,REAL,MANUAL,0.0,0.0,0.0,0.0,0.0,237.616,37.139,104.177,-8172.727,M,sensor,0,,,,,,,
2026-06-11T15:51:08.391Z,REAL,MANUAL,0.0,0.0,0.0,0.0,0.0,237.581,37.139,104.177,-8172.727,M,sensor,0,,,,,,,
2026-06-11T15:51:08.491Z,REAL,MANUAL,0.0,0.0,0.0,0.0,0.0,237.53,37.139,104.177,-8172.727,M,sensor,0,,,,,,,
2026-06-11T15:51:08.591Z,REAL,MANUAL,0.0,0.0,0.0,0.0,0.0,237.518,37.139,104.177,-8172.727,M,sensor,0,,,,,,,
2026-06-11T15:51:08.691Z,REAL,MANUAL,0.0,0.0,0.0,0.0,0.0,237.63,37.139,104.177,-8172.727,M,sensor,0,,,,,,,
2026-06-11T15:51:08.791Z,REAL,MANUAL,0.0,0.0,0.0,0.0,0.0,237.56,37.139,104.177,-8172.727,M,sensor,0,,,,,,,
2026-06-11T15:51:08.891Z,REAL,MANUAL,0.0,0.0,0.0,0.0,0.0,237.806,37.139,104.177,-8172.727,M,sensor,0,,,,,,,
2026-06-11T15:51:08.991Z,REAL,MANUAL,0.0,0.0,0.0,0.0,0.0,237.642,37.139,104.177,-8172.727,M,sensor,0,,,,,,,
2026-06-11T15:51:09.091Z,REAL,MANUAL,0.0,0.0,0.0,0.0,0.0,237.471,37.139,104.177,-8172.727,M,sensor,0,,,,,,,
2026-06-11T15:51:09.191Z,REAL,MANUAL,0.0,0.0,0.0,0.0,0.0,237.47,37.139,104.177,-8172.727,M,sensor,0,,,,,,,
2026-06-11T15:51:09.291Z,REAL,MANUAL,0.0,0.0,0.0,0.0,0.0,237.719,37.139,104.177,-8172.727,M,sensor,0,,,,,,,
2026-06-11T15:51:09.391Z,REAL,MANUAL,0.0,0.0,0.0,0.0,0.0,237.77,37.139,104.177,-8172.727,M,sensor,0,,,,,,,
2026-06-11T15:51:09.491Z,REAL,MANUAL,0.0,0.0,0.0,0.0,0.0,237.721,37.139,104.177,-8172.727,M,sensor,0,,,,,,,
2026-06-11T15:51:09.591Z,REAL,MANUAL,0.0,0.0,0.0,0.0,0.0,237.74,37.139,104.177,-8172.727,M,sensor,0,,,,,,,
2026-06-11T15:51:09.692Z,REAL,MANUAL,0.0,0.0,0.0,0.0,0.0,237.502,37.139,104.177,-8172.727,M,sensor,0,,,,,,,
2026-06-11T15:51:09.792Z,REAL,MANUAL,0.0,0.0,0.0,0.0,0.0,237.524,37.139,104.177,-8172.727,M,sensor,0,,,,,,,
2026-06-11T15:51:09.891Z,REAL,MANUAL,0.0,0.0,0.0,0.0,0.0,237.577,37.139,104.177,-8172.727,M,sensor,0,,,,,,,
2026-06-11T15:51:09.991Z,REAL,MANUAL,0.0,0.0,0.0,0.0,0.0,237.672,37.139,104.492,-8172.727,M,sensor,0,,,,,,,
2026-06-11T15:51:10.091Z,REAL,MANUAL,0.0,0.0,0.0,0.0,0.0,237.792,37.139,104.492,-8172.727,M,sensor,0,,,,,,,
2026-06-11T15:51:10.191Z,REAL,MANUAL,0.0,0.0,0.0,0.0,0.0,237.636,37.139,104.492,-8172.727,M,sensor,0,,,,,,,
2026-06-11T15:51:10.291Z,REAL,MANUAL,0.0,0.0,0.0,0.0,0.0,237.587,37.139,104.492,-8172.727,M,sensor,0,,,,,,,
2026-06-11T15:51:10.391Z,REAL,MANUAL,0.0,0.0,0.0,0.0,0.0,237.595,37.139,104.492,-8172.727,M,sensor,0,,,,,,,
2026-06-11T15:51:10.491Z,REAL,MANUAL,0.0,0.0,0.0,0.0,0.0,237.502,37.139,104.492,-8172.727,M,sensor,0,,,,,,,
2026-06-11T15:51:10.591Z,REAL,MANUAL,0.0,0.0,0.0,0.0,0.0,237.417,37.139,104.492,-8172.727,M,sensor,0,,,,,,,
2026-06-11T15:51:10.691Z,REAL,MANUAL,0.0,0.0,0.0,0.0,0.0,237.576,37.139,104.492,-8172.727,M,sensor,0,,,,,,,
2026-06-11T15:51:10.791Z,REAL,MANUAL,0.0,0.0,0.0,0.0,0.0,237.723,37.139,104.492,-8172.727,M,sensor,0,,,,,,,
2026-06-11T15:51:10.891Z,REAL,MANUAL,0.0,0.0,0.0,0.0,0.0,237.624,37.139,104.492,-8172.727,M,sensor,0,,,,,,,
2026-06-11T15:51:10.991Z,REAL,MANUAL,0.0,0.0,0.0,0.0,0.0,237.443,37.139,104.492,-8172.727,M,sensor,0,,,,,,,
2026-06-11T15:51:11.091Z,REAL,MANUAL,0.0,0.0,0.0,0.0,0.0,237.423,37.139,104.492,-8172.727,M,sensor,0,,,,,,,
2026-06-11T15:51:11.191Z,REAL,MANUAL,0.0,0.0,0.0,0.0,0.0,237.578,37.139,104.492,-8172.727,M,sensor,0,,,,,,,
2026-06-11T15:51:11.291Z,REAL,MANUAL,0.0,0.0,0.0,0.0,0.0,237.417,37.139,104.492,-8172.727,M,sensor,0,,,,,,,
2026-06-11T15:51:11.391Z,REAL,MANUAL,0.0,0.0,0.0,0.0,0.0,237.558,37.139,104.177,-8172.727,M,sensor,0,,,,,,,
2026-06-11T15:51:11.491Z,REAL,MANUAL,0.0,0.0,0.0,0.0,0.0,237.42,37.139,104.177,-8172.727,M,sensor,0,,,,,,,
2026-06-11T15:51:11.591Z,REAL,MANUAL,0.0,0.0,0.0,0.0,0.0,237.486,37.453,104.177,-8172.727,M,sensor,0,,,,,,,
2026-06-11T15:51:11.691Z,REAL,MANUAL,0.0,0.0,0.0,0.0,0.0,237.611,37.139,104.177,-8172.727,M,sensor,0,,,,,,,
2026-06-11T15:51:11.791Z,REAL,MANUAL,0.0,0.0,0.0,0.0,0.0,237.754,37.139,104.177,-8172.727,M,sensor,0,,,,,,,
2026-06-11T15:51:11.891Z,REAL,MANUAL,0.0,0.0,0.0,0.0,0.0,237.57,37.139,104.177,-8172.727,M,sensor,0,,,,,,,
2026-06-11T15:51:11.991Z,REAL,MANUAL,0.0,0.0,0.0,0.0,0.0,237.619,37.139,104.177,-8172.727,M,sensor,0,,,,,,,
2026-06-11T15:51:12.091Z,REAL,MANUAL,0.0,0.0,0.0,0.0,0.0,237.497,37.139,104.177,-8172.727,M,sensor,0,,,,,,,
2026-06-11T15:51:12.191Z,REAL,MANUAL,0.0,0.0,0.0,0.0,0.0,237.333,37.453,104.177,-8172.727,M,sensor,0,,,,,,,
2026-06-11T15:51:12.291Z,REAL,MANUAL,0.0,0.0,0.0,0.0,0.0,237.61,37.453,104.177,-8172.727,M,sensor,0,,,,,,,
2026-06-11T15:51:12.391Z,REAL,MANUAL,0.0,0.0,0.0,0.0,0.0,237.866,37.139,104.177,-8172.727,M,sensor,0,,,,,,,
2026-06-11T15:51:12.491Z,REAL,MANUAL,0.0,0.0,0.0,0.0,0.0,237.49,37.139,104.177,-8172.727,M,sensor,0,,,,,,,
2026-06-11T15:51:12.591Z,REAL,MANUAL,0.0,0.0,0.0,0.0,0.0,237.544,37.139,104.177,-8172.727,M,sensor,0,,,,,,,
2026-06-11T15:51:12.691Z,REAL,MANUAL,0.0,0.0,0.0,0.0,0.0,237.651,37.139,104.177,-8172.727,M,sensor,0,,,,,,,
2026-06-11T15:51:12.791Z,REAL,MANUAL,0.0,0.0,0.0,0.0,0.0,237.636,37.139,104.492,-8172.727,M,sensor,0,,,,,,,
2026-06-11T15:51:12.891Z,REAL,MANUAL,0.0,0.0,0.0,0.0,0.0,237.396,37.139,104.492,-8172.727,M,sensor,0,,,,,,,
2026-06-11T15:51:12.991Z,REAL,MANUAL,0.0,0.0,0.0,0.0,0.0,237.426,37.139,104.492,-8172.727,M,sensor,0,,,,,,,
2026-06-11T15:51:13.091Z,REAL,MANUAL,0.0,0.0,0.0,0.0,0.0,237.579,37.139,104.492,-8172.727,M,sensor,0,,,,,,,
2026-06-11T15:51:13.191Z,REAL,MANUAL,0.0,0.0,0.0,0.0,0.0,237.684,37.139,104.492,-8172.727,M,sensor,0,,,,,,,
2026-06-11T15:51:13.291Z,REAL,MANUAL,0.0,0.0,0.0,0.0,0.0,237.658,37.139,104.492,-8172.727,M,sensor,0,,,,,,,
2026-06-11T15:51:13.391Z,REAL,MANUAL,0.0,0.0,0.0,0.0,0.0,237.575,37.139,104.492,-8172.727,M,sensor,0,,,,,,,
2026-06-11T15:51:13.491Z,REAL,MANUAL,0.0,0.0,0.0,0.0,0.0,237.635,37.139,104.492,-8172.727,M,sensor,0,,,,,,,
2026-06-11T15:51:13.591Z,REAL,MANUAL,0.0,0.0,0.0,0.0,0.0,237.851,37.139,104.492,-8172.727,M,sensor,0,,,,,,,
2026-06-11T15:51:13.691Z,REAL,MANUAL,0.0,0.0,0.0,0.0,0.0,237.685,37.139,104.492,-8172.727,M,sensor,0,,,,,,,
2026-06-11T15:51:13.791Z,REAL,MANUAL,0.0,0.0,0.0,0.0,0.0,237.476,37.139,104.492,-8172.727,M,sensor,0,,,,,,,
2026-06-11T15:51:13.891Z,REAL,MANUAL,0.0,0.0,0.0,0.0,0.0,237.41,37.139,104.492,-8172.727,M,sensor,0,,,,,,,
2026-06-11T15:51:13.991Z,REAL,MANUAL,0.0,0.0,0.0,0.0,0.0,237.595,37.139,104.492,-8172.727,M,sensor,0,,,,,,,
2026-06-11T15:51:14.091Z,REAL,MANUAL,0.0,0.0,0.0,0.0,0.0,237.672,37.139,104.492,-8172.727,M,sensor,0,,,,,,,
2026-06-11T15:51:14.191Z,REAL,MANUAL,0.0,0.0,0.0,0.0,0.0,237.567,37.139,104.492,-8172.727,M,sensor,0,,,,,,,
2026-06-11T15:51:14.291Z,REAL,MANUAL,0.0,0.0,0.0,0.0,0.0,237.433,37.139,104.492,-8172.727,M,sensor,0,,,,,,,
2026-06-11T15:51:14.391Z,REAL,MANUAL,0.0,0.0,0.0,0.0,0.0,237.554,37.139,104.492,-8172.727,M,sensor,0,,,,,,,
2026-06-11T15:51:14.491Z,REAL,MANUAL,0.0,0.0,0.0,0.0,0.0,237.77,37.139,104.492,-8172.727,M,sensor,0,,,,,,,
2026-06-11T15:51:14.591Z,REAL,MANUAL,0.0,0.0,0.0,0.0,0.0,237.471,37.139,104.492,-8172.727,M,sensor,0,,,,,,,
2026-06-11T15:51:14.691Z,REAL,MANUAL,0.0,0.0,0.0,0.0,0.0,237.789,37.139,104.492,-8172.727,M,sensor,0,,,,,,,
2026-06-11T15:51:14.791Z,REAL,MANUAL,0.0,0.0,0.0,0.0,0.0,237.817,37.139,104.492,-8172.727,M,sensor,0,,,,,,,
2026-06-11T15:51:14.892Z,REAL,MANUAL,0.0,0.0,0.0,0.0,0.0,237.985,37.139,104.492,-8172.727,M,sensor,0,,,,,,,
2026-06-11T15:51:14.992Z,REAL,MANUAL,0.0,0.0,0.0,0.0,0.0,237.526,37.139,104.492,-8172.727,M,sensor,0,,,,,,,
2026-06-11T15:51:15.091Z,REAL,MANUAL,0.0,0.0,0.0,0.0,0.0,237.534,37.139,104.492,-8172.727,M,sensor,0,,,,,,,
2026-06-11T15:51:15.191Z,REAL,MANUAL,0.0,0.0,0.0,0.0,0.0,237.864,37.139,104.492,-8172.727,M,sensor,0,,,,,,,
2026-06-11T15:51:15.291Z,REAL,MANUAL,0.0,0.0,0.0,0.0,0.0,237.829,37.139,104.492,-8172.727,M,sensor,0,,,,,,,
2026-06-11T15:51:15.391Z,REAL,MANUAL,0.0,0.0,0.0,0.0,0.0,237.789,37.139,104.492,-8172.727,M,sensor,0,,,,,,,
2026-06-11T15:51:15.491Z,REAL,MANUAL,0.0,0.0,0.0,0.0,0.0,237.325,37.139,104.492,-8172.727,M,sensor,0,,,,,,,
2026-06-11T15:51:15.591Z,REAL,MANUAL,0.0,0.0,0.0,0.0,0.0,237.614,37.139,104.492,-8172.727,M,sensor,0,,,,,,,
2026-06-11T15:51:15.691Z,REAL,MANUAL,0.0,0.0,0.0,0.0,0.0,237.759,37.139,104.492,-8172.727,M,sensor,0,,,,,,,
2026-06-11T15:51:15.791Z,REAL,MANUAL,0.0,0.0,0.0,0.0,0.0,237.596,37.139,104.492,-8172.727,M,sensor,0,,,,,,,
2026-06-11T15:51:15.891Z,REAL,MANUAL,0.0,0.0,0.0,0.0,0.0,237.761,37.139,104.492,-8172.727,M,sensor,0,,,,,,,
2026-06-11T15:51:15.991Z,REAL,MANUAL,0.0,0.0,0.0,0.0,0.0,237.8,37.139,104.177,-8172.727,M,sensor,0,,,,,,,
2026-06-11T15:51:16.091Z,REAL,MANUAL,0.0,0.0,0.0,0.0,0.0,237.55,37.139,104.177,-8172.727,M,sensor,0,,,,,,,
2026-06-11T15:51:16.191Z,REAL,MANUAL,0.0,0.0,0.0,0.0,0.0,237.69,37.139,104.177,-8172.727,M,sensor,0,,,,,,,
2026-06-11T15:51:16.291Z,REAL,MANUAL,0.0,0.0,0.0,0.0,0.0,237.583,37.139,104.492,-8172.727,M,sensor,0,,,,,,,
2026-06-11T15:51:16.391Z,REAL,MANUAL,0.0,0.0,0.0,0.0,0.0,237.594,37.139,104.492,-8172.727,M,sensor,0,,,,,,,
2026-06-11T15:51:16.491Z,REAL,MANUAL,0.0,0.0,0.0,0.0,0.0,237.568,37.139,104.492,-8172.727,M,sensor,0,,,,,,,
2026-06-11T15:51:16.591Z,REAL,MANUAL,0.0,0.0,0.0,0.0,0.0,237.528,37.139,104.492,-8172.727,M,sensor,0,,,,,,,
2026-06-11T15:51:16.692Z,REAL,MANUAL,0.0,0.0,0.0,0.0,0.0,237.298,37.139,104.492,-8172.727,M,sensor,0,,,,,,,
2026-06-11T15:51:16.791Z,REAL,MANUAL,0.0,0.0,0.0,0.0,0.0,237.647,37.139,104.492,-8172.727,M,sensor,0,,,,,,,
2026-06-11T15:51:16.891Z,REAL,MANUAL,0.0,0.0,0.0,0.0,0.0,237.693,37.139,104.492,-8172.727,M,sensor,0,,,,,,,
2026-06-11T15:51:16.991Z,REAL,MANUAL,0.0,0.0,0.0,0.0,0.0,237.597,37.139,104.492,-8172.727,M,sensor,0,,,,,,,
2026-06-11T15:51:17.091Z,REAL,MANUAL,0.0,0.0,0.0,0.0,0.0,237.789,37.139,104.177,-8172.727,M,sensor,0,,,,,,,
2026-06-11T15:51:17.191Z,REAL,MANUAL,0.0,0.0,0.0,0.0,0.0,237.806,37.139,104.177,-8172.727,M,sensor,0,,,,,,,
2026-06-11T15:51:17.291Z,REAL,MANUAL,0.0,0.0,0.0,0.0,0.0,237.617,37.139,104.177,-8172.727,M,sensor,0,,,,,,,
2026-06-11T15:51:17.391Z,REAL,MANUAL,0.0,0.0,0.0,0.0,0.0,237.498,36.824,104.177,-8172.727,M,sensor,0,,,,,,,
2026-06-11T15:51:17.491Z,REAL,MANUAL,0.0,0.0,0.0,0.0,0.0,237.719,36.824,104.177,-8172.727,M,sensor,0,,,,,,,
2026-06-11T15:51:17.591Z,REAL,MANUAL,0.0,0.0,0.0,0.0,0.0,237.725,36.824,104.177,-8172.727,M,sensor,0,,,,,,,
2026-06-11T15:51:17.691Z,REAL,MANUAL,0.0,0.0,0.0,0.0,0.0,237.565,36.824,104.177,-8172.727,M,sensor,0,,,,,,,
2026-06-11T15:51:17.791Z,REAL,MANUAL,0.0,0.0,0.0,0.0,0.0,237.519,36.824,104.177,-8172.727,M,sensor,0,,,,,,,
2026-06-11T15:51:17.891Z,REAL,MANUAL,0.0,0.0,0.0,0.0,0.0,237.521,37.139,104.177,-8172.727,M,sensor,0,,,,,,,
2026-06-11T15:51:17.991Z,REAL,MANUAL,0.0,0.0,0.0,0.0,0.0,237.627,36.824,104.177,-8172.727,M,sensor,0,,,,,,,
2026-06-11T15:51:18.091Z,REAL,MANUAL,0.0,0.0,0.0,0.0,0.0,237.694,36.824,104.177,-8172.727,M,sensor,0,,,,,,,
2026-06-11T15:51:18.191Z,REAL,MANUAL,0.0,0.0,0.0,0.0,0.0,237.715,36.824,104.177,-8172.727,M,sensor,0,,,,,,,
2026-06-11T15:51:18.291Z,REAL,MANUAL,0.0,0.0,0.0,0.0,0.0,237.51,37.139,104.177,-8172.727,M,sensor,0,,,,,,,
2026-06-11T15:51:18.391Z,REAL,MANUAL,0.0,0.0,0.0,0.0,0.0,237.609,37.139,104.177,-8172.727,M,sensor,0,,,,,,,
2026-06-11T15:51:18.491Z,REAL,MANUAL,0.0,0.0,0.0,0.0,0.0,237.488,37.139,104.177,-8172.727,M,sensor,0,,,,,,,
2026-06-11T15:51:18.591Z,REAL,MANUAL,0.0,0.0,0.0,0.0,0.0,237.499,37.139,104.177,-8172.727,M,sensor,0,,,,,,,
2026-06-11T15:51:18.691Z,REAL,MANUAL,0.0,0.0,0.0,0.0,0.0,237.57,37.139,104.177,-8172.727,M,sensor,0,,,,,,,
2026-06-11T15:51:18.791Z,REAL,MANUAL,0.0,0.0,0.0,0.0,0.0,237.622,37.139,104.177,-8172.727,M,sensor,0,,,,,,,
2026-06-11T15:51:18.891Z,REAL,MANUAL,0.0,0.0,0.0,0.0,0.0,237.723,37.139,104.177,-8172.727,M,sensor,0,,,,,,,
2026-06-11T15:51:18.991Z,REAL,MANUAL,0.0,0.0,0.0,0.0,0.0,237.823,37.139,104.177,-8172.727,M,sensor,0,,,,,,,
2026-06-11T15:51:19.091Z,REAL,MANUAL,0.0,0.0,0.0,0.0,0.0,237.642,37.139,104.177,-8172.727,M,sensor,0,,,,,,,
2026-06-11T15:51:19.191Z,REAL,MANUAL,0.0,0.0,0.0,0.0,0.0,237.746,37.139,104.177,-8172.727,M,sensor,0,,,,,,,
2026-06-11T15:51:19.291Z,REAL,MANUAL,0.0,0.0,0.0,0.0,0.0,237.729,36.824,104.177,-8172.727,M,sensor,0,,,,,,,
2026-06-11T15:51:19.391Z,REAL,MANUAL,0.0,0.0,0.0,0.0,0.0,237.695,36.824,104.177,-8172.727,M,sensor,0,,,,,,,
2026-06-11T15:51:19.491Z,REAL,MANUAL,0.0,0.0,0.0,0.0,0.0,237.624,36.824,104.177,-8172.727,M,sensor,0,,,,,,,
2026-06-11T15:51:19.591Z,REAL,MANUAL,0.0,0.0,0.0,0.0,0.0,237.577,36.824,104.177,-8172.727,M,sensor,0,,,,,,,
2026-06-11T15:51:19.691Z,REAL,MANUAL,0.0,0.0,0.0,0.0,0.0,237.458,36.824,104.177,-8172.727,M,sensor,0,,,,,,,
2026-06-11T15:51:19.791Z,REAL,MANUAL,0.0,0.0,0.0,0.0,0.0,237.666,36.824,104.177,-8172.727,M,sensor,0,,,,,,,
2026-06-11T15:51:19.891Z,REAL,MANUAL,0.0,0.0,0.0,0.0,0.0,237.764,36.824,104.177,-8172.727,M,sensor,0,,,,,,,
2026-06-11T15:51:19.991Z,REAL,MANUAL,0.0,0.0,0.0,0.0,0.0,237.39,36.824,104.177,-8172.727,M,sensor,0,,,,,,,
2026-06-11T15:51:20.091Z,REAL,MANUAL,0.0,0.0,0.0,0.0,0.0,237.593,36.824,104.177,-8172.727,M,sensor,0,,,,,,,
2026-06-11T15:51:20.192Z,REAL,MANUAL,0.0,0.0,0.0,0.0,0.0,237.668,37.139,104.492,-8172.727,M,sensor,0,,,,,,,
2026-06-11T15:51:20.291Z,REAL,MANUAL,0.0,0.0,0.0,0.0,0.0,237.633,37.139,104.492,-8172.727,M,sensor,0,,,,,,,
2026-06-11T15:51:20.391Z,REAL,MANUAL,0.0,0.0,0.0,0.0,0.0,237.494,37.139,104.492,-8172.727,M,sensor,0,,,,,,,
2026-06-11T15:51:20.491Z,REAL,MANUAL,0.0,0.0,0.0,0.0,0.0,237.472,37.139,104.492,-8172.727,M,sensor,0,,,,,,,
2026-06-11T15:51:20.591Z,REAL,MANUAL,0.0,0.0,0.0,0.0,0.0,237.482,37.139,104.492,-8172.727,M,sensor,0,,,,,,,
2026-06-11T15:51:20.691Z,REAL,MANUAL,0.0,0.0,0.0,0.0,0.0,237.374,37.139,104.492,-8172.727,M,sensor,0,,,,,,,
2026-06-11T15:51:20.791Z,REAL,MANUAL,0.0,0.0,0.0,0.0,0.0,237.509,37.139,104.492,-8172.727,M,sensor,0,,,,,,,
2026-06-11T15:51:20.891Z,REAL,MANUAL,0.0,0.0,0.0,0.0,0.0,237.604,37.139,104.177,-8172.727,M,sensor,0,,,,,,,
2026-06-11T15:51:20.991Z,REAL,MANUAL,0.0,0.0,0.0,0.0,0.0,237.556,37.139,104.177,-8172.727,M,sensor,0,,,,,,,
2026-06-11T15:51:21.091Z,REAL,MANUAL,0.0,0.0,0.0,0.0,0.0,237.611,37.139,104.177,-8172.727,M,sensor,0,,,,,,,
2026-06-11T15:51:21.191Z,REAL,MANUAL,0.0,0.0,0.0,0.0,0.0,237.724,37.139,104.177,-8172.727,M,sensor,0,,,,,,,
2026-06-11T15:51:21.291Z,REAL,MANUAL,0.0,0.0,0.0,0.0,0.0,237.625,37.139,104.177,-8172.727,M,sensor,0,,,,,,,
2026-06-11T15:51:21.391Z,REAL,MANUAL,0.0,0.0,0.0,0.0,0.0,237.553,37.139,104.177,-8172.727,M,sensor,0,,,,,,,
2026-06-11T15:51:21.491Z,REAL,MANUAL,0.0,0.0,0.0,0.0,0.0,237.789,37.139,104.177,-8172.727,M,sensor,0,,,,,,,
2026-06-11T15:51:21.591Z,REAL,MANUAL,0.0,0.0,0.0,0.0,0.0,237.498,37.139,104.177,-8172.727,M,sensor,0,,,,,,,
2026-06-11T15:51:21.691Z,REAL,MANUAL,0.0,0.0,0.0,0.0,0.0,237.427,37.139,104.177,-8172.727,M,sensor,0,,,,,,,
2026-06-11T15:51:21.791Z,REAL,MANUAL,0.0,0.0,0.0,0.0,0.0,237.394,37.139,104.177,-8172.727,M,sensor,0,,,,,,,
2026-06-11T15:51:21.891Z,REAL,MANUAL,0.0,0.0,0.0,0.0,0.0,237.549,37.139,104.177,-8172.727,M,sensor,0,,,,,,,
2026-06-11T15:51:21.991Z,REAL,MANUAL,0.0,0.0,0.0,0.0,0.0,237.401,37.139,104.177,-8172.727,M,sensor,0,,,,,,,
2026-06-11T15:51:22.091Z,REAL,MANUAL,0.0,0.0,0.0,0.0,0.0,237.575,37.139,104.177,-8172.727,M,sensor,0,,,,,,,
2026-06-11T15:51:22.191Z,REAL,MANUAL,0.0,0.0,0.0,0.0,0.0,237.536,37.139,104.177,-8172.727,M,sensor,0,,,,,,,
2026-06-11T15:51:22.291Z,REAL,MANUAL,0.0,0.0,0.0,0.0,0.0,237.855,37.139,104.177,-8172.727,M,sensor,0,,,,,,,
2026-06-11T15:51:22.391Z,REAL,MANUAL,0.0,0.0,0.0,0.0,0.0,237.638,37.139,104.177,-8172.727,M,sensor,0,,,,,,,
2026-06-11T15:51:22.491Z,REAL,MANUAL,0.0,0.0,0.0,0.0,0.0,237.673,37.139,104.177,-8172.727,M,sensor,0,,,,,,,
2026-06-11T15:51:22.591Z,REAL,MANUAL,0.0,0.0,0.0,0.0,0.0,237.568,37.139,104.492,-8172.727,M,sensor,0,,,,,,,
2026-06-11T15:51:22.691Z,REAL,MANUAL,0.0,0.0,0.0,0.0,0.0,237.695,37.139,104.492,-8172.727,M,sensor,0,,,,,,,
2026-06-11T15:51:22.791Z,REAL,MANUAL,0.0,0.0,0.0,0.0,0.0,237.493,37.139,104.492,-8172.727,M,sensor,0,,,,,,,
2026-06-11T15:51:22.891Z,REAL,MANUAL,0.0,0.0,0.0,0.0,0.0,237.701,37.139,104.492,-8172.727,M,sensor,0,,,,,,,
2026-06-11T15:51:22.991Z,REAL,MANUAL,0.0,0.0,0.0,0.0,0.0,237.548,37.139,104.492,-8172.727,M,sensor,0,,,,,,,
2026-06-11T15:51:23.091Z,REAL,MANUAL,0.0,0.0,0.0,0.0,0.0,237.56,37.139,104.492,-8172.727,M,sensor,0,,,,,,,
2026-06-11T15:51:23.191Z,REAL,MANUAL,0.0,0.0,0.0,0.0,0.0,237.769,37.139,104.492,-8172.727,M,sensor,0,,,,,,,
2026-06-11T15:51:23.291Z,REAL,MANUAL,0.0,0.0,0.0,0.0,0.0,237.762,37.139,104.492,-8172.727,M,sensor,0,,,,,,,
2026-06-11T15:51:23.391Z,REAL,MANUAL,0.0,0.0,0.0,0.0,0.0,237.662,37.139,104.492,-8172.727,M,sensor,0,,,,,,,
2026-06-11T15:51:23.491Z,REAL,MANUAL,0.0,0.0,0.0,0.0,0.0,237.516,37.139,104.492,-8172.727,M,sensor,0,,,,,,,
2026-06-11T15:51:23.591Z,REAL,MANUAL,0.0,0.0,0.0,0.0,0.0,237.624,37.139,104.492,-8172.727,M,sensor,0,,,,,,,
2026-06-11T15:51:23.691Z,REAL,MANUAL,0.0,0.0,0.0,0.0,0.0,237.625,37.139,104.492,-8172.727,M,sensor,0,,,,,,,
2026-06-11T15:51:23.791Z,REAL,MANUAL,0.0,0.0,0.0,0.0,0.0,237.626,37.139,104.492,-8172.727,M,sensor,0,,,,,,,
2026-06-11T15:51:23.891Z,REAL,MANUAL,0.0,0.0,0.0,0.0,0.0,237.626,37.139,104.492,-8172.727,M,sensor,0,,,,,,,
2026-06-11T15:51:23.991Z,REAL,MANUAL,0.0,0.0,0.0,0.0,0.0,237.445,37.139,104.492,-8172.727,M,sensor,0,,,,,,,
2026-06-11T15:51:24.092Z,REAL,MANUAL,0.0,0.0,0.0,0.0,0.0,237.671,37.139,104.492,-8172.727,M,sensor,0,,,,,,,
2026-06-11T15:51:24.191Z,REAL,MANUAL,0.0,0.0,0.0,0.0,0.0,237.715,37.139,104.492,-8172.727,M,sensor,0,,,,,,,
2026-06-11T15:51:24.291Z,REAL,MANUAL,0.0,0.0,0.0,0.0,0.0,237.718,37.139,104.492,-8172.727,M,sensor,0,,,,,,,
2026-06-11T15:51:24.391Z,REAL,MANUAL,0.0,0.0,0.0,0.0,0.0,237.616,37.139,104.807,-8172.727,M,sensor,0,,,,,,,
2026-06-11T15:51:24.496Z,REAL,MANUAL,0.0,0.0,0.0,0.0,0.0,237.887,37.139,104.492,-8172.727,M,sensor,0,,,,,,,
2026-06-11T15:51:24.591Z,REAL,MANUAL,0.0,0.0,0.0,0.0,0.0,237.786,37.139,104.492,-8172.727,M,sensor,0,,,,,,,
2026-06-11T15:51:24.692Z,REAL,MANUAL,0.0,0.0,0.0,0.0,0.0,237.832,37.139,104.492,-8172.727,M,sensor,0,,,,,,,
2026-06-11T15:51:24.792Z,REAL,MANUAL,0.0,0.0,0.0,0.0,0.0,237.822,37.139,104.492,-8172.727,M,sensor,0,,,,,,,
2026-06-11T15:51:24.891Z,REAL,MANUAL,0.0,0.0,0.0,0.0,0.0,237.677,37.139,104.492,-8172.727,M,sensor,0,,,,,,,
2026-06-11T15:51:24.992Z,REAL,MANUAL,0.0,0.0,0.0,0.0,0.0,237.672,37.139,104.492,-8172.727,M,sensor,0,,,,,,,
2026-06-11T15:51:25.091Z,REAL,MANUAL,0.0,0.0,0.0,0.0,0.0,237.517,37.139,104.492,-8172.727,M,sensor,0,,,,,,,
2026-06-11T15:51:25.191Z,REAL,MANUAL,0.0,0.0,0.0,0.0,0.0,237.559,37.139,104.492,-8172.727,M,sensor,0,,,,,,,
2026-06-11T15:51:25.291Z,REAL,MANUAL,0.0,0.0,0.0,0.0,0.0,237.669,37.139,104.492,-8172.727,M,sensor,0,,,,,,,
2026-06-11T15:51:25.391Z,REAL,MANUAL,0.0,0.0,0.0,0.0,0.0,237.507,37.139,104.492,-8172.727,M,sensor,0,,,,,,,
2026-06-11T15:51:25.492Z,REAL,MANUAL,0.0,0.0,0.0,0.0,0.0,237.546,37.139,104.492,-8172.727,M,sensor,0,,,,,,,
2026-06-11T15:51:25.591Z,REAL,MANUAL,0.0,0.0,0.0,0.0,0.0,238.054,37.139,104.492,-8172.727,M,sensor,0,,,,,,,
2026-06-11T15:51:25.691Z,REAL,MANUAL,0.0,0.0,0.0,0.0,0.0,237.801,37.139,104.492,-8172.727,M,sensor,0,,,,,,,
2026-06-11T15:51:25.791Z,REAL,MANUAL,0.0,0.0,0.0,0.0,0.0,237.532,37.139,104.492,-8172.727,M,sensor,0,,,,,,,
2026-06-11T15:51:25.891Z,REAL,MANUAL,0.0,0.0,0.0,0.0,0.0,237.454,37.139,104.492,-8172.727,M,sensor,0,,,,,,,
2026-06-11T15:51:25.991Z,REAL,MANUAL,0.0,0.0,0.0,0.0,0.0,237.57,37.139,104.492,-8172.727,M,sensor,0,,,,,,,
2026-06-11T15:51:26.091Z,REAL,MANUAL,0.0,0.0,0.0,0.0,0.0,237.676,37.139,104.492,-8172.727,M,sensor,0,,,,,,,
2026-06-11T15:51:26.191Z,REAL,MANUAL,0.0,0.0,0.0,0.0,0.0,237.774,37.139,104.492,-8172.727,M,sensor,0,,,,,,,
2026-06-11T15:51:26.291Z,REAL,MANUAL,0.0,0.0,0.0,0.0,0.0,237.763,37.139,104.492,-8172.727,M,sensor,0,,,,,,,
2026-06-11T15:51:26.391Z,REAL,MANUAL,0.0,0.0,0.0,0.0,0.0,237.556,37.139,104.492,-8172.727,M,sensor,0,,,,,,,
2026-06-11T15:51:26.491Z,REAL,MANUAL,0.0,0.0,0.0,0.0,0.0,237.843,37.139,104.492,-8172.727,M,sensor,0,,,,,,,
2026-06-11T15:51:26.592Z,REAL,MANUAL,0.0,0.0,0.0,0.0,0.0,237.936,37.139,104.492,-8172.727,M,sensor,0,,,,,,,
2026-06-11T15:51:26.691Z,REAL,MANUAL,0.0,0.0,0.0,0.0,0.0,237.88,37.139,104.492,-8172.727,M,sensor,0,,,,,,,
2026-06-11T15:51:26.791Z,REAL,MANUAL,0.0,0.0,0.0,0.0,0.0,237.58,37.139,104.492,-8172.727,M,sensor,0,,,,,,,
2026-06-11T15:51:26.891Z,REAL,MANUAL,0.0,0.0,0.0,0.0,0.0,237.797,37.139,104.492,-8172.727,M,sensor,0,,,,,,,
2026-06-11T15:51:26.991Z,REAL,MANUAL,0.0,0.0,0.0,0.0,0.0,237.703,37.139,104.492,-8172.727,M,sensor,0,,,,,,,
2026-06-11T15:51:27.091Z,REAL,MANUAL,0.0,0.0,0.0,0.0,0.0,237.683,37.139,104.492,-8172.727,M,sensor,0,,,,,,,
2026-06-11T15:51:27.198Z,REAL,MANUAL,0.0,0.0,0.0,0.0,0.0,237.809,37.139,104.492,-8172.727,M,sensor,0,,,,,,,
2026-06-11T15:51:27.296Z,REAL,MANUAL,0.0,0.0,0.0,0.0,0.0,237.741,37.139,104.492,-8172.727,M,sensor,0,,,,,,,
2026-06-11T15:51:27.391Z,REAL,MANUAL,0.0,0.0,0.0,0.0,0.0,237.814,37.139,104.492,-8172.727,M,sensor,0,,,,,,,
2026-06-11T15:51:27.491Z,REAL,MANUAL,0.0,0.0,0.0,0.0,0.0,238.116,37.139,104.492,-8172.727,M,sensor,0,,,,,,,
2026-06-11T15:51:27.591Z,REAL,MANUAL,0.0,0.0,0.0,0.0,0.0,237.839,37.139,104.492,-8172.727,M,sensor,0,,,,,,,
2026-06-11T15:51:27.691Z,REAL,MANUAL,0.0,0.0,0.0,0.0,0.0,237.95,37.139,104.492,-8172.727,M,sensor,0,,,,,,,
2026-06-11T15:51:27.791Z,REAL,MANUAL,0.0,0.0,0.0,0.0,0.0,237.898,37.139,104.492,-8172.727,M,sensor,0,,,,,,,
2026-06-11T15:51:27.891Z,REAL,MANUAL,0.0,0.0,0.0,0.0,0.0,237.566,37.139,104.492,-8172.727,M,sensor,0,,,,,,,
2026-06-11T15:51:27.991Z,REAL,MANUAL,0.0,0.0,0.0,0.0,0.0,237.544,36.824,104.492,-8172.727,M,sensor,0,,,,,,,
2026-06-11T15:51:28.091Z,REAL,MANUAL,0.0,0.0,0.0,0.0,0.0,237.647,36.824,104.492,-8172.727,M,sensor,0,,,,,,,
2026-06-11T15:51:28.191Z,REAL,MANUAL,0.0,0.0,0.0,0.0,0.0,237.624,36.824,104.807,-8172.727,M,sensor,0,,,,,,,
2026-06-11T15:51:28.291Z,REAL,MANUAL,0.0,0.0,0.0,0.0,0.0,237.591,36.824,104.807,-8172.727,M,sensor,0,,,,,,,
2026-06-11T15:51:28.391Z,REAL,MANUAL,0.0,0.0,0.0,0.0,0.0,237.689,36.824,104.807,-8172.727,M,sensor,0,,,,,,,
2026-06-11T15:51:28.491Z,REAL,MANUAL,0.0,0.0,0.0,0.0,0.0,237.626,36.824,104.807,-8172.727,M,sensor,0,,,,,,,
2026-06-11T15:51:28.591Z,REAL,MANUAL,0.0,0.0,0.0,0.0,0.0,237.8,36.824,104.807,-8172.727,M,sensor,0,,,,,,,
2026-06-11T15:51:28.691Z,REAL,MANUAL,0.0,0.0,0.0,0.0,0.0,237.734,36.824,104.807,-8172.727,M,sensor,0,,,,,,,
2026-06-11T15:51:28.791Z,REAL,MANUAL,0.0,0.0,0.0,0.0,0.0,237.77,36.824,104.807,-8172.727,M,sensor,0,,,,,,,
2026-06-11T15:51:28.891Z,REAL,MANUAL,0.0,0.0,0.0,0.0,0.0,237.578,36.824,104.807,-8172.727,M,sensor,0,,,,,,,
2026-06-11T15:51:28.991Z,REAL,MANUAL,0.0,0.0,0.0,0.0,0.0,237.768,36.824,104.807,-8172.727,M,sensor,0,,,,,,,
2026-06-11T15:51:29.091Z,REAL,MANUAL,0.0,0.0,0.0,0.0,0.0,237.615,36.824,104.807,-8172.727,M,sensor,0,,,,,,,
2026-06-11T15:51:29.191Z,REAL,MANUAL,0.0,0.0,0.0,0.0,0.0,237.732,36.824,104.807,-8172.727,M,sensor,0,,,,,,,
2026-06-11T15:51:29.291Z,REAL,MANUAL,0.0,0.0,0.0,0.0,0.0,237.492,36.824,104.807,-8172.727,M,sensor,0,,,,,,,
2026-06-11T15:51:29.391Z,REAL,MANUAL,0.0,0.0,0.0,0.0,0.0,237.519,36.824,104.807,-8172.727,M,sensor,0,,,,,,,
2026-06-11T15:51:29.491Z,REAL,MANUAL,0.0,0.0,0.0,0.0,0.0,237.72,36.824,104.807,-8172.727,M,sensor,0,,,,,,,
2026-06-11T15:51:29.591Z,REAL,MANUAL,0.0,0.0,0.0,0.0,0.0,237.744,36.824,104.807,-8172.727,M,sensor,0,,,,,,,
2026-06-11T15:51:29.691Z,REAL,MANUAL,0.0,0.0,0.0,0.0,0.0,237.741,36.824,104.807,-8172.727,M,sensor,0,,,,,,,
2026-06-11T15:51:29.791Z,REAL,MANUAL,0.0,0.0,0.0,0.0,0.0,237.473,36.824,104.807,-8172.727,M,sensor,0,,,,,,,
2026-06-11T15:51:29.891Z,REAL,MANUAL,0.0,0.0,0.0,0.0,0.0,237.722,37.139,104.807,-8172.727,M,sensor,0,,,,,,,
2026-06-11T15:51:29.991Z,REAL,MANUAL,0.0,0.0,0.0,0.0,0.0,237.782,37.139,104.807,-8172.727,M,sensor,0,,,,,,,
2026-06-11T15:51:30.091Z,REAL,MANUAL,0.0,0.0,0.0,0.0,0.0,237.682,37.139,104.807,-8172.727,M,sensor,0,,,,,,,
2026-06-11T15:51:30.191Z,REAL,MANUAL,0.0,0.0,0.0,0.0,0.0,237.647,37.139,104.807,-8172.727,M,sensor,0,,,,,,,
2026-06-11T15:51:30.291Z,REAL,MANUAL,0.0,0.0,0.0,0.0,0.0,237.684,37.139,104.492,-8172.727,M,sensor,0,,,,,,,
2026-06-11T15:51:30.391Z,REAL,MANUAL,0.0,0.0,0.0,0.0,0.0,237.71,37.139,104.492,-8172.727,M,sensor,0,,,,,,,
2026-06-11T15:51:30.491Z,REAL,MANUAL,0.0,0.0,0.0,0.0,0.0,237.71,37.139,104.492,-8172.727,M,sensor,0,,,,,,,
2026-06-11T15:51:30.592Z,REAL,MANUAL,0.0,0.0,0.0,0.0,0.0,237.594,37.139,104.492,-8172.727,M,sensor,0,,,,,,,
2026-06-11T15:51:30.691Z,REAL,MANUAL,0.0,0.0,0.0,0.0,0.0,237.684,37.139,104.492,-8172.727,M,sensor,0,,,,,,,
2026-06-11T15:51:30.791Z,REAL,MANUAL,0.0,0.0,0.0,0.0,0.0,237.735,37.139,104.492,-8172.727,M,sensor,0,,,,,,,
2026-06-11T15:51:30.891Z,REAL,MANUAL,0.0,0.0,0.0,0.0,0.0,237.811,37.139,104.492,-8172.727,M,sensor,0,,,,,,,
2026-06-11T15:51:30.991Z,REAL,MANUAL,0.0,0.0,0.0,0.0,0.0,237.631,37.139,104.492,-8172.727,M,sensor,0,,,,,,,
2026-06-11T15:51:31.092Z,REAL,MANUAL,0.0,0.0,0.0,0.0,0.0,237.743,37.139,104.177,-8172.727,M,sensor,0,,,,,,,
2026-06-11T15:51:31.191Z,REAL,MANUAL,0.0,0.0,0.0,0.0,0.0,237.764,37.139,104.177,-8172.727,M,sensor,0,,,,,,,
2026-06-11T15:51:31.291Z,REAL,MANUAL,0.0,0.0,0.0,0.0,0.0,237.621,37.139,104.177,-8172.727,M,sensor,0,,,,,,,
2026-06-11T15:51:31.391Z,REAL,MANUAL,0.0,0.0,0.0,0.0,0.0,237.645,37.139,104.177,-8172.727,M,sensor,0,,,,,,,
2026-06-11T15:51:31.493Z,REAL,MANUAL,0.0,0.0,0.0,0.0,0.0,237.679,37.139,104.177,-8172.727,M,sensor,0,,,,,,,
2026-06-11T15:51:31.591Z,REAL,MANUAL,0.0,0.0,0.0,0.0,0.0,237.613,37.139,104.492,-8172.727,M,sensor,0,,,,,,,
2026-06-11T15:51:31.694Z,REAL,MANUAL,0.0,0.0,0.0,0.0,0.0,238.028,37.139,104.492,-8172.727,M,sensor,0,,,,,,,
2026-06-11T15:51:31.792Z,REAL,MANUAL,0.0,0.0,0.0,0.0,0.0,238.101,37.139,104.492,-8172.727,M,sensor,0,,,,,,,
2026-06-11T15:51:31.891Z,REAL,MANUAL,0.0,0.0,0.0,0.0,0.0,238.024,37.139,104.492,-8172.727,M,sensor,0,,,,,,,
2026-06-11T15:51:31.991Z,REAL,MANUAL,0.0,0.0,0.0,0.0,0.0,237.836,36.824,104.177,-8172.727,M,sensor,0,,,,,,,
2026-06-11T15:51:32.091Z,REAL,MANUAL,0.0,0.0,0.0,0.0,0.0,237.643,36.824,104.177,-8172.727,M,sensor,0,,,,,,,
2026-06-11T15:51:32.191Z,REAL,MANUAL,0.0,0.0,0.0,0.0,0.0,237.68,36.824,104.177,-8172.727,M,sensor,0,,,,,,,
2026-06-11T15:51:32.291Z,REAL,MANUAL,0.0,0.0,0.0,0.0,0.0,237.586,36.824,104.177,-8172.727,M,sensor,0,,,,,,,
2026-06-11T15:51:32.391Z,REAL,MANUAL,0.0,0.0,0.0,0.0,0.0,237.658,36.824,104.177,-8172.727,M,sensor,0,,,,,,,
2026-06-11T15:51:32.491Z,REAL,MANUAL,0.0,0.0,0.0,0.0,0.0,237.83,36.824,104.177,-8172.727,M,sensor,0,,,,,,,
2026-06-11T15:51:32.591Z,REAL,MANUAL,0.0,0.0,0.0,0.0,0.0,237.695,36.824,104.177,-8172.727,M,sensor,0,,,,,,,
2026-06-11T15:51:32.691Z,REAL,MANUAL,0.0,0.0,0.0,0.0,0.0,237.532,36.824,104.177,-8172.727,M,sensor,0,,,,,,,
2026-06-11T15:51:32.791Z,REAL,MANUAL,0.0,0.0,0.0,0.0,0.0,237.551,36.824,104.177,-8172.727,M,sensor,0,,,,,,,
2026-06-11T15:51:32.891Z,REAL,MANUAL,0.0,0.0,0.0,0.0,0.0,237.776,36.824,104.177,-8172.727,M,sensor,0,,,,,,,
2026-06-11T15:51:32.991Z,REAL,MANUAL,0.0,0.0,0.0,0.0,0.0,237.66,36.824,104.177,-8172.727,M,sensor,0,,,,,,,
2026-06-11T15:51:33.091Z,REAL,MANUAL,0.0,0.0,0.0,0.0,0.0,237.605,37.139,104.177,-8172.727,M,sensor,0,,,,,,,
2026-06-11T15:51:33.191Z,REAL,MANUAL,0.0,0.0,0.0,0.0,0.0,237.692,37.139,104.177,-8172.727,M,sensor,0,,,,,,,
2026-06-11T15:51:33.291Z,REAL,MANUAL,0.0,0.0,0.0,0.0,0.0,237.459,37.139,104.177,-8172.727,M,sensor,0,,,,,,,
2026-06-11T15:51:33.391Z,REAL,MANUAL,0.0,0.0,0.0,0.0,0.0,237.352,37.139,104.177,-8172.727,M,sensor,0,,,,,,,
2026-06-11T15:51:33.491Z,REAL,MANUAL,0.0,0.0,0.0,0.0,0.0,237.461,37.139,104.177,-8172.727,M,sensor,0,,,,,,,
2026-06-11T15:51:33.591Z,REAL,MANUAL,0.0,0.0,0.0,0.0,0.0,237.603,37.139,104.177,-8172.727,M,sensor,0,,,,,,,
2026-06-11T15:51:33.691Z,REAL,MANUAL,0.0,0.0,0.0,0.0,0.0,237.538,37.139,104.177,-8172.727,M,sensor,0,,,,,,,
2026-06-11T15:51:33.791Z,REAL,MANUAL,0.0,0.0,0.0,0.0,0.0,237.629,37.139,104.177,-8172.727,M,sensor,0,,,,,,,
2026-06-11T15:51:33.891Z,REAL,MANUAL,0.0,0.0,0.0,0.0,0.0,237.614,37.139,104.177,-8172.727,M,sensor,0,,,,,,,
2026-06-11T15:51:33.991Z,REAL,MANUAL,0.0,0.0,0.0,0.0,0.0,237.447,37.139,104.177,-8172.727,M,sensor,0,,,,,,,
2026-06-11T15:51:34.091Z,REAL,MANUAL,0.0,0.0,0.0,0.0,0.0,237.282,37.139,104.177,-8172.727,M,sensor,0,,,,,,,
2026-06-11T15:51:34.191Z,REAL,MANUAL,0.0,0.0,0.0,0.0,0.0,237.722,37.139,104.177,-8172.727,M,sensor,0,,,,,,,
2026-06-11T15:51:34.291Z,REAL,MANUAL,0.0,0.0,0.0,0.0,0.0,237.52,37.139,104.177,-8172.727,M,sensor,0,,,,,,,
2026-06-11T15:51:34.391Z,REAL,MANUAL,0.0,0.0,0.0,0.0,0.0,237.612,37.139,104.177,-8172.727,M,sensor,0,,,,,,,
2026-06-11T15:51:34.491Z,REAL,MANUAL,0.0,0.0,0.0,0.0,0.0,237.673,37.139,104.177,-8172.727,M,sensor,0,,,,,,,
2026-06-11T15:51:34.591Z,REAL,MANUAL,0.0,0.0,0.0,0.0,0.0,237.663,37.139,104.177,-8172.727,M,sensor,0,,,,,,,
2026-06-11T15:51:34.691Z,REAL,MANUAL,0.0,0.0,0.0,0.0,0.0,237.517,37.139,104.177,-8172.727,M,sensor,0,,,,,,,
2026-06-11T15:51:34.791Z,REAL,MANUAL,0.0,0.0,0.0,0.0,0.0,237.568,37.139,104.177,-8172.727,M,sensor,0,,,,,,,
2026-06-11T15:51:34.891Z,REAL,MANUAL,0.0,0.0,0.0,0.0,0.0,237.5,37.139,104.177,-8172.727,M,sensor,0,,,,,,,
2026-06-11T15:51:34.991Z,REAL,MANUAL,0.0,0.0,0.0,0.0,0.0,237.5,37.139,104.177,-8172.727,M,sensor,0,,,,,,,
2026-06-11T15:51:35.092Z,REAL,MANUAL,0.0,0.0,0.0,0.0,0.0,237.499,36.824,104.177,-8172.727,M,sensor,0,,,,,,,
2026-06-11T15:51:35.191Z,REAL,MANUAL,0.0,0.0,0.0,0.0,0.0,237.511,37.139,104.177,-8172.727,M,sensor,0,,,,,,,
2026-06-11T15:51:35.291Z,REAL,MANUAL,0.0,0.0,0.0,0.0,0.0,237.69,37.139,104.177,-8172.727,M,sensor,0,,,,,,,
2026-06-11T15:51:35.392Z,REAL,MANUAL,0.0,0.0,0.0,0.0,0.0,237.594,37.139,104.177,-8172.727,M,sensor,0,,,,,,,
2026-06-11T15:51:35.491Z,REAL,MANUAL,0.0,0.0,0.0,0.0,0.0,237.607,37.139,104.177,-8172.727,M,sensor,0,,,,,,,
2026-06-11T15:51:35.591Z,REAL,MANUAL,0.0,0.0,0.0,0.0,0.0,237.606,37.139,104.177,-8172.727,M,sensor,0,,,,,,,
2026-06-11T15:51:35.692Z,REAL,MANUAL,0.0,0.0,0.0,0.0,0.0,237.733,37.139,104.177,-8172.727,M,sensor,0,,,,,,,
2026-06-11T15:51:35.792Z,REAL,MANUAL,0.0,0.0,0.0,0.0,0.0,237.614,37.139,104.177,-8172.727,M,sensor,0,,,,,,,
2026-06-11T15:51:35.892Z,REAL,MANUAL,0.0,0.0,0.0,0.0,0.0,237.673,37.139,104.177,-8172.727,M,sensor,0,,,,,,,
2026-06-11T15:51:35.991Z,REAL,MANUAL,0.0,0.0,0.0,0.0,0.0,237.661,37.139,104.177,-8172.727,M,sensor,0,,,,,,,
2026-06-11T15:51:36.091Z,REAL,MANUAL,0.0,0.0,0.0,0.0,0.0,237.779,37.139,104.177,-8172.727,M,sensor,0,,,,,,,
2026-06-11T15:51:36.191Z,REAL,MANUAL,0.0,0.0,0.0,0.0,0.0,237.703,37.139,104.177,-8172.727,M,sensor,0,,,,,,,
2026-06-11T15:51:36.291Z,REAL,MANUAL,0.0,0.0,0.0,0.0,0.0,237.798,37.139,104.177,-8172.727,M,sensor,0,,,,,,,
2026-06-11T15:51:36.391Z,REAL,MANUAL,0.0,0.0,0.0,0.0,0.0,237.587,37.139,104.177,-8172.727,M,sensor,0,,,,,,,
2026-06-11T15:51:36.491Z,REAL,MANUAL,0.0,0.0,0.0,0.0,0.0,237.61,37.139,104.177,-8172.727,M,sensor,0,,,,,,,
2026-06-11T15:51:36.591Z,REAL,MANUAL,0.0,0.0,0.0,0.0,0.0,237.546,37.139,104.177,-8172.727,M,sensor,0,,,,,,,
2026-06-11T15:51:36.691Z,REAL,MANUAL,0.0,0.0,0.0,0.0,0.0,237.634,37.139,104.177,-8172.727,M,sensor,0,,,,,,,
2026-06-11T15:51:36.791Z,REAL,MANUAL,0.0,0.0,0.0,0.0,0.0,237.72,37.139,104.177,-8172.727,M,sensor,0,,,,,,,
2026-06-11T15:51:36.891Z,REAL,MANUAL,0.0,0.0,0.0,0.0,0.0,237.53,37.139,104.177,-8172.727,M,sensor,0,,,,,,,
2026-06-11T15:51:36.991Z,REAL,MANUAL,0.0,0.0,0.0,0.0,0.0,237.816,37.139,104.177,-8172.727,M,sensor,0,,,,,,,
2026-06-11T15:51:37.091Z,REAL,MANUAL,0.0,0.0,0.0,0.0,0.0,237.504,37.139,104.177,-8172.727,M,sensor,0,,,,,,,
2026-06-11T15:51:37.191Z,REAL,MANUAL,0.0,0.0,0.0,0.0,0.0,237.631,37.139,104.177,-8172.727,M,sensor,0,,,,,,,
2026-06-11T15:51:37.291Z,REAL,MANUAL,0.0,0.0,0.0,0.0,0.0,237.583,37.139,104.177,-8172.727,M,sensor,0,,,,,,,
2026-06-11T15:51:37.392Z,REAL,MANUAL,0.0,0.0,0.0,0.0,0.0,237.511,37.139,104.177,-8172.727,M,sensor,0,,,,,,,
2026-06-11T15:51:37.491Z,REAL,MANUAL,0.0,0.0,0.0,0.0,0.0,237.609,37.139,103.863,-8172.727,M,sensor,0,,,,,,,
2026-06-11T15:51:37.591Z,REAL,MANUAL,0.0,0.0,0.0,0.0,0.0,237.82,37.139,103.863,-8172.727,M,sensor,0,,,,,,,
2026-06-11T15:51:37.691Z,REAL,MANUAL,0.0,0.0,0.0,0.0,0.0,237.647,37.139,103.863,-8172.727,M,sensor,0,,,,,,,
2026-06-11T15:51:37.791Z,REAL,MANUAL,0.0,0.0,0.0,0.0,0.0,237.596,37.139,103.863,-8172.727,M,sensor,0,,,,,,,
2026-06-11T15:51:37.891Z,REAL,MANUAL,0.0,0.0,0.0,0.0,0.0,237.606,37.139,103.863,-8172.727,M,sensor,0,,,,,,,
2026-06-11T15:51:37.991Z,REAL,MANUAL,0.0,0.0,0.0,0.0,0.0,237.34,37.139,103.863,-8172.727,M,sensor,0,,,,,,,
2026-06-11T15:51:38.091Z,REAL,MANUAL,0.0,0.0,0.0,0.0,0.0,237.483,37.139,103.863,-8172.727,M,sensor,0,,,,,,,
2026-06-11T15:51:38.191Z,REAL,MANUAL,0.0,0.0,0.0,0.0,0.0,237.419,37.139,103.863,-8172.727,M,sensor,0,,,,,,,
2026-06-11T15:51:38.291Z,REAL,MANUAL,0.0,0.0,0.0,0.0,0.0,237.697,37.139,103.863,-8172.727,M,sensor,0,,,,,,,
2026-06-11T15:51:38.391Z,REAL,MANUAL,0.0,0.0,0.0,0.0,0.0,237.592,37.139,103.863,-8172.727,M,sensor,0,,,,,,,
2026-06-11T15:51:38.491Z,REAL,MANUAL,0.0,0.0,0.0,0.0,0.0,237.627,37.139,103.863,-8172.727,M,sensor,0,,,,,,,
2026-06-11T15:51:38.591Z,REAL,MANUAL,0.0,0.0,0.0,0.0,0.0,237.621,37.139,103.863,-8172.727,M,sensor,0,,,,,,,
2026-06-11T15:51:38.691Z,REAL,MANUAL,0.0,0.0,0.0,0.0,0.0,237.736,37.139,104.177,-8172.727,M,sensor,0,,,,,,,
2026-06-11T15:51:38.791Z,REAL,MANUAL,0.0,0.0,0.0,0.0,0.0,237.566,37.139,104.177,-8172.727,M,sensor,0,,,,,,,
2026-06-11T15:51:38.891Z,REAL,MANUAL,0.0,0.0,0.0,0.0,0.0,237.608,37.139,104.177,-8172.727,M,sensor,0,,,,,,,
2026-06-11T15:51:38.991Z,REAL,MANUAL,0.0,0.0,0.0,0.0,0.0,237.383,37.139,104.177,-8172.727,M,sensor,0,,,,,,,
2026-06-11T15:51:39.091Z,REAL,MANUAL,0.0,0.0,0.0,0.0,0.0,237.416,37.139,104.177,-8172.727,M,sensor,0,,,,,,,
2026-06-11T15:51:39.191Z,REAL,MANUAL,0.0,0.0,0.0,0.0,0.0,237.442,37.139,104.177,-8172.727,M,sensor,0,,,,,,,
2026-06-11T15:51:39.291Z,REAL,MANUAL,0.0,0.0,0.0,0.0,0.0,237.593,37.139,103.863,-8172.727,M,sensor,0,,,,,,,
2026-06-11T15:51:39.391Z,REAL,MANUAL,0.0,0.0,0.0,0.0,0.0,237.559,37.139,103.863,-8172.727,M,sensor,0,,,,,,,
2026-06-11T15:51:39.491Z,REAL,MANUAL,0.0,0.0,0.0,0.0,0.0,237.47,37.139,104.177,-8172.727,M,sensor,0,,,,,,,
2026-06-11T15:51:39.591Z,REAL,MANUAL,0.0,0.0,0.0,0.0,0.0,237.683,37.139,104.177,-8172.727,M,sensor,0,,,,,,,
2026-06-11T15:51:39.691Z,REAL,MANUAL,0.0,0.0,0.0,0.0,0.0,237.66,37.139,104.177,-8172.727,M,sensor,0,,,,,,,
2026-06-11T15:51:39.791Z,REAL,MANUAL,0.0,0.0,0.0,0.0,0.0,237.557,37.139,104.177,-8172.727,M,sensor,0,,,,,,,
2026-06-11T15:51:39.891Z,REAL,MANUAL,0.0,0.0,0.0,0.0,0.0,237.548,37.139,104.177,-8172.727,M,sensor,0,,,,,,,
2026-06-11T15:51:39.991Z,REAL,MANUAL,0.0,0.0,0.0,0.0,0.0,237.697,37.139,104.177,-8172.727,M,sensor,0,,,,,,,
2026-06-11T15:51:40.091Z,REAL,MANUAL,0.0,0.0,0.0,0.0,0.0,237.604,37.139,104.177,-8172.727,M,sensor,0,,,,,,,
2026-06-11T15:51:40.191Z,REAL,MANUAL,0.0,0.0,0.0,0.0,0.0,237.68,37.139,104.177,-8172.727,M,sensor,0,,,,,,,
2026-06-11T15:51:40.291Z,REAL,MANUAL,0.0,0.0,0.0,0.0,0.0,237.55,37.139,103.863,-8172.727,M,sensor,0,,,,,,,
2026-06-11T15:51:40.391Z,REAL,MANUAL,0.0,0.0,0.0,0.0,0.0,237.512,37.139,103.863,-8172.727,M,sensor,0,,,,,,,
2026-06-11T15:51:40.491Z,REAL,MANUAL,0.0,0.0,0.0,0.0,0.0,237.463,37.139,103.863,-8172.727,M,sensor,0,,,,,,,
2026-06-11T15:51:40.591Z,REAL,MANUAL,0.0,0.0,0.0,0.0,0.0,237.553,37.139,103.863,-8172.727,M,sensor,0,,,,,,,
2026-06-11T15:51:40.691Z,REAL,MANUAL,0.0,0.0,0.0,0.0,0.0,237.611,37.139,103.863,-8172.727,M,sensor,0,,,,,,,
2026-06-11T15:51:40.791Z,REAL,MANUAL,0.0,0.0,0.0,0.0,0.0,237.752,37.139,104.177,-8172.727,M,sensor,0,,,,,,,
2026-06-11T15:51:40.891Z,REAL,MANUAL,0.0,0.0,0.0,0.0,0.0,237.477,37.139,104.177,-8172.727,M,sensor,0,,,,,,,
2026-06-11T15:51:40.991Z,REAL,MANUAL,0.0,0.0,0.0,0.0,0.0,237.506,37.139,104.177,-8172.727,M,sensor,0,,,,,,,
2026-06-11T15:51:41.092Z,REAL,MANUAL,0.0,0.0,0.0,0.0,0.0,237.329,37.139,104.177,-8172.727,M,sensor,0,,,,,,,
2026-06-11T15:51:41.191Z,REAL,MANUAL,0.0,0.0,0.0,0.0,0.0,237.666,37.139,104.177,-8172.727,M,sensor,0,,,,,,,
2026-06-11T15:51:41.291Z,REAL,MANUAL,0.0,0.0,0.0,0.0,0.0,237.875,37.139,104.177,-8172.727,M,sensor,0,,,,,,,
2026-06-11T15:51:41.391Z,REAL,MANUAL,0.0,0.0,0.0,0.0,0.0,237.639,37.139,104.177,-8172.727,M,sensor,0,,,,,,,
2026-06-11T15:51:41.491Z,REAL,MANUAL,0.0,0.0,0.0,0.0,0.0,237.4,37.139,103.863,-8172.727,M,sensor,0,,,,,,,
2026-06-11T15:51:41.591Z,REAL,MANUAL,0.0,0.0,0.0,0.0,0.0,237.591,37.139,104.177,-8172.727,M,sensor,0,,,,,,,
2026-06-11T15:51:41.691Z,REAL,MANUAL,0.0,0.0,0.0,0.0,0.0,237.449,37.139,104.177,-8172.727,M,sensor,0,,,,,,,
2026-06-11T15:51:41.791Z,REAL,MANUAL,0.0,0.0,0.0,0.0,0.0,237.579,37.139,104.177,-8172.727,M,sensor,0,,,,,,,
2026-06-11T15:51:41.891Z,REAL,MANUAL,0.0,0.0,0.0,0.0,0.0,237.384,37.139,104.177,-8172.727,M,sensor,0,,,,,,,
2026-06-11T15:51:41.991Z,REAL,MANUAL,0.0,0.0,0.0,0.0,0.0,237.349,37.139,103.863,-8172.727,M,sensor,0,,,,,,,
2026-06-11T15:51:42.091Z,REAL,MANUAL,0.0,0.0,0.0,0.0,0.0,237.673,37.139,103.863,-8172.727,M,sensor,0,,,,,,,
2026-06-11T15:51:42.191Z,REAL,MANUAL,0.0,0.0,0.0,0.0,0.0,237.575,37.139,104.177,-8172.727,M,sensor,0,,,,,,,
2026-06-11T15:51:42.291Z,REAL,MANUAL,0.0,0.0,0.0,0.0,0.0,237.541,37.139,104.177,-8172.727,M,sensor,0,,,,,,,
2026-06-11T15:51:42.391Z,REAL,MANUAL,0.0,0.0,0.0,0.0,0.0,237.514,37.139,103.863,-8172.727,M,sensor,0,,,,,,,
2026-06-11T15:51:42.491Z,REAL,MANUAL,0.0,0.0,0.0,0.0,0.0,237.539,37.139,103.863,-8172.727,M,sensor,0,,,,,,,
2026-06-11T15:51:42.591Z,REAL,MANUAL,0.0,0.0,0.0,0.0,0.0,237.582,37.139,103.863,-8172.727,M,sensor,0,,,,,,,
2026-06-11T15:51:42.691Z,REAL,MANUAL,0.0,0.0,0.0,0.0,0.0,237.524,37.139,103.863,-8172.727,M,sensor,0,,,,,,,
2026-06-11T15:51:42.791Z,REAL,MANUAL,0.0,0.0,0.0,0.0,0.0,237.56,37.139,103.863,-8172.727,M,sensor,0,,,,,,,
2026-06-11T15:51:42.891Z,REAL,MANUAL,0.0,0.0,0.0,0.0,0.0,237.593,37.139,104.177,-8172.727,M,sensor,0,,,,,,,
2026-06-11T15:51:42.991Z,REAL,MANUAL,0.0,0.0,0.0,0.0,0.0,237.591,36.824,104.177,-8172.727,M,sensor,0,,,,,,,
2026-06-11T15:51:43.091Z,REAL,MANUAL,0.0,0.0,0.0,0.0,0.0,237.594,36.824,104.177,-8172.727,M,sensor,0,,,,,,,
2026-06-11T15:51:43.192Z,REAL,MANUAL,0.0,0.0,0.0,0.0,0.0,237.607,36.824,104.177,-8172.727,M,sensor,0,,,,,,,
2026-06-11T15:51:43.291Z,REAL,MANUAL,0.0,0.0,0.0,0.0,0.0,237.486,36.824,104.177,-8172.727,M,sensor,0,,,,,,,
2026-06-11T15:51:43.391Z,REAL,MANUAL,0.0,0.0,0.0,0.0,0.0,237.443,37.139,104.177,-8172.727,M,sensor,0,,,,,,,
2026-06-11T15:51:43.491Z,REAL,MANUAL,0.0,0.0,0.0,0.0,0.0,237.475,37.139,104.177,-8172.727,M,sensor,0,,,,,,,
2026-06-11T15:51:43.591Z,REAL,MANUAL,0.0,0.0,0.0,0.0,0.0,237.501,37.139,104.177,-8172.727,M,sensor,0,,,,,,,
2026-06-11T15:51:43.691Z,REAL,MANUAL,0.0,0.0,0.0,0.0,0.0,237.69,37.139,104.492,-8172.727,M,sensor,0,,,,,,,
2026-06-11T15:51:43.791Z,REAL,MANUAL,0.0,0.0,0.0,0.0,0.0,237.576,37.139,104.177,-8172.727,M,sensor,0,,,,,,,
2026-06-11T15:51:43.891Z,REAL,MANUAL,0.0,0.0,0.0,0.0,0.0,237.736,37.139,104.177,-8172.727,M,sensor,0,,,,,,,
2026-06-11T15:51:43.991Z,REAL,MANUAL,0.0,0.0,0.0,0.0,0.0,237.852,37.139,104.177,-8172.727,M,sensor,0,,,,,,,
2026-06-11T15:51:44.092Z,REAL,MANUAL,0.0,0.0,0.0,0.0,0.0,237.601,37.139,104.177,-8172.727,M,sensor,0,,,,,,,
2026-06-11T15:51:44.191Z,REAL,MANUAL,0.0,0.0,0.0,0.0,0.0,237.819,37.139,104.177,-8172.727,M,sensor,0,,,,,,,
2026-06-11T15:51:44.291Z,REAL,MANUAL,0.0,0.0,0.0,0.0,0.0,237.593,37.139,104.177,-8172.727,M,sensor,0,,,,,,,
2026-06-11T15:51:44.391Z,REAL,MANUAL,0.0,0.0,0.0,0.0,0.0,237.789,37.139,104.177,-8172.727,M,sensor,0,,,,,,,
2026-06-11T15:51:44.491Z,REAL,MANUAL,0.0,0.0,0.0,0.0,0.0,237.617,37.139,104.177,-8172.727,M,sensor,0,,,,,,,
2026-06-11T15:51:44.591Z,REAL,MANUAL,0.0,0.0,0.0,0.0,0.0,237.538,37.139,104.177,-8172.727,M,sensor,0,,,,,,,
2026-06-11T15:51:44.692Z,REAL,MANUAL,0.0,0.0,0.0,0.0,0.0,237.396,37.139,104.177,-8172.727,M,sensor,0,,,,,,,
2026-06-11T15:51:44.791Z,REAL,MANUAL,0.0,0.0,0.0,0.0,0.0,237.645,37.139,104.177,-8172.727,M,sensor,0,,,,,,,
2026-06-11T15:51:44.892Z,REAL,MANUAL,0.0,0.0,0.0,0.0,0.0,237.949,37.139,104.492,-8172.727,M,sensor,0,,,,,,,
2026-06-11T15:51:44.991Z,REAL,MANUAL,0.0,0.0,0.0,0.0,0.0,237.718,37.139,104.492,-8172.727,M,sensor,0,,,,,,,
2026-06-11T15:51:45.091Z,REAL,MANUAL,0.0,0.0,0.0,0.0,0.0,237.83,37.139,104.177,-8172.727,M,sensor,0,,,,,,,
2026-06-11T15:51:45.191Z,REAL,MANUAL,0.0,0.0,0.0,0.0,0.0,237.701,37.139,104.177,-8172.727,M,sensor,0,,,,,,,
2026-06-11T15:51:45.291Z,REAL,MANUAL,0.0,0.0,0.0,0.0,0.0,237.747,37.139,104.177,-8172.727,M,sensor,0,,,,,,,
2026-06-11T15:51:45.391Z,REAL,MANUAL,0.0,0.0,0.0,0.0,0.0,237.76,37.139,104.177,-8172.727,M,sensor,0,,,,,,,
2026-06-11T15:51:45.491Z,REAL,MANUAL,0.0,0.0,0.0,0.0,0.0,237.763,37.139,104.177,-8172.727,M,sensor,0,,,,,,,
2026-06-11T15:51:45.591Z,REAL,MANUAL,0.0,0.0,0.0,0.0,0.0,237.632,37.139,104.177,-8172.727,M,sensor,0,,,,,,,
2026-06-11T15:51:45.698Z,REAL,MANUAL,0.0,0.0,0.0,0.0,0.0,237.764,37.139,104.177,-8172.727,M,sensor,0,,,,,,,
2026-06-11T15:51:45.791Z,REAL,MANUAL,0.0,0.0,0.0,0.0,0.0,237.68,37.139,104.177,-8172.727,M,sensor,0,,,,,,,
2026-06-11T15:51:45.892Z,REAL,MANUAL,0.0,0.0,0.0,0.0,0.0,237.883,37.139,104.177,-8172.727,M,sensor,0,,,,,,,
2026-06-11T15:51:45.991Z,REAL,MANUAL,0.0,0.0,0.0,0.0,0.0,237.818,37.139,104.177,-8172.727,M,sensor,0,,,,,,,
2026-06-11T15:51:46.094Z,REAL,MANUAL,0.0,0.0,0.0,0.0,0.0,237.705,37.139,104.177,-8172.727,M,sensor,0,,,,,,,
2026-06-11T15:51:46.192Z,REAL,MANUAL,0.0,0.0,0.0,0.0,0.0,237.825,37.139,104.177,-8172.727,M,sensor,0,,,,,,,
2026-06-11T15:51:46.292Z,REAL,MANUAL,0.0,0.0,0.0,0.0,0.0,237.827,37.139,104.177,-8172.727,M,sensor,0,,,,,,,
2026-06-11T15:51:46.391Z,REAL,MANUAL,0.0,0.0,0.0,0.0,0.0,237.848,37.139,104.177,-8172.727,M,sensor,0,,,,,,,
2026-06-11T15:51:46.492Z,REAL,MANUAL,0.0,0.0,0.0,0.0,0.0,237.711,37.139,104.177,-8172.727,M,sensor,0,,,,,,,
2026-06-11T15:51:46.592Z,REAL,MANUAL,0.0,0.0,0.0,0.0,0.0,237.693,37.139,104.177,-8172.727,M,sensor,0,,,,,,,
2026-06-11T15:51:46.696Z,REAL,MANUAL,0.0,0.0,0.0,0.0,0.0,237.828,37.139,104.177,-8172.727,M,sensor,0,,,,,,,
2026-06-11T15:51:46.792Z,REAL,MANUAL,0.0,0.0,0.0,0.0,0.0,237.707,37.139,104.492,-8172.727,M,sensor,0,,,,,,,
2026-06-11T15:51:46.891Z,REAL,MANUAL,0.0,0.0,0.0,0.0,0.0,237.924,37.139,104.492,-8172.727,M,sensor,0,,,,,,,
2026-06-11T15:51:46.992Z,REAL,MANUAL,0.0,0.0,0.0,0.0,0.0,237.983,37.139,104.492,-8172.727,M,sensor,0,,,,,,,
2026-06-11T15:51:47.091Z,REAL,MANUAL,0.0,0.0,0.0,0.0,0.0,237.798,37.139,104.492,-8172.727,M,sensor,0,,,,,,,
2026-06-11T15:51:47.191Z,REAL,MANUAL,0.0,0.0,0.0,0.0,0.0,237.814,37.139,104.492,-8172.727,M,sensor,0,,,,,,,
2026-06-11T15:51:47.291Z,REAL,MANUAL,0.0,0.0,0.0,0.0,0.0,237.883,37.139,104.492,-8172.727,M,sensor,0,,,,,,,
2026-06-11T15:51:47.391Z,REAL,MANUAL,0.0,0.0,0.0,0.0,0.0,238.035,37.139,104.492,-8172.727,M,sensor,0,,,,,,,
2026-06-11T15:51:47.492Z,REAL,MANUAL,0.0,0.0,0.0,0.0,0.0,237.824,37.139,104.492,-8172.727,M,sensor,0,,,,,,,
2026-06-11T15:51:47.592Z,REAL,MANUAL,0.0,0.0,0.0,0.0,0.0,237.889,37.139,104.492,-8172.727,M,sensor,0,,,,,,,
2026-06-11T15:51:47.691Z,REAL,MANUAL,0.0,0.0,0.0,0.0,0.0,237.919,37.139,104.492,-8172.727,M,sensor,0,,,,,,,
2026-06-11T15:51:47.791Z,REAL,MANUAL,0.0,0.0,0.0,0.0,0.0,237.857,37.139,104.492,-8172.727,M,sensor,0,,,,,,,
2026-06-11T15:51:47.891Z,REAL,MANUAL,0.0,0.0,0.0,0.0,0.0,237.711,37.139,104.492,-8172.727,M,sensor,0,,,,,,,
2026-06-11T15:51:47.991Z,REAL,MANUAL,0.0,0.0,0.0,0.0,0.0,237.773,37.139,104.492,-8172.727,M,sensor,0,,,,,,,
2026-06-11T15:51:48.091Z,REAL,MANUAL,0.0,0.0,0.0,0.0,0.0,237.842,37.139,104.492,-8172.727,M,sensor,0,,,,,,,
2026-06-11T15:51:48.191Z,REAL,MANUAL,0.0,0.0,0.0,0.0,0.0,237.664,37.139,104.492,-8172.727,M,sensor,0,,,,,,,
2026-06-11T15:51:48.291Z,REAL,MANUAL,0.0,0.0,0.0,0.0,0.0,237.701,37.139,104.492,-8172.727,M,sensor,0,,,,,,,
2026-06-11T15:51:48.391Z,REAL,MANUAL,0.0,0.0,0.0,0.0,0.0,237.439,37.139,104.492,-8172.727,M,sensor,0,,,,,,,
2026-06-11T15:51:48.491Z,REAL,MANUAL,0.0,0.0,0.0,0.0,0.0,237.726,37.139,104.492,-8172.727,M,sensor,0,,,,,,,
2026-06-11T15:51:48.592Z,REAL,MANUAL,0.0,0.0,0.0,0.0,0.0,237.646,37.139,104.492,-8172.727,M,sensor,0,,,,,,,
2026-06-11T15:51:48.691Z,REAL,MANUAL,0.0,0.0,0.0,0.0,0.0,237.68,37.139,104.492,-8172.727,M,sensor,0,,,,,,,
2026-06-11T15:51:48.791Z,REAL,MANUAL,0.0,0.0,0.0,0.0,0.0,237.527,37.139,104.492,-8172.727,M,sensor,0,,,,,,,
2026-06-11T15:51:48.891Z,REAL,MANUAL,0.0,0.0,0.0,0.0,0.0,237.611,37.139,104.492,-8172.727,M,sensor,0,,,,,,,
2026-06-11T15:51:48.991Z,REAL,MANUAL,0.0,0.0,0.0,0.0,0.0,237.504,37.139,104.492,-8172.727,M,sensor,0,,,,,,,
2026-06-11T15:51:49.091Z,REAL,MANUAL,0.0,0.0,0.0,0.0,0.0,237.571,37.139,104.492,-8172.727,M,sensor,0,,,,,,,
2026-06-11T15:51:49.191Z,REAL,MANUAL,0.0,0.0,0.0,0.0,0.0,237.55,37.139,104.492,-8172.727,M,sensor,0,,,,,,,
2026-06-11T15:51:49.291Z,REAL,MANUAL,0.0,0.0,0.0,0.0,0.0,237.516,37.139,104.492,-8172.727,M,sensor,0,,,,,,,
2026-06-11T15:51:49.391Z,REAL,MANUAL,0.0,0.0,0.0,0.0,0.0,237.553,37.139,104.492,-8172.727,M,sensor,0,,,,,,,
2026-06-11T15:51:49.491Z,REAL,MANUAL,0.0,0.0,0.0,0.0,0.0,237.404,37.139,104.492,-8172.727,M,sensor,0,,,,,,,
2026-06-11T15:51:49.591Z,REAL,MANUAL,0.0,0.0,0.0,0.0,0.0,237.473,37.139,104.492,-8172.727,M,sensor,0,,,,,,,
2026-06-11T15:51:49.691Z,REAL,MANUAL,0.0,0.0,0.0,0.0,0.0,237.567,37.139,104.492,-8172.727,M,sensor,0,,,,,,,
2026-06-11T15:51:49.791Z,REAL,MANUAL,0.0,0.0,0.0,0.0,0.0,237.543,37.139,104.492,-8172.727,M,sensor,0,,,,,,,
2026-06-11T15:51:49.891Z,REAL,MANUAL,0.0,0.0,0.0,0.0,0.0,237.374,37.139,104.492,-8172.727,M,sensor,0,,,,,,,
2026-06-11T15:51:49.991Z,REAL,MANUAL,0.0,0.0,0.0,0.0,0.0,237.499,37.139,104.492,-8172.727,M,sensor,0,,,,,,,
2026-06-11T15:51:50.091Z,REAL,MANUAL,0.0,0.0,0.0,0.0,0.0,237.506,37.139,104.492,-8172.727,M,sensor,0,,,,,,,
2026-06-11T15:51:50.191Z,REAL,MANUAL,0.0,0.0,0.0,0.0,0.0,237.681,37.139,104.492,-8172.727,M,sensor,0,,,,,,,
2026-06-11T15:51:50.291Z,REAL,MANUAL,0.0,0.0,0.0,0.0,0.0,237.546,37.139,104.492,-8172.727,M,sensor,0,,,,,,,
2026-06-11T15:51:50.392Z,REAL,MANUAL,0.0,0.0,0.0,0.0,0.0,237.538,37.139,104.492,-8172.727,M,sensor,0,,,,,,,
2026-06-11T15:51:50.491Z,REAL,MANUAL,0.0,0.0,0.0,0.0,0.0,237.535,37.139,104.492,-8172.727,M,sensor,0,,,,,,,
2026-06-11T15:51:50.591Z,REAL,MANUAL,0.0,0.0,0.0,0.0,0.0,237.584,37.139,104.492,-8172.727,M,sensor,0,,,,,,,
2026-06-11T15:51:50.691Z,REAL,MANUAL,0.0,0.0,0.0,0.0,0.0,237.4,37.139,104.492,-8172.727,M,sensor,0,,,,,,,
2026-06-11T15:51:50.791Z,REAL,MANUAL,0.0,0.0,0.0,0.0,0.0,237.497,37.139,104.492,-8172.727,M,sensor,0,,,,,,,
2026-06-11T15:51:50.891Z,REAL,MANUAL,0.0,0.0,0.0,0.0,0.0,237.59,37.139,104.492,-8172.727,M,sensor,0,,,,,,,
2026-06-11T15:51:50.991Z,REAL,MANUAL,0.0,0.0,0.0,0.0,0.0,237.627,37.139,104.492,-8172.727,M,sensor,0,,,,,,,
2026-06-11T15:51:51.091Z,REAL,MANUAL,0.0,0.0,0.0,0.0,0.0,237.545,37.139,104.492,-8172.727,M,sensor,0,,,,,,,
2026-06-11T15:51:51.191Z,REAL,MANUAL,0.0,0.0,0.0,0.0,0.0,237.484,37.139,104.492,-8172.727,M,sensor,0,,,,,,,
2026-06-11T15:51:51.291Z,REAL,MANUAL,0.0,0.0,0.0,0.0,0.0,237.601,37.139,104.492,-8172.727,M,sensor,0,,,,,,,
2026-06-11T15:51:51.392Z,REAL,MANUAL,0.0,0.0,0.0,0.0,0.0,237.641,37.139,104.492,-8172.727,M,sensor,0,,,,,,,
2026-06-11T15:51:51.492Z,REAL,MANUAL,0.0,0.0,0.0,0.0,0.0,237.552,37.139,104.492,-8172.727,M,sensor,0,,,,,,,
2026-06-11T15:51:51.591Z,REAL,MANUAL,0.0,0.0,0.0,0.0,0.0,237.643,36.824,104.492,-8172.727,M,sensor,0,,,,,,,
2026-06-11T15:51:51.691Z,REAL,MANUAL,0.0,0.0,0.0,0.0,0.0,237.529,36.824,104.492,-8172.727,M,sensor,0,,,,,,,
2026-06-11T15:51:51.791Z,REAL,MANUAL,0.0,0.0,0.0,0.0,0.0,237.675,36.824,104.492,-8172.727,M,sensor,0,,,,,,,
2026-06-11T15:51:51.891Z,REAL,MANUAL,0.0,0.0,0.0,0.0,0.0,237.561,36.824,104.492,-8172.727,M,sensor,0,,,,,,,
2026-06-11T15:51:51.991Z,REAL,MANUAL,0.0,0.0,0.0,0.0,0.0,237.738,37.139,104.492,-8172.727,M,sensor,0,,,,,,,
2026-06-11T15:51:52.091Z,REAL,MANUAL,0.0,0.0,0.0,0.0,0.0,237.57,36.824,104.177,-8172.727,M,sensor,0,,,,,,,
2026-06-11T15:51:52.191Z,REAL,MANUAL,0.0,0.0,0.0,0.0,0.0,237.797,36.824,104.177,-8172.727,M,sensor,0,,,,,,,
2026-06-11T15:51:52.291Z,REAL,MANUAL,0.0,0.0,0.0,0.0,0.0,237.637,36.824,104.177,-8172.727,M,sensor,0,,,,,,,
2026-06-11T15:51:52.391Z,REAL,MANUAL,0.0,0.0,0.0,0.0,0.0,237.539,36.824,104.177,-8172.727,M,sensor,0,,,,,,,
2026-06-11T15:51:52.491Z,REAL,MANUAL,0.0,0.0,0.0,0.0,0.0,237.393,36.824,104.492,-8172.727,M,sensor,0,,,,,,,
2026-06-11T15:51:52.591Z,REAL,MANUAL,0.0,0.0,0.0,0.0,0.0,237.561,36.824,104.492,-8172.727,M,sensor,0,,,,,,,
2026-06-11T15:51:52.691Z,REAL,MANUAL,0.0,0.0,0.0,0.0,0.0,237.585,36.824,104.492,-8172.727,M,sensor,0,,,,,,,
2026-06-11T15:51:52.791Z,REAL,MANUAL,0.0,0.0,0.0,0.0,0.0,237.523,36.824,104.177,-8172.727,M,sensor,0,,,,,,,
2026-06-11T15:51:52.891Z,REAL,MANUAL,0.0,0.0,0.0,0.0,0.0,237.686,36.824,104.177,-8172.727,M,sensor,0,,,,,,,
2026-06-11T15:51:52.991Z,REAL,MANUAL,0.0,0.0,0.0,0.0,0.0,237.558,36.824,104.177,-8172.727,M,sensor,0,,,,,,,
2026-06-11T15:51:53.091Z,REAL,MANUAL,0.0,0.0,0.0,0.0,0.0,237.726,36.824,104.177,-8172.727,M,sensor,0,,,,,,,
2026-06-11T15:51:53.192Z,REAL,MANUAL,0.0,0.0,0.0,0.0,0.0,237.631,36.824,104.177,-8172.727,M,sensor,0,,,,,,,
2026-06-11T15:51:53.291Z,REAL,MANUAL,0.0,0.0,0.0,0.0,0.0,237.803,36.824,104.177,-8172.727,M,sensor,0,,,,,,,
2026-06-11T15:51:53.391Z,REAL,MANUAL,0.0,0.0,0.0,0.0,0.0,237.666,36.824,104.177,-8172.727,M,sensor,0,,,,,,,
2026-06-11T15:51:53.491Z,REAL,MANUAL,0.0,0.0,0.0,0.0,0.0,237.712,36.824,104.177,-8172.727,M,sensor,0,,,,,,,
2026-06-11T15:51:53.591Z,REAL,MANUAL,0.0,0.0,0.0,0.0,0.0,237.555,36.824,104.177,-8172.727,M,sensor,0,,,,,,,
2026-06-11T15:51:53.691Z,REAL,MANUAL,0.0,0.0,0.0,0.0,0.0,237.735,36.824,104.177,-8172.727,M,sensor,0,,,,,,,
2026-06-11T15:51:53.791Z,REAL,MANUAL,0.0,0.0,0.0,0.0,0.0,237.664,36.824,104.177,-8172.727,M,sensor,0,,,,,,,
2026-06-11T15:51:53.891Z,REAL,MANUAL,0.0,0.0,0.0,0.0,0.0,237.763,36.824,104.177,-8172.727,M,sensor,0,,,,,,,
2026-06-11T15:51:53.991Z,REAL,MANUAL,0.0,0.0,0.0,0.0,0.0,237.567,36.824,104.177,-8172.727,M,sensor,0,,,,,,,
2026-06-11T15:51:54.091Z,REAL,MANUAL,0.0,0.0,0.0,0.0,0.0,237.526,36.824,104.177,-8172.727,M,sensor,0,,,,,,,
2026-06-11T15:51:54.191Z,REAL,MANUAL,0.0,0.0,0.0,0.0,0.0,237.532,36.824,104.177,-8172.727,M,sensor,0,,,,,,,
2026-06-11T15:51:54.291Z,REAL,MANUAL,0.0,0.0,0.0,0.0,0.0,237.585,36.824,104.177,-8172.727,M,sensor,0,,,,,,,
2026-06-11T15:51:54.391Z,REAL,MANUAL,0.0,0.0,0.0,0.0,0.0,237.558,36.824,104.177,-8172.727,M,sensor,0,,,,,,,
2026-06-11T15:51:54.491Z,REAL,MANUAL,0.0,0.0,0.0,0.0,0.0,237.677,36.824,104.177,-8172.727,M,sensor,0,,,,,,,
2026-06-11T15:51:54.591Z,REAL,MANUAL,0.0,0.0,0.0,0.0,0.0,237.682,36.824,104.177,-8172.727,M,sensor,0,,,,,,,
2026-06-11T15:51:54.691Z,REAL,MANUAL,0.0,0.0,0.0,0.0,0.0,237.84,36.824,103.863,-8172.727,M,sensor,0,,,,,,,
2026-06-11T15:51:54.791Z,REAL,MANUAL,0.0,0.0,0.0,0.0,0.0,237.643,36.824,103.863,-8172.727,M,sensor,0,,,,,,,
2026-06-11T15:51:54.891Z,REAL,MANUAL,0.0,0.0,0.0,0.0,0.0,237.61,36.824,104.177,-8172.727,M,sensor,0,,,,,,,
2026-06-11T15:51:54.991Z,REAL,MANUAL,0.0,0.0,0.0,0.0,0.0,237.559,36.824,103.863,-8172.727,M,sensor,0,,,,,,,
2026-06-11T15:51:55.091Z,REAL,MANUAL,0.0,0.0,0.0,0.0,0.0,237.731,36.824,103.863,-8172.727,M,sensor,0,,,,,,,
2026-06-11T15:51:55.191Z,REAL,MANUAL,0.0,0.0,0.0,0.0,0.0,237.606,36.824,103.863,-8172.727,M,sensor,0,,,,,,,
2026-06-11T15:51:55.291Z,REAL,MANUAL,0.0,0.0,0.0,0.0,0.0,237.54,36.824,103.863,-8172.727,M,sensor,0,,,,,,,
2026-06-11T15:51:55.391Z,REAL,MANUAL,0.0,0.0,0.0,0.0,0.0,237.489,36.824,103.863,-8172.727,M,sensor,0,,,,,,,
2026-06-11T15:51:55.491Z,REAL,MANUAL,0.0,0.0,0.0,0.0,0.0,237.708,36.824,103.863,-8172.727,M,sensor,0,,,,,,,
2026-06-11T15:51:55.591Z,REAL,MANUAL,0.0,0.0,0.0,0.0,0.0,237.724,36.824,103.863,-8172.727,M,sensor,0,,,,,,,
2026-06-11T15:51:55.691Z,REAL,MANUAL,0.0,0.0,0.0,0.0,0.0,237.712,36.824,103.863,-8172.727,M,sensor,0,,,,,,,
2026-06-11T15:51:55.791Z,REAL,MANUAL,0.0,0.0,0.0,0.0,0.0,237.488,36.824,104.177,-8172.727,M,sensor,0,,,,,,,
2026-06-11T15:51:55.891Z,REAL,MANUAL,0.0,0.0,0.0,0.0,0.0,237.648,36.824,104.177,-8172.727,M,sensor,0,,,,,,,
2026-06-11T15:51:55.991Z,REAL,MANUAL,0.0,0.0,0.0,0.0,0.0,237.625,36.824,104.177,-8172.727,M,sensor,0,,,,,,,
2026-06-11T15:51:56.091Z,REAL,MANUAL,0.0,0.0,0.0,0.0,0.0,237.534,36.824,103.863,-8172.727,M,sensor,0,,,,,,,
2026-06-11T15:51:56.191Z,REAL,MANUAL,0.0,0.0,0.0,0.0,0.0,237.603,36.824,103.863,-8172.727,M,sensor,0,,,,,,,
2026-06-11T15:51:56.291Z,REAL,MANUAL,0.0,0.0,0.0,0.0,0.0,237.579,36.824,103.863,-8172.727,M,sensor,0,,,,,,,
2026-06-11T15:51:56.392Z,REAL,MANUAL,0.0,0.0,0.0,0.0,0.0,237.577,36.824,103.863,-8172.727,M,sensor,0,,,,,,,
2026-06-11T15:51:56.491Z,REAL,MANUAL,0.0,0.0,0.0,0.0,0.0,237.632,37.139,103.863,-8172.727,M,sensor,0,,,,,,,
2026-06-11T15:51:56.591Z,REAL,MANUAL,0.0,0.0,0.0,0.0,0.0,237.511,37.139,103.863,-8172.727,M,sensor,0,,,,,,,
2026-06-11T15:51:56.691Z,REAL,MANUAL,0.0,0.0,0.0,0.0,0.0,237.445,37.139,103.863,-8172.727,M,sensor,0,,,,,,,
2026-06-11T15:51:56.791Z,REAL,MANUAL,0.0,0.0,0.0,0.0,0.0,237.672,37.139,103.863,-8172.727,M,sensor,0,,,,,,,
2026-06-11T15:51:56.891Z,REAL,MANUAL,0.0,0.0,0.0,0.0,0.0,237.76,37.139,103.863,-8172.727,M,sensor,0,,,,,,,
2026-06-11T15:51:56.991Z,REAL,MANUAL,0.0,0.0,0.0,0.0,0.0,237.712,37.139,103.863,-8172.727,M,sensor,0,,,,,,,
2026-06-11T15:51:57.091Z,REAL,MANUAL,0.0,0.0,0.0,0.0,0.0,237.576,37.139,103.863,-8172.727,M,sensor,0,,,,,,,
2026-06-11T15:51:57.191Z,REAL,MANUAL,0.0,0.0,0.0,0.0,0.0,237.318,37.139,103.863,-8172.727,M,sensor,0,,,,,,,
2026-06-11T15:51:57.291Z,REAL,MANUAL,0.0,0.0,0.0,0.0,0.0,237.488,37.139,103.863,-8172.727,M,sensor,0,,,,,,,
2026-06-11T15:51:57.391Z,REAL,MANUAL,0.0,0.0,0.0,0.0,0.0,237.502,37.139,104.177,-8172.727,M,sensor,0,,,,,,,
2026-06-11T15:51:57.491Z,REAL,MANUAL,0.0,0.0,0.0,0.0,0.0,237.577,37.139,104.177,-8172.727,M,sensor,0,,,,,,,
2026-06-11T15:51:57.591Z,REAL,MANUAL,0.0,0.0,0.0,0.0,0.0,237.558,37.139,104.177,-8172.727,M,sensor,0,,,,,,,
2026-06-11T15:51:57.691Z,REAL,MANUAL,0.0,0.0,0.0,0.0,0.0,237.573,37.139,104.177,-8172.727,M,sensor,0,,,,,,,
2026-06-11T15:51:57.791Z,REAL,MANUAL,0.0,0.0,0.0,0.0,0.0,237.736,37.139,104.177,-8172.727,M,sensor,0,,,,,,,
2026-06-11T15:51:57.891Z,REAL,MANUAL,0.0,0.0,0.0,0.0,0.0,237.644,37.139,104.177,-8172.727,M,sensor,0,,,,,,,
2026-06-11T15:51:57.991Z,REAL,MANUAL,0.0,0.0,0.0,0.0,0.0,237.481,37.139,104.177,-8172.727,M,sensor,0,,,,,,,
2026-06-11T15:51:58.091Z,REAL,MANUAL,0.0,0.0,0.0,0.0,0.0,237.579,37.139,104.177,-8172.727,M,sensor,0,,,,,,,
2026-06-11T15:51:58.191Z,REAL,MANUAL,0.0,0.0,0.0,0.0,0.0,237.603,37.453,104.492,-8172.727,M,sensor,0,,,,,,,
2026-06-11T15:51:58.291Z,REAL,MANUAL,0.0,0.0,0.0,0.0,0.0,237.408,37.453,104.492,-8172.727,M,sensor,0,,,,,,,
2026-06-11T15:51:58.391Z,REAL,MANUAL,0.0,0.0,0.0,0.0,0.0,237.554,37.453,104.492,-8172.727,M,sensor,0,,,,,,,
2026-06-11T15:51:58.491Z,REAL,MANUAL,0.0,0.0,0.0,0.0,0.0,237.564,37.453,104.492,-8172.727,M,sensor,0,,,,,,,
2026-06-11T15:51:58.591Z,REAL,MANUAL,0.0,0.0,0.0,0.0,0.0,237.43,37.139,104.492,-8172.727,M,sensor,0,,,,,,,
2026-06-11T15:51:58.691Z,REAL,MANUAL,0.0,0.0,0.0,0.0,0.0,237.702,37.139,104.492,-8172.727,M,sensor,0,,,,,,,
2026-06-11T15:51:58.791Z,REAL,MANUAL,0.0,0.0,0.0,0.0,0.0,237.593,37.139,104.492,-8172.727,M,sensor,0,,,,,,,
2026-06-11T15:51:58.891Z,REAL,MANUAL,0.0,0.0,0.0,0.0,0.0,237.771,37.139,104.177,-8172.727,M,sensor,0,,,,,,,
2026-06-11T15:51:58.991Z,REAL,MANUAL,0.0,0.0,0.0,0.0,0.0,237.721,37.139,104.177,-8172.727,M,sensor,0,,,,,,,
2026-06-11T15:51:59.091Z,REAL,MANUAL,0.0,0.0,0.0,0.0,0.0,237.632,37.139,104.177,-8172.727,M,sensor,0,,,,,,,
2026-06-11T15:51:59.191Z,REAL,MANUAL,0.0,0.0,0.0,0.0,0.0,237.396,37.139,104.177,-8172.727,M,sensor,0,,,,,,,
2026-06-11T15:51:59.291Z,REAL,MANUAL,0.0,0.0,0.0,0.0,0.0,237.634,37.139,104.177,-8172.727,M,sensor,0,,,,,,,
2026-06-11T15:51:59.391Z,REAL,MANUAL,0.0,0.0,0.0,0.0,0.0,237.634,37.139,104.177,-8172.727,M,sensor,0,,,,,,,
2026-06-11T15:51:59.491Z,REAL,MANUAL,0.0,0.0,0.0,0.0,0.0,237.637,37.139,104.177,-8172.727,M,sensor,0,,,,,,,
2026-06-11T15:51:59.591Z,REAL,MANUAL,0.0,0.0,0.0,0.0,0.0,237.524,37.139,104.177,-8172.727,M,sensor,0,,,,,,,
2026-06-11T15:51:59.691Z,REAL,MANUAL,0.0,0.0,0.0,0.0,0.0,237.607,37.139,104.177,-8172.727,M,sensor,0,,,,,,,
2026-06-11T15:51:59.791Z,REAL,MANUAL,0.0,0.0,0.0,0.0,0.0,237.549,37.139,104.177,-8172.727,M,sensor,0,,,,,,,
2026-06-11T15:51:59.891Z,REAL,MANUAL,0.0,0.0,0.0,0.0,0.0,237.48,37.139,104.177,-8172.727,M,sensor,0,,,,,,,
2026-06-11T15:51:59.991Z,REAL,MANUAL,0.0,0.0,0.0,0.0,0.0,237.673,37.139,104.177,-8172.727,M,sensor,0,,,,,,,
2026-06-11T15:52:00.091Z,REAL,MANUAL,0.0,0.0,0.0,0.0,0.0,237.466,37.139,104.177,-8172.727,M,sensor,0,,,,,,,
2026-06-11T15:52:00.191Z,REAL,MANUAL,0.0,0.0,0.0,0.0,0.0,237.481,37.139,104.177,-8172.727,M,sensor,0,,,,,,,
2026-06-11T15:52:00.291Z,REAL,MANUAL,0.0,0.0,0.0,0.0,0.0,237.477,37.139,104.177,-8172.727,M,sensor,0,,,,,,,
2026-06-11T15:52:00.391Z,REAL,MANUAL,0.0,0.0,0.0,0.0,0.0,237.727,37.139,104.177,-8172.727,M,sensor,0,,,,,,,
2026-06-11T15:52:00.491Z,REAL,MANUAL,0.0,0.0,0.0,0.0,0.0,237.68,37.139,104.177,-8172.727,M,sensor,0,,,,,,,
2026-06-11T15:52:00.591Z,REAL,MANUAL,0.0,0.0,0.0,0.0,0.0,237.606,37.139,104.177,-8172.727,M,sensor,0,,,,,,,
2026-06-11T15:52:00.691Z,REAL,MANUAL,0.0,0.0,0.0,0.0,0.0,237.621,37.139,104.177,-8172.727,M,sensor,0,,,,,,,
2026-06-11T15:52:00.791Z,REAL,MANUAL,0.0,0.0,0.0,0.0,0.0,237.478,37.139,104.177,-8172.727,M,sensor,0,,,,,,,
2026-06-11T15:52:00.891Z,REAL,MANUAL,0.0,0.0,0.0,0.0,0.0,237.506,37.139,104.177,-8172.727,M,sensor,0,,,,,,,
2026-06-11T15:52:00.991Z,REAL,MANUAL,0.0,0.0,0.0,0.0,0.0,237.632,37.139,104.177,-8172.727,M,sensor,0,,,,,,,
2026-06-11T15:52:01.091Z,REAL,MANUAL,0.0,0.0,0.0,0.0,0.0,237.615,37.139,104.177,-8172.727,M,sensor,0,,,,,,,
2026-06-11T15:52:01.191Z,REAL,MANUAL,0.0,0.0,0.0,0.0,0.0,237.708,37.139,104.177,-8172.727,M,sensor,0,,,,,,,
2026-06-11T15:52:01.291Z,REAL,MANUAL,0.0,0.0,0.0,0.0,0.0,237.73,37.139,104.177,-8172.727,M,sensor,0,,,,,,,
2026-06-11T15:52:01.391Z,REAL,MANUAL,0.0,0.0,0.0,0.0,0.0,237.631,37.139,104.177,-8172.727,M,sensor,0,,,,,,,
2026-06-11T15:52:01.491Z,REAL,MANUAL,0.0,0.0,0.0,0.0,0.0,237.734,37.453,104.177,-8172.727,M,sensor,0,,,,,,,
2026-06-11T15:52:01.591Z,REAL,MANUAL,0.0,0.0,0.0,0.0,0.0,237.486,37.453,104.177,-8172.727,M,sensor,0,,,,,,,
2026-06-11T15:52:01.691Z,REAL,MANUAL,0.0,0.0,0.0,0.0,0.0,237.444,37.453,104.177,-8172.727,M,sensor,0,,,,,,,
2026-06-11T15:52:01.791Z,REAL,MANUAL,0.0,0.0,0.0,0.0,0.0,237.609,37.453,104.177,-8172.727,M,sensor,0,,,,,,,
2026-06-11T15:52:01.892Z,REAL,MANUAL,0.0,0.0,0.0,0.0,0.0,237.772,37.453,104.177,-8172.727,M,sensor,0,,,,,,,
2026-06-11T15:52:01.991Z,REAL,MANUAL,0.0,0.0,0.0,0.0,0.0,237.784,37.139,104.177,-8172.727,M,sensor,0,,,,,,,
2026-06-11T15:52:02.091Z,REAL,MANUAL,0.0,0.0,0.0,0.0,0.0,237.59,37.139,104.177,-8172.727,M,sensor,0,,,,,,,
2026-06-11T15:52:02.191Z,REAL,MANUAL,0.0,0.0,0.0,0.0,0.0,237.499,37.139,103.863,-8172.727,M,sensor,0,,,,,,,
2026-06-11T15:52:02.291Z,REAL,MANUAL,0.0,0.0,0.0,0.0,0.0,237.493,37.139,104.177,-8172.727,M,sensor,0,,,,,,,
2026-06-11T15:52:02.391Z,REAL,MANUAL,0.0,0.0,0.0,0.0,0.0,237.521,37.139,104.177,-8172.727,M,sensor,0,,,,,,,
2026-06-11T15:52:02.491Z,REAL,MANUAL,0.0,0.0,0.0,0.0,0.0,237.656,37.139,104.177,-8172.727,M,sensor,0,,,,,,,
2026-06-11T15:52:02.591Z,REAL,MANUAL,0.0,0.0,0.0,0.0,0.0,237.501,37.139,104.177,-8172.727,M,sensor,0,,,,,,,
2026-06-11T15:52:02.691Z,REAL,MANUAL,0.0,0.0,0.0,0.0,0.0,237.593,37.139,104.177,-8172.727,M,sensor,0,,,,,,,
2026-06-11T15:52:02.791Z,REAL,MANUAL,0.0,0.0,0.0,0.0,0.0,237.474,37.139,103.863,-8172.727,M,sensor,0,,,,,,,
2026-06-11T15:52:02.891Z,REAL,MANUAL,0.0,0.0,0.0,0.0,0.0,237.68,37.139,103.863,-8172.727,M,sensor,0,,,,,,,
2026-06-11T15:52:02.991Z,REAL,MANUAL,0.0,0.0,0.0,0.0,0.0,237.52,37.139,103.863,-8172.727,M,sensor,0,,,,,,,
2026-06-11T15:52:03.091Z,REAL,MANUAL,0.0,0.0,0.0,0.0,0.0,237.782,37.139,103.863,-8172.727,M,sensor,0,,,,,,,
2026-06-11T15:52:03.191Z,REAL,MANUAL,0.0,0.0,0.0,0.0,0.0,237.557,37.139,103.863,-8172.727,M,sensor,0,,,,,,,
2026-06-11T15:52:03.291Z,REAL,MANUAL,0.0,0.0,0.0,0.0,0.0,237.694,37.139,103.863,-8172.727,M,sensor,0,,,,,,,
2026-06-11T15:52:03.391Z,REAL,MANUAL,0.0,0.0,0.0,0.0,0.0,237.637,37.139,103.863,-8172.727,M,sensor,0,,,,,,,
2026-06-11T15:52:03.491Z,REAL,MANUAL,0.0,0.0,0.0,0.0,0.0,237.551,37.139,103.863,-8172.727,M,sensor,0,,,,,,,
2026-06-11T15:52:03.591Z,REAL,MANUAL,0.0,0.0,0.0,0.0,0.0,237.703,37.139,103.863,-8172.727,M,sensor,0,,,,,,,
2026-06-11T15:52:03.691Z,REAL,MANUAL,0.0,0.0,0.0,0.0,0.0,237.633,37.139,103.863,-8172.727,M,sensor,0,,,,,,,
2026-06-11T15:52:03.791Z,REAL,MANUAL,0.0,0.0,0.0,0.0,0.0,237.625,37.139,103.863,-8172.727,M,sensor,0,,,,,,,
2026-06-11T15:52:03.891Z,REAL,MANUAL,0.0,0.0,0.0,0.0,0.0,237.389,37.139,103.863,-8172.727,M,sensor,0,,,,,,,
2026-06-11T15:52:03.991Z,REAL,MANUAL,0.0,0.0,0.0,0.0,0.0,237.599,37.139,103.863,-8172.727,M,sensor,0,,,,,,,
2026-06-11T15:52:04.091Z,REAL,MANUAL,0.0,0.0,0.0,0.0,0.0,237.755,37.139,103.863,-8172.727,M,sensor,0,,,,,,,
2026-06-11T15:52:04.191Z,REAL,MANUAL,0.0,0.0,0.0,0.0,0.0,237.658,37.139,103.863,-8172.727,M,sensor,0,,,,,,,
2026-06-11T15:52:04.291Z,REAL,MANUAL,0.0,0.0,0.0,0.0,0.0,237.624,37.139,103.863,-8172.727,M,sensor,0,,,,,,,
2026-06-11T15:52:04.391Z,REAL,MANUAL,0.0,0.0,0.0,0.0,0.0,237.633,37.139,104.177,-8172.727,M,sensor,0,,,,,,,
2026-06-11T15:52:04.491Z,REAL,MANUAL,0.0,0.0,0.0,0.0,0.0,237.592,37.139,104.177,-8172.727,M,sensor,0,,,,,,,
2026-06-11T15:52:04.591Z,REAL,MANUAL,0.0,0.0,0.0,0.0,0.0,237.636,37.139,104.177,-8172.727,M,sensor,0,,,,,,,
2026-06-11T15:52:04.691Z,REAL,MANUAL,0.0,0.0,0.0,0.0,0.0,237.542,37.139,104.177,-8172.727,M,sensor,0,,,,,,,
2026-06-11T15:52:04.791Z,REAL,MANUAL,0.0,0.0,0.0,0.0,0.0,237.66,37.139,104.177,-8172.727,M,sensor,0,,,,,,,
2026-06-11T15:52:04.891Z,REAL,MANUAL,0.0,0.0,0.0,0.0,0.0,237.777,37.139,103.863,-8172.727,M,sensor,0,,,,,,,
2026-06-11T15:52:04.991Z,REAL,MANUAL,0.0,0.0,0.0,0.0,0.0,237.76,37.139,103.863,-8172.727,M,sensor,0,,,,,,,
2026-06-11T15:52:05.092Z,REAL,MANUAL,0.0,0.0,0.0,0.0,0.0,237.833,37.139,103.863,-8172.727,M,sensor,0,,,,,,,
2026-06-11T15:52:05.192Z,REAL,MANUAL,0.0,0.0,0.0,0.0,0.0,237.86,37.139,103.863,-8172.727,M,sensor,0,,,,,,,
2026-06-11T15:52:05.292Z,REAL,MANUAL,0.0,0.0,0.0,0.0,0.0,237.595,37.139,103.863,-8172.727,M,sensor,0,,,,,,,
2026-06-11T15:52:05.391Z,REAL,MANUAL,0.0,0.0,0.0,0.0,0.0,237.737,37.139,103.863,-8172.727,M,sensor,0,,,,,,,
2026-06-11T15:52:05.491Z,REAL,MANUAL,0.0,0.0,0.0,0.0,0.0,237.695,37.139,103.863,-8172.727,M,sensor,0,,,,,,,
2026-06-11T15:52:05.595Z,REAL,MANUAL,0.0,0.0,0.0,0.0,0.0,237.481,37.453,103.863,-8172.727,M,sensor,0,,,,,,,
2026-06-11T15:52:05.691Z,REAL,MANUAL,0.0,0.0,0.0,0.0,0.0,237.549,37.139,103.863,-8172.727,M,sensor,0,,,,,,,
2026-06-11T15:52:05.791Z,REAL,MANUAL,0.0,0.0,0.0,0.0,0.0,237.522,37.139,103.863,-8172.727,M,sensor,0,,,,,,,
2026-06-11T15:52:05.892Z,REAL,MANUAL,0.0,0.0,0.0,0.0,0.0,237.496,37.139,103.863,-8172.727,M,sensor,0,,,,,,,
2026-06-11T15:52:05.991Z,REAL,MANUAL,0.0,0.0,0.0,0.0,0.0,237.535,37.139,103.863,-8172.727,M,sensor,0,,,,,,,
2026-06-11T15:52:06.092Z,REAL,MANUAL,0.0,0.0,0.0,0.0,0.0,237.924,37.139,103.863,-8172.727,M,sensor,0,,,,,,,
2026-06-11T15:52:06.194Z,REAL,MANUAL,0.0,0.0,0.0,0.0,0.0,237.934,37.139,103.863,-8172.727,M,sensor,0,,,,,,,
2026-06-11T15:52:06.291Z,REAL,MANUAL,0.0,0.0,0.0,0.0,0.0,237.975,37.139,103.863,-8172.727,M,sensor,0,,,,,,,
2026-06-11T15:52:06.396Z,REAL,MANUAL,0.0,0.0,0.0,0.0,0.0,237.969,37.139,103.863,-8172.727,M,sensor,0,,,,,,,
2026-06-11T15:52:06.491Z,REAL,MANUAL,0.0,0.0,0.0,0.0,0.0,237.943,37.139,103.863,-8172.727,M,sensor,0,,,,,,,
2026-06-11T15:52:06.591Z,REAL,MANUAL,0.0,0.0,0.0,0.0,0.0,238.235,37.139,104.177,-8172.727,M,sensor,0,,,,,,,
2026-06-11T15:52:06.691Z,REAL,MANUAL,0.0,0.0,0.0,0.0,0.0,237.928,37.139,104.177,-8172.727,M,sensor,0,,,,,,,
2026-06-11T15:52:06.791Z,REAL,MANUAL,0.0,0.0,0.0,0.0,0.0,238.149,37.139,103.863,-8172.727,M,sensor,0,,,,,,,
2026-06-11T15:52:06.891Z,REAL,MANUAL,0.0,0.0,0.0,0.0,0.0,238.081,37.139,104.177,-8172.727,M,sensor,0,,,,,,,
2026-06-11T15:52:06.991Z,REAL,MANUAL,0.0,0.0,0.0,0.0,0.0,237.761,37.139,104.177,-8172.727,M,sensor,0,,,,,,,
2026-06-11T15:52:07.091Z,REAL,MANUAL,0.0,0.0,0.0,0.0,0.0,237.514,37.139,104.177,-8172.727,M,sensor,0,,,,,,,
2026-06-11T15:52:07.191Z,REAL,MANUAL,0.0,0.0,0.0,0.0,0.0,237.703,37.139,104.177,-8172.727,M,sensor,0,,,,,,,
2026-06-11T15:52:07.291Z,REAL,MANUAL,0.0,0.0,0.0,0.0,0.0,237.453,37.139,104.177,-8172.727,M,sensor,0,,,,,,,
2026-06-11T15:52:07.391Z,REAL,MANUAL,0.0,0.0,0.0,0.0,0.0,237.611,37.139,104.177,-8172.727,M,sensor,0,,,,,,,
2026-06-11T15:52:07.491Z,REAL,MANUAL,0.0,0.0,0.0,0.0,0.0,237.38,37.139,104.177,-8172.727,M,sensor,0,,,,,,,
2026-06-11T15:52:07.591Z,REAL,MANUAL,0.0,0.0,0.0,0.0,0.0,237.67,37.139,104.177,-8172.727,M,sensor,0,,,,,,,
2026-06-11T15:52:07.691Z,REAL,MANUAL,0.0,0.0,0.0,0.0,0.0,237.776,37.139,104.177,-8172.727,M,sensor,0,,,,,,,
2026-06-11T15:52:07.791Z,REAL,MANUAL,0.0,0.0,0.0,0.0,0.0,237.792,37.139,104.177,-8172.727,M,sensor,0,,,,,,,
2026-06-11T15:52:07.891Z,REAL,MANUAL,0.0,0.0,0.0,0.0,0.0,237.614,37.139,103.863,-8172.727,M,sensor,0,,,,,,,
2026-06-11T15:52:07.991Z,REAL,MANUAL,0.0,0.0,0.0,0.0,0.0,237.833,36.824,103.863,-8172.727,M,sensor,0,,,,,,,
2026-06-11T15:52:08.091Z,REAL,MANUAL,0.0,0.0,0.0,0.0,0.0,237.428,36.824,103.863,-8172.727,M,sensor,0,,,,,,,
2026-06-11T15:52:08.191Z,REAL,MANUAL,0.0,0.0,0.0,0.0,0.0,237.51,36.824,103.863,-8172.727,M,sensor,0,,,,,,,
2026-06-11T15:52:08.291Z,REAL,MANUAL,0.0,0.0,0.0,0.0,0.0,237.631,37.139,103.863,-8172.727,M,sensor,0,,,,,,,
2026-06-11T15:52:08.391Z,REAL,MANUAL,0.0,0.0,0.0,0.0,0.0,237.659,37.139,103.863,-8172.727,M,sensor,0,,,,,,,
2026-06-11T15:52:08.491Z,REAL,MANUAL,0.0,0.0,0.0,0.0,0.0,237.432,37.139,103.863,-8172.727,M,sensor,0,,,,,,,
2026-06-11T15:52:08.591Z,REAL,MANUAL,0.0,0.0,0.0,0.0,0.0,237.454,37.139,103.863,-8172.727,M,sensor,0,,,,,,,
2026-06-11T15:52:08.691Z,REAL,MANUAL,0.0,0.0,0.0,0.0,0.0,237.624,37.139,103.863,-8172.727,M,sensor,0,,,,,,,
2026-06-11T15:52:08.791Z,REAL,MANUAL,0.0,0.0,0.0,0.0,0.0,237.509,37.139,103.863,-8172.727,M,sensor,0,,,,,,,
2026-06-11T15:52:08.891Z,REAL,MANUAL,0.0,0.0,0.0,0.0,0.0,237.387,37.139,103.863,-8172.727,M,sensor,0,,,,,,,
2026-06-11T15:52:08.991Z,REAL,MANUAL,0.0,0.0,0.0,0.0,0.0,237.484,37.139,103.863,-8172.727,M,sensor,0,,,,,,,
2026-06-11T15:52:09.091Z,REAL,MANUAL,0.0,0.0,0.0,0.0,0.0,237.589,37.139,104.177,-8172.727,M,sensor,0,,,,,,,
2026-06-11T15:52:09.191Z,REAL,MANUAL,0.0,0.0,0.0,0.0,0.0,237.736,37.139,103.863,-8172.727,M,sensor,0,,,,,,,
2026-06-11T15:52:09.291Z,REAL,MANUAL,0.0,0.0,0.0,0.0,0.0,237.748,37.139,103.863,-8172.727,M,sensor,0,,,,,,,
2026-06-11T15:52:09.391Z,REAL,MANUAL,0.0,0.0,0.0,0.0,0.0,237.686,37.139,103.863,-8172.727,M,sensor,0,,,,,,,
2026-06-11T15:52:09.491Z,REAL,MANUAL,0.0,0.0,0.0,0.0,0.0,237.59,37.139,103.863,-8172.727,M,sensor,0,,,,,,,
2026-06-11T15:52:09.591Z,REAL,MANUAL,0.0,0.0,0.0,0.0,0.0,237.657,37.139,104.177,-8172.727,M,sensor,0,,,,,,,
2026-06-11T15:52:09.691Z,REAL,MANUAL,0.0,0.0,0.0,0.0,0.0,237.63,37.139,104.177,-8172.727,M,sensor,0,,,,,,,
2026-06-11T15:52:09.791Z,REAL,MANUAL,0.0,0.0,0.0,0.0,0.0,237.517,37.139,104.177,-8172.727,M,sensor,0,,,,,,,
2026-06-11T15:52:09.891Z,REAL,MANUAL,0.0,0.0,0.0,0.0,0.0,237.544,37.139,104.177,-8172.727,M,sensor,0,,,,,,,
2026-06-11T15:52:09.991Z,REAL,MANUAL,0.0,0.0,0.0,0.0,0.0,237.58,37.139,104.177,-8172.727,M,sensor,0,,,,,,,
2026-06-11T15:52:10.091Z,REAL,MANUAL,0.0,0.0,0.0,0.0,0.0,237.498,37.139,104.177,-8172.727,M,sensor,0,,,,,,,
2026-06-11T15:52:10.191Z,REAL,MANUAL,0.0,0.0,0.0,0.0,0.0,237.816,37.139,104.177,-8172.727,M,sensor,0,,,,,,,
2026-06-11T15:52:10.291Z,REAL,MANUAL,0.0,0.0,0.0,0.0,0.0,237.664,37.139,104.177,-8172.727,M,sensor,0,,,,,,,
2026-06-11T15:52:10.391Z,REAL,MANUAL,0.0,0.0,0.0,0.0,0.0,237.635,37.139,104.177,-8172.727,M,sensor,0,,,,,,,
2026-06-11T15:52:10.491Z,REAL,MANUAL,0.0,0.0,0.0,0.0,0.0,237.553,37.139,104.177,-8172.727,M,sensor,0,,,,,,,
2026-06-11T15:52:10.591Z,REAL,MANUAL,0.0,0.0,0.0,0.0,0.0,237.381,37.139,104.177,-8172.727,M,sensor,0,,,,,,,
2026-06-11T15:52:10.691Z,REAL,MANUAL,0.0,0.0,0.0,0.0,0.0,237.681,37.139,104.177,-8172.727,M,sensor,0,,,,,,,
2026-06-11T15:52:10.791Z,REAL,MANUAL,0.0,0.0,0.0,0.0,0.0,237.579,37.139,104.177,-8172.727,M,sensor,0,,,,,,,
2026-06-11T15:52:10.891Z,REAL,MANUAL,0.0,0.0,0.0,0.0,0.0,237.504,37.139,103.863,-8172.727,M,sensor,0,,,,,,,
2026-06-11T15:52:10.991Z,REAL,MANUAL,0.0,0.0,0.0,0.0,0.0,237.6,37.139,103.863,-8172.727,M,sensor,0,,,,,,,
2026-06-11T15:52:11.091Z,REAL,MANUAL,0.0,0.0,0.0,0.0,0.0,237.645,36.824,103.863,-8172.727,M,sensor,0,,,,,,,
2026-06-11T15:52:11.191Z,REAL,MANUAL,0.0,0.0,0.0,0.0,0.0,237.496,37.139,103.863,-8172.727,M,sensor,0,,,,,,,
2026-06-11T15:52:11.291Z,REAL,MANUAL,0.0,0.0,0.0,0.0,0.0,237.677,36.824,103.863,-8172.727,M,sensor,0,,,,,,,
2026-06-11T15:52:11.391Z,REAL,MANUAL,0.0,0.0,0.0,0.0,0.0,237.535,36.824,103.863,-8172.727,M,sensor,0,,,,,,,
2026-06-11T15:52:11.491Z,REAL,MANUAL,0.0,0.0,0.0,0.0,0.0,237.728,36.824,103.863,-8172.727,M,sensor,0,,,,,,,
2026-06-11T15:52:11.591Z,REAL,MANUAL,0.0,0.0,0.0,0.0,0.0,237.711,36.824,103.863,-8172.727,M,sensor,0,,,,,,,
2026-06-11T15:52:11.691Z,REAL,MANUAL,0.0,0.0,0.0,0.0,0.0,237.619,36.824,103.863,-8172.727,M,sensor,0,,,,,,,
2026-06-11T15:52:11.791Z,REAL,MANUAL,0.0,0.0,0.0,0.0,0.0,237.64,36.824,104.177,-8172.727,M,sensor,0,,,,,,,
2026-06-11T15:52:11.891Z,REAL,MANUAL,0.0,0.0,0.0,0.0,0.0,237.687,37.139,104.177,-8172.727,M,sensor,0,,,,,,,
2026-06-11T15:52:11.991Z,REAL,MANUAL,0.0,0.0,0.0,0.0,0.0,237.676,37.139,104.177,-8172.727,M,sensor,0,,,,,,,
2026-06-11T15:52:12.091Z,REAL,MANUAL,0.0,0.0,0.0,0.0,0.0,237.452,37.139,104.177,-8172.727,M,sensor,0,,,,,,,
2026-06-11T15:52:12.191Z,REAL,MANUAL,0.0,0.0,0.0,0.0,0.0,237.462,37.139,104.177,-8172.727,M,sensor,0,,,,,,,
2026-06-11T15:52:12.291Z,REAL,MANUAL,0.0,0.0,0.0,0.0,0.0,237.384,37.139,104.177,-8172.727,M,sensor,0,,,,,,,
2026-06-11T15:52:12.391Z,REAL,MANUAL,0.0,0.0,0.0,0.0,0.0,237.599,37.139,104.177,-8172.727,M,sensor,0,,,,,,,
2026-06-11T15:52:12.491Z,REAL,MANUAL,0.0,0.0,0.0,0.0,0.0,237.553,37.139,104.177,-8172.727,M,sensor,0,,,,,,,
2026-06-11T15:52:12.591Z,REAL,MANUAL,0.0,0.0,0.0,0.0,0.0,237.401,37.139,104.177,-8172.727,M,sensor,0,,,,,,,
2026-06-11T15:52:12.691Z,REAL,MANUAL,0.0,0.0,0.0,0.0,0.0,237.389,37.139,104.177,-8172.727,M,sensor,0,,,,,,,
2026-06-11T15:52:12.791Z,REAL,MANUAL,0.0,0.0,0.0,0.0,0.0,237.265,37.139,104.177,-8172.727,M,sensor,0,,,,,,,
2026-06-11T15:52:12.891Z,REAL,MANUAL,0.0,0.0,0.0,0.0,0.0,237.638,37.139,104.177,-8172.727,M,sensor,0,,,,,,,
2026-06-11T15:52:12.991Z,REAL,MANUAL,0.0,0.0,0.0,0.0,0.0,237.81,37.139,104.177,-8172.727,M,sensor,0,,,,,,,
2026-06-11T15:52:13.091Z,REAL,MANUAL,0.0,0.0,0.0,0.0,0.0,237.544,37.139,104.177,-8172.727,M,sensor,0,,,,,,,
2026-06-11T15:52:13.191Z,REAL,MANUAL,0.0,0.0,0.0,0.0,0.0,237.873,37.139,104.177,-8172.727,M,sensor,0,,,,,,,
2026-06-11T15:52:13.291Z,REAL,MANUAL,0.0,0.0,0.0,0.0,0.0,237.703,37.139,104.177,-8172.727,M,sensor,0,,,,,,,
2026-06-11T15:52:13.391Z,REAL,MANUAL,0.0,0.0,0.0,0.0,0.0,237.664,37.139,104.177,-8172.727,M,sensor,0,,,,,,,
2026-06-11T15:52:13.491Z,REAL,MANUAL,0.0,0.0,0.0,0.0,0.0,237.592,37.139,104.177,-8172.727,M,sensor,0,,,,,,,
2026-06-11T15:52:13.591Z,REAL,MANUAL,0.0,0.0,0.0,0.0,0.0,237.653,37.139,104.177,-8172.727,M,sensor,0,,,,,,,
2026-06-11T15:52:13.691Z,REAL,MANUAL,0.0,0.0,0.0,0.0,0.0,237.638,37.139,104.177,-8172.727,M,sensor,0,,,,,,,
2026-06-11T15:52:13.791Z,REAL,MANUAL,0.0,0.0,0.0,0.0,0.0,237.559,37.139,104.177,-8172.727,M,sensor,0,,,,,,,
2026-06-11T15:52:13.891Z,REAL,MANUAL,0.0,0.0,0.0,0.0,0.0,237.58,37.139,104.177,-8172.727,M,sensor,0,,,,,,,
2026-06-11T15:52:13.991Z,REAL,MANUAL,0.0,0.0,0.0,0.0,0.0,237.607,37.139,104.177,-8172.727,M,sensor,0,,,,,,,
2026-06-11T15:52:14.091Z,REAL,MANUAL,0.0,0.0,0.0,0.0,0.0,237.547,36.824,104.177,-8172.727,M,sensor,0,,,,,,,
2026-06-11T15:52:14.191Z,REAL,MANUAL,0.0,0.0,0.0,0.0,0.0,237.556,36.824,104.177,-8172.727,M,sensor,0,,,,,,,
2026-06-11T15:52:14.291Z,REAL,MANUAL,0.0,0.0,0.0,0.0,0.0,237.516,37.139,104.177,-8172.727,M,sensor,0,,,,,,,
2026-06-11T15:52:14.391Z,REAL,MANUAL,0.0,0.0,0.0,0.0,0.0,237.438,37.139,104.177,-8172.727,M,sensor,0,,,,,,,
2026-06-11T15:52:14.491Z,REAL,MANUAL,0.0,0.0,0.0,0.0,0.0,237.48,37.139,104.177,-8172.727,M,sensor,0,,,,,,,
2026-06-11T15:52:14.591Z,REAL,MANUAL,0.0,0.0,0.0,0.0,0.0,237.793,37.139,104.177,-8172.727,M,sensor,0,,,,,,,
2026-06-11T15:52:14.691Z,REAL,MANUAL,0.0,0.0,0.0,0.0,0.0,237.766,37.139,104.492,-8172.727,M,sensor,0,,,,,,,
2026-06-11T15:52:14.791Z,REAL,MANUAL,0.0,0.0,0.0,0.0,0.0,237.667,37.139,104.492,-8172.727,M,sensor,0,,,,,,,
2026-06-11T15:52:14.891Z,REAL,MANUAL,0.0,0.0,0.0,0.0,0.0,237.626,37.139,104.492,-8172.727,M,sensor,0,,,,,,,
2026-06-11T15:52:14.991Z,REAL,MANUAL,0.0,0.0,0.0,0.0,0.0,237.763,37.139,104.492,-8172.727,M,sensor,0,,,,,,,
2026-06-11T15:52:15.091Z,REAL,MANUAL,0.0,0.0,0.0,0.0,0.0,237.752,37.139,104.492,-8172.727,M,sensor,0,,,,,,,
2026-06-11T15:52:15.191Z,REAL,MANUAL,0.0,0.0,0.0,0.0,0.0,237.628,37.139,104.492,-8172.727,M,sensor,0,,,,,,,
2026-06-11T15:52:15.291Z,REAL,MANUAL,0.0,0.0,0.0,0.0,0.0,237.457,37.139,104.492,-8172.727,M,sensor,0,,,,,,,
2026-06-11T15:52:15.391Z,REAL,MANUAL,0.0,0.0,0.0,0.0,0.0,237.731,37.139,104.492,-8172.727,M,sensor,0,,,,,,,
2026-06-11T15:52:15.491Z,REAL,MANUAL,0.0,0.0,0.0,0.0,0.0,237.607,37.139,104.492,-8172.727,M,sensor,0,,,,,,,
2026-06-11T15:52:15.591Z,REAL,MANUAL,0.0,0.0,0.0,0.0,0.0,237.558,36.824,104.492,-8172.727,M,sensor,0,,,,,,,
2026-06-11T15:52:15.691Z,REAL,MANUAL,0.0,0.0,0.0,0.0,0.0,237.586,36.824,104.492,-8172.727,M,sensor,0,,,,,,,
2026-06-11T15:52:15.791Z,REAL,MANUAL,0.0,0.0,0.0,0.0,0.0,237.554,37.139,104.492,-8172.727,M,sensor,0,,,,,,,
2026-06-11T15:52:15.891Z,REAL,MANUAL,0.0,0.0,0.0,0.0,0.0,237.454,37.139,104.492,-8172.727,M,sensor,0,,,,,,,
2026-06-11T15:52:15.991Z,REAL,MANUAL,0.0,0.0,0.0,0.0,0.0,237.67,37.139,104.492,-8172.727,M,sensor,0,,,,,,,
2026-06-11T15:52:16.091Z,REAL,MANUAL,0.0,0.0,0.0,0.0,0.0,237.57,37.139,104.492,-8172.727,M,sensor,0,,,,,,,
2026-06-11T15:52:16.191Z,REAL,MANUAL,0.0,0.0,0.0,0.0,0.0,237.685,37.139,104.492,-8172.727,M,sensor,0,,,,,,,
2026-06-11T15:52:16.291Z,REAL,MANUAL,0.0,0.0,0.0,0.0,0.0,237.838,37.139,104.492,-8172.727,M,sensor,0,,,,,,,
2026-06-11T15:52:16.391Z,REAL,MANUAL,0.0,0.0,0.0,0.0,0.0,237.622,37.139,104.492,-8172.727,M,sensor,0,,,,,,,
2026-06-11T15:52:16.491Z,REAL,MANUAL,0.0,0.0,0.0,0.0,0.0,237.421,37.139,104.492,-8172.727,M,sensor,0,,,,,,,
2026-06-11T15:52:16.591Z,REAL,MANUAL,0.0,0.0,0.0,0.0,0.0,237.449,37.139,104.492,-8172.727,M,sensor,0,,,,,,,
2026-06-11T15:52:16.691Z,REAL,MANUAL,0.0,0.0,0.0,0.0,0.0,237.459,37.139,104.492,-8172.727,M,sensor,0,,,,,,,
2026-06-11T15:52:16.791Z,REAL,MANUAL,0.0,0.0,0.0,0.0,0.0,237.618,37.139,104.177,-8172.727,M,sensor,0,,,,,,,
2026-06-11T15:52:16.891Z,REAL,MANUAL,0.0,0.0,0.0,0.0,0.0,237.662,37.139,104.177,-8172.727,M,sensor,0,,,,,,,
2026-06-11T15:52:16.991Z,REAL,MANUAL,0.0,0.0,0.0,0.0,0.0,237.755,37.139,104.177,-8172.727,M,sensor,0,,,,,,,
2026-06-11T15:52:17.091Z,REAL,MANUAL,0.0,0.0,0.0,0.0,0.0,237.492,37.139,104.177,-8172.727,M,sensor,0,,,,,,,
2026-06-11T15:52:17.191Z,REAL,MANUAL,0.0,0.0,0.0,0.0,0.0,237.411,37.139,104.177,-8172.727,M,sensor,0,,,,,,,
2026-06-11T15:52:17.291Z,REAL,MANUAL,0.0,0.0,0.0,0.0,0.0,237.578,36.824,104.177,-8172.727,M,sensor,0,,,,,,,
2026-06-11T15:52:17.392Z,REAL,MANUAL,0.0,0.0,0.0,0.0,0.0,237.626,36.824,104.177,-8172.727,M,sensor,0,,,,,,,
2026-06-11T15:52:17.491Z,REAL,MANUAL,0.0,0.0,0.0,0.0,0.0,237.635,36.824,104.177,-8172.727,M,sensor,0,,,,,,,
2026-06-11T15:52:17.591Z,REAL,MANUAL,0.0,0.0,0.0,0.0,0.0,237.624,36.824,104.177,-8172.727,M,sensor,0,,,,,,,
2026-06-11T15:52:17.691Z,REAL,MANUAL,0.0,0.0,0.0,0.0,0.0,237.85,36.824,104.177,-8172.727,M,sensor,0,,,,,,,
2026-06-11T15:52:17.791Z,REAL,MANUAL,0.0,0.0,0.0,0.0,0.0,237.747,36.824,103.863,-8172.727,M,sensor,0,,,,,,,
2026-06-11T15:52:17.891Z,REAL,MANUAL,0.0,0.0,0.0,0.0,0.0,237.792,36.824,103.863,-8172.727,M,sensor,0,,,,,,,
2026-06-11T15:52:17.991Z,REAL,MANUAL,0.0,0.0,0.0,0.0,0.0,237.509,36.824,103.863,-8172.727,M,sensor,0,,,,,,,
2026-06-11T15:52:18.091Z,REAL,MANUAL,0.0,0.0,0.0,0.0,0.0,237.711,37.139,103.863,-8172.727,M,sensor,0,,,,,,,
2026-06-11T15:52:18.192Z,REAL,MANUAL,0.0,0.0,0.0,0.0,0.0,237.655,37.139,103.863,-8172.727,M,sensor,0,,,,,,,
2026-06-11T15:52:18.293Z,REAL,MANUAL,0.0,0.0,0.0,0.0,0.0,237.705,37.139,103.863,-8172.727,M,sensor,0,,,,,,,
2026-06-11T15:52:18.391Z,REAL,MANUAL,0.0,0.0,0.0,0.0,0.0,237.826,37.139,103.863,-8172.727,M,sensor,0,,,,,,,
2026-06-11T15:52:18.491Z,REAL,MANUAL,0.0,0.0,0.0,0.0,0.0,237.628,37.139,103.863,-8172.727,M,sensor,0,,,,,,,
2026-06-11T15:52:18.591Z,REAL,MANUAL,0.0,0.0,0.0,0.0,0.0,237.712,37.139,103.863,-8172.727,M,sensor,0,,,,,,,
2026-06-11T15:52:18.691Z,REAL,MANUAL,0.0,0.0,0.0,0.0,0.0,237.669,37.139,103.863,-8172.727,M,sensor,0,,,,,,,
2026-06-11T15:52:18.791Z,REAL,MANUAL,0.0,0.0,0.0,0.0,0.0,237.607,37.139,103.863,-8172.727,M,sensor,0,,,,,,,
2026-06-11T15:52:18.891Z,REAL,MANUAL,0.0,0.0,0.0,0.0,0.0,237.526,37.139,103.863,-8172.727,M,sensor,0,,,,,,,
2026-06-11T15:52:18.991Z,REAL,MANUAL,0.0,0.0,0.0,0.0,0.0,237.52,37.139,103.863,-8172.727,M,sensor,0,,,,,,,
2026-06-11T15:52:19.091Z,REAL,MANUAL,0.0,0.0,0.0,0.0,0.0,237.488,37.139,103.863,-8172.727,M,sensor,0,,,,,,,
2026-06-11T15:52:19.192Z,REAL,MANUAL,0.0,0.0,0.0,0.0,0.0,237.659,37.139,103.863,-8172.727,M,sensor,0,,,,,,,
2026-06-11T15:52:19.291Z,REAL,MANUAL,0.0,0.0,0.0,0.0,0.0,237.597,37.139,103.863,-8172.727,M,sensor,0,,,,,,,
2026-06-11T15:52:19.391Z,REAL,MANUAL,0.0,0.0,0.0,0.0,0.0,237.624,37.139,103.863,-8172.727,M,sensor,0,,,,,,,
2026-06-11T15:52:19.491Z,REAL,MANUAL,0.0,0.0,0.0,0.0,0.0,237.662,37.139,103.863,-8172.727,M,sensor,0,,,,,,,
2026-06-11T15:52:19.591Z,REAL,MANUAL,0.0,0.0,0.0,0.0,0.0,237.594,37.139,103.863,-8172.727,M,sensor,0,,,,,,,
2026-06-11T15:52:19.691Z,REAL,MANUAL,0.0,0.0,0.0,0.0,0.0,237.709,37.139,103.548,-8172.727,M,sensor,0,,,,,,,
2026-06-11T15:52:19.791Z,REAL,MANUAL,0.0,0.0,0.0,0.0,0.0,237.685,37.139,103.548,-8172.727,M,sensor,0,,,,,,,
2026-06-11T15:52:19.891Z,REAL,MANUAL,0.0,0.0,0.0,0.0,0.0,237.701,37.139,103.548,-8172.727,M,sensor,0,,,,,,,
2026-06-11T15:52:19.991Z,REAL,MANUAL,0.0,0.0,0.0,0.0,0.0,237.599,37.139,103.548,-8172.727,M,sensor,0,,,,,,,
2026-06-11T15:52:20.091Z,REAL,MANUAL,0.0,0.0,0.0,0.0,0.0,237.534,37.139,103.863,-8172.727,M,sensor,0,,,,,,,
2026-06-11T15:52:20.191Z,REAL,MANUAL,0.0,0.0,0.0,0.0,0.0,237.589,37.139,103.863,-8172.727,M,sensor,0,,,,,,,
2026-06-11T15:52:20.291Z,REAL,MANUAL,0.0,0.0,0.0,0.0,0.0,237.692,37.139,103.863,-8172.727,M,sensor,0,,,,,,,
2026-06-11T15:52:20.391Z,REAL,MANUAL,0.0,0.0,0.0,0.0,0.0,237.528,37.139,103.863,-8172.727,M,sensor,0,,,,,,,
2026-06-11T15:52:20.491Z,REAL,MANUAL,0.0,0.0,0.0,0.0,0.0,237.618,37.139,103.863,-8172.727,M,sensor,0,,,,,,,
2026-06-11T15:52:20.591Z,REAL,MANUAL,0.0,0.0,0.0,0.0,0.0,237.63,37.139,103.863,-8172.727,M,sensor,0,,,,,,,
2026-06-11T15:52:20.691Z,REAL,MANUAL,0.0,0.0,0.0,0.0,0.0,237.594,37.139,103.863,-8172.727,M,sensor,0,,,,,,,
2026-06-11T15:52:20.791Z,REAL,MANUAL,0.0,0.0,0.0,0.0,0.0,237.589,37.139,103.863,-8172.727,M,sensor,0,,,,,,,
2026-06-11T15:52:20.891Z,REAL,MANUAL,0.0,0.0,0.0,0.0,0.0,237.603,37.139,103.863,-8172.727,M,sensor,0,,,,,,,
2026-06-11T15:52:20.992Z,REAL,MANUAL,0.0,0.0,0.0,0.0,0.0,237.558,37.139,103.863,-8172.727,M,sensor,0,,,,,,,
2026-06-11T15:52:21.092Z,REAL,MANUAL,0.0,0.0,0.0,0.0,0.0,237.44,37.139,103.863,-8172.727,M,sensor,0,,,,,,,
2026-06-11T15:52:21.191Z,REAL,MANUAL,0.0,0.0,0.0,0.0,0.0,237.577,37.139,103.863,-8172.727,M,sensor,0,,,,,,,
2026-06-11T15:52:21.291Z,REAL,MANUAL,0.0,0.0,0.0,0.0,0.0,237.69,37.139,103.863,-8172.727,M,sensor,0,,,,,,,
2026-06-11T15:52:21.391Z,REAL,MANUAL,0.0,0.0,0.0,0.0,0.0,237.79,37.139,103.863,-8172.727,M,sensor,0,,,,,,,
2026-06-11T15:52:21.491Z,REAL,MANUAL,0.0,0.0,0.0,0.0,0.0,237.409,37.139,103.863,-8172.727,M,sensor,0,,,,,,,
2026-06-11T15:52:21.591Z,REAL,MANUAL,0.0,0.0,0.0,0.0,0.0,237.572,37.139,103.863,-8172.727,M,sensor,0,,,,,,,
2026-06-11T15:52:21.691Z,REAL,MANUAL,0.0,0.0,0.0,0.0,0.0,237.611,37.139,103.863,-8172.727,M,sensor,0,,,,,,,
2026-06-11T15:52:21.791Z,REAL,MANUAL,0.0,0.0,0.0,0.0,0.0,237.766,37.139,104.177,-8172.727,M,sensor,0,,,,,,,
2026-06-11T15:52:21.891Z,REAL,MANUAL,0.0,0.0,0.0,0.0,0.0,237.536,37.139,104.177,-8172.727,M,sensor,0,,,,,,,
2026-06-11T15:52:21.991Z,REAL,MANUAL,0.0,0.0,0.0,0.0,0.0,237.448,37.139,104.177,-8172.727,M,sensor,0,,,,,,,
2026-06-11T15:52:22.091Z,REAL,MANUAL,0.0,0.0,0.0,0.0,0.0,237.649,37.139,104.177,-8172.727,M,sensor,0,,,,,,,
2026-06-11T15:52:22.191Z,REAL,MANUAL,0.0,0.0,0.0,0.0,0.0,237.588,37.139,104.177,-8172.727,M,sensor,0,,,,,,,
2026-06-11T15:52:22.291Z,REAL,MANUAL,0.0,0.0,0.0,0.0,0.0,237.616,36.824,104.177,-8172.727,M,sensor,0,,,,,,,
2026-06-11T15:52:22.391Z,REAL,MANUAL,0.0,0.0,0.0,0.0,0.0,237.702,36.824,104.177,-8172.727,M,sensor,0,,,,,,,
2026-06-11T15:52:22.491Z,REAL,MANUAL,0.0,0.0,0.0,0.0,0.0,237.577,36.824,104.177,-8172.727,M,sensor,0,,,,,,,
2026-06-11T15:52:22.591Z,REAL,MANUAL,0.0,0.0,0.0,0.0,0.0,237.496,37.139,103.863,-8172.727,M,sensor,0,,,,,,,
2026-06-11T15:52:22.691Z,REAL,MANUAL,0.0,0.0,0.0,0.0,0.0,237.736,37.139,104.177,-8172.727,M,sensor,0,,,,,,,
2026-06-11T15:52:22.791Z,REAL,MANUAL,0.0,0.0,0.0,0.0,0.0,237.637,37.139,104.177,-8172.727,M,sensor,0,,,,,,,
2026-06-11T15:52:22.891Z,REAL,MANUAL,0.0,0.0,0.0,0.0,0.0,237.799,37.139,104.177,-8172.727,M,sensor,0,,,,,,,
2026-06-11T15:52:22.991Z,REAL,MANUAL,0.0,0.0,0.0,0.0,0.0,237.519,37.139,104.177,-8172.727,M,sensor,0,,,,,,,
2026-06-11T15:52:23.091Z,REAL,MANUAL,0.0,0.0,0.0,0.0,0.0,237.513,37.139,104.177,-8172.727,M,sensor,0,,,,,,,
2026-06-11T15:52:23.191Z,REAL,MANUAL,0.0,0.0,0.0,0.0,0.0,237.535,37.139,103.863,-8172.727,M,sensor,0,,,,,,,
2026-06-11T15:52:23.291Z,REAL,MANUAL,0.0,0.0,0.0,0.0,0.0,237.647,37.139,103.863,-8172.727,M,sensor,0,,,,,,,
2026-06-11T15:52:23.391Z,REAL,MANUAL,0.0,0.0,0.0,0.0,0.0,237.695,37.139,103.863,-8172.727,M,sensor,0,,,,,,,
2026-06-11T15:52:23.491Z,REAL,MANUAL,0.0,0.0,0.0,0.0,0.0,237.533,37.139,103.863,-8172.727,M,sensor,0,,,,,,,
2026-06-11T15:52:23.591Z,REAL,MANUAL,0.0,0.0,0.0,0.0,0.0,237.728,37.139,103.863,-8172.727,M,sensor,0,,,,,,,
2026-06-11T15:52:23.691Z,REAL,MANUAL,0.0,0.0,0.0,0.0,0.0,237.448,37.139,103.863,-8172.727,M,sensor,0,,,,,,,
2026-06-11T15:52:23.791Z,REAL,MANUAL,0.0,0.0,0.0,0.0,0.0,237.61,37.139,103.863,-8172.727,M,sensor,0,,,,,,,
2026-06-11T15:52:23.891Z,REAL,MANUAL,0.0,0.0,0.0,0.0,0.0,237.733,37.139,103.863,-8172.727,M,sensor,0,,,,,,,
2026-06-11T15:52:23.991Z,REAL,MANUAL,0.0,0.0,0.0,0.0,0.0,237.477,37.139,103.863,-8172.727,M,sensor,0,,,,,,,
2026-06-11T15:52:24.091Z,REAL,MANUAL,0.0,0.0,0.0,0.0,0.0,237.54,37.139,103.863,-8172.727,M,sensor,0,,,,,,,
2026-06-11T15:52:24.191Z,REAL,MANUAL,0.0,0.0,0.0,0.0,0.0,237.854,37.139,103.863,-8172.727,M,sensor,0,,,,,,,
2026-06-11T15:52:24.291Z,REAL,MANUAL,0.0,0.0,0.0,0.0,0.0,237.703,37.139,103.863,-8172.727,M,sensor,0,,,,,,,
2026-06-11T15:52:24.391Z,REAL,MANUAL,0.0,0.0,0.0,0.0,0.0,237.48,37.139,103.863,-8172.727,M,sensor,0,,,,,,,
2026-06-11T15:52:24.491Z,REAL,MANUAL,0.0,0.0,0.0,0.0,0.0,237.562,37.139,103.863,-8172.727,M,sensor,0,,,,,,,
2026-06-11T15:52:24.591Z,REAL,MANUAL,0.0,0.0,0.0,0.0,0.0,237.776,37.139,103.863,-8172.727,M,sensor,0,,,,,,,
2026-06-11T15:52:24.691Z,REAL,MANUAL,0.0,0.0,0.0,0.0,0.0,237.468,37.139,103.863,-8172.727,M,sensor,0,,,,,,,
2026-06-11T15:52:24.791Z,REAL,MANUAL,0.0,0.0,0.0,0.0,0.0,237.412,36.824,103.863,-8172.727,M,sensor,0,,,,,,,
2026-06-11T15:52:24.891Z,REAL,MANUAL,0.0,0.0,0.0,0.0,0.0,237.51,37.139,103.863,-8172.727,M,sensor,0,,,,,,,
2026-06-11T15:52:24.991Z,REAL,MANUAL,0.0,0.0,0.0,0.0,0.0,237.353,37.139,103.863,-8172.727,M,sensor,0,,,,,,,
2026-06-11T15:52:25.091Z,REAL,MANUAL,0.0,0.0,0.0,0.0,0.0,237.612,37.139,103.863,-8172.727,M,sensor,0,,,,,,,
2026-06-11T15:52:25.191Z,REAL,MANUAL,0.0,0.0,0.0,0.0,0.0,237.472,37.139,103.863,-8172.727,M,sensor,0,,,,,,,
2026-06-11T15:52:25.291Z,REAL,MANUAL,0.0,0.0,0.0,0.0,0.0,237.701,37.139,103.863,-8172.727,M,sensor,0,,,,,,,
2026-06-11T15:52:25.392Z,REAL,MANUAL,0.0,0.0,0.0,0.0,0.0,237.432,37.139,103.863,-8172.727,M,sensor,0,,,,,,,
2026-06-11T15:52:25.496Z,REAL,MANUAL,0.0,0.0,0.0,0.0,0.0,237.719,37.139,103.863,-8172.727,M,sensor,0,,,,,,,
2026-06-11T15:52:25.591Z,REAL,MANUAL,0.0,0.0,0.0,0.0,0.0,237.931,37.139,103.863,-8172.727,M,sensor,0,,,,,,,
2026-06-11T15:52:25.691Z,REAL,MANUAL,0.0,0.0,0.0,0.0,0.0,238.02,37.139,103.863,-8172.727,M,sensor,0,,,,,,,
2026-06-11T15:52:25.791Z,REAL,MANUAL,0.0,0.0,0.0,0.0,0.0,237.671,37.139,103.863,-8172.727,M,sensor,0,,,,,,,
2026-06-11T15:52:25.891Z,REAL,MANUAL,0.0,0.0,0.0,0.0,0.0,237.722,37.139,103.863,-8172.727,M,sensor,0,,,,,,,
2026-06-11T15:52:25.991Z,REAL,MANUAL,0.0,0.0,0.0,0.0,0.0,237.59,37.139,103.863,-8172.727,M,sensor,0,,,,,,,
2026-06-11T15:52:26.091Z,REAL,MANUAL,0.0,0.0,0.0,0.0,0.0,237.682,37.139,103.863,-8172.727,M,sensor,0,,,,,,,
2026-06-11T15:52:26.191Z,REAL,MANUAL,0.0,0.0,0.0,0.0,0.0,237.793,37.139,103.863,-8172.727,M,sensor,0,,,,,,,
2026-06-11T15:52:26.291Z,REAL,MANUAL,0.0,0.0,0.0,0.0,0.0,237.703,37.139,103.863,-8172.727,M,sensor,0,,,,,,,
2026-06-11T15:52:26.391Z,REAL,MANUAL,0.0,0.0,0.0,0.0,0.0,237.769,36.824,103.863,-8172.727,M,sensor,0,,,,,,,
2026-06-11T15:52:26.491Z,REAL,MANUAL,0.0,0.0,0.0,0.0,0.0,237.774,36.824,103.863,-8172.727,M,sensor,0,,,,,,,
2026-06-11T15:52:26.591Z,REAL,MANUAL,0.0,0.0,0.0,0.0,0.0,237.516,36.824,103.863,-8172.727,M,sensor,0,,,,,,,
2026-06-11T15:52:26.691Z,REAL,MANUAL,0.0,0.0,0.0,0.0,0.0,237.64,36.824,103.863,-8172.727,M,sensor,0,,,,,,,
2026-06-11T15:52:26.791Z,REAL,MANUAL,0.0,0.0,0.0,0.0,0.0,237.672,36.824,103.863,-8172.727,M,sensor,0,,,,,,,
2026-06-11T15:52:26.891Z,REAL,MANUAL,0.0,0.0,0.0,0.0,0.0,237.643,37.139,103.863,-8172.727,M,sensor,0,,,,,,,
2026-06-11T15:52:26.991Z,REAL,MANUAL,0.0,0.0,0.0,0.0,0.0,237.606,37.139,103.863,-8172.727,M,sensor,0,,,,,,,
2026-06-11T15:52:27.091Z,REAL,MANUAL,0.0,0.0,0.0,0.0,0.0,237.557,37.139,103.863,-8172.727,M,sensor,0,,,,,,,
2026-06-11T15:52:27.191Z,REAL,MANUAL,0.0,0.0,0.0,0.0,0.0,237.485,37.139,103.863,-8172.727,M,sensor,0,,,,,,,
2026-06-11T15:52:27.291Z,REAL,MANUAL,0.0,0.0,0.0,0.0,0.0,237.56,37.139,103.863,-8172.727,M,sensor,0,,,,,,,
2026-06-11T15:52:27.391Z,REAL,MANUAL,0.0,0.0,0.0,0.0,0.0,237.384,37.139,103.863,-8172.727,M,sensor,0,,,,,,,
2026-06-11T15:52:27.491Z,REAL,MANUAL,0.0,0.0,0.0,0.0,0.0,237.616,37.139,103.863,-8172.727,M,sensor,0,,,,,,,
2026-06-11T15:52:27.591Z,REAL,MANUAL,0.0,0.0,0.0,0.0,0.0,237.673,37.139,103.863,-8172.727,M,sensor,0,,,,,,,
