timestamp_utc,Sim/Real Mode,Vehicle Mode,Latitude [deg],Longitude [deg],Altitude [m],Speed [m/s],Course [deg],Heading [deg],Roll [deg],Pitch [deg],Yaw [deg],Heading Status,Source,GNSS Fix Type (sys),Target Heading [deg],Cross-Track Error [m],Heading Error [deg],KP (chainage) [m],Motor Port [%],Motor Starboard [%],Distance to WP [m]
2026-06-11T15:40:37.644Z,,,,,,,,,,,,,,,,,,,,,
2026-06-11T15:40:37.741Z,REAL,MANUAL,,,,,,,,,,,,0,,,,,,,
2026-06-11T15:40:37.841Z,REAL,MANUAL,0.0,0.0,0.0,0.0,0.0,237.475,37.453,105.122,-8172.727,M,sensor,0,,,,,,,
2026-06-11T15:40:37.941Z,REAL,MANUAL,0.0,0.0,0.0,0.0,0.0,237.587,37.453,105.122,-8172.727,M,sensor,0,,,,,,,
2026-06-11T15:40:38.041Z,REAL,MANUAL,0.0,0.0,0.0,0.0,0.0,237.629,37.453,105.122,-8172.727,M,sensor,0,,,,,,,
2026-06-11T15:40:38.141Z,REAL,MANUAL,0.0,0.0,0.0,0.0,0.0,237.757,37.453,105.122,-8172.727,M,sensor,0,,,,,,,
2026-06-11T15:40:38.241Z,REAL,MANUAL,0.0,0.0,0.0,0.0,0.0,237.72,37.453,105.122,-8172.727,M,sensor,0,,,,,,,
2026-06-11T15:40:38.341Z,REAL,MANUAL,0.0,0.0,0.0,0.0,0.0,237.612,37.453,105.122,-8172.727,M,sensor,0,,,,,,,
2026-06-11T15:40:38.441Z,REAL,MANUAL,0.0,0.0,0.0,0.0,0.0,237.501,37.453,105.122,-8172.727,M,sensor,0,,,,,,,
2026-06-11T15:40:38.541Z,REAL,MANUAL,0.0,0.0,0.0,0.0,0.0,237.718,37.453,105.122,-8172.727,M,sensor,0,,,,,,,
2026-06-11T15:40:38.641Z,REAL,MANUAL,0.0,0.0,0.0,0.0,0.0,237.302,37.453,105.122,-8172.727,M,sensor,0,,,,,,,
2026-06-11T15:40:38.741Z,REAL,MANUAL,0.0,0.0,0.0,0.0,0.0,237.44,37.453,105.122,-8172.727,M,sensor,0,,,,,,,
2026-06-11T15:40:38.841Z,REAL,MANUAL,0.0,0.0,0.0,0.0,0.0,237.595,37.453,105.122,-8172.727,M,sensor,0,,,,,,,
2026-06-11T15:40:38.941Z,REAL,MANUAL,0.0,0.0,0.0,0.0,0.0,237.57,37.453,105.122,-8172.727,M,sensor,0,,,,,,,
2026-06-11T15:40:39.041Z,REAL,MANUAL,0.0,0.0,0.0,0.0,0.0,237.345,37.453,105.122,-8172.727,M,sensor,0,,,,,,,
2026-06-11T15:40:39.141Z,REAL,MANUAL,0.0,0.0,0.0,0.0,0.0,237.703,37.453,105.122,-8172.727,M,sensor,0,,,,,,,
2026-06-11T15:40:39.241Z,REAL,MANUAL,0.0,0.0,0.0,0.0,0.0,237.669,37.453,104.807,-8172.727,M,sensor,0,,,,,,,
2026-06-11T15:40:39.341Z,REAL,MANUAL,0.0,0.0,0.0,0.0,0.0,237.586,37.453,104.807,-8172.727,M,sensor,0,,,,,,,
2026-06-11T15:40:39.441Z,REAL,MANUAL,0.0,0.0,0.0,0.0,0.0,237.593,37.453,104.807,-8172.727,M,sensor,0,,,,,,,
2026-06-11T15:40:39.541Z,REAL,MANUAL,0.0,0.0,0.0,0.0,0.0,237.808,37.453,104.807,-8172.727,M,sensor,0,,,,,,,
2026-06-11T15:40:39.641Z,REAL,MANUAL,0.0,0.0,0.0,0.0,0.0,237.635,37.453,104.807,-8172.727,M,sensor,0,,,,,,,
2026-06-11T15:40:39.741Z,REAL,MANUAL,0.0,0.0,0.0,0.0,0.0,237.531,37.453,104.807,-8172.727,M,sensor,0,,,,,,,
2026-06-11T15:40:39.841Z,REAL,MANUAL,0.0,0.0,0.0,0.0,0.0,237.543,37.453,104.807,-8172.727,M,sensor,0,,,,,,,
2026-06-11T15:40:39.941Z,REAL,MANUAL,0.0,0.0,0.0,0.0,0.0,237.609,37.453,104.807,-8172.727,M,sensor,0,,,,,,,
2026-06-11T15:40:40.041Z,REAL,MANUAL,0.0,0.0,0.0,0.0,0.0,237.664,37.453,104.807,-8172.727,M,sensor,0,,,,,,,
2026-06-11T15:40:40.141Z,REAL,MANUAL,0.0,0.0,0.0,0.0,0.0,237.509,37.453,104.807,-8172.727,M,sensor,0,,,,,,,
2026-06-11T15:40:40.241Z,REAL,MANUAL,0.0,0.0,0.0,0.0,0.0,237.749,37.453,104.807,-8172.727,M,sensor,0,,,,,,,
2026-06-11T15:40:40.341Z,REAL,MANUAL,0.0,0.0,0.0,0.0,0.0,237.549,37.453,104.807,-8172.727,M,sensor,0,,,,,,,
2026-06-11T15:40:40.441Z,REAL,MANUAL,0.0,0.0,0.0,0.0,0.0,237.626,37.453,105.122,-8172.727,M,sensor,0,,,,,,,
2026-06-11T15:40:40.541Z,REAL,MANUAL,0.0,0.0,0.0,0.0,0.0,237.507,37.453,105.122,-8172.727,M,sensor,0,,,,,,,
2026-06-11T15:40:40.641Z,REAL,MANUAL,0.0,0.0,0.0,0.0,0.0,237.535,37.453,105.122,-8172.727,M,sensor,0,,,,,,,
2026-06-11T15:40:40.741Z,REAL,MANUAL,0.0,0.0,0.0,0.0,0.0,237.581,37.453,105.122,-8172.727,M,sensor,0,,,,,,,
2026-06-11T15:40:40.841Z,REAL,MANUAL,0.0,0.0,0.0,0.0,0.0,237.501,37.453,105.122,-8172.727,M,sensor,0,,,,,,,
2026-06-11T15:40:40.941Z,REAL,MANUAL,0.0,0.0,0.0,0.0,0.0,237.801,37.453,105.122,-8172.727,M,sensor,0,,,,,,,
2026-06-11T15:40:41.041Z,REAL,MANUAL,0.0,0.0,0.0,0.0,0.0,237.402,37.453,105.122,-8172.727,M,sensor,0,,,,,,,
2026-06-11T15:40:41.141Z,REAL,MANUAL,0.0,0.0,0.0,0.0,0.0,237.494,37.453,105.122,-8172.727,M,sensor,0,,,,,,,
2026-06-11T15:40:41.241Z,REAL,MANUAL,0.0,0.0,0.0,0.0,0.0,237.729,37.453,104.807,-8172.727,M,sensor,0,,,,,,,
2026-06-11T15:40:41.341Z,REAL,MANUAL,0.0,0.0,0.0,0.0,0.0,237.583,37.453,104.807,-8172.727,M,sensor,0,,,,,,,
2026-06-11T15:40:41.441Z,REAL,MANUAL,0.0,0.0,0.0,0.0,0.0,237.467,37.453,104.807,-8172.727,M,sensor,0,,,,,,,
2026-06-11T15:40:41.541Z,REAL,MANUAL,0.0,0.0,0.0,0.0,0.0,237.454,37.453,104.807,-8172.727,M,sensor,0,,,,,,,
2026-06-11T15:40:41.641Z,REAL,MANUAL,0.0,0.0,0.0,0.0,0.0,237.558,37.453,104.807,-8172.727,M,sensor,0,,,,,,,
2026-06-11T15:40:41.741Z,REAL,MANUAL,0.0,0.0,0.0,0.0,0.0,237.492,37.453,105.122,-8172.727,M,sensor,0,,,,,,,
2026-06-11T15:40:41.841Z,REAL,MANUAL,0.0,0.0,0.0,0.0,0.0,237.444,37.453,105.122,-8172.727,M,sensor,0,,,,,,,
2026-06-11T15:40:41.941Z,REAL,MANUAL,0.0,0.0,0.0,0.0,0.0,237.443,37.453,105.122,-8172.727,M,sensor,0,,,,,,,
2026-06-11T15:40:42.041Z,REAL,MANUAL,0.0,0.0,0.0,0.0,0.0,237.731,37.453,105.122,-8172.727,M,sensor,0,,,,,,,
2026-06-11T15:40:42.141Z,REAL,MANUAL,0.0,0.0,0.0,0.0,0.0,237.621,37.453,105.122,-8172.727,M,sensor,0,,,,,,,
2026-06-11T15:40:42.241Z,REAL,MANUAL,0.0,0.0,0.0,0.0,0.0,237.522,37.453,104.807,-8172.727,M,sensor,0,,,,,,,
2026-06-11T15:40:42.341Z,REAL,MANUAL,0.0,0.0,0.0,0.0,0.0,237.805,37.453,104.807,-8172.727,M,sensor,0,,,,,,,
2026-06-11T15:40:42.441Z,REAL,MANUAL,0.0,0.0,0.0,0.0,0.0,237.733,37.453,104.807,-8172.727,M,sensor,0,,,,,,,
2026-06-11T15:40:42.541Z,REAL,MANUAL,0.0,0.0,0.0,0.0,0.0,237.587,37.453,104.807,-8172.727,M,sensor,0,,,,,,,
2026-06-11T15:40:42.641Z,REAL,MANUAL,0.0,0.0,0.0,0.0,0.0,237.655,37.453,104.807,-8172.727,M,sensor,0,,,,,,,
2026-06-11T15:40:42.741Z,REAL,MANUAL,0.0,0.0,0.0,0.0,0.0,237.844,37.453,104.807,-8172.727,M,sensor,0,,,,,,,
2026-06-11T15:40:42.841Z,REAL,MANUAL,0.0,0.0,0.0,0.0,0.0,237.751,37.453,104.807,-8172.727,M,sensor,0,,,,,,,
2026-06-11T15:40:42.941Z,REAL,MANUAL,0.0,0.0,0.0,0.0,0.0,237.632,37.453,104.807,-8172.727,M,sensor,0,,,,,,,
2026-06-11T15:40:43.041Z,REAL,MANUAL,0.0,0.0,0.0,0.0,0.0,237.543,37.453,104.807,-8172.727,M,sensor,0,,,,,,,
2026-06-11T15:40:43.141Z,REAL,MANUAL,0.0,0.0,0.0,0.0,0.0,237.814,37.453,104.807,-8172.727,M,sensor,0,,,,,,,
2026-06-11T15:40:43.241Z,REAL,MANUAL,0.0,0.0,0.0,0.0,0.0,237.727,37.453,104.807,-8172.727,M,sensor,0,,,,,,,
2026-06-11T15:40:43.341Z,REAL,MANUAL,0.0,0.0,0.0,0.0,0.0,237.363,37.453,104.807,-8172.727,M,sensor,0,,,,,,,
2026-06-11T15:40:43.441Z,REAL,MANUAL,0.0,0.0,0.0,0.0,0.0,237.673,37.453,104.807,-8172.727,M,sensor,0,,,,,,,
2026-06-11T15:40:43.541Z,REAL,MANUAL,0.0,0.0,0.0,0.0,0.0,237.834,37.453,104.807,-8172.727,M,sensor,0,,,,,,,
2026-06-11T15:40:43.641Z,REAL,MANUAL,0.0,0.0,0.0,0.0,0.0,237.804,37.453,104.807,-8172.727,M,sensor,0,,,,,,,
2026-06-11T15:40:43.741Z,REAL,MANUAL,0.0,0.0,0.0,0.0,0.0,237.437,37.453,104.807,-8172.727,M,sensor,0,,,,,,,
2026-06-11T15:40:43.841Z,REAL,MANUAL,0.0,0.0,0.0,0.0,0.0,237.722,37.453,104.807,-8172.727,M,sensor,0,,,,,,,
2026-06-11T15:40:43.941Z,REAL,MANUAL,0.0,0.0,0.0,0.0,0.0,237.784,37.453,104.807,-8172.727,M,sensor,0,,,,,,,
2026-06-11T15:40:44.041Z,REAL,MANUAL,0.0,0.0,0.0,0.0,0.0,237.539,37.453,104.807,-8172.727,M,sensor,0,,,,,,,
2026-06-11T15:40:44.141Z,REAL,MANUAL,0.0,0.0,0.0,0.0,0.0,237.371,37.453,104.807,-8172.727,M,sensor,0,,,,,,,
2026-06-11T15:40:44.241Z,REAL,MANUAL,0.0,0.0,0.0,0.0,0.0,237.649,37.768,104.807,-8172.727,M,sensor,0,,,,,,,
2026-06-11T15:40:44.341Z,REAL,MANUAL,0.0,0.0,0.0,0.0,0.0,237.674,37.768,104.807,-8172.727,M,sensor,0,,,,,,,
2026-06-11T15:40:44.441Z,REAL,MANUAL,0.0,0.0,0.0,0.0,0.0,237.669,37.768,104.807,-8172.727,M,sensor,0,,,,,,,
2026-06-11T15:40:44.541Z,REAL,MANUAL,0.0,0.0,0.0,0.0,0.0,237.714,37.768,104.807,-8172.727,M,sensor,0,,,,,,,
2026-06-11T15:40:44.641Z,REAL,MANUAL,0.0,0.0,0.0,0.0,0.0,237.455,37.768,104.807,-8172.727,M,sensor,0,,,,,,,
2026-06-11T15:40:44.741Z,REAL,MANUAL,0.0,0.0,0.0,0.0,0.0,237.565,37.768,104.807,-8172.727,M,sensor,0,,,,,,,
2026-06-11T15:40:44.841Z,REAL,MANUAL,0.0,0.0,0.0,0.0,0.0,237.524,37.768,104.807,-8172.727,M,sensor,0,,,,,,,
2026-06-11T15:40:44.941Z,REAL,MANUAL,0.0,0.0,0.0,0.0,0.0,237.541,37.453,104.807,-8172.727,M,sensor,0,,,,,,,
2026-06-11T15:40:45.041Z,REAL,MANUAL,0.0,0.0,0.0,0.0,0.0,237.629,37.453,104.807,-8172.727,M,sensor,0,,,,,,,
2026-06-11T15:40:45.141Z,REAL,MANUAL,0.0,0.0,0.0,0.0,0.0,237.756,37.453,104.807,-8172.727,M,sensor,0,,,,,,,
2026-06-11T15:40:45.241Z,REAL,MANUAL,0.0,0.0,0.0,0.0,0.0,237.645,37.453,104.807,-8172.727,M,sensor,0,,,,,,,
2026-06-11T15:40:45.341Z,REAL,MANUAL,0.0,0.0,0.0,0.0,0.0,237.808,37.453,104.807,-8172.727,M,sensor,0,,,,,,,
2026-06-11T15:40:45.441Z,REAL,MANUAL,0.0,0.0,0.0,0.0,0.0,237.631,37.453,104.807,-8172.727,M,sensor,0,,,,,,,
2026-06-11T15:40:45.541Z,REAL,MANUAL,0.0,0.0,0.0,0.0,0.0,237.437,37.453,104.807,-8172.727,M,sensor,0,,,,,,,
2026-06-11T15:40:45.641Z,REAL,MANUAL,0.0,0.0,0.0,0.0,0.0,237.534,37.453,104.807,-8172.727,M,sensor,0,,,,,,,
2026-06-11T15:40:45.741Z,REAL,MANUAL,0.0,0.0,0.0,0.0,0.0,237.598,37.453,104.807,-8172.727,M,sensor,0,,,,,,,
2026-06-11T15:40:45.841Z,REAL,MANUAL,0.0,0.0,0.0,0.0,0.0,237.526,37.453,105.122,-8172.727,M,sensor,0,,,,,,,
2026-06-11T15:40:45.941Z,REAL,MANUAL,0.0,0.0,0.0,0.0,0.0,237.68,37.768,105.122,-8172.727,M,sensor,0,,,,,,,
2026-06-11T15:40:46.041Z,REAL,MANUAL,0.0,0.0,0.0,0.0,0.0,237.692,37.768,105.122,-8172.727,M,sensor,0,,,,,,,
2026-06-11T15:40:46.141Z,REAL,MANUAL,0.0,0.0,0.0,0.0,0.0,237.546,37.768,105.122,-8172.727,M,sensor,0,,,,,,,
2026-06-11T15:40:46.241Z,REAL,MANUAL,0.0,0.0,0.0,0.0,0.0,237.811,37.768,105.122,-8172.727,M,sensor,0,,,,,,,
2026-06-11T15:40:46.341Z,REAL,MANUAL,0.0,0.0,0.0,0.0,0.0,237.721,37.768,105.122,-8172.727,M,sensor,0,,,,,,,
2026-06-11T15:40:46.441Z,REAL,MANUAL,0.0,0.0,0.0,0.0,0.0,237.685,37.768,105.122,-8172.727,M,sensor,0,,,,,,,
2026-06-11T15:40:46.541Z,REAL,MANUAL,0.0,0.0,0.0,0.0,0.0,237.662,37.768,105.122,-8172.727,M,sensor,0,,,,,,,
2026-06-11T15:40:46.641Z,REAL,MANUAL,0.0,0.0,0.0,0.0,0.0,237.612,37.768,105.122,-8172.727,M,sensor,0,,,,,,,
2026-06-11T15:40:46.741Z,REAL,MANUAL,0.0,0.0,0.0,0.0,0.0,237.568,37.768,105.122,-8172.727,M,sensor,0,,,,,,,
2026-06-11T15:40:46.841Z,REAL,MANUAL,0.0,0.0,0.0,0.0,0.0,237.667,37.768,105.122,-8172.727,M,sensor,0,,,,,,,
2026-06-11T15:40:46.941Z,REAL,MANUAL,0.0,0.0,0.0,0.0,0.0,237.592,37.768,105.122,-8172.727,M,sensor,0,,,,,,,
2026-06-11T15:40:47.041Z,REAL,MANUAL,0.0,0.0,0.0,0.0,0.0,237.506,37.768,105.122,-8172.727,M,sensor,0,,,,,,,
2026-06-11T15:40:47.141Z,REAL,MANUAL,0.0,0.0,0.0,0.0,0.0,237.605,37.768,105.122,-8172.727,M,sensor,0,,,,,,,
2026-06-11T15:40:47.241Z,REAL,MANUAL,0.0,0.0,0.0,0.0,0.0,237.649,37.768,105.122,-8172.727,M,sensor,0,,,,,,,
2026-06-11T15:40:47.341Z,REAL,MANUAL,0.0,0.0,0.0,0.0,0.0,237.636,37.768,105.122,-8172.727,M,sensor,0,,,,,,,
2026-06-11T15:40:47.441Z,REAL,MANUAL,0.0,0.0,0.0,0.0,0.0,237.58,37.768,105.122,-8172.727,M,sensor,0,,,,,,,
2026-06-11T15:40:47.541Z,REAL,MANUAL,0.0,0.0,0.0,0.0,0.0,237.442,37.768,105.122,-8172.727,M,sensor,0,,,,,,,
2026-06-11T15:40:47.641Z,REAL,MANUAL,0.0,0.0,0.0,0.0,0.0,237.547,37.768,105.122,-8172.727,M,sensor,0,,,,,,,
2026-06-11T15:40:47.741Z,REAL,MANUAL,0.0,0.0,0.0,0.0,0.0,237.5,37.768,105.122,-8172.727,M,sensor,0,,,,,,,
2026-06-11T15:40:47.841Z,REAL,MANUAL,0.0,0.0,0.0,0.0,0.0,237.339,37.768,105.122,-8172.727,M,sensor,0,,,,,,,
2026-06-11T15:40:47.941Z,REAL,MANUAL,0.0,0.0,0.0,0.0,0.0,237.495,37.768,104.807,-8172.727,M,sensor,0,,,,,,,
2026-06-11T15:40:48.041Z,REAL,MANUAL,0.0,0.0,0.0,0.0,0.0,237.596,37.768,104.807,-8172.727,M,sensor,0,,,,,,,
2026-06-11T15:40:48.141Z,REAL,MANUAL,0.0,0.0,0.0,0.0,0.0,237.382,37.768,104.807,-8172.727,M,sensor,0,,,,,,,
2026-06-11T15:40:48.241Z,REAL,MANUAL,0.0,0.0,0.0,0.0,0.0,237.458,37.768,104.807,-8172.727,M,sensor,0,,,,,,,
2026-06-11T15:40:48.341Z,REAL,MANUAL,0.0,0.0,0.0,0.0,0.0,237.674,37.768,104.807,-8172.727,M,sensor,0,,,,,,,
2026-06-11T15:40:48.441Z,REAL,MANUAL,0.0,0.0,0.0,0.0,0.0,237.651,37.768,104.807,-8172.727,M,sensor,0,,,,,,,
2026-06-11T15:40:48.541Z,REAL,MANUAL,0.0,0.0,0.0,0.0,0.0,237.551,37.768,104.807,-8172.727,M,sensor,0,,,,,,,
2026-06-11T15:40:48.641Z,REAL,MANUAL,0.0,0.0,0.0,0.0,0.0,237.545,37.768,104.807,-8172.727,M,sensor,0,,,,,,,
2026-06-11T15:40:48.741Z,REAL,MANUAL,0.0,0.0,0.0,0.0,0.0,237.499,37.768,105.122,-8172.727,M,sensor,0,,,,,,,
2026-06-11T15:40:48.841Z,REAL,MANUAL,0.0,0.0,0.0,0.0,0.0,237.711,37.768,105.122,-8172.727,M,sensor,0,,,,,,,
2026-06-11T15:40:48.941Z,REAL,MANUAL,0.0,0.0,0.0,0.0,0.0,237.628,37.453,105.122,-8172.727,M,sensor,0,,,,,,,
2026-06-11T15:40:49.041Z,REAL,MANUAL,0.0,0.0,0.0,0.0,0.0,237.806,37.453,105.122,-8172.727,M,sensor,0,,,,,,,
2026-06-11T15:40:49.141Z,REAL,MANUAL,0.0,0.0,0.0,0.0,0.0,237.432,37.453,104.807,-8172.727,M,sensor,0,,,,,,,
2026-06-11T15:40:49.241Z,REAL,MANUAL,0.0,0.0,0.0,0.0,0.0,237.632,37.453,104.807,-8172.727,M,sensor,0,,,,,,,
2026-06-11T15:40:49.341Z,REAL,MANUAL,0.0,0.0,0.0,0.0,0.0,237.551,37.453,104.807,-8172.727,M,sensor,0,,,,,,,
2026-06-11T15:40:49.441Z,REAL,MANUAL,0.0,0.0,0.0,0.0,0.0,237.501,37.453,104.807,-8172.727,M,sensor,0,,,,,,,
2026-06-11T15:40:49.541Z,REAL,MANUAL,0.0,0.0,0.0,0.0,0.0,237.486,37.453,104.807,-8172.727,M,sensor,0,,,,,,,
2026-06-11T15:40:49.641Z,REAL,MANUAL,0.0,0.0,0.0,0.0,0.0,237.496,37.768,104.807,-8172.727,M,sensor,0,,,,,,,
2026-06-11T15:40:49.741Z,REAL,MANUAL,0.0,0.0,0.0,0.0,0.0,237.414,37.453,104.807,-8172.727,M,sensor,0,,,,,,,
2026-06-11T15:40:49.841Z,REAL,MANUAL,0.0,0.0,0.0,0.0,0.0,237.685,37.453,104.807,-8172.727,M,sensor,0,,,,,,,
2026-06-11T15:40:49.941Z,REAL,MANUAL,0.0,0.0,0.0,0.0,0.0,237.559,37.768,104.807,-8172.727,M,sensor,0,,,,,,,
2026-06-11T15:40:50.041Z,REAL,MANUAL,0.0,0.0,0.0,0.0,0.0,237.529,37.768,104.807,-8172.727,M,sensor,0,,,,,,,
2026-06-11T15:40:50.141Z,REAL,MANUAL,0.0,0.0,0.0,0.0,0.0,237.469,37.768,104.807,-8172.727,M,sensor,0,,,,,,,
2026-06-11T15:40:50.241Z,REAL,MANUAL,0.0,0.0,0.0,0.0,0.0,237.498,37.768,104.807,-8172.727,M,sensor,0,,,,,,,
2026-06-11T15:40:50.341Z,REAL,MANUAL,0.0,0.0,0.0,0.0,0.0,237.738,37.768,104.807,-8172.727,M,sensor,0,,,,,,,
2026-06-11T15:40:50.441Z,REAL,MANUAL,0.0,0.0,0.0,0.0,0.0,237.661,37.768,104.807,-8172.727,M,sensor,0,,,,,,,
2026-06-11T15:40:50.541Z,REAL,MANUAL,0.0,0.0,0.0,0.0,0.0,237.551,37.768,104.807,-8172.727,M,sensor,0,,,,,,,
2026-06-11T15:40:50.641Z,REAL,MANUAL,0.0,0.0,0.0,0.0,0.0,237.683,37.768,104.807,-8172.727,M,sensor,0,,,,,,,
2026-06-11T15:40:50.741Z,REAL,MANUAL,0.0,0.0,0.0,0.0,0.0,237.408,37.768,104.807,-8172.727,M,sensor,0,,,,,,,
2026-06-11T15:40:50.841Z,REAL,MANUAL,0.0,0.0,0.0,0.0,0.0,237.483,37.768,104.807,-8172.727,M,sensor,0,,,,,,,
2026-06-11T15:40:50.941Z,REAL,MANUAL,0.0,0.0,0.0,0.0,0.0,237.404,37.768,104.807,-8172.727,M,sensor,0,,,,,,,
2026-06-11T15:40:51.041Z,REAL,MANUAL,0.0,0.0,0.0,0.0,0.0,237.622,37.768,105.122,-8172.727,M,sensor,0,,,,,,,
2026-06-11T15:40:51.141Z,REAL,MANUAL,0.0,0.0,0.0,0.0,0.0,237.513,37.768,105.122,-8172.727,M,sensor,0,,,,,,,
2026-06-11T15:40:51.241Z,REAL,MANUAL,0.0,0.0,0.0,0.0,0.0,237.609,37.768,105.122,-8172.727,M,sensor,0,,,,,,,
2026-06-11T15:40:51.341Z,REAL,MANUAL,0.0,0.0,0.0,0.0,0.0,237.547,37.768,105.122,-8172.727,M,sensor,0,,,,,,,
2026-06-11T15:40:51.441Z,REAL,MANUAL,0.0,0.0,0.0,0.0,0.0,237.548,37.768,105.122,-8172.727,M,sensor,0,,,,,,,
2026-06-11T15:40:51.541Z,REAL,MANUAL,0.0,0.0,0.0,0.0,0.0,237.293,37.453,105.122,-8172.727,M,sensor,0,,,,,,,
2026-06-11T15:40:51.641Z,REAL,MANUAL,0.0,0.0,0.0,0.0,0.0,237.792,37.453,105.122,-8172.727,M,sensor,0,,,,,,,
2026-06-11T15:40:51.741Z,REAL,MANUAL,0.0,0.0,0.0,0.0,0.0,237.609,37.453,104.807,-8172.727,M,sensor,0,,,,,,,
2026-06-11T15:40:51.841Z,REAL,MANUAL,0.0,0.0,0.0,0.0,0.0,237.389,37.453,104.807,-8172.727,M,sensor,0,,,,,,,
2026-06-11T15:40:51.941Z,REAL,MANUAL,0.0,0.0,0.0,0.0,0.0,237.495,37.453,104.807,-8172.727,M,sensor,0,,,,,,,
2026-06-11T15:40:52.041Z,REAL,MANUAL,0.0,0.0,0.0,0.0,0.0,237.47,37.453,104.807,-8172.727,M,sensor,0,,,,,,,
2026-06-11T15:40:52.141Z,REAL,MANUAL,0.0,0.0,0.0,0.0,0.0,237.664,37.453,104.807,-8172.727,M,sensor,0,,,,,,,
2026-06-11T15:40:52.241Z,REAL,MANUAL,0.0,0.0,0.0,0.0,0.0,237.611,37.453,104.807,-8172.727,M,sensor,0,,,,,,,
2026-06-11T15:40:52.341Z,REAL,MANUAL,0.0,0.0,0.0,0.0,0.0,237.651,37.768,104.807,-8172.727,M,sensor,0,,,,,,,
2026-06-11T15:40:52.441Z,REAL,MANUAL,0.0,0.0,0.0,0.0,0.0,237.728,37.453,104.807,-8172.727,M,sensor,0,,,,,,,
2026-06-11T15:40:52.541Z,REAL,MANUAL,0.0,0.0,0.0,0.0,0.0,237.598,37.453,104.807,-8172.727,M,sensor,0,,,,,,,
2026-06-11T15:40:52.641Z,REAL,MANUAL,0.0,0.0,0.0,0.0,0.0,237.427,37.453,104.807,-8172.727,M,sensor,0,,,,,,,
2026-06-11T15:40:52.741Z,REAL,MANUAL,0.0,0.0,0.0,0.0,0.0,237.412,37.453,104.807,-8172.727,M,sensor,0,,,,,,,
2026-06-11T15:40:52.841Z,REAL,MANUAL,0.0,0.0,0.0,0.0,0.0,237.46,37.453,104.807,-8172.727,M,sensor,0,,,,,,,
2026-06-11T15:40:52.941Z,REAL,MANUAL,0.0,0.0,0.0,0.0,0.0,237.715,37.453,104.807,-8172.727,M,sensor,0,,,,,,,
2026-06-11T15:40:53.041Z,REAL,MANUAL,0.0,0.0,0.0,0.0,0.0,237.621,37.453,104.807,-8172.727,M,sensor,0,,,,,,,
2026-06-11T15:40:53.141Z,REAL,MANUAL,0.0,0.0,0.0,0.0,0.0,237.64,37.453,104.807,-8172.727,M,sensor,0,,,,,,,
2026-06-11T15:40:53.241Z,REAL,MANUAL,0.0,0.0,0.0,0.0,0.0,237.631,37.453,104.807,-8172.727,M,sensor,0,,,,,,,
2026-06-11T15:40:53.341Z,REAL,MANUAL,0.0,0.0,0.0,0.0,0.0,237.583,37.453,104.807,-8172.727,M,sensor,0,,,,,,,
2026-06-11T15:40:53.441Z,REAL,MANUAL,0.0,0.0,0.0,0.0,0.0,237.534,37.453,104.807,-8172.727,M,sensor,0,,,,,,,
2026-06-11T15:40:53.541Z,REAL,MANUAL,0.0,0.0,0.0,0.0,0.0,237.69,37.453,104.807,-8172.727,M,sensor,0,,,,,,,
2026-06-11T15:40:53.641Z,REAL,MANUAL,0.0,0.0,0.0,0.0,0.0,237.624,37.768,104.807,-8172.727,M,sensor,0,,,,,,,
2026-06-11T15:40:53.741Z,REAL,MANUAL,0.0,0.0,0.0,0.0,0.0,237.463,37.768,104.807,-8172.727,M,sensor,0,,,,,,,
2026-06-11T15:40:53.841Z,REAL,MANUAL,0.0,0.0,0.0,0.0,0.0,237.508,37.768,104.807,-8172.727,M,sensor,0,,,,,,,
2026-06-11T15:40:53.941Z,REAL,MANUAL,0.0,0.0,0.0,0.0,0.0,237.549,37.768,104.807,-8172.727,M,sensor,0,,,,,,,
2026-06-11T15:40:54.041Z,REAL,MANUAL,0.0,0.0,0.0,0.0,0.0,237.49,37.768,104.807,-8172.727,M,sensor,0,,,,,,,
2026-06-11T15:40:54.141Z,REAL,MANUAL,0.0,0.0,0.0,0.0,0.0,237.637,37.768,104.807,-8172.727,M,sensor,0,,,,,,,
2026-06-11T15:40:54.241Z,REAL,MANUAL,0.0,0.0,0.0,0.0,0.0,237.566,37.768,104.807,-8172.727,M,sensor,0,,,,,,,
2026-06-11T15:40:54.341Z,REAL,MANUAL,0.0,0.0,0.0,0.0,0.0,237.632,37.768,104.807,-8172.727,M,sensor,0,,,,,,,
2026-06-11T15:40:54.441Z,REAL,MANUAL,0.0,0.0,0.0,0.0,0.0,237.597,37.768,104.807,-8172.727,M,sensor,0,,,,,,,
2026-06-11T15:40:54.541Z,REAL,MANUAL,0.0,0.0,0.0,0.0,0.0,237.541,37.768,104.807,-8172.727,M,sensor,0,,,,,,,
2026-06-11T15:40:54.641Z,REAL,MANUAL,0.0,0.0,0.0,0.0,0.0,237.495,37.768,104.492,-8172.727,M,sensor,0,,,,,,,
2026-06-11T15:40:54.741Z,REAL,MANUAL,0.0,0.0,0.0,0.0,0.0,237.59,37.768,104.492,-8172.727,M,sensor,0,,,,,,,
2026-06-11T15:40:54.841Z,REAL,MANUAL,0.0,0.0,0.0,0.0,0.0,237.693,37.768,104.492,-8172.727,M,sensor,0,,,,,,,
2026-06-11T15:40:54.941Z,REAL,MANUAL,0.0,0.0,0.0,0.0,0.0,237.681,37.768,104.492,-8172.727,M,sensor,0,,,,,,,
2026-06-11T15:40:55.041Z,REAL,MANUAL,0.0,0.0,0.0,0.0,0.0,237.562,37.768,104.492,-8172.727,M,sensor,0,,,,,,,
2026-06-11T15:40:55.141Z,REAL,MANUAL,0.0,0.0,0.0,0.0,0.0,237.797,37.768,104.492,-8172.727,M,sensor,0,,,,,,,
2026-06-11T15:40:55.241Z,REAL,MANUAL,0.0,0.0,0.0,0.0,0.0,237.692,37.768,104.492,-8172.727,M,sensor,0,,,,,,,
2026-06-11T15:40:55.342Z,REAL,MANUAL,0.0,0.0,0.0,0.0,0.0,237.737,37.768,104.492,-8172.727,M,sensor,0,,,,,,,
2026-06-11T15:40:55.441Z,REAL,MANUAL,0.0,0.0,0.0,0.0,0.0,237.34,37.768,104.492,-8172.727,M,sensor,0,,,,,,,
2026-06-11T15:40:55.541Z,REAL,MANUAL,0.0,0.0,0.0,0.0,0.0,237.462,37.768,104.492,-8172.727,M,sensor,0,,,,,,,
2026-06-11T15:40:55.641Z,REAL,MANUAL,0.0,0.0,0.0,0.0,0.0,237.664,37.768,104.492,-8172.727,M,sensor,0,,,,,,,
2026-06-11T15:40:55.741Z,REAL,MANUAL,0.0,0.0,0.0,0.0,0.0,237.658,37.768,104.492,-8172.727,M,sensor,0,,,,,,,
2026-06-11T15:40:55.841Z,REAL,MANUAL,0.0,0.0,0.0,0.0,0.0,237.707,37.768,104.492,-8172.727,M,sensor,0,,,,,,,
2026-06-11T15:40:55.941Z,REAL,MANUAL,0.0,0.0,0.0,0.0,0.0,237.313,37.768,104.492,-8172.727,M,sensor,0,,,,,,,
2026-06-11T15:40:56.041Z,REAL,MANUAL,0.0,0.0,0.0,0.0,0.0,237.487,37.768,104.492,-8172.727,M,sensor,0,,,,,,,
2026-06-11T15:40:56.141Z,REAL,MANUAL,0.0,0.0,0.0,0.0,0.0,237.496,37.768,104.492,-8172.727,M,sensor,0,,,,,,,
2026-06-11T15:40:56.241Z,REAL,MANUAL,0.0,0.0,0.0,0.0,0.0,237.574,37.768,104.492,-8172.727,M,sensor,0,,,,,,,
2026-06-11T15:40:56.341Z,REAL,MANUAL,0.0,0.0,0.0,0.0,0.0,237.655,37.768,104.492,-8172.727,M,sensor,0,,,,,,,
2026-06-11T15:40:56.441Z,REAL,MANUAL,0.0,0.0,0.0,0.0,0.0,237.324,37.768,104.492,-8172.727,M,sensor,0,,,,,,,
2026-06-11T15:40:56.541Z,REAL,MANUAL,0.0,0.0,0.0,0.0,0.0,237.56,37.768,104.492,-8172.727,M,sensor,0,,,,,,,
2026-06-11T15:40:56.641Z,REAL,MANUAL,0.0,0.0,0.0,0.0,0.0,237.695,37.768,104.492,-8172.727,M,sensor,0,,,,,,,
2026-06-11T15:40:56.741Z,REAL,MANUAL,0.0,0.0,0.0,0.0,0.0,237.524,37.768,104.492,-8172.727,M,sensor,0,,,,,,,
2026-06-11T15:40:56.841Z,REAL,MANUAL,0.0,0.0,0.0,0.0,0.0,237.488,37.768,104.492,-8172.727,M,sensor,0,,,,,,,
2026-06-11T15:40:56.941Z,REAL,MANUAL,0.0,0.0,0.0,0.0,0.0,237.439,37.768,104.492,-8172.727,M,sensor,0,,,,,,,
2026-06-11T15:40:57.041Z,REAL,MANUAL,0.0,0.0,0.0,0.0,0.0,237.444,37.768,104.492,-8172.727,M,sensor,0,,,,,,,
2026-06-11T15:40:57.141Z,REAL,MANUAL,0.0,0.0,0.0,0.0,0.0,237.562,37.453,104.492,-8172.727,M,sensor,0,,,,,,,
2026-06-11T15:40:57.241Z,REAL,MANUAL,0.0,0.0,0.0,0.0,0.0,237.714,37.768,104.492,-8172.727,M,sensor,0,,,,,,,
2026-06-11T15:40:57.341Z,REAL,MANUAL,0.0,0.0,0.0,0.0,0.0,237.59,37.453,104.492,-8172.727,M,sensor,0,,,,,,,
2026-06-11T15:40:57.441Z,REAL,MANUAL,0.0,0.0,0.0,0.0,0.0,237.566,37.453,104.492,-8172.727,M,sensor,0,,,,,,,
2026-06-11T15:40:57.541Z,REAL,MANUAL,0.0,0.0,0.0,0.0,0.0,237.598,37.453,104.492,-8172.727,M,sensor,0,,,,,,,
2026-06-11T15:40:57.641Z,REAL,MANUAL,0.0,0.0,0.0,0.0,0.0,237.517,37.453,104.492,-8172.727,M,sensor,0,,,,,,,
2026-06-11T15:40:57.741Z,REAL,MANUAL,0.0,0.0,0.0,0.0,0.0,237.651,37.453,104.492,-8172.727,M,sensor,0,,,,,,,
2026-06-11T15:40:57.841Z,REAL,MANUAL,0.0,0.0,0.0,0.0,0.0,237.564,37.453,104.492,-8172.727,M,sensor,0,,,,,,,
2026-06-11T15:40:57.941Z,REAL,MANUAL,0.0,0.0,0.0,0.0,0.0,237.306,37.453,104.492,-8172.727,M,sensor,0,,,,,,,
2026-06-11T15:40:58.041Z,REAL,MANUAL,0.0,0.0,0.0,0.0,0.0,237.448,37.453,104.492,-8172.727,M,sensor,0,,,,,,,
2026-06-11T15:40:58.141Z,REAL,MANUAL,0.0,0.0,0.0,0.0,0.0,237.649,37.453,104.492,-8172.727,M,sensor,0,,,,,,,
2026-06-11T15:40:58.241Z,REAL,MANUAL,0.0,0.0,0.0,0.0,0.0,237.734,37.453,104.492,-8172.727,M,sensor,0,,,,,,,
2026-06-11T15:40:58.341Z,REAL,MANUAL,0.0,0.0,0.0,0.0,0.0,237.6,37.453,104.492,-8172.727,M,sensor,0,,,,,,,
2026-06-11T15:40:58.441Z,REAL,MANUAL,0.0,0.0,0.0,0.0,0.0,237.624,37.453,104.492,-8172.727,M,sensor,0,,,,,,,
2026-06-11T15:40:58.541Z,REAL,MANUAL,0.0,0.0,0.0,0.0,0.0,237.647,37.453,104.492,-8172.727,M,sensor,0,,,,,,,
2026-06-11T15:40:58.641Z,REAL,MANUAL,0.0,0.0,0.0,0.0,0.0,237.402,37.453,104.492,-8172.727,M,sensor,0,,,,,,,
2026-06-11T15:40:58.741Z,REAL,MANUAL,0.0,0.0,0.0,0.0,0.0,237.58,37.453,104.492,-8172.727,M,sensor,0,,,,,,,
2026-06-11T15:40:58.841Z,REAL,MANUAL,0.0,0.0,0.0,0.0,0.0,237.644,37.453,104.807,-8172.727,M,sensor,0,,,,,,,
2026-06-11T15:40:58.941Z,REAL,MANUAL,0.0,0.0,0.0,0.0,0.0,237.612,37.453,104.807,-8172.727,M,sensor,0,,,,,,,
2026-06-11T15:40:59.041Z,REAL,MANUAL,0.0,0.0,0.0,0.0,0.0,237.58,37.453,104.807,-8172.727,M,sensor,0,,,,,,,
2026-06-11T15:40:59.141Z,REAL,MANUAL,0.0,0.0,0.0,0.0,0.0,237.649,37.453,104.807,-8172.727,M,sensor,0,,,,,,,
2026-06-11T15:40:59.241Z,REAL,MANUAL,0.0,0.0,0.0,0.0,0.0,237.629,37.453,104.807,-8172.727,M,sensor,0,,,,,,,
2026-06-11T15:40:59.341Z,REAL,MANUAL,0.0,0.0,0.0,0.0,0.0,237.617,37.453,104.807,-8172.727,M,sensor,0,,,,,,,
2026-06-11T15:40:59.441Z,REAL,MANUAL,0.0,0.0,0.0,0.0,0.0,237.41,37.453,104.807,-8172.727,M,sensor,0,,,,,,,
2026-06-11T15:40:59.541Z,REAL,MANUAL,0.0,0.0,0.0,0.0,0.0,237.415,37.453,104.807,-8172.727,M,sensor,0,,,,,,,
2026-06-11T15:40:59.641Z,REAL,MANUAL,0.0,0.0,0.0,0.0,0.0,237.519,37.453,104.807,-8172.727,M,sensor,0,,,,,,,
2026-06-11T15:40:59.741Z,REAL,MANUAL,0.0,0.0,0.0,0.0,0.0,237.575,37.453,104.807,-8172.727,M,sensor,0,,,,,,,
2026-06-11T15:40:59.841Z,REAL,MANUAL,0.0,0.0,0.0,0.0,0.0,237.535,37.453,105.122,-8172.727,M,sensor,0,,,,,,,
2026-06-11T15:40:59.941Z,REAL,MANUAL,0.0,0.0,0.0,0.0,0.0,237.575,37.453,105.122,-8172.727,M,sensor,0,,,,,,,
2026-06-11T15:41:00.041Z,REAL,MANUAL,0.0,0.0,0.0,0.0,0.0,237.53,37.453,105.122,-8172.727,M,sensor,0,,,,,,,
2026-06-11T15:41:00.141Z,REAL,MANUAL,0.0,0.0,0.0,0.0,0.0,237.766,37.453,105.122,-8172.727,M,sensor,0,,,,,,,
2026-06-11T15:41:00.241Z,REAL,MANUAL,0.0,0.0,0.0,0.0,0.0,237.696,37.453,105.122,-8172.727,M,sensor,0,,,,,,,
2026-06-11T15:41:00.341Z,REAL,MANUAL,0.0,0.0,0.0,0.0,0.0,237.461,37.453,105.122,-8172.727,M,sensor,0,,,,,,,
2026-06-11T15:41:00.441Z,REAL,MANUAL,0.0,0.0,0.0,0.0,0.0,237.468,37.453,105.122,-8172.727,M,sensor,0,,,,,,,
2026-06-11T15:41:00.541Z,REAL,MANUAL,0.0,0.0,0.0,0.0,0.0,237.477,37.453,104.807,-8172.727,M,sensor,0,,,,,,,
2026-06-11T15:41:00.641Z,REAL,MANUAL,0.0,0.0,0.0,0.0,0.0,237.702,37.453,104.807,-8172.727,M,sensor,0,,,,,,,
2026-06-11T15:41:00.741Z,REAL,MANUAL,0.0,0.0,0.0,0.0,0.0,237.502,37.453,104.807,-8172.727,M,sensor,0,,,,,,,
2026-06-11T15:41:00.841Z,REAL,MANUAL,0.0,0.0,0.0,0.0,0.0,237.483,37.453,104.807,-8172.727,M,sensor,0,,,,,,,
2026-06-11T15:41:00.941Z,REAL,MANUAL,0.0,0.0,0.0,0.0,0.0,237.647,37.453,104.807,-8172.727,M,sensor,0,,,,,,,
2026-06-11T15:41:01.041Z,REAL,MANUAL,0.0,0.0,0.0,0.0,0.0,237.678,37.453,104.807,-8172.727,M,sensor,0,,,,,,,
2026-06-11T15:41:01.141Z,REAL,MANUAL,0.0,0.0,0.0,0.0,0.0,237.549,37.453,104.807,-8172.727,M,sensor,0,,,,,,,
2026-06-11T15:41:01.241Z,REAL,MANUAL,0.0,0.0,0.0,0.0,0.0,237.418,37.453,104.807,-8172.727,M,sensor,0,,,,,,,
2026-06-11T15:41:01.341Z,REAL,MANUAL,0.0,0.0,0.0,0.0,0.0,237.549,37.453,104.807,-8172.727,M,sensor,0,,,,,,,
2026-06-11T15:41:01.441Z,REAL,MANUAL,0.0,0.0,0.0,0.0,0.0,237.684,37.453,104.807,-8172.727,M,sensor,0,,,,,,,
2026-06-11T15:41:01.541Z,REAL,MANUAL,0.0,0.0,0.0,0.0,0.0,237.456,37.453,105.122,-8172.727,M,sensor,0,,,,,,,
2026-06-11T15:41:01.641Z,REAL,MANUAL,0.0,0.0,0.0,0.0,0.0,237.649,37.453,105.122,-8172.727,M,sensor,0,,,,,,,
2026-06-11T15:41:01.741Z,REAL,MANUAL,0.0,0.0,0.0,0.0,0.0,237.627,37.453,105.122,-8172.727,M,sensor,0,,,,,,,
2026-06-11T15:41:01.841Z,REAL,MANUAL,0.0,0.0,0.0,0.0,0.0,237.497,37.453,105.122,-8172.727,M,sensor,0,,,,,,,
2026-06-11T15:41:01.941Z,REAL,MANUAL,0.0,0.0,0.0,0.0,0.0,237.405,37.453,104.807,-8172.727,M,sensor,0,,,,,,,
2026-06-11T15:41:02.041Z,REAL,MANUAL,0.0,0.0,0.0,0.0,0.0,237.561,37.453,104.807,-8172.727,M,sensor,0,,,,,,,
2026-06-11T15:41:02.141Z,REAL,MANUAL,0.0,0.0,0.0,0.0,0.0,237.609,37.453,104.807,-8172.727,M,sensor,0,,,,,,,
2026-06-11T15:41:02.241Z,REAL,MANUAL,0.0,0.0,0.0,0.0,0.0,237.505,37.453,104.807,-8172.727,M,sensor,0,,,,,,,
2026-06-11T15:41:02.341Z,REAL,MANUAL,0.0,0.0,0.0,0.0,0.0,237.468,37.453,104.807,-8172.727,M,sensor,0,,,,,,,
2026-06-11T15:41:02.441Z,REAL,MANUAL,0.0,0.0,0.0,0.0,0.0,237.463,37.139,104.807,-8172.727,M,sensor,0,,,,,,,
2026-06-11T15:41:02.541Z,REAL,MANUAL,0.0,0.0,0.0,0.0,0.0,237.54,37.139,104.807,-8172.727,M,sensor,0,,,,,,,
2026-06-11T15:41:02.641Z,REAL,MANUAL,0.0,0.0,0.0,0.0,0.0,237.541,37.453,104.807,-8172.727,M,sensor,0,,,,,,,
2026-06-11T15:41:02.741Z,REAL,MANUAL,0.0,0.0,0.0,0.0,0.0,237.822,37.453,104.807,-8172.727,M,sensor,0,,,,,,,
2026-06-11T15:41:02.841Z,REAL,MANUAL,0.0,0.0,0.0,0.0,0.0,237.58,37.453,104.807,-8172.727,M,sensor,0,,,,,,,
2026-06-11T15:41:02.941Z,REAL,MANUAL,0.0,0.0,0.0,0.0,0.0,237.443,37.453,104.807,-8172.727,M,sensor,0,,,,,,,
2026-06-11T15:41:03.041Z,REAL,MANUAL,0.0,0.0,0.0,0.0,0.0,237.42,37.453,104.807,-8172.727,M,sensor,0,,,,,,,
2026-06-11T15:41:03.141Z,REAL,MANUAL,0.0,0.0,0.0,0.0,0.0,237.514,37.453,104.807,-8172.727,M,sensor,0,,,,,,,
2026-06-11T15:41:03.241Z,REAL,MANUAL,0.0,0.0,0.0,0.0,0.0,237.573,37.453,104.807,-8172.727,M,sensor,0,,,,,,,
2026-06-11T15:41:03.341Z,REAL,MANUAL,0.0,0.0,0.0,0.0,0.0,237.496,37.453,104.807,-8172.727,M,sensor,0,,,,,,,
2026-06-11T15:41:03.441Z,REAL,MANUAL,0.0,0.0,0.0,0.0,0.0,237.634,37.453,104.807,-8172.727,M,sensor,0,,,,,,,
2026-06-11T15:41:03.541Z,REAL,MANUAL,0.0,0.0,0.0,0.0,0.0,237.545,37.453,104.807,-8172.727,M,sensor,0,,,,,,,
2026-06-11T15:41:03.641Z,REAL,MANUAL,0.0,0.0,0.0,0.0,0.0,237.528,37.453,104.807,-8172.727,M,sensor,0,,,,,,,
2026-06-11T15:41:03.741Z,REAL,MANUAL,0.0,0.0,0.0,0.0,0.0,237.631,37.453,104.807,-8172.727,M,sensor,0,,,,,,,
2026-06-11T15:41:03.841Z,REAL,MANUAL,0.0,0.0,0.0,0.0,0.0,237.622,37.453,104.807,-8172.727,M,sensor,0,,,,,,,
2026-06-11T15:41:03.941Z,REAL,MANUAL,0.0,0.0,0.0,0.0,0.0,237.654,37.453,104.807,-8172.727,M,sensor,0,,,,,,,
2026-06-11T15:41:04.041Z,REAL,MANUAL,0.0,0.0,0.0,0.0,0.0,237.863,37.453,104.807,-8172.727,M,sensor,0,,,,,,,
2026-06-11T15:41:04.141Z,REAL,MANUAL,0.0,0.0,0.0,0.0,0.0,237.343,37.453,104.807,-8172.727,M,sensor,0,,,,,,,
2026-06-11T15:41:04.241Z,REAL,MANUAL,0.0,0.0,0.0,0.0,0.0,237.643,37.453,104.807,-8172.727,M,sensor,0,,,,,,,
2026-06-11T15:41:04.341Z,REAL,MANUAL,0.0,0.0,0.0,0.0,0.0,237.558,37.453,104.807,-8172.727,M,sensor,0,,,,,,,
2026-06-11T15:41:04.441Z,REAL,MANUAL,0.0,0.0,0.0,0.0,0.0,237.52,37.453,104.807,-8172.727,M,sensor,0,,,,,,,
2026-06-11T15:41:04.541Z,REAL,MANUAL,0.0,0.0,0.0,0.0,0.0,237.722,37.453,104.492,-8172.727,M,sensor,0,,,,,,,
2026-06-11T15:41:04.641Z,REAL,MANUAL,0.0,0.0,0.0,0.0,0.0,237.599,37.453,104.492,-8172.727,M,sensor,0,,,,,,,
2026-06-11T15:41:04.741Z,REAL,MANUAL,0.0,0.0,0.0,0.0,0.0,237.698,37.453,104.492,-8172.727,M,sensor,0,,,,,,,
2026-06-11T15:41:04.841Z,REAL,MANUAL,0.0,0.0,0.0,0.0,0.0,237.532,37.453,104.492,-8172.727,M,sensor,0,,,,,,,
2026-06-11T15:41:04.941Z,REAL,MANUAL,0.0,0.0,0.0,0.0,0.0,237.578,37.453,104.492,-8172.727,M,sensor,0,,,,,,,
2026-06-11T15:41:05.041Z,REAL,MANUAL,0.0,0.0,0.0,0.0,0.0,237.697,37.453,104.492,-8172.727,M,sensor,0,,,,,,,
2026-06-11T15:41:05.141Z,REAL,MANUAL,0.0,0.0,0.0,0.0,0.0,237.766,37.453,104.807,-8172.727,M,sensor,0,,,,,,,
2026-06-11T15:41:05.241Z,REAL,MANUAL,0.0,0.0,0.0,0.0,0.0,237.669,37.453,104.807,-8172.727,M,sensor,0,,,,,,,
2026-06-11T15:41:05.341Z,REAL,MANUAL,0.0,0.0,0.0,0.0,0.0,237.619,37.453,104.807,-8172.727,M,sensor,0,,,,,,,
2026-06-11T15:41:05.441Z,REAL,MANUAL,0.0,0.0,0.0,0.0,0.0,237.743,37.768,104.807,-8172.727,M,sensor,0,,,,,,,
2026-06-11T15:41:05.541Z,REAL,MANUAL,0.0,0.0,0.0,0.0,0.0,237.583,37.768,104.807,-8172.727,M,sensor,0,,,,,,,
2026-06-11T15:41:05.641Z,REAL,MANUAL,0.0,0.0,0.0,0.0,0.0,237.543,37.768,104.807,-8172.727,M,sensor,0,,,,,,,
2026-06-11T15:41:05.741Z,REAL,MANUAL,0.0,0.0,0.0,0.0,0.0,237.499,37.768,104.807,-8172.727,M,sensor,0,,,,,,,
2026-06-11T15:41:05.841Z,REAL,MANUAL,0.0,0.0,0.0,0.0,0.0,237.661,37.453,104.807,-8172.727,M,sensor,0,,,,,,,
2026-06-11T15:41:05.941Z,REAL,MANUAL,0.0,0.0,0.0,0.0,0.0,237.676,37.453,104.807,-8172.727,M,sensor,0,,,,,,,
2026-06-11T15:41:06.041Z,REAL,MANUAL,0.0,0.0,0.0,0.0,0.0,237.664,37.453,104.807,-8172.727,M,sensor,0,,,,,,,
2026-06-11T15:41:06.141Z,REAL,MANUAL,0.0,0.0,0.0,0.0,0.0,237.655,37.453,104.807,-8172.727,M,sensor,0,,,,,,,
2026-06-11T15:41:06.241Z,REAL,MANUAL,0.0,0.0,0.0,0.0,0.0,237.676,37.768,104.807,-8172.727,M,sensor,0,,,,,,,
2026-06-11T15:41:06.341Z,REAL,MANUAL,0.0,0.0,0.0,0.0,0.0,237.511,37.768,104.807,-8172.727,M,sensor,0,,,,,,,
2026-06-11T15:41:06.441Z,REAL,MANUAL,0.0,0.0,0.0,0.0,0.0,237.713,37.768,104.807,-8172.727,M,sensor,0,,,,,,,
2026-06-11T15:41:06.541Z,REAL,MANUAL,0.0,0.0,0.0,0.0,0.0,237.502,37.768,104.807,-8172.727,M,sensor,0,,,,,,,
2026-06-11T15:41:06.641Z,REAL,MANUAL,0.0,0.0,0.0,0.0,0.0,237.654,37.768,104.807,-8172.727,M,sensor,0,,,,,,,
2026-06-11T15:41:06.741Z,REAL,MANUAL,0.0,0.0,0.0,0.0,0.0,237.468,37.768,104.807,-8172.727,M,sensor,0,,,,,,,
2026-06-11T15:41:06.841Z,REAL,MANUAL,0.0,0.0,0.0,0.0,0.0,237.536,37.768,104.492,-8172.727,M,sensor,0,,,,,,,
2026-06-11T15:41:06.941Z,REAL,MANUAL,0.0,0.0,0.0,0.0,0.0,237.498,37.768,104.492,-8172.727,M,sensor,0,,,,,,,
2026-06-11T15:41:07.041Z,REAL,MANUAL,0.0,0.0,0.0,0.0,0.0,237.327,37.768,104.492,-8172.727,M,sensor,0,,,,,,,
2026-06-11T15:41:07.141Z,REAL,MANUAL,0.0,0.0,0.0,0.0,0.0,237.527,37.768,104.492,-8172.727,M,sensor,0,,,,,,,
2026-06-11T15:41:07.241Z,REAL,MANUAL,0.0,0.0,0.0,0.0,0.0,237.605,37.768,104.492,-8172.727,M,sensor,0,,,,,,,
2026-06-11T15:41:07.341Z,REAL,MANUAL,0.0,0.0,0.0,0.0,0.0,237.605,37.768,104.492,-8172.727,M,sensor,0,,,,,,,
2026-06-11T15:41:07.441Z,REAL,MANUAL,0.0,0.0,0.0,0.0,0.0,237.588,37.768,104.492,-8172.727,M,sensor,0,,,,,,,
2026-06-11T15:41:07.541Z,REAL,MANUAL,0.0,0.0,0.0,0.0,0.0,237.805,37.768,104.492,-8172.727,M,sensor,0,,,,,,,
2026-06-11T15:41:07.641Z,REAL,MANUAL,0.0,0.0,0.0,0.0,0.0,237.507,37.768,104.492,-8172.727,M,sensor,0,,,,,,,
2026-06-11T15:41:07.741Z,REAL,MANUAL,0.0,0.0,0.0,0.0,0.0,237.499,37.768,104.807,-8172.727,M,sensor,0,,,,,,,
2026-06-11T15:41:07.841Z,REAL,MANUAL,0.0,0.0,0.0,0.0,0.0,237.571,37.768,104.807,-8172.727,M,sensor,0,,,,,,,
2026-06-11T15:41:07.941Z,REAL,MANUAL,0.0,0.0,0.0,0.0,0.0,237.915,37.768,104.807,-8172.727,M,sensor,0,,,,,,,
2026-06-11T15:41:08.041Z,REAL,MANUAL,0.0,0.0,0.0,0.0,0.0,237.618,37.768,104.807,-8172.727,M,sensor,0,,,,,,,
2026-06-11T15:41:08.141Z,REAL,MANUAL,0.0,0.0,0.0,0.0,0.0,237.731,37.768,104.807,-8172.727,M,sensor,0,,,,,,,
2026-06-11T15:41:08.241Z,REAL,MANUAL,0.0,0.0,0.0,0.0,0.0,237.547,37.768,104.807,-8172.727,M,sensor,0,,,,,,,
2026-06-11T15:41:08.341Z,REAL,MANUAL,0.0,0.0,0.0,0.0,0.0,237.585,37.768,104.807,-8172.727,M,sensor,0,,,,,,,
2026-06-11T15:41:08.441Z,REAL,MANUAL,0.0,0.0,0.0,0.0,0.0,237.817,37.768,104.807,-8172.727,M,sensor,0,,,,,,,
2026-06-11T15:41:08.541Z,REAL,MANUAL,0.0,0.0,0.0,0.0,0.0,237.617,37.768,104.807,-8172.727,M,sensor,0,,,,,,,
2026-06-11T15:41:08.641Z,REAL,MANUAL,0.0,0.0,0.0,0.0,0.0,237.628,37.768,104.492,-8172.727,M,sensor,0,,,,,,,
2026-06-11T15:41:08.741Z,REAL,MANUAL,0.0,0.0,0.0,0.0,0.0,237.575,37.768,104.492,-8172.727,M,sensor,0,,,,,,,
2026-06-11T15:41:08.841Z,REAL,MANUAL,0.0,0.0,0.0,0.0,0.0,237.713,37.768,104.492,-8172.727,M,sensor,0,,,,,,,
2026-06-11T15:41:08.941Z,REAL,MANUAL,0.0,0.0,0.0,0.0,0.0,237.763,37.768,104.492,-8172.727,M,sensor,0,,,,,,,
2026-06-11T15:41:09.041Z,REAL,MANUAL,0.0,0.0,0.0,0.0,0.0,237.499,37.768,104.492,-8172.727,M,sensor,0,,,,,,,
2026-06-11T15:41:09.141Z,REAL,MANUAL,0.0,0.0,0.0,0.0,0.0,237.427,37.768,104.492,-8172.727,M,sensor,0,,,,,,,
2026-06-11T15:41:09.241Z,REAL,MANUAL,0.0,0.0,0.0,0.0,0.0,237.515,37.768,104.492,-8172.727,M,sensor,0,,,,,,,
2026-06-11T15:41:09.341Z,REAL,MANUAL,0.0,0.0,0.0,0.0,0.0,237.616,37.768,104.492,-8172.727,M,sensor,0,,,,,,,
2026-06-11T15:41:09.441Z,REAL,MANUAL,0.0,0.0,0.0,0.0,0.0,237.636,37.768,104.807,-8172.727,M,sensor,0,,,,,,,
2026-06-11T15:41:09.541Z,REAL,MANUAL,0.0,0.0,0.0,0.0,0.0,237.669,37.768,104.807,-8172.727,M,sensor,0,,,,,,,
2026-06-11T15:41:09.641Z,REAL,MANUAL,0.0,0.0,0.0,0.0,0.0,237.667,37.768,104.807,-8172.727,M,sensor,0,,,,,,,
2026-06-11T15:41:09.741Z,REAL,MANUAL,0.0,0.0,0.0,0.0,0.0,237.428,37.768,104.807,-8172.727,M,sensor,0,,,,,,,
2026-06-11T15:41:09.841Z,REAL,MANUAL,0.0,0.0,0.0,0.0,0.0,237.634,37.768,104.807,-8172.727,M,sensor,0,,,,,,,
2026-06-11T15:41:09.941Z,REAL,MANUAL,0.0,0.0,0.0,0.0,0.0,237.619,37.768,104.807,-8172.727,M,sensor,0,,,,,,,
2026-06-11T15:41:10.041Z,REAL,MANUAL,0.0,0.0,0.0,0.0,0.0,237.488,37.768,104.807,-8172.727,M,sensor,0,,,,,,,
2026-06-11T15:41:10.141Z,REAL,MANUAL,0.0,0.0,0.0,0.0,0.0,237.509,37.768,104.807,-8172.727,M,sensor,0,,,,,,,
2026-06-11T15:41:10.241Z,REAL,MANUAL,0.0,0.0,0.0,0.0,0.0,237.565,37.768,104.807,-8172.727,M,sensor,0,,,,,,,
2026-06-11T15:41:10.341Z,REAL,MANUAL,0.0,0.0,0.0,0.0,0.0,237.593,37.768,104.492,-8172.727,M,sensor,0,,,,,,,
2026-06-11T15:41:10.441Z,REAL,MANUAL,0.0,0.0,0.0,0.0,0.0,237.556,37.768,104.807,-8172.727,M,sensor,0,,,,,,,
2026-06-11T15:41:10.541Z,REAL,MANUAL,0.0,0.0,0.0,0.0,0.0,237.703,37.768,104.807,-8172.727,M,sensor,0,,,,,,,
2026-06-11T15:41:10.641Z,REAL,MANUAL,0.0,0.0,0.0,0.0,0.0,237.618,37.768,104.807,-8172.727,M,sensor,0,,,,,,,
2026-06-11T15:41:10.741Z,REAL,MANUAL,0.0,0.0,0.0,0.0,0.0,237.615,37.768,104.807,-8172.727,M,sensor,0,,,,,,,
2026-06-11T15:41:10.841Z,REAL,MANUAL,0.0,0.0,0.0,0.0,0.0,237.58,37.768,104.807,-8172.727,M,sensor,0,,,,,,,
2026-06-11T15:41:10.941Z,REAL,MANUAL,0.0,0.0,0.0,0.0,0.0,237.409,37.768,104.807,-8172.727,M,sensor,0,,,,,,,
2026-06-11T15:41:11.041Z,REAL,MANUAL,0.0,0.0,0.0,0.0,0.0,237.282,37.768,104.807,-8172.727,M,sensor,0,,,,,,,
2026-06-11T15:41:11.141Z,REAL,MANUAL,0.0,0.0,0.0,0.0,0.0,237.554,37.768,104.807,-8172.727,M,sensor,0,,,,,,,
2026-06-11T15:41:11.241Z,REAL,MANUAL,0.0,0.0,0.0,0.0,0.0,237.643,37.768,104.807,-8172.727,M,sensor,0,,,,,,,
2026-06-11T15:41:11.341Z,REAL,MANUAL,0.0,0.0,0.0,0.0,0.0,237.405,37.768,104.807,-8172.727,M,sensor,0,,,,,,,
2026-06-11T15:41:11.441Z,REAL,MANUAL,0.0,0.0,0.0,0.0,0.0,237.792,37.453,104.807,-8172.727,M,sensor,0,,,,,,,
2026-06-11T15:41:11.541Z,REAL,MANUAL,0.0,0.0,0.0,0.0,0.0,237.378,37.768,104.807,-8172.727,M,sensor,0,,,,,,,
2026-06-11T15:41:11.641Z,REAL,MANUAL,0.0,0.0,0.0,0.0,0.0,237.524,37.453,104.807,-8172.727,M,sensor,0,,,,,,,
2026-06-11T15:41:11.741Z,REAL,MANUAL,0.0,0.0,0.0,0.0,0.0,237.547,37.453,104.807,-8172.727,M,sensor,0,,,,,,,
2026-06-11T15:41:11.841Z,REAL,MANUAL,0.0,0.0,0.0,0.0,0.0,237.484,37.453,104.807,-8172.727,M,sensor,0,,,,,,,
2026-06-11T15:41:11.941Z,REAL,MANUAL,0.0,0.0,0.0,0.0,0.0,237.671,37.453,104.807,-8172.727,M,sensor,0,,,,,,,
2026-06-11T15:41:12.041Z,REAL,MANUAL,0.0,0.0,0.0,0.0,0.0,237.562,37.768,104.807,-8172.727,M,sensor,0,,,,,,,
2026-06-11T15:41:12.141Z,REAL,MANUAL,0.0,0.0,0.0,0.0,0.0,237.521,37.768,104.807,-8172.727,M,sensor,0,,,,,,,
2026-06-11T15:41:12.241Z,REAL,MANUAL,0.0,0.0,0.0,0.0,0.0,237.524,37.768,104.807,-8172.727,M,sensor,0,,,,,,,
2026-06-11T15:41:12.341Z,REAL,MANUAL,0.0,0.0,0.0,0.0,0.0,237.657,37.768,104.807,-8172.727,M,sensor,0,,,,,,,
2026-06-11T15:41:12.441Z,REAL,MANUAL,0.0,0.0,0.0,0.0,0.0,237.752,37.768,104.807,-8172.727,M,sensor,0,,,,,,,
2026-06-11T15:41:12.541Z,REAL,MANUAL,0.0,0.0,0.0,0.0,0.0,237.577,37.768,104.807,-8172.727,M,sensor,0,,,,,,,
2026-06-11T15:41:12.641Z,REAL,MANUAL,0.0,0.0,0.0,0.0,0.0,237.819,37.768,104.492,-8172.727,M,sensor,0,,,,,,,
2026-06-11T15:41:12.741Z,REAL,MANUAL,0.0,0.0,0.0,0.0,0.0,237.798,37.768,104.492,-8172.727,M,sensor,0,,,,,,,
2026-06-11T15:41:12.841Z,REAL,MANUAL,0.0,0.0,0.0,0.0,0.0,237.674,37.768,104.492,-8172.727,M,sensor,0,,,,,,,
2026-06-11T15:41:12.941Z,REAL,MANUAL,0.0,0.0,0.0,0.0,0.0,237.527,37.768,104.492,-8172.727,M,sensor,0,,,,,,,
2026-06-11T15:41:13.041Z,REAL,MANUAL,0.0,0.0,0.0,0.0,0.0,237.425,37.768,104.492,-8172.727,M,sensor,0,,,,,,,
2026-06-11T15:41:13.141Z,REAL,MANUAL,0.0,0.0,0.0,0.0,0.0,237.538,37.768,104.492,-8172.727,M,sensor,0,,,,,,,
2026-06-11T15:41:13.241Z,REAL,MANUAL,0.0,0.0,0.0,0.0,0.0,237.795,37.768,104.492,-8172.727,M,sensor,0,,,,,,,
2026-06-11T15:41:13.341Z,REAL,MANUAL,0.0,0.0,0.0,0.0,0.0,237.624,37.768,104.492,-8172.727,M,sensor,0,,,,,,,
2026-06-11T15:41:13.441Z,REAL,MANUAL,0.0,0.0,0.0,0.0,0.0,237.509,37.453,104.492,-8172.727,M,sensor,0,,,,,,,
2026-06-11T15:41:13.541Z,REAL,MANUAL,0.0,0.0,0.0,0.0,0.0,237.744,37.453,104.492,-8172.727,M,sensor,0,,,,,,,
2026-06-11T15:41:13.641Z,REAL,MANUAL,0.0,0.0,0.0,0.0,0.0,237.708,37.453,104.492,-8172.727,M,sensor,0,,,,,,,
2026-06-11T15:41:13.741Z,REAL,MANUAL,0.0,0.0,0.0,0.0,0.0,237.647,37.453,104.492,-8172.727,M,sensor,0,,,,,,,
2026-06-11T15:41:13.841Z,REAL,MANUAL,0.0,0.0,0.0,0.0,0.0,237.562,37.453,104.492,-8172.727,M,sensor,0,,,,,,,
2026-06-11T15:41:13.941Z,REAL,MANUAL,0.0,0.0,0.0,0.0,0.0,237.484,37.453,104.492,-8172.727,M,sensor,0,,,,,,,
2026-06-11T15:41:14.041Z,REAL,MANUAL,0.0,0.0,0.0,0.0,0.0,237.559,37.453,104.492,-8172.727,M,sensor,0,,,,,,,
2026-06-11T15:41:14.141Z,REAL,MANUAL,0.0,0.0,0.0,0.0,0.0,237.419,37.453,104.492,-8172.727,M,sensor,0,,,,,,,
2026-06-11T15:41:14.241Z,REAL,MANUAL,0.0,0.0,0.0,0.0,0.0,237.559,37.453,104.492,-8172.727,M,sensor,0,,,,,,,
2026-06-11T15:41:14.341Z,REAL,MANUAL,0.0,0.0,0.0,0.0,0.0,237.492,37.453,104.492,-8172.727,M,sensor,0,,,,,,,
2026-06-11T15:41:14.441Z,REAL,MANUAL,0.0,0.0,0.0,0.0,0.0,237.622,37.453,104.492,-8172.727,M,sensor,0,,,,,,,
2026-06-11T15:41:14.541Z,REAL,MANUAL,0.0,0.0,0.0,0.0,0.0,237.73,37.453,104.492,-8172.727,M,sensor,0,,,,,,,
2026-06-11T15:41:14.641Z,REAL,MANUAL,0.0,0.0,0.0,0.0,0.0,237.648,37.453,104.492,-8172.727,M,sensor,0,,,,,,,
2026-06-11T15:41:14.741Z,REAL,MANUAL,0.0,0.0,0.0,0.0,0.0,237.336,37.453,104.492,-8172.727,M,sensor,0,,,,,,,
2026-06-11T15:41:14.841Z,REAL,MANUAL,0.0,0.0,0.0,0.0,0.0,237.556,37.453,104.492,-8172.727,M,sensor,0,,,,,,,
2026-06-11T15:41:14.941Z,REAL,MANUAL,0.0,0.0,0.0,0.0,0.0,237.636,37.453,104.492,-8172.727,M,sensor,0,,,,,,,
2026-06-11T15:41:15.041Z,REAL,MANUAL,0.0,0.0,0.0,0.0,0.0,237.469,37.453,104.492,-8172.727,M,sensor,0,,,,,,,
2026-06-11T15:41:15.141Z,REAL,MANUAL,0.0,0.0,0.0,0.0,0.0,237.687,37.453,104.492,-8172.727,M,sensor,0,,,,,,,
2026-06-11T15:41:15.241Z,REAL,MANUAL,0.0,0.0,0.0,0.0,0.0,237.495,37.453,104.492,-8172.727,M,sensor,0,,,,,,,
2026-06-11T15:41:15.341Z,REAL,MANUAL,0.0,0.0,0.0,0.0,0.0,237.625,37.453,104.492,-8172.727,M,sensor,0,,,,,,,
2026-06-11T15:41:15.441Z,REAL,MANUAL,0.0,0.0,0.0,0.0,0.0,237.638,37.453,104.492,-8172.727,M,sensor,0,,,,,,,
2026-06-11T15:41:15.541Z,REAL,MANUAL,0.0,0.0,0.0,0.0,0.0,237.493,37.453,104.492,-8172.727,M,sensor,0,,,,,,,
2026-06-11T15:41:15.641Z,REAL,MANUAL,0.0,0.0,0.0,0.0,0.0,237.708,37.453,104.492,-8172.727,M,sensor,0,,,,,,,
2026-06-11T15:41:15.741Z,REAL,MANUAL,0.0,0.0,0.0,0.0,0.0,237.746,37.453,104.492,-8172.727,M,sensor,0,,,,,,,
2026-06-11T15:41:15.841Z,REAL,MANUAL,0.0,0.0,0.0,0.0,0.0,237.514,37.453,104.492,-8172.727,M,sensor,0,,,,,,,
2026-06-11T15:41:15.941Z,REAL,MANUAL,0.0,0.0,0.0,0.0,0.0,237.66,37.453,104.492,-8172.727,M,sensor,0,,,,,,,
2026-06-11T15:41:16.041Z,REAL,MANUAL,0.0,0.0,0.0,0.0,0.0,237.5,37.453,104.492,-8172.727,M,sensor,0,,,,,,,
2026-06-11T15:41:16.141Z,REAL,MANUAL,0.0,0.0,0.0,0.0,0.0,237.721,37.453,104.492,-8172.727,M,sensor,0,,,,,,,
2026-06-11T15:41:16.241Z,REAL,MANUAL,0.0,0.0,0.0,0.0,0.0,237.684,37.453,104.492,-8172.727,M,sensor,0,,,,,,,
2026-06-11T15:41:16.341Z,REAL,MANUAL,0.0,0.0,0.0,0.0,0.0,237.669,37.453,104.492,-8172.727,M,sensor,0,,,,,,,
2026-06-11T15:41:16.441Z,REAL,MANUAL,0.0,0.0,0.0,0.0,0.0,237.617,37.453,104.492,-8172.727,M,sensor,0,,,,,,,
2026-06-11T15:41:16.541Z,REAL,MANUAL,0.0,0.0,0.0,0.0,0.0,237.615,37.453,104.492,-8172.727,M,sensor,0,,,,,,,
2026-06-11T15:41:16.641Z,REAL,MANUAL,0.0,0.0,0.0,0.0,0.0,237.681,37.453,104.492,-8172.727,M,sensor,0,,,,,,,
2026-06-11T15:41:16.741Z,REAL,MANUAL,0.0,0.0,0.0,0.0,0.0,237.675,37.453,104.492,-8172.727,M,sensor,0,,,,,,,
2026-06-11T15:41:16.841Z,REAL,MANUAL,0.0,0.0,0.0,0.0,0.0,237.607,37.453,104.492,-8172.727,M,sensor,0,,,,,,,
2026-06-11T15:41:16.941Z,REAL,MANUAL,0.0,0.0,0.0,0.0,0.0,237.507,37.453,104.492,-8172.727,M,sensor,0,,,,,,,
2026-06-11T15:41:17.041Z,REAL,MANUAL,0.0,0.0,0.0,0.0,0.0,237.523,37.453,104.492,-8172.727,M,sensor,0,,,,,,,
2026-06-11T15:41:17.141Z,REAL,MANUAL,0.0,0.0,0.0,0.0,0.0,237.682,37.453,104.492,-8172.727,M,sensor,0,,,,,,,
2026-06-11T15:41:17.241Z,REAL,MANUAL,0.0,0.0,0.0,0.0,0.0,237.766,37.453,104.492,-8172.727,M,sensor,0,,,,,,,
2026-06-11T15:41:17.341Z,REAL,MANUAL,0.0,0.0,0.0,0.0,0.0,237.521,37.453,104.492,-8172.727,M,sensor,0,,,,,,,
2026-06-11T15:41:17.441Z,REAL,MANUAL,0.0,0.0,0.0,0.0,0.0,237.738,37.453,104.492,-8172.727,M,sensor,0,,,,,,,
2026-06-11T15:41:17.541Z,REAL,MANUAL,0.0,0.0,0.0,0.0,0.0,237.937,37.453,104.492,-8172.727,M,sensor,0,,,,,,,
2026-06-11T15:41:17.641Z,REAL,MANUAL,0.0,0.0,0.0,0.0,0.0,237.626,37.453,104.492,-8172.727,M,sensor,0,,,,,,,
2026-06-11T15:41:17.741Z,REAL,MANUAL,0.0,0.0,0.0,0.0,0.0,237.598,37.453,104.492,-8172.727,M,sensor,0,,,,,,,
2026-06-11T15:41:17.841Z,REAL,MANUAL,0.0,0.0,0.0,0.0,0.0,237.505,37.453,104.492,-8172.727,M,sensor,0,,,,,,,
2026-06-11T15:41:17.941Z,REAL,MANUAL,0.0,0.0,0.0,0.0,0.0,237.483,37.453,104.807,-8172.727,M,sensor,0,,,,,,,
2026-06-11T15:41:18.041Z,REAL,MANUAL,0.0,0.0,0.0,0.0,0.0,237.426,37.453,104.492,-8172.727,M,sensor,0,,,,,,,
2026-06-11T15:41:18.141Z,REAL,MANUAL,0.0,0.0,0.0,0.0,0.0,237.633,37.453,104.807,-8172.727,M,sensor,0,,,,,,,
2026-06-11T15:41:18.241Z,REAL,MANUAL,0.0,0.0,0.0,0.0,0.0,237.531,37.453,104.807,-8172.727,M,sensor,0,,,,,,,
2026-06-11T15:41:18.341Z,REAL,MANUAL,0.0,0.0,0.0,0.0,0.0,237.417,37.453,104.807,-8172.727,M,sensor,0,,,,,,,
2026-06-11T15:41:18.441Z,REAL,MANUAL,0.0,0.0,0.0,0.0,0.0,237.629,37.453,104.807,-8172.727,M,sensor,0,,,,,,,
2026-06-11T15:41:18.541Z,REAL,MANUAL,0.0,0.0,0.0,0.0,0.0,237.374,37.453,104.807,-8172.727,M,sensor,0,,,,,,,
2026-06-11T15:41:18.641Z,REAL,MANUAL,0.0,0.0,0.0,0.0,0.0,237.68,37.453,104.807,-8172.727,M,sensor,0,,,,,,,
2026-06-11T15:41:18.741Z,REAL,MANUAL,0.0,0.0,0.0,0.0,0.0,237.594,37.453,104.807,-8172.727,M,sensor,0,,,,,,,
2026-06-11T15:41:18.841Z,REAL,MANUAL,0.0,0.0,0.0,0.0,0.0,237.416,37.453,104.807,-8172.727,M,sensor,0,,,,,,,
2026-06-11T15:41:18.941Z,REAL,MANUAL,0.0,0.0,0.0,0.0,0.0,237.533,37.453,104.807,-8172.727,M,sensor,0,,,,,,,
2026-06-11T15:41:19.041Z,REAL,MANUAL,0.0,0.0,0.0,0.0,0.0,237.813,37.453,104.807,-8172.727,M,sensor,0,,,,,,,
2026-06-11T15:41:19.141Z,REAL,MANUAL,0.0,0.0,0.0,0.0,0.0,237.55,37.453,104.807,-8172.727,M,sensor,0,,,,,,,
2026-06-11T15:41:19.241Z,REAL,MANUAL,0.0,0.0,0.0,0.0,0.0,237.688,37.453,104.807,-8172.727,M,sensor,0,,,,,,,
2026-06-11T15:41:19.341Z,REAL,MANUAL,0.0,0.0,0.0,0.0,0.0,237.531,37.453,104.807,-8172.727,M,sensor,0,,,,,,,
2026-06-11T15:41:19.441Z,REAL,MANUAL,0.0,0.0,0.0,0.0,0.0,237.61,37.453,104.492,-8172.727,M,sensor,0,,,,,,,
2026-06-11T15:41:19.541Z,REAL,MANUAL,0.0,0.0,0.0,0.0,0.0,237.87,37.453,104.492,-8172.727,M,sensor,0,,,,,,,
2026-06-11T15:41:19.641Z,REAL,MANUAL,0.0,0.0,0.0,0.0,0.0,237.722,37.453,104.492,-8172.727,M,sensor,0,,,,,,,
2026-06-11T15:41:19.741Z,REAL,MANUAL,0.0,0.0,0.0,0.0,0.0,237.705,37.453,104.492,-8172.727,M,sensor,0,,,,,,,
2026-06-11T15:41:19.841Z,REAL,MANUAL,0.0,0.0,0.0,0.0,0.0,237.549,37.453,104.492,-8172.727,M,sensor,0,,,,,,,
2026-06-11T15:41:19.941Z,REAL,MANUAL,0.0,0.0,0.0,0.0,0.0,237.648,37.453,104.492,-8172.727,M,sensor,0,,,,,,,
2026-06-11T15:41:20.041Z,REAL,MANUAL,0.0,0.0,0.0,0.0,0.0,237.583,37.453,104.492,-8172.727,M,sensor,0,,,,,,,
2026-06-11T15:41:20.141Z,REAL,MANUAL,0.0,0.0,0.0,0.0,0.0,237.479,37.453,104.492,-8172.727,M,sensor,0,,,,,,,
2026-06-11T15:41:20.242Z,REAL,MANUAL,0.0,0.0,0.0,0.0,0.0,237.703,37.453,104.492,-8172.727,M,sensor,0,,,,,,,
2026-06-11T15:41:20.341Z,REAL,MANUAL,0.0,0.0,0.0,0.0,0.0,237.685,37.453,104.492,-8172.727,M,sensor,0,,,,,,,
2026-06-11T15:41:20.441Z,REAL,MANUAL,0.0,0.0,0.0,0.0,0.0,237.705,37.453,104.492,-8172.727,M,sensor,0,,,,,,,
2026-06-11T15:41:20.541Z,REAL,MANUAL,0.0,0.0,0.0,0.0,0.0,237.664,37.453,104.492,-8172.727,M,sensor,0,,,,,,,
2026-06-11T15:41:20.641Z,REAL,MANUAL,0.0,0.0,0.0,0.0,0.0,237.543,37.453,104.492,-8172.727,M,sensor,0,,,,,,,
2026-06-11T15:41:20.741Z,REAL,MANUAL,0.0,0.0,0.0,0.0,0.0,237.405,37.453,104.492,-8172.727,M,sensor,0,,,,,,,
2026-06-11T15:41:20.841Z,REAL,MANUAL,0.0,0.0,0.0,0.0,0.0,237.571,37.453,104.492,-8172.727,M,sensor,0,,,,,,,
2026-06-11T15:41:20.941Z,REAL,MANUAL,0.0,0.0,0.0,0.0,0.0,237.475,37.453,104.492,-8172.727,M,sensor,0,,,,,,,
2026-06-11T15:41:21.041Z,REAL,MANUAL,0.0,0.0,0.0,0.0,0.0,237.586,37.453,104.492,-8172.727,M,sensor,0,,,,,,,
2026-06-11T15:41:21.141Z,REAL,MANUAL,0.0,0.0,0.0,0.0,0.0,237.436,37.453,104.492,-8172.727,M,sensor,0,,,,,,,
2026-06-11T15:41:21.241Z,REAL,MANUAL,0.0,0.0,0.0,0.0,0.0,237.599,37.453,104.492,-8172.727,M,sensor,0,,,,,,,
2026-06-11T15:41:21.341Z,REAL,MANUAL,0.0,0.0,0.0,0.0,0.0,237.814,37.453,104.492,-8172.727,M,sensor,0,,,,,,,
2026-06-11T15:41:21.441Z,REAL,MANUAL,0.0,0.0,0.0,0.0,0.0,237.6,37.453,104.492,-8172.727,M,sensor,0,,,,,,,
2026-06-11T15:41:21.541Z,REAL,MANUAL,0.0,0.0,0.0,0.0,0.0,237.618,37.453,104.492,-8172.727,M,sensor,0,,,,,,,
2026-06-11T15:41:21.641Z,REAL,MANUAL,0.0,0.0,0.0,0.0,0.0,237.701,37.453,104.492,-8172.727,M,sensor,0,,,,,,,
2026-06-11T15:41:21.741Z,REAL,MANUAL,0.0,0.0,0.0,0.0,0.0,237.424,37.453,104.492,-8172.727,M,sensor,0,,,,,,,
2026-06-11T15:41:21.841Z,REAL,MANUAL,0.0,0.0,0.0,0.0,0.0,237.616,37.453,104.492,-8172.727,M,sensor,0,,,,,,,
2026-06-11T15:41:21.941Z,REAL,MANUAL,0.0,0.0,0.0,0.0,0.0,237.575,37.453,104.492,-8172.727,M,sensor,0,,,,,,,
2026-06-11T15:41:22.041Z,REAL,MANUAL,0.0,0.0,0.0,0.0,0.0,237.588,37.453,104.492,-8172.727,M,sensor,0,,,,,,,
2026-06-11T15:41:22.141Z,REAL,MANUAL,0.0,0.0,0.0,0.0,0.0,237.549,37.453,104.492,-8172.727,M,sensor,0,,,,,,,
2026-06-11T15:41:22.241Z,REAL,MANUAL,0.0,0.0,0.0,0.0,0.0,237.755,37.453,104.492,-8172.727,M,sensor,0,,,,,,,
2026-06-11T15:41:22.341Z,REAL,MANUAL,0.0,0.0,0.0,0.0,0.0,237.667,37.453,104.492,-8172.727,M,sensor,0,,,,,,,
2026-06-11T15:41:22.441Z,REAL,MANUAL,0.0,0.0,0.0,0.0,0.0,237.582,37.453,104.492,-8172.727,M,sensor,0,,,,,,,
2026-06-11T15:41:22.541Z,REAL,MANUAL,0.0,0.0,0.0,0.0,0.0,237.566,37.453,104.492,-8172.727,M,sensor,0,,,,,,,
2026-06-11T15:41:22.641Z,REAL,MANUAL,0.0,0.0,0.0,0.0,0.0,237.61,37.453,104.492,-8172.727,M,sensor,0,,,,,,,
2026-06-11T15:41:22.741Z,REAL,MANUAL,0.0,0.0,0.0,0.0,0.0,237.569,37.453,104.492,-8172.727,M,sensor,0,,,,,,,
2026-06-11T15:41:22.841Z,REAL,MANUAL,0.0,0.0,0.0,0.0,0.0,237.538,37.139,104.492,-8172.727,M,sensor,0,,,,,,,
2026-06-11T15:41:22.941Z,REAL,MANUAL,0.0,0.0,0.0,0.0,0.0,237.698,37.139,104.492,-8172.727,M,sensor,0,,,,,,,
2026-06-11T15:41:23.041Z,REAL,MANUAL,0.0,0.0,0.0,0.0,0.0,237.63,37.139,104.492,-8172.727,M,sensor,0,,,,,,,
2026-06-11T15:41:23.141Z,REAL,MANUAL,0.0,0.0,0.0,0.0,0.0,237.689,37.139,104.492,-8172.727,M,sensor,0,,,,,,,
2026-06-11T15:41:23.241Z,REAL,MANUAL,0.0,0.0,0.0,0.0,0.0,237.46,37.139,104.492,-8172.727,M,sensor,0,,,,,,,
2026-06-11T15:41:23.341Z,REAL,MANUAL,0.0,0.0,0.0,0.0,0.0,237.678,37.139,104.492,-8172.727,M,sensor,0,,,,,,,
2026-06-11T15:41:23.441Z,REAL,MANUAL,0.0,0.0,0.0,0.0,0.0,237.375,37.139,104.492,-8172.727,M,sensor,0,,,,,,,
2026-06-11T15:41:23.541Z,REAL,MANUAL,0.0,0.0,0.0,0.0,0.0,237.635,37.139,104.492,-8172.727,M,sensor,0,,,,,,,
2026-06-11T15:41:23.641Z,REAL,MANUAL,0.0,0.0,0.0,0.0,0.0,237.558,37.139,104.492,-8172.727,M,sensor,0,,,,,,,
2026-06-11T15:41:23.741Z,REAL,MANUAL,0.0,0.0,0.0,0.0,0.0,237.533,37.139,104.177,-8172.727,M,sensor,0,,,,,,,
2026-06-11T15:41:23.841Z,REAL,MANUAL,0.0,0.0,0.0,0.0,0.0,237.57,37.139,104.177,-8172.727,M,sensor,0,,,,,,,
2026-06-11T15:41:23.941Z,REAL,MANUAL,0.0,0.0,0.0,0.0,0.0,237.69,37.139,104.177,-8172.727,M,sensor,0,,,,,,,
2026-06-11T15:41:24.041Z,REAL,MANUAL,0.0,0.0,0.0,0.0,0.0,237.358,37.139,104.177,-8172.727,M,sensor,0,,,,,,,
2026-06-11T15:41:24.141Z,REAL,MANUAL,0.0,0.0,0.0,0.0,0.0,237.312,37.139,104.177,-8172.727,M,sensor,0,,,,,,,
2026-06-11T15:41:24.241Z,REAL,MANUAL,0.0,0.0,0.0,0.0,0.0,237.56,37.139,104.177,-8172.727,M,sensor,0,,,,,,,
2026-06-11T15:41:24.341Z,REAL,MANUAL,0.0,0.0,0.0,0.0,0.0,237.581,37.139,104.177,-8172.727,M,sensor,0,,,,,,,
2026-06-11T15:41:24.441Z,REAL,MANUAL,0.0,0.0,0.0,0.0,0.0,237.701,37.139,104.492,-8172.727,M,sensor,0,,,,,,,
2026-06-11T15:41:24.541Z,REAL,MANUAL,0.0,0.0,0.0,0.0,0.0,237.437,37.139,104.492,-8172.727,M,sensor,0,,,,,,,
2026-06-11T15:41:24.641Z,REAL,MANUAL,0.0,0.0,0.0,0.0,0.0,237.648,37.139,104.492,-8172.727,M,sensor,0,,,,,,,
2026-06-11T15:41:24.741Z,REAL,MANUAL,0.0,0.0,0.0,0.0,0.0,237.647,37.139,104.492,-8172.727,M,sensor,0,,,,,,,
2026-06-11T15:41:24.841Z,REAL,MANUAL,0.0,0.0,0.0,0.0,0.0,237.529,37.139,104.492,-8172.727,M,sensor,0,,,,,,,
2026-06-11T15:41:24.941Z,REAL,MANUAL,0.0,0.0,0.0,0.0,0.0,237.442,37.139,104.492,-8172.727,M,sensor,0,,,,,,,
2026-06-11T15:41:25.041Z,REAL,MANUAL,0.0,0.0,0.0,0.0,0.0,237.715,37.139,104.492,-8172.727,M,sensor,0,,,,,,,
2026-06-11T15:41:25.141Z,REAL,MANUAL,0.0,0.0,0.0,0.0,0.0,237.752,37.139,104.492,-8172.727,M,sensor,0,,,,,,,
2026-06-11T15:41:25.241Z,REAL,MANUAL,0.0,0.0,0.0,0.0,0.0,237.713,37.139,104.492,-8172.727,M,sensor,0,,,,,,,
2026-06-11T15:41:25.341Z,REAL,MANUAL,0.0,0.0,0.0,0.0,0.0,237.668,37.139,104.492,-8172.727,M,sensor,0,,,,,,,
2026-06-11T15:41:25.441Z,REAL,MANUAL,0.0,0.0,0.0,0.0,0.0,237.702,37.139,104.492,-8172.727,M,sensor,0,,,,,,,
2026-06-11T15:41:25.541Z,REAL,MANUAL,0.0,0.0,0.0,0.0,0.0,237.56,37.139,104.492,-8172.727,M,sensor,0,,,,,,,
2026-06-11T15:41:25.641Z,REAL,MANUAL,0.0,0.0,0.0,0.0,0.0,237.693,37.139,104.492,-8172.727,M,sensor,0,,,,,,,
2026-06-11T15:41:25.741Z,REAL,MANUAL,0.0,0.0,0.0,0.0,0.0,237.323,37.139,104.492,-8172.727,M,sensor,0,,,,,,,
2026-06-11T15:41:25.841Z,REAL,MANUAL,0.0,0.0,0.0,0.0,0.0,237.698,37.139,104.492,-8172.727,M,sensor,0,,,,,,,
2026-06-11T15:41:25.941Z,REAL,MANUAL,0.0,0.0,0.0,0.0,0.0,237.851,37.139,104.492,-8172.727,M,sensor,0,,,,,,,
2026-06-11T15:41:26.041Z,REAL,MANUAL,0.0,0.0,0.0,0.0,0.0,237.678,37.139,104.492,-8172.727,M,sensor,0,,,,,,,
2026-06-11T15:41:26.141Z,REAL,MANUAL,0.0,0.0,0.0,0.0,0.0,237.825,37.139,104.492,-8172.727,M,sensor,0,,,,,,,
2026-06-11T15:41:26.241Z,REAL,MANUAL,0.0,0.0,0.0,0.0,0.0,237.697,37.139,104.492,-8172.727,M,sensor,0,,,,,,,
2026-06-11T15:41:26.341Z,REAL,MANUAL,0.0,0.0,0.0,0.0,0.0,237.588,37.139,104.492,-8172.727,M,sensor,0,,,,,,,
2026-06-11T15:41:26.441Z,REAL,MANUAL,0.0,0.0,0.0,0.0,0.0,237.63,37.139,104.807,-8172.727,M,sensor,0,,,,,,,
2026-06-11T15:41:26.541Z,REAL,MANUAL,0.0,0.0,0.0,0.0,0.0,237.758,37.139,104.492,-8172.727,M,sensor,0,,,,,,,
2026-06-11T15:41:26.641Z,REAL,MANUAL,0.0,0.0,0.0,0.0,0.0,237.667,37.139,104.492,-8172.727,M,sensor,0,,,,,,,
2026-06-11T15:41:26.741Z,REAL,MANUAL,0.0,0.0,0.0,0.0,0.0,237.409,37.139,104.492,-8172.727,M,sensor,0,,,,,,,
2026-06-11T15:41:26.841Z,REAL,MANUAL,0.0,0.0,0.0,0.0,0.0,237.57,37.139,104.492,-8172.727,M,sensor,0,,,,,,,
2026-06-11T15:41:26.941Z,REAL,MANUAL,0.0,0.0,0.0,0.0,0.0,237.71,37.139,104.492,-8172.727,M,sensor,0,,,,,,,
2026-06-11T15:41:27.041Z,REAL,MANUAL,0.0,0.0,0.0,0.0,0.0,237.546,37.139,104.492,-8172.727,M,sensor,0,,,,,,,
2026-06-11T15:41:27.141Z,REAL,MANUAL,0.0,0.0,0.0,0.0,0.0,237.449,37.139,104.492,-8172.727,M,sensor,0,,,,,,,
2026-06-11T15:41:27.241Z,REAL,MANUAL,0.0,0.0,0.0,0.0,0.0,237.63,37.453,104.492,-8172.727,M,sensor,0,,,,,,,
2026-06-11T15:41:27.341Z,REAL,MANUAL,0.0,0.0,0.0,0.0,0.0,237.611,37.453,104.492,-8172.727,M,sensor,0,,,,,,,
2026-06-11T15:41:27.441Z,REAL,MANUAL,0.0,0.0,0.0,0.0,0.0,237.717,37.453,104.492,-8172.727,M,sensor,0,,,,,,,
2026-06-11T15:41:27.541Z,REAL,MANUAL,0.0,0.0,0.0,0.0,0.0,237.687,37.453,104.492,-8172.727,M,sensor,0,,,,,,,
2026-06-11T15:41:27.641Z,REAL,MANUAL,0.0,0.0,0.0,0.0,0.0,237.649,37.453,104.492,-8172.727,M,sensor,0,,,,,,,
2026-06-11T15:41:27.741Z,REAL,MANUAL,0.0,0.0,0.0,0.0,0.0,237.681,37.453,104.492,-8172.727,M,sensor,0,,,,,,,
2026-06-11T15:41:27.841Z,REAL,MANUAL,0.0,0.0,0.0,0.0,0.0,237.714,37.453,104.492,-8172.727,M,sensor,0,,,,,,,
2026-06-11T15:41:27.941Z,REAL,MANUAL,0.0,0.0,0.0,0.0,0.0,237.713,37.453,104.492,-8172.727,M,sensor,0,,,,,,,
2026-06-11T15:41:28.041Z,REAL,MANUAL,0.0,0.0,0.0,0.0,0.0,237.479,37.453,104.492,-8172.727,M,sensor,0,,,,,,,
2026-06-11T15:41:28.141Z,REAL,MANUAL,0.0,0.0,0.0,0.0,0.0,237.474,37.453,104.492,-8172.727,M,sensor,0,,,,,,,
2026-06-11T15:41:28.241Z,REAL,MANUAL,0.0,0.0,0.0,0.0,0.0,237.537,37.453,104.492,-8172.727,M,sensor,0,,,,,,,
2026-06-11T15:41:28.341Z,REAL,MANUAL,0.0,0.0,0.0,0.0,0.0,237.628,37.453,104.492,-8172.727,M,sensor,0,,,,,,,
2026-06-11T15:41:28.441Z,REAL,MANUAL,0.0,0.0,0.0,0.0,0.0,237.748,37.453,104.492,-8172.727,M,sensor,0,,,,,,,
2026-06-11T15:41:28.541Z,REAL,MANUAL,0.0,0.0,0.0,0.0,0.0,237.808,37.453,104.492,-8172.727,M,sensor,0,,,,,,,
2026-06-11T15:41:28.641Z,REAL,MANUAL,0.0,0.0,0.0,0.0,0.0,237.662,37.453,104.492,-8172.727,M,sensor,0,,,,,,,
2026-06-11T15:41:28.741Z,REAL,MANUAL,0.0,0.0,0.0,0.0,0.0,237.489,37.453,104.492,-8172.727,M,sensor,0,,,,,,,
2026-06-11T15:41:28.841Z,REAL,MANUAL,0.0,0.0,0.0,0.0,0.0,237.516,37.453,104.492,-8172.727,M,sensor,0,,,,,,,
2026-06-11T15:41:28.941Z,REAL,MANUAL,0.0,0.0,0.0,0.0,0.0,237.763,37.453,104.492,-8172.727,M,sensor,0,,,,,,,
2026-06-11T15:41:29.041Z,REAL,MANUAL,0.0,0.0,0.0,0.0,0.0,237.594,37.453,104.177,-8172.727,M,sensor,0,,,,,,,
2026-06-11T15:41:29.141Z,REAL,MANUAL,0.0,0.0,0.0,0.0,0.0,237.483,37.453,104.177,-8172.727,M,sensor,0,,,,,,,
2026-06-11T15:41:29.241Z,REAL,MANUAL,0.0,0.0,0.0,0.0,0.0,237.69,37.453,104.177,-8172.727,M,sensor,0,,,,,,,
2026-06-11T15:41:29.341Z,REAL,MANUAL,0.0,0.0,0.0,0.0,0.0,237.642,37.453,104.177,-8172.727,M,sensor,0,,,,,,,
2026-06-11T15:41:29.441Z,REAL,MANUAL,0.0,0.0,0.0,0.0,0.0,237.475,37.453,104.492,-8172.727,M,sensor,0,,,,,,,
2026-06-11T15:41:29.541Z,REAL,MANUAL,0.0,0.0,0.0,0.0,0.0,237.53,37.453,104.492,-8172.727,M,sensor,0,,,,,,,
2026-06-11T15:41:29.641Z,REAL,MANUAL,0.0,0.0,0.0,0.0,0.0,237.495,37.453,104.492,-8172.727,M,sensor,0,,,,,,,
2026-06-11T15:41:29.741Z,REAL,MANUAL,0.0,0.0,0.0,0.0,0.0,237.593,37.453,104.492,-8172.727,M,sensor,0,,,,,,,
2026-06-11T15:41:29.841Z,REAL,MANUAL,0.0,0.0,0.0,0.0,0.0,237.546,37.453,104.492,-8172.727,M,sensor,0,,,,,,,
2026-06-11T15:41:29.941Z,REAL,MANUAL,0.0,0.0,0.0,0.0,0.0,237.43,37.453,104.492,-8172.727,M,sensor,0,,,,,,,
2026-06-11T15:41:30.041Z,REAL,MANUAL,0.0,0.0,0.0,0.0,0.0,237.465,37.453,104.492,-8172.727,M,sensor,0,,,,,,,
2026-06-11T15:41:30.141Z,REAL,MANUAL,0.0,0.0,0.0,0.0,0.0,237.666,37.453,104.492,-8172.727,M,sensor,0,,,,,,,
2026-06-11T15:41:30.241Z,REAL,MANUAL,0.0,0.0,0.0,0.0,0.0,237.786,37.453,104.492,-8172.727,M,sensor,0,,,,,,,
2026-06-11T15:41:30.341Z,REAL,MANUAL,0.0,0.0,0.0,0.0,0.0,237.774,37.453,104.492,-8172.727,M,sensor,0,,,,,,,
2026-06-11T15:41:30.442Z,REAL,MANUAL,0.0,0.0,0.0,0.0,0.0,237.528,37.453,104.492,-8172.727,M,sensor,0,,,,,,,
2026-06-11T15:41:30.541Z,REAL,MANUAL,0.0,0.0,0.0,0.0,0.0,237.503,37.453,104.492,-8172.727,M,sensor,0,,,,,,,
2026-06-11T15:41:30.641Z,REAL,MANUAL,0.0,0.0,0.0,0.0,0.0,237.383,37.453,104.492,-8172.727,M,sensor,0,,,,,,,
2026-06-11T15:41:30.741Z,REAL,MANUAL,0.0,0.0,0.0,0.0,0.0,237.672,37.453,104.492,-8172.727,M,sensor,0,,,,,,,
2026-06-11T15:41:30.842Z,REAL,MANUAL,0.0,0.0,0.0,0.0,0.0,237.742,37.453,104.492,-8172.727,M,sensor,0,,,,,,,
2026-06-11T15:41:30.941Z,REAL,MANUAL,0.0,0.0,0.0,0.0,0.0,237.541,37.453,104.492,-8172.727,M,sensor,0,,,,,,,
2026-06-11T15:41:31.041Z,REAL,MANUAL,0.0,0.0,0.0,0.0,0.0,237.728,37.453,104.492,-8172.727,M,sensor,0,,,,,,,
2026-06-11T15:41:31.141Z,REAL,MANUAL,0.0,0.0,0.0,0.0,0.0,237.716,37.453,104.492,-8172.727,M,sensor,0,,,,,,,
2026-06-11T15:41:31.241Z,REAL,MANUAL,0.0,0.0,0.0,0.0,0.0,237.613,37.453,104.492,-8172.727,M,sensor,0,,,,,,,
2026-06-11T15:41:31.341Z,REAL,MANUAL,0.0,0.0,0.0,0.0,0.0,237.703,37.453,104.492,-8172.727,M,sensor,0,,,,,,,
2026-06-11T15:41:31.441Z,REAL,MANUAL,0.0,0.0,0.0,0.0,0.0,237.708,37.453,104.492,-8172.727,M,sensor,0,,,,,,,
2026-06-11T15:41:31.541Z,REAL,MANUAL,0.0,0.0,0.0,0.0,0.0,237.893,37.453,104.492,-8172.727,M,sensor,0,,,,,,,
2026-06-11T15:41:31.641Z,REAL,MANUAL,0.0,0.0,0.0,0.0,0.0,237.753,37.768,104.492,-8172.727,M,sensor,0,,,,,,,
2026-06-11T15:41:31.741Z,REAL,MANUAL,0.0,0.0,0.0,0.0,0.0,237.62,37.768,104.492,-8172.727,M,sensor,0,,,,,,,
2026-06-11T15:41:31.841Z,REAL,MANUAL,0.0,0.0,0.0,0.0,0.0,237.663,37.768,104.492,-8172.727,M,sensor,0,,,,,,,
2026-06-11T15:41:31.941Z,REAL,MANUAL,0.0,0.0,0.0,0.0,0.0,237.853,37.768,104.492,-8172.727,M,sensor,0,,,,,,,
2026-06-11T15:41:32.041Z,REAL,MANUAL,0.0,0.0,0.0,0.0,0.0,237.389,37.768,104.492,-8172.727,M,sensor,0,,,,,,,
2026-06-11T15:41:32.141Z,REAL,MANUAL,0.0,0.0,0.0,0.0,0.0,237.569,37.768,104.492,-8172.727,M,sensor,0,,,,,,,
2026-06-11T15:41:32.241Z,REAL,MANUAL,0.0,0.0,0.0,0.0,0.0,237.671,37.768,104.492,-8172.727,M,sensor,0,,,,,,,
2026-06-11T15:41:32.341Z,REAL,MANUAL,0.0,0.0,0.0,0.0,0.0,237.586,37.453,104.492,-8172.727,M,sensor,0,,,,,,,
2026-06-11T15:41:32.441Z,REAL,MANUAL,0.0,0.0,0.0,0.0,0.0,237.559,37.453,104.492,-8172.727,M,sensor,0,,,,,,,
2026-06-11T15:41:32.541Z,REAL,MANUAL,0.0,0.0,0.0,0.0,0.0,237.917,37.453,104.492,-8172.727,M,sensor,0,,,,,,,
2026-06-11T15:41:32.641Z,REAL,MANUAL,0.0,0.0,0.0,0.0,0.0,237.73,37.453,104.492,-8172.727,M,sensor,0,,,,,,,
2026-06-11T15:41:32.741Z,REAL,MANUAL,0.0,0.0,0.0,0.0,0.0,237.564,37.453,104.492,-8172.727,M,sensor,0,,,,,,,
2026-06-11T15:41:32.841Z,REAL,MANUAL,0.0,0.0,0.0,0.0,0.0,237.396,37.453,104.492,-8172.727,M,sensor,0,,,,,,,
2026-06-11T15:41:32.941Z,REAL,MANUAL,0.0,0.0,0.0,0.0,0.0,237.742,37.453,104.492,-8172.727,M,sensor,0,,,,,,,
2026-06-11T15:41:33.041Z,REAL,MANUAL,0.0,0.0,0.0,0.0,0.0,237.737,37.453,104.492,-8172.727,M,sensor,0,,,,,,,
2026-06-11T15:41:33.141Z,REAL,MANUAL,0.0,0.0,0.0,0.0,0.0,237.813,37.453,104.807,-8172.727,M,sensor,0,,,,,,,
2026-06-11T15:41:33.241Z,REAL,MANUAL,0.0,0.0,0.0,0.0,0.0,237.613,37.768,104.807,-8172.727,M,sensor,0,,,,,,,
2026-06-11T15:41:33.341Z,REAL,MANUAL,0.0,0.0,0.0,0.0,0.0,237.643,37.768,104.807,-8172.727,M,sensor,0,,,,,,,
2026-06-11T15:41:33.441Z,REAL,MANUAL,0.0,0.0,0.0,0.0,0.0,237.717,37.453,104.807,-8172.727,M,sensor,0,,,,,,,
2026-06-11T15:41:33.541Z,REAL,MANUAL,0.0,0.0,0.0,0.0,0.0,237.58,37.453,104.492,-8172.727,M,sensor,0,,,,,,,
2026-06-11T15:41:33.641Z,REAL,MANUAL,0.0,0.0,0.0,0.0,0.0,237.68,37.453,104.492,-8172.727,M,sensor,0,,,,,,,
2026-06-11T15:41:33.741Z,REAL,MANUAL,0.0,0.0,0.0,0.0,0.0,237.491,37.768,104.492,-8172.727,M,sensor,0,,,,,,,
2026-06-11T15:41:33.841Z,REAL,MANUAL,0.0,0.0,0.0,0.0,0.0,237.709,37.768,104.492,-8172.727,M,sensor,0,,,,,,,
2026-06-11T15:41:33.941Z,REAL,MANUAL,0.0,0.0,0.0,0.0,0.0,237.609,37.768,104.492,-8172.727,M,sensor,0,,,,,,,
2026-06-11T15:41:34.041Z,REAL,MANUAL,0.0,0.0,0.0,0.0,0.0,237.487,37.768,104.492,-8172.727,M,sensor,0,,,,,,,
2026-06-11T15:41:34.141Z,REAL,MANUAL,0.0,0.0,0.0,0.0,0.0,237.494,37.768,104.492,-8172.727,M,sensor,0,,,,,,,
2026-06-11T15:41:34.241Z,REAL,MANUAL,0.0,0.0,0.0,0.0,0.0,237.64,37.453,104.492,-8172.727,M,sensor,0,,,,,,,
2026-06-11T15:41:34.341Z,REAL,MANUAL,0.0,0.0,0.0,0.0,0.0,237.682,37.768,104.492,-8172.727,M,sensor,0,,,,,,,
2026-06-11T15:41:34.441Z,REAL,MANUAL,0.0,0.0,0.0,0.0,0.0,237.694,37.768,104.807,-8172.727,M,sensor,0,,,,,,,
2026-06-11T15:41:34.541Z,REAL,MANUAL,0.0,0.0,0.0,0.0,0.0,237.851,37.768,104.807,-8172.727,M,sensor,0,,,,,,,
2026-06-11T15:41:34.641Z,REAL,MANUAL,0.0,0.0,0.0,0.0,0.0,237.643,37.768,104.807,-8172.727,M,sensor,0,,,,,,,
2026-06-11T15:41:34.741Z,REAL,MANUAL,0.0,0.0,0.0,0.0,0.0,237.579,37.768,104.807,-8172.727,M,sensor,0,,,,,,,
2026-06-11T15:41:34.841Z,REAL,MANUAL,0.0,0.0,0.0,0.0,0.0,237.736,37.768,104.807,-8172.727,M,sensor,0,,,,,,,
2026-06-11T15:41:34.941Z,REAL,MANUAL,0.0,0.0,0.0,0.0,0.0,237.762,37.768,104.807,-8172.727,M,sensor,0,,,,,,,
2026-06-11T15:41:35.041Z,REAL,MANUAL,0.0,0.0,0.0,0.0,0.0,237.576,37.453,104.807,-8172.727,M,sensor,0,,,,,,,
2026-06-11T15:41:35.141Z,REAL,MANUAL,0.0,0.0,0.0,0.0,0.0,237.613,37.453,104.807,-8172.727,M,sensor,0,,,,,,,
2026-06-11T15:41:35.241Z,REAL,MANUAL,0.0,0.0,0.0,0.0,0.0,237.71,37.453,104.807,-8172.727,M,sensor,0,,,,,,,
2026-06-11T15:41:35.341Z,REAL,MANUAL,0.0,0.0,0.0,0.0,0.0,237.757,37.453,104.807,-8172.727,M,sensor,0,,,,,,,
2026-06-11T15:41:35.441Z,REAL,MANUAL,0.0,0.0,0.0,0.0,0.0,237.693,37.453,104.807,-8172.727,M,sensor,0,,,,,,,
2026-06-11T15:41:35.541Z,REAL,MANUAL,0.0,0.0,0.0,0.0,0.0,237.568,37.453,104.807,-8172.727,M,sensor,0,,,,,,,
2026-06-11T15:41:35.641Z,REAL,MANUAL,0.0,0.0,0.0,0.0,0.0,237.791,37.453,104.807,-8172.727,M,sensor,0,,,,,,,
2026-06-11T15:41:35.741Z,REAL,MANUAL,0.0,0.0,0.0,0.0,0.0,237.647,37.453,104.807,-8172.727,M,sensor,0,,,,,,,
2026-06-11T15:41:35.841Z,REAL,MANUAL,0.0,0.0,0.0,0.0,0.0,237.638,37.453,104.807,-8172.727,M,sensor,0,,,,,,,
2026-06-11T15:41:35.941Z,REAL,MANUAL,0.0,0.0,0.0,0.0,0.0,237.577,37.453,104.807,-8172.727,M,sensor,0,,,,,,,
2026-06-11T15:41:36.041Z,REAL,MANUAL,0.0,0.0,0.0,0.0,0.0,237.468,37.453,104.807,-8172.727,M,sensor,0,,,,,,,
2026-06-11T15:41:36.141Z,REAL,MANUAL,0.0,0.0,0.0,0.0,0.0,237.676,37.453,104.807,-8172.727,M,sensor,0,,,,,,,
2026-06-11T15:41:36.241Z,REAL,MANUAL,0.0,0.0,0.0,0.0,0.0,237.655,37.453,104.807,-8172.727,M,sensor,0,,,,,,,
2026-06-11T15:41:36.341Z,REAL,MANUAL,0.0,0.0,0.0,0.0,0.0,237.487,37.453,104.807,-8172.727,M,sensor,0,,,,,,,
2026-06-11T15:41:36.441Z,REAL,MANUAL,0.0,0.0,0.0,0.0,0.0,237.555,37.453,104.807,-8172.727,M,sensor,0,,,,,,,
2026-06-11T15:41:36.541Z,REAL,MANUAL,0.0,0.0,0.0,0.0,0.0,237.567,37.453,104.807,-8172.727,M,sensor,0,,,,,,,
2026-06-11T15:41:36.641Z,REAL,MANUAL,0.0,0.0,0.0,0.0,0.0,237.622,37.453,104.807,-8172.727,M,sensor,0,,,,,,,
2026-06-11T15:41:36.741Z,REAL,MANUAL,0.0,0.0,0.0,0.0,0.0,237.593,37.453,104.492,-8172.727,M,sensor,0,,,,,,,
2026-06-11T15:41:36.841Z,REAL,MANUAL,0.0,0.0,0.0,0.0,0.0,237.497,37.453,104.807,-8172.727,M,sensor,0,,,,,,,
2026-06-11T15:41:36.941Z,REAL,MANUAL,0.0,0.0,0.0,0.0,0.0,237.598,37.453,104.492,-8172.727,M,sensor,0,,,,,,,
2026-06-11T15:41:37.041Z,REAL,MANUAL,0.0,0.0,0.0,0.0,0.0,237.448,37.453,104.807,-8172.727,M,sensor,0,,,,,,,
2026-06-11T15:41:37.141Z,REAL,MANUAL,0.0,0.0,0.0,0.0,0.0,237.534,37.453,104.807,-8172.727,M,sensor,0,,,,,,,
2026-06-11T15:41:37.241Z,REAL,MANUAL,0.0,0.0,0.0,0.0,0.0,237.68,37.453,104.807,-8172.727,M,sensor,0,,,,,,,
2026-06-11T15:41:37.341Z,REAL,MANUAL,0.0,0.0,0.0,0.0,0.0,237.737,37.453,104.492,-8172.727,M,sensor,0,,,,,,,
2026-06-11T15:41:37.441Z,REAL,MANUAL,0.0,0.0,0.0,0.0,0.0,237.677,37.453,104.492,-8172.727,M,sensor,0,,,,,,,
2026-06-11T15:41:37.541Z,REAL,MANUAL,0.0,0.0,0.0,0.0,0.0,237.645,37.453,104.492,-8172.727,M,sensor,0,,,,,,,
2026-06-11T15:41:37.641Z,REAL,MANUAL,0.0,0.0,0.0,0.0,0.0,237.682,37.453,104.807,-8172.727,M,sensor,0,,,,,,,
2026-06-11T15:41:37.741Z,REAL,MANUAL,0.0,0.0,0.0,0.0,0.0,237.671,37.453,104.807,-8172.727,M,sensor,0,,,,,,,
2026-06-11T15:41:37.841Z,REAL,MANUAL,0.0,0.0,0.0,0.0,0.0,237.705,37.453,104.492,-8172.727,M,sensor,0,,,,,,,
2026-06-11T15:41:37.941Z,REAL,MANUAL,0.0,0.0,0.0,0.0,0.0,237.768,37.453,104.492,-8172.727,M,sensor,0,,,,,,,
2026-06-11T15:41:38.041Z,REAL,MANUAL,0.0,0.0,0.0,0.0,0.0,237.509,37.453,104.492,-8172.727,M,sensor,0,,,,,,,
2026-06-11T15:41:38.141Z,REAL,MANUAL,0.0,0.0,0.0,0.0,0.0,237.711,37.453,104.492,-8172.727,M,sensor,0,,,,,,,
2026-06-11T15:41:38.241Z,REAL,MANUAL,0.0,0.0,0.0,0.0,0.0,237.69,37.453,104.492,-8172.727,M,sensor,0,,,,,,,
2026-06-11T15:41:38.341Z,REAL,MANUAL,0.0,0.0,0.0,0.0,0.0,237.616,37.453,104.492,-8172.727,M,sensor,0,,,,,,,
2026-06-11T15:41:38.441Z,REAL,MANUAL,0.0,0.0,0.0,0.0,0.0,237.616,37.453,104.492,-8172.727,M,sensor,0,,,,,,,
2026-06-11T15:41:38.541Z,REAL,MANUAL,0.0,0.0,0.0,0.0,0.0,237.733,37.453,104.492,-8172.727,M,sensor,0,,,,,,,
2026-06-11T15:41:38.641Z,REAL,MANUAL,0.0,0.0,0.0,0.0,0.0,237.457,37.453,104.492,-8172.727,M,sensor,0,,,,,,,
2026-06-11T15:41:38.741Z,REAL,MANUAL,0.0,0.0,0.0,0.0,0.0,237.357,37.453,104.492,-8172.727,M,sensor,0,,,,,,,
2026-06-11T15:41:38.841Z,REAL,MANUAL,0.0,0.0,0.0,0.0,0.0,237.632,37.453,104.492,-8172.727,M,sensor,0,,,,,,,
2026-06-11T15:41:38.941Z,REAL,MANUAL,0.0,0.0,0.0,0.0,0.0,237.9,37.453,104.492,-8172.727,M,sensor,0,,,,,,,
2026-06-11T15:41:39.041Z,REAL,MANUAL,0.0,0.0,0.0,0.0,0.0,237.802,37.453,104.492,-8172.727,M,sensor,0,,,,,,,
2026-06-11T15:41:39.141Z,REAL,MANUAL,0.0,0.0,0.0,0.0,0.0,237.618,37.453,104.492,-8172.727,M,sensor,0,,,,,,,
2026-06-11T15:41:39.241Z,REAL,MANUAL,0.0,0.0,0.0,0.0,0.0,237.593,37.453,104.492,-8172.727,M,sensor,0,,,,,,,
2026-06-11T15:41:39.341Z,REAL,MANUAL,0.0,0.0,0.0,0.0,0.0,237.741,37.453,104.492,-8172.727,M,sensor,0,,,,,,,
2026-06-11T15:41:39.441Z,REAL,MANUAL,0.0,0.0,0.0,0.0,0.0,237.648,37.453,104.492,-8172.727,M,sensor,0,,,,,,,
2026-06-11T15:41:39.541Z,REAL,MANUAL,0.0,0.0,0.0,0.0,0.0,237.769,37.453,104.492,-8172.727,M,sensor,0,,,,,,,
2026-06-11T15:41:39.641Z,REAL,MANUAL,0.0,0.0,0.0,0.0,0.0,237.623,37.453,104.492,-8172.727,M,sensor,0,,,,,,,
2026-06-11T15:41:39.741Z,REAL,MANUAL,0.0,0.0,0.0,0.0,0.0,237.484,37.453,104.492,-8172.727,M,sensor,0,,,,,,,
2026-06-11T15:41:39.841Z,REAL,MANUAL,0.0,0.0,0.0,0.0,0.0,237.806,37.453,104.492,-8172.727,M,sensor,0,,,,,,,
2026-06-11T15:41:39.941Z,REAL,MANUAL,0.0,0.0,0.0,0.0,0.0,237.61,37.453,104.492,-8172.727,M,sensor,0,,,,,,,
2026-06-11T15:41:40.041Z,REAL,MANUAL,0.0,0.0,0.0,0.0,0.0,237.731,37.453,104.492,-8172.727,M,sensor,0,,,,,,,
2026-06-11T15:41:40.141Z,REAL,MANUAL,0.0,0.0,0.0,0.0,0.0,237.627,37.453,104.492,-8172.727,M,sensor,0,,,,,,,
2026-06-11T15:41:40.241Z,REAL,MANUAL,0.0,0.0,0.0,0.0,0.0,237.992,37.453,104.492,-8172.727,M,sensor,0,,,,,,,
2026-06-11T15:41:40.341Z,REAL,MANUAL,0.0,0.0,0.0,0.0,0.0,237.534,37.453,104.492,-8172.727,M,sensor,0,,,,,,,
2026-06-11T15:41:40.441Z,REAL,MANUAL,0.0,0.0,0.0,0.0,0.0,237.563,37.453,104.492,-8172.727,M,sensor,0,,,,,,,
2026-06-11T15:41:40.541Z,REAL,MANUAL,0.0,0.0,0.0,0.0,0.0,237.734,37.453,104.492,-8172.727,M,sensor,0,,,,,,,
2026-06-11T15:41:40.641Z,REAL,MANUAL,0.0,0.0,0.0,0.0,0.0,237.7,37.453,104.492,-8172.727,M,sensor,0,,,,,,,
2026-06-11T15:41:40.741Z,REAL,MANUAL,0.0,0.0,0.0,0.0,0.0,237.779,37.453,104.492,-8172.727,M,sensor,0,,,,,,,
2026-06-11T15:41:40.841Z,REAL,MANUAL,0.0,0.0,0.0,0.0,0.0,237.522,37.453,104.492,-8172.727,M,sensor,0,,,,,,,
2026-06-11T15:41:40.941Z,REAL,MANUAL,0.0,0.0,0.0,0.0,0.0,237.257,37.453,104.492,-8172.727,M,sensor,0,,,,,,,
2026-06-11T15:41:41.041Z,REAL,MANUAL,0.0,0.0,0.0,0.0,0.0,237.783,37.453,104.492,-8172.727,M,sensor,0,,,,,,,
2026-06-11T15:41:41.141Z,REAL,MANUAL,0.0,0.0,0.0,0.0,0.0,237.459,37.453,104.492,-8172.727,M,sensor,0,,,,,,,
2026-06-11T15:41:41.241Z,REAL,MANUAL,0.0,0.0,0.0,0.0,0.0,237.665,37.453,104.492,-8172.727,M,sensor,0,,,,,,,
2026-06-11T15:41:41.341Z,REAL,MANUAL,0.0,0.0,0.0,0.0,0.0,237.562,37.453,104.492,-8172.727,M,sensor,0,,,,,,,
2026-06-11T15:41:41.441Z,REAL,MANUAL,0.0,0.0,0.0,0.0,0.0,237.618,37.453,104.492,-8172.727,M,sensor,0,,,,,,,
2026-06-11T15:41:41.541Z,REAL,MANUAL,0.0,0.0,0.0,0.0,0.0,237.903,37.453,104.492,-8172.727,M,sensor,0,,,,,,,
2026-06-11T15:41:41.641Z,REAL,MANUAL,0.0,0.0,0.0,0.0,0.0,237.703,37.453,104.492,-8172.727,M,sensor,0,,,,,,,
2026-06-11T15:41:41.741Z,REAL,MANUAL,0.0,0.0,0.0,0.0,0.0,237.734,37.453,104.492,-8172.727,M,sensor,0,,,,,,,
2026-06-11T15:41:41.841Z,REAL,MANUAL,0.0,0.0,0.0,0.0,0.0,237.678,37.453,104.492,-8172.727,M,sensor,0,,,,,,,
2026-06-11T15:41:41.941Z,REAL,MANUAL,0.0,0.0,0.0,0.0,0.0,237.722,37.453,104.492,-8172.727,M,sensor,0,,,,,,,
2026-06-11T15:41:42.041Z,REAL,MANUAL,0.0,0.0,0.0,0.0,0.0,237.631,37.453,104.492,-8172.727,M,sensor,0,,,,,,,
2026-06-11T15:41:42.141Z,REAL,MANUAL,0.0,0.0,0.0,0.0,0.0,237.684,37.453,104.492,-8172.727,M,sensor,0,,,,,,,
2026-06-11T15:41:42.241Z,REAL,MANUAL,0.0,0.0,0.0,0.0,0.0,237.555,37.453,104.492,-8172.727,M,sensor,0,,,,,,,
2026-06-11T15:41:42.341Z,REAL,MANUAL,0.0,0.0,0.0,0.0,0.0,237.491,37.453,104.492,-8172.727,M,sensor,0,,,,,,,
2026-06-11T15:41:42.441Z,REAL,MANUAL,0.0,0.0,0.0,0.0,0.0,237.609,37.453,104.492,-8172.727,M,sensor,0,,,,,,,
2026-06-11T15:41:42.541Z,REAL,MANUAL,0.0,0.0,0.0,0.0,0.0,237.766,37.453,104.492,-8172.727,M,sensor,0,,,,,,,
2026-06-11T15:41:42.641Z,REAL,MANUAL,0.0,0.0,0.0,0.0,0.0,237.469,37.453,104.492,-8172.727,M,sensor,0,,,,,,,
2026-06-11T15:41:42.741Z,REAL,MANUAL,0.0,0.0,0.0,0.0,0.0,237.472,37.453,104.492,-8172.727,M,sensor,0,,,,,,,
2026-06-11T15:41:42.841Z,REAL,MANUAL,0.0,0.0,0.0,0.0,0.0,237.713,37.453,104.492,-8172.727,M,sensor,0,,,,,,,
2026-06-11T15:41:42.941Z,REAL,MANUAL,0.0,0.0,0.0,0.0,0.0,237.555,37.453,104.492,-8172.727,M,sensor,0,,,,,,,
2026-06-11T15:41:43.041Z,REAL,MANUAL,0.0,0.0,0.0,0.0,0.0,237.602,37.453,104.492,-8172.727,M,sensor,0,,,,,,,
2026-06-11T15:41:43.141Z,REAL,MANUAL,0.0,0.0,0.0,0.0,0.0,237.764,37.453,104.492,-8172.727,M,sensor,0,,,,,,,
2026-06-11T15:41:43.241Z,REAL,MANUAL,0.0,0.0,0.0,0.0,0.0,237.602,37.453,104.492,-8172.727,M,sensor,0,,,,,,,
2026-06-11T15:41:43.341Z,REAL,MANUAL,0.0,0.0,0.0,0.0,0.0,237.607,37.453,104.492,-8172.727,M,sensor,0,,,,,,,
2026-06-11T15:41:43.441Z,REAL,MANUAL,0.0,0.0,0.0,0.0,0.0,237.57,37.453,104.492,-8172.727,M,sensor,0,,,,,,,
2026-06-11T15:41:43.541Z,REAL,MANUAL,0.0,0.0,0.0,0.0,0.0,237.587,37.453,104.492,-8172.727,M,sensor,0,,,,,,,
2026-06-11T15:41:43.641Z,REAL,MANUAL,0.0,0.0,0.0,0.0,0.0,237.729,37.453,104.492,-8172.727,M,sensor,0,,,,,,,
2026-06-11T15:41:43.741Z,REAL,MANUAL,0.0,0.0,0.0,0.0,0.0,237.689,37.453,104.492,-8172.727,M,sensor,0,,,,,,,
2026-06-11T15:41:43.841Z,REAL,MANUAL,0.0,0.0,0.0,0.0,0.0,237.678,37.453,104.492,-8172.727,M,sensor,0,,,,,,,
2026-06-11T15:41:43.941Z,REAL,MANUAL,0.0,0.0,0.0,0.0,0.0,237.527,37.453,104.492,-8172.727,M,sensor,0,,,,,,,
2026-06-11T15:41:44.041Z,REAL,MANUAL,0.0,0.0,0.0,0.0,0.0,237.652,37.453,104.492,-8172.727,M,sensor,0,,,,,,,
2026-06-11T15:41:44.141Z,REAL,MANUAL,0.0,0.0,0.0,0.0,0.0,237.554,37.453,104.492,-8172.727,M,sensor,0,,,,,,,
2026-06-11T15:41:44.241Z,REAL,MANUAL,0.0,0.0,0.0,0.0,0.0,237.513,37.453,104.492,-8172.727,M,sensor,0,,,,,,,
2026-06-11T15:41:44.341Z,REAL,MANUAL,0.0,0.0,0.0,0.0,0.0,237.626,37.453,104.492,-8172.727,M,sensor,0,,,,,,,
2026-06-11T15:41:44.441Z,REAL,MANUAL,0.0,0.0,0.0,0.0,0.0,237.424,37.453,104.177,-8172.727,M,sensor,0,,,,,,,
2026-06-11T15:41:44.541Z,REAL,MANUAL,0.0,0.0,0.0,0.0,0.0,237.64,37.453,104.177,-8172.727,M,sensor,0,,,,,,,
2026-06-11T15:41:44.641Z,REAL,MANUAL,0.0,0.0,0.0,0.0,0.0,237.541,37.453,104.177,-8172.727,M,sensor,0,,,,,,,
2026-06-11T15:41:44.741Z,REAL,MANUAL,0.0,0.0,0.0,0.0,0.0,237.71,37.453,104.177,-8172.727,M,sensor,0,,,,,,,
2026-06-11T15:41:44.841Z,REAL,MANUAL,0.0,0.0,0.0,0.0,0.0,237.576,37.453,104.177,-8172.727,M,sensor,0,,,,,,,
2026-06-11T15:41:44.941Z,REAL,MANUAL,0.0,0.0,0.0,0.0,0.0,237.706,37.453,104.177,-8172.727,M,sensor,0,,,,,,,
2026-06-11T15:41:45.041Z,REAL,MANUAL,0.0,0.0,0.0,0.0,0.0,237.415,37.453,104.177,-8172.727,M,sensor,0,,,,,,,
2026-06-11T15:41:45.141Z,REAL,MANUAL,0.0,0.0,0.0,0.0,0.0,237.565,37.453,104.177,-8172.727,M,sensor,0,,,,,,,
2026-06-11T15:41:45.241Z,REAL,MANUAL,0.0,0.0,0.0,0.0,0.0,237.657,37.453,104.177,-8172.727,M,sensor,0,,,,,,,
2026-06-11T15:41:45.341Z,REAL,MANUAL,0.0,0.0,0.0,0.0,0.0,237.461,37.453,104.177,-8172.727,M,sensor,0,,,,,,,
2026-06-11T15:41:45.441Z,REAL,MANUAL,0.0,0.0,0.0,0.0,0.0,237.362,37.453,104.492,-8172.727,M,sensor,0,,,,,,,
2026-06-11T15:41:45.541Z,REAL,MANUAL,0.0,0.0,0.0,0.0,0.0,237.51,37.453,104.492,-8172.727,M,sensor,0,,,,,,,
2026-06-11T15:41:45.641Z,REAL,MANUAL,0.0,0.0,0.0,0.0,0.0,237.588,37.453,104.492,-8172.727,M,sensor,0,,,,,,,
2026-06-11T15:41:45.741Z,REAL,MANUAL,0.0,0.0,0.0,0.0,0.0,237.657,37.453,104.492,-8172.727,M,sensor,0,,,,,,,
2026-06-11T15:41:45.841Z,REAL,MANUAL,0.0,0.0,0.0,0.0,0.0,237.586,37.453,104.492,-8172.727,M,sensor,0,,,,,,,
2026-06-11T15:41:45.941Z,REAL,MANUAL,0.0,0.0,0.0,0.0,0.0,237.719,37.453,104.492,-8172.727,M,sensor,0,,,,,,,
2026-06-11T15:41:46.041Z,REAL,MANUAL,0.0,0.0,0.0,0.0,0.0,237.293,37.453,104.492,-8172.727,M,sensor,0,,,,,,,
2026-06-11T15:41:46.141Z,REAL,MANUAL,0.0,0.0,0.0,0.0,0.0,237.712,37.453,104.177,-8172.727,M,sensor,0,,,,,,,
2026-06-11T15:41:46.241Z,REAL,MANUAL,0.0,0.0,0.0,0.0,0.0,237.489,37.453,104.177,-8172.727,M,sensor,0,,,,,,,
2026-06-11T15:41:46.342Z,REAL,MANUAL,0.0,0.0,0.0,0.0,0.0,237.355,37.453,104.177,-8172.727,M,sensor,0,,,,,,,
2026-06-11T15:41:46.441Z,REAL,MANUAL,0.0,0.0,0.0,0.0,0.0,237.466,37.453,104.177,-8172.727,M,sensor,0,,,,,,,
2026-06-11T15:41:46.541Z,REAL,MANUAL,0.0,0.0,0.0,0.0,0.0,237.666,37.453,104.177,-8172.727,M,sensor,0,,,,,,,
2026-06-11T15:41:46.641Z,REAL,MANUAL,0.0,0.0,0.0,0.0,0.0,237.624,37.453,104.177,-8172.727,M,sensor,0,,,,,,,
2026-06-11T15:41:46.741Z,REAL,MANUAL,0.0,0.0,0.0,0.0,0.0,237.542,37.453,104.177,-8172.727,M,sensor,0,,,,,,,
2026-06-11T15:41:46.841Z,REAL,MANUAL,0.0,0.0,0.0,0.0,0.0,237.612,37.453,104.177,-8172.727,M,sensor,0,,,,,,,
2026-06-11T15:41:46.941Z,REAL,MANUAL,0.0,0.0,0.0,0.0,0.0,237.747,37.453,104.177,-8172.727,M,sensor,0,,,,,,,
2026-06-11T15:41:47.041Z,REAL,MANUAL,0.0,0.0,0.0,0.0,0.0,237.5,37.453,104.177,-8172.727,M,sensor,0,,,,,,,
2026-06-11T15:41:47.141Z,REAL,MANUAL,0.0,0.0,0.0,0.0,0.0,237.711,37.453,104.177,-8172.727,M,sensor,0,,,,,,,
2026-06-11T15:41:47.241Z,REAL,MANUAL,0.0,0.0,0.0,0.0,0.0,237.716,37.453,104.177,-8172.727,M,sensor,0,,,,,,,
2026-06-11T15:41:47.341Z,REAL,MANUAL,0.0,0.0,0.0,0.0,0.0,237.687,37.453,104.177,-8172.727,M,sensor,0,,,,,,,
2026-06-11T15:41:47.441Z,REAL,MANUAL,0.0,0.0,0.0,0.0,0.0,237.671,37.453,104.177,-8172.727,M,sensor,0,,,,,,,
2026-06-11T15:41:47.541Z,REAL,MANUAL,0.0,0.0,0.0,0.0,0.0,237.474,37.453,104.177,-8172.727,M,sensor,0,,,,,,,
2026-06-11T15:41:47.641Z,REAL,MANUAL,0.0,0.0,0.0,0.0,0.0,237.815,37.453,104.492,-8172.727,M,sensor,0,,,,,,,
2026-06-11T15:41:47.741Z,REAL,MANUAL,0.0,0.0,0.0,0.0,0.0,237.613,37.453,104.492,-8172.727,M,sensor,0,,,,,,,
2026-06-11T15:41:47.841Z,REAL,MANUAL,0.0,0.0,0.0,0.0,0.0,237.493,37.453,104.492,-8172.727,M,sensor,0,,,,,,,
2026-06-11T15:41:47.941Z,REAL,MANUAL,0.0,0.0,0.0,0.0,0.0,237.777,37.453,104.492,-8172.727,M,sensor,0,,,,,,,
2026-06-11T15:41:48.041Z,REAL,MANUAL,0.0,0.0,0.0,0.0,0.0,237.432,37.453,104.492,-8172.727,M,sensor,0,,,,,,,
2026-06-11T15:41:48.141Z,REAL,MANUAL,0.0,0.0,0.0,0.0,0.0,237.531,37.453,104.492,-8172.727,M,sensor,0,,,,,,,
2026-06-11T15:41:48.241Z,REAL,MANUAL,0.0,0.0,0.0,0.0,0.0,237.625,37.453,104.492,-8172.727,M,sensor,0,,,,,,,
2026-06-11T15:41:48.341Z,REAL,MANUAL,0.0,0.0,0.0,0.0,0.0,237.559,37.453,104.492,-8172.727,M,sensor,0,,,,,,,
2026-06-11T15:41:48.441Z,REAL,MANUAL,0.0,0.0,0.0,0.0,0.0,237.617,37.453,104.492,-8172.727,M,sensor,0,,,,,,,
2026-06-11T15:41:48.541Z,REAL,MANUAL,0.0,0.0,0.0,0.0,0.0,237.645,37.453,104.492,-8172.727,M,sensor,0,,,,,,,
2026-06-11T15:41:48.641Z,REAL,MANUAL,0.0,0.0,0.0,0.0,0.0,237.705,37.453,104.492,-8172.727,M,sensor,0,,,,,,,
2026-06-11T15:41:48.741Z,REAL,MANUAL,0.0,0.0,0.0,0.0,0.0,237.841,37.453,104.492,-8172.727,M,sensor,0,,,,,,,
2026-06-11T15:41:48.841Z,REAL,MANUAL,0.0,0.0,0.0,0.0,0.0,237.875,37.453,104.492,-8172.727,M,sensor,0,,,,,,,
2026-06-11T15:41:48.941Z,REAL,MANUAL,0.0,0.0,0.0,0.0,0.0,237.604,37.453,104.807,-8172.727,M,sensor,0,,,,,,,
2026-06-11T15:41:49.041Z,REAL,MANUAL,0.0,0.0,0.0,0.0,0.0,237.574,37.453,104.807,-8172.727,M,sensor,0,,,,,,,
2026-06-11T15:41:49.141Z,REAL,MANUAL,0.0,0.0,0.0,0.0,0.0,237.717,37.453,104.807,-8172.727,M,sensor,0,,,,,,,
2026-06-11T15:41:49.241Z,REAL,MANUAL,0.0,0.0,0.0,0.0,0.0,237.907,37.453,104.807,-8172.727,M,sensor,0,,,,,,,
2026-06-11T15:41:49.341Z,REAL,MANUAL,0.0,0.0,0.0,0.0,0.0,237.735,37.453,104.807,-8172.727,M,sensor,0,,,,,,,
2026-06-11T15:41:49.441Z,REAL,MANUAL,0.0,0.0,0.0,0.0,0.0,237.561,37.453,104.807,-8172.727,M,sensor,0,,,,,,,
2026-06-11T15:41:49.541Z,REAL,MANUAL,0.0,0.0,0.0,0.0,0.0,237.713,37.453,104.807,-8172.727,M,sensor,0,,,,,,,
2026-06-11T15:41:49.641Z,REAL,MANUAL,0.0,0.0,0.0,0.0,0.0,237.547,37.453,104.807,-8172.727,M,sensor,0,,,,,,,
2026-06-11T15:41:49.741Z,REAL,MANUAL,0.0,0.0,0.0,0.0,0.0,237.579,37.453,104.807,-8172.727,M,sensor,0,,,,,,,
2026-06-11T15:41:49.841Z,REAL,MANUAL,0.0,0.0,0.0,0.0,0.0,237.501,37.453,104.807,-8172.727,M,sensor,0,,,,,,,
2026-06-11T15:41:49.941Z,REAL,MANUAL,0.0,0.0,0.0,0.0,0.0,237.489,37.453,104.807,-8172.727,M,sensor,0,,,,,,,
2026-06-11T15:41:50.041Z,REAL,MANUAL,0.0,0.0,0.0,0.0,0.0,237.498,37.453,104.807,-8172.727,M,sensor,0,,,,,,,
2026-06-11T15:41:50.141Z,REAL,MANUAL,0.0,0.0,0.0,0.0,0.0,237.83,37.453,104.807,-8172.727,M,sensor,0,,,,,,,
2026-06-11T15:41:50.241Z,REAL,MANUAL,0.0,0.0,0.0,0.0,0.0,237.72,37.453,104.807,-8172.727,M,sensor,0,,,,,,,
2026-06-11T15:41:50.341Z,REAL,MANUAL,0.0,0.0,0.0,0.0,0.0,237.671,37.453,104.807,-8172.727,M,sensor,0,,,,,,,
2026-06-11T15:41:50.441Z,REAL,MANUAL,0.0,0.0,0.0,0.0,0.0,237.632,37.453,104.807,-8172.727,M,sensor,0,,,,,,,
2026-06-11T15:41:50.541Z,REAL,MANUAL,0.0,0.0,0.0,0.0,0.0,237.684,37.453,104.807,-8172.727,M,sensor,0,,,,,,,
2026-06-11T15:41:50.641Z,REAL,MANUAL,0.0,0.0,0.0,0.0,0.0,237.646,37.453,104.807,-8172.727,M,sensor,0,,,,,,,
2026-06-11T15:41:50.741Z,REAL,MANUAL,0.0,0.0,0.0,0.0,0.0,237.625,37.453,104.807,-8172.727,M,sensor,0,,,,,,,
2026-06-11T15:41:50.841Z,REAL,MANUAL,0.0,0.0,0.0,0.0,0.0,237.842,37.453,104.807,-8172.727,M,sensor,0,,,,,,,
2026-06-11T15:41:50.941Z,REAL,MANUAL,0.0,0.0,0.0,0.0,0.0,237.806,37.453,104.807,-8172.727,M,sensor,0,,,,,,,
2026-06-11T15:41:51.041Z,REAL,MANUAL,0.0,0.0,0.0,0.0,0.0,237.624,37.453,104.807,-8172.727,M,sensor,0,,,,,,,
2026-06-11T15:41:51.141Z,REAL,MANUAL,0.0,0.0,0.0,0.0,0.0,237.609,37.453,104.807,-8172.727,M,sensor,0,,,,,,,
2026-06-11T15:41:51.241Z,REAL,MANUAL,0.0,0.0,0.0,0.0,0.0,237.666,37.453,104.807,-8172.727,M,sensor,0,,,,,,,
2026-06-11T15:41:51.341Z,REAL,MANUAL,0.0,0.0,0.0,0.0,0.0,237.646,37.453,104.807,-8172.727,M,sensor,0,,,,,,,
2026-06-11T15:41:51.441Z,REAL,MANUAL,0.0,0.0,0.0,0.0,0.0,237.57,37.453,104.807,-8172.727,M,sensor,0,,,,,,,
2026-06-11T15:41:51.541Z,REAL,MANUAL,0.0,0.0,0.0,0.0,0.0,237.549,37.453,104.807,-8172.727,M,sensor,0,,,,,,,
2026-06-11T15:41:51.641Z,REAL,MANUAL,0.0,0.0,0.0,0.0,0.0,237.781,37.453,104.807,-8172.727,M,sensor,0,,,,,,,
2026-06-11T15:41:51.741Z,REAL,MANUAL,0.0,0.0,0.0,0.0,0.0,237.488,37.453,104.807,-8172.727,M,sensor,0,,,,,,,
2026-06-11T15:41:51.841Z,REAL,MANUAL,0.0,0.0,0.0,0.0,0.0,237.504,37.453,104.807,-8172.727,M,sensor,0,,,,,,,
2026-06-11T15:41:51.941Z,REAL,MANUAL,0.0,0.0,0.0,0.0,0.0,237.348,37.453,104.492,-8172.727,M,sensor,0,,,,,,,
2026-06-11T15:41:52.041Z,REAL,MANUAL,0.0,0.0,0.0,0.0,0.0,237.63,37.453,104.492,-8172.727,M,sensor,0,,,,,,,
2026-06-11T15:41:52.141Z,REAL,MANUAL,0.0,0.0,0.0,0.0,0.0,237.84,37.453,104.807,-8172.727,M,sensor,0,,,,,,,
2026-06-11T15:41:52.241Z,REAL,MANUAL,0.0,0.0,0.0,0.0,0.0,237.655,37.453,104.807,-8172.727,M,sensor,0,,,,,,,
2026-06-11T15:41:52.341Z,REAL,MANUAL,0.0,0.0,0.0,0.0,0.0,237.705,37.453,104.807,-8172.727,M,sensor,0,,,,,,,
2026-06-11T15:41:52.441Z,REAL,MANUAL,0.0,0.0,0.0,0.0,0.0,237.678,37.453,104.807,-8172.727,M,sensor,0,,,,,,,
2026-06-11T15:41:52.541Z,REAL,MANUAL,0.0,0.0,0.0,0.0,0.0,237.694,37.453,104.807,-8172.727,M,sensor,0,,,,,,,
2026-06-11T15:41:52.641Z,REAL,MANUAL,0.0,0.0,0.0,0.0,0.0,237.555,37.453,104.492,-8172.727,M,sensor,0,,,,,,,
2026-06-11T15:41:52.741Z,REAL,MANUAL,0.0,0.0,0.0,0.0,0.0,237.621,37.453,104.492,-8172.727,M,sensor,0,,,,,,,
2026-06-11T15:41:52.841Z,REAL,MANUAL,0.0,0.0,0.0,0.0,0.0,237.854,37.453,104.492,-8172.727,M,sensor,0,,,,,,,
2026-06-11T15:41:52.941Z,REAL,MANUAL,0.0,0.0,0.0,0.0,0.0,237.472,37.453,104.492,-8172.727,M,sensor,0,,,,,,,
2026-06-11T15:41:53.041Z,REAL,MANUAL,0.0,0.0,0.0,0.0,0.0,237.636,37.453,104.492,-8172.727,M,sensor,0,,,,,,,
2026-06-11T15:41:53.141Z,REAL,MANUAL,0.0,0.0,0.0,0.0,0.0,237.63,37.453,104.492,-8172.727,M,sensor,0,,,,,,,
2026-06-11T15:41:53.241Z,REAL,MANUAL,0.0,0.0,0.0,0.0,0.0,237.652,37.453,104.492,-8172.727,M,sensor,0,,,,,,,
2026-06-11T15:41:53.341Z,REAL,MANUAL,0.0,0.0,0.0,0.0,0.0,237.568,37.453,104.492,-8172.727,M,sensor,0,,,,,,,
2026-06-11T15:41:53.441Z,REAL,MANUAL,0.0,0.0,0.0,0.0,0.0,237.444,37.453,104.492,-8172.727,M,sensor,0,,,,,,,
2026-06-11T15:41:53.541Z,REAL,MANUAL,0.0,0.0,0.0,0.0,0.0,237.518,37.453,104.492,-8172.727,M,sensor,0,,,,,,,
2026-06-11T15:41:53.641Z,REAL,MANUAL,0.0,0.0,0.0,0.0,0.0,237.739,37.453,104.492,-8172.727,M,sensor,0,,,,,,,
2026-06-11T15:41:53.741Z,REAL,MANUAL,0.0,0.0,0.0,0.0,0.0,237.564,37.453,104.492,-8172.727,M,sensor,0,,,,,,,
2026-06-11T15:41:53.841Z,REAL,MANUAL,0.0,0.0,0.0,0.0,0.0,237.786,37.453,104.177,-8172.727,M,sensor,0,,,,,,,
2026-06-11T15:41:53.941Z,REAL,MANUAL,0.0,0.0,0.0,0.0,0.0,237.636,37.453,104.177,-8172.727,M,sensor,0,,,,,,,
2026-06-11T15:41:54.041Z,REAL,MANUAL,0.0,0.0,0.0,0.0,0.0,237.709,37.453,104.177,-8172.727,M,sensor,0,,,,,,,
2026-06-11T15:41:54.141Z,REAL,MANUAL,0.0,0.0,0.0,0.0,0.0,237.738,37.453,104.492,-8172.727,M,sensor,0,,,,,,,
2026-06-11T15:41:54.241Z,REAL,MANUAL,0.0,0.0,0.0,0.0,0.0,237.773,37.768,104.492,-8172.727,M,sensor,0,,,,,,,
2026-06-11T15:41:54.341Z,REAL,MANUAL,0.0,0.0,0.0,0.0,0.0,237.512,37.768,104.492,-8172.727,M,sensor,0,,,,,,,
2026-06-11T15:41:54.441Z,REAL,MANUAL,0.0,0.0,0.0,0.0,0.0,237.701,37.768,104.492,-8172.727,M,sensor,0,,,,,,,
2026-06-11T15:41:54.541Z,REAL,MANUAL,0.0,0.0,0.0,0.0,0.0,237.599,37.768,104.492,-8172.727,M,sensor,0,,,,,,,
2026-06-11T15:41:54.641Z,REAL,MANUAL,0.0,0.0,0.0,0.0,0.0,237.855,37.768,104.492,-8172.727,M,sensor,0,,,,,,,
2026-06-11T15:41:54.741Z,REAL,MANUAL,0.0,0.0,0.0,0.0,0.0,237.728,37.768,104.492,-8172.727,M,sensor,0,,,,,,,
2026-06-11T15:41:54.841Z,REAL,MANUAL,0.0,0.0,0.0,0.0,0.0,237.68,37.768,104.492,-8172.727,M,sensor,0,,,,,,,
2026-06-11T15:41:54.941Z,REAL,MANUAL,0.0,0.0,0.0,0.0,0.0,237.543,37.768,104.492,-8172.727,M,sensor,0,,,,,,,
2026-06-11T15:41:55.041Z,REAL,MANUAL,0.0,0.0,0.0,0.0,0.0,237.814,37.768,104.492,-8172.727,M,sensor,0,,,,,,,
2026-06-11T15:41:55.141Z,REAL,MANUAL,0.0,0.0,0.0,0.0,0.0,237.539,37.768,104.492,-8172.727,M,sensor,0,,,,,,,
2026-06-11T15:41:55.241Z,REAL,MANUAL,0.0,0.0,0.0,0.0,0.0,237.88,37.768,104.492,-8172.727,M,sensor,0,,,,,,,
2026-06-11T15:41:55.341Z,REAL,MANUAL,0.0,0.0,0.0,0.0,0.0,237.536,37.768,104.492,-8172.727,M,sensor,0,,,,,,,
2026-06-11T15:41:55.441Z,REAL,MANUAL,0.0,0.0,0.0,0.0,0.0,237.508,37.768,104.492,-8172.727,M,sensor,0,,,,,,,
2026-06-11T15:41:55.541Z,REAL,MANUAL,0.0,0.0,0.0,0.0,0.0,237.709,37.768,104.492,-8172.727,M,sensor,0,,,,,,,
2026-06-11T15:41:55.641Z,REAL,MANUAL,0.0,0.0,0.0,0.0,0.0,237.76,37.768,104.492,-8172.727,M,sensor,0,,,,,,,
2026-06-11T15:41:55.741Z,REAL,MANUAL,0.0,0.0,0.0,0.0,0.0,237.766,37.768,104.492,-8172.727,M,sensor,0,,,,,,,
2026-06-11T15:41:55.841Z,REAL,MANUAL,0.0,0.0,0.0,0.0,0.0,237.335,37.768,104.492,-8172.727,M,sensor,0,,,,,,,
2026-06-11T15:41:55.941Z,REAL,MANUAL,0.0,0.0,0.0,0.0,0.0,237.476,37.768,104.492,-8172.727,M,sensor,0,,,,,,,
2026-06-11T15:41:56.041Z,REAL,MANUAL,0.0,0.0,0.0,0.0,0.0,237.403,37.768,104.492,-8172.727,M,sensor,0,,,,,,,
2026-06-11T15:41:56.141Z,REAL,MANUAL,0.0,0.0,0.0,0.0,0.0,237.549,37.768,104.492,-8172.727,M,sensor,0,,,,,,,
2026-06-11T15:41:56.241Z,REAL,MANUAL,0.0,0.0,0.0,0.0,0.0,237.682,37.453,104.492,-8172.727,M,sensor,0,,,,,,,
2026-06-11T15:41:56.341Z,REAL,MANUAL,0.0,0.0,0.0,0.0,0.0,237.822,37.768,104.492,-8172.727,M,sensor,0,,,,,,,
2026-06-11T15:41:56.441Z,REAL,MANUAL,0.0,0.0,0.0,0.0,0.0,237.422,37.453,104.492,-8172.727,M,sensor,0,,,,,,,
2026-06-11T15:41:56.541Z,REAL,MANUAL,0.0,0.0,0.0,0.0,0.0,237.635,37.453,104.492,-8172.727,M,sensor,0,,,,,,,
2026-06-11T15:41:56.641Z,REAL,MANUAL,0.0,0.0,0.0,0.0,0.0,237.603,37.453,104.492,-8172.727,M,sensor,0,,,,,,,
2026-06-11T15:41:56.741Z,REAL,MANUAL,0.0,0.0,0.0,0.0,0.0,237.689,37.453,104.492,-8172.727,M,sensor,0,,,,,,,
2026-06-11T15:41:56.841Z,REAL,MANUAL,0.0,0.0,0.0,0.0,0.0,237.663,37.453,104.492,-8172.727,M,sensor,0,,,,,,,
2026-06-11T15:41:56.941Z,REAL,MANUAL,0.0,0.0,0.0,0.0,0.0,237.687,37.453,104.492,-8172.727,M,sensor,0,,,,,,,
2026-06-11T15:41:57.041Z,REAL,MANUAL,0.0,0.0,0.0,0.0,0.0,237.57,37.453,104.492,-8172.727,M,sensor,0,,,,,,,
2026-06-11T15:41:57.141Z,REAL,MANUAL,0.0,0.0,0.0,0.0,0.0,237.635,37.453,104.492,-8172.727,M,sensor,0,,,,,,,
2026-06-11T15:41:57.241Z,REAL,MANUAL,0.0,0.0,0.0,0.0,0.0,237.468,37.453,104.492,-8172.727,M,sensor,0,,,,,,,
2026-06-11T15:41:57.341Z,REAL,MANUAL,0.0,0.0,0.0,0.0,0.0,237.646,37.453,104.492,-8172.727,M,sensor,0,,,,,,,
2026-06-11T15:41:57.441Z,REAL,MANUAL,0.0,0.0,0.0,0.0,0.0,237.519,37.453,104.492,-8172.727,M,sensor,0,,,,,,,
2026-06-11T15:41:57.541Z,REAL,MANUAL,0.0,0.0,0.0,0.0,0.0,237.597,37.453,104.492,-8172.727,M,sensor,0,,,,,,,
2026-06-11T15:41:57.641Z,REAL,MANUAL,0.0,0.0,0.0,0.0,0.0,237.453,37.453,104.492,-8172.727,M,sensor,0,,,,,,,
2026-06-11T15:41:57.741Z,REAL,MANUAL,0.0,0.0,0.0,0.0,0.0,237.403,37.453,104.807,-8172.727,M,sensor,0,,,,,,,
2026-06-11T15:41:57.842Z,REAL,MANUAL,0.0,0.0,0.0,0.0,0.0,237.525,37.453,104.807,-8172.727,M,sensor,0,,,,,,,
2026-06-11T15:41:57.941Z,REAL,MANUAL,0.0,0.0,0.0,0.0,0.0,237.628,37.453,104.492,-8172.727,M,sensor,0,,,,,,,
2026-06-11T15:41:58.041Z,REAL,MANUAL,0.0,0.0,0.0,0.0,0.0,238.002,37.453,104.492,-8172.727,M,sensor,0,,,,,,,
2026-06-11T15:41:58.141Z,REAL,MANUAL,0.0,0.0,0.0,0.0,0.0,237.946,37.453,104.492,-8172.727,M,sensor,0,,,,,,,
2026-06-11T15:41:58.241Z,REAL,MANUAL,0.0,0.0,0.0,0.0,0.0,237.778,37.453,104.492,-8172.727,M,sensor,0,,,,,,,
2026-06-11T15:41:58.341Z,REAL,MANUAL,0.0,0.0,0.0,0.0,0.0,237.633,37.768,104.492,-8172.727,M,sensor,0,,,,,,,
2026-06-11T15:41:58.441Z,REAL,MANUAL,0.0,0.0,0.0,0.0,0.0,237.676,37.453,104.807,-8172.727,M,sensor,0,,,,,,,
2026-06-11T15:41:58.541Z,REAL,MANUAL,0.0,0.0,0.0,0.0,0.0,237.785,37.768,104.807,-8172.727,M,sensor,0,,,,,,,
2026-06-11T15:41:58.641Z,REAL,MANUAL,0.0,0.0,0.0,0.0,0.0,237.54,37.768,104.807,-8172.727,M,sensor,0,,,,,,,
2026-06-11T15:41:58.741Z,REAL,MANUAL,0.0,0.0,0.0,0.0,0.0,237.718,37.768,104.807,-8172.727,M,sensor,0,,,,,,,
2026-06-11T15:41:58.841Z,REAL,MANUAL,0.0,0.0,0.0,0.0,0.0,237.457,37.768,104.807,-8172.727,M,sensor,0,,,,,,,
2026-06-11T15:41:58.942Z,REAL,MANUAL,0.0,0.0,0.0,0.0,0.0,237.687,37.768,104.807,-8172.727,M,sensor,0,,,,,,,
2026-06-11T15:41:59.041Z,REAL,MANUAL,0.0,0.0,0.0,0.0,0.0,237.607,37.768,104.807,-8172.727,M,sensor,0,,,,,,,
2026-06-11T15:41:59.141Z,REAL,MANUAL,0.0,0.0,0.0,0.0,0.0,237.724,37.768,104.807,-8172.727,M,sensor,0,,,,,,,
2026-06-11T15:41:59.241Z,REAL,MANUAL,0.0,0.0,0.0,0.0,0.0,237.536,37.768,104.807,-8172.727,M,sensor,0,,,,,,,
2026-06-11T15:41:59.341Z,REAL,MANUAL,0.0,0.0,0.0,0.0,0.0,237.596,37.768,104.807,-8172.727,M,sensor,0,,,,,,,
2026-06-11T15:41:59.441Z,REAL,MANUAL,0.0,0.0,0.0,0.0,0.0,237.467,37.768,104.807,-8172.727,M,sensor,0,,,,,,,
2026-06-11T15:41:59.541Z,REAL,MANUAL,0.0,0.0,0.0,0.0,0.0,237.704,37.768,104.492,-8172.727,M,sensor,0,,,,,,,
2026-06-11T15:41:59.641Z,REAL,MANUAL,0.0,0.0,0.0,0.0,0.0,237.518,37.768,104.492,-8172.727,M,sensor,0,,,,,,,
2026-06-11T15:41:59.741Z,REAL,MANUAL,0.0,0.0,0.0,0.0,0.0,237.57,37.768,104.492,-8172.727,M,sensor,0,,,,,,,
2026-06-11T15:41:59.841Z,REAL,MANUAL,0.0,0.0,0.0,0.0,0.0,237.525,37.768,104.492,-8172.727,M,sensor,0,,,,,,,
2026-06-11T15:41:59.941Z,REAL,MANUAL,0.0,0.0,0.0,0.0,0.0,237.628,37.768,104.492,-8172.727,M,sensor,0,,,,,,,
2026-06-11T15:42:00.041Z,REAL,MANUAL,0.0,0.0,0.0,0.0,0.0,237.669,37.768,104.492,-8172.727,M,sensor,0,,,,,,,
2026-06-11T15:42:00.141Z,REAL,MANUAL,0.0,0.0,0.0,0.0,0.0,237.655,37.768,104.492,-8172.727,M,sensor,0,,,,,,,
2026-06-11T15:42:00.241Z,REAL,MANUAL,0.0,0.0,0.0,0.0,0.0,237.7,37.768,104.492,-8172.727,M,sensor,0,,,,,,,
2026-06-11T15:42:00.341Z,REAL,MANUAL,0.0,0.0,0.0,0.0,0.0,237.633,37.768,104.492,-8172.727,M,sensor,0,,,,,,,
2026-06-11T15:42:00.441Z,REAL,MANUAL,0.0,0.0,0.0,0.0,0.0,237.518,37.768,104.492,-8172.727,M,sensor,0,,,,,,,
2026-06-11T15:42:00.541Z,REAL,MANUAL,0.0,0.0,0.0,0.0,0.0,237.64,37.453,104.492,-8172.727,M,sensor,0,,,,,,,
2026-06-11T15:42:00.641Z,REAL,MANUAL,0.0,0.0,0.0,0.0,0.0,237.568,37.453,104.492,-8172.727,M,sensor,0,,,,,,,
2026-06-11T15:42:00.741Z,REAL,MANUAL,0.0,0.0,0.0,0.0,0.0,237.289,37.453,104.807,-8172.727,M,sensor,0,,,,,,,
2026-06-11T15:42:00.841Z,REAL,MANUAL,0.0,0.0,0.0,0.0,0.0,237.633,37.453,104.807,-8172.727,M,sensor,0,,,,,,,
2026-06-11T15:42:00.941Z,REAL,MANUAL,0.0,0.0,0.0,0.0,0.0,237.699,37.453,104.492,-8172.727,M,sensor,0,,,,,,,
2026-06-11T15:42:01.041Z,REAL,MANUAL,0.0,0.0,0.0,0.0,0.0,237.634,37.453,104.492,-8172.727,M,sensor,0,,,,,,,
2026-06-11T15:42:01.141Z,REAL,MANUAL,0.0,0.0,0.0,0.0,0.0,237.558,37.453,104.492,-8172.727,M,sensor,0,,,,,,,
2026-06-11T15:42:01.241Z,REAL,MANUAL,0.0,0.0,0.0,0.0,0.0,237.458,37.453,104.492,-8172.727,M,sensor,0,,,,,,,
2026-06-11T15:42:01.341Z,REAL,MANUAL,0.0,0.0,0.0,0.0,0.0,237.617,37.453,104.492,-8172.727,M,sensor,0,,,,,,,
2026-06-11T15:42:01.441Z,REAL,MANUAL,0.0,0.0,0.0,0.0,0.0,237.595,37.453,104.492,-8172.727,M,sensor,0,,,,,,,
2026-06-11T15:42:01.541Z,REAL,MANUAL,0.0,0.0,0.0,0.0,0.0,237.616,37.453,104.492,-8172.727,M,sensor,0,,,,,,,
2026-06-11T15:42:01.641Z,REAL,MANUAL,0.0,0.0,0.0,0.0,0.0,237.458,37.453,104.492,-8172.727,M,sensor,0,,,,,,,
2026-06-11T15:42:01.741Z,REAL,MANUAL,0.0,0.0,0.0,0.0,0.0,237.406,37.453,104.492,-8172.727,M,sensor,0,,,,,,,
2026-06-11T15:42:01.841Z,REAL,MANUAL,0.0,0.0,0.0,0.0,0.0,237.344,37.453,104.492,-8172.727,M,sensor,0,,,,,,,
2026-06-11T15:42:01.942Z,REAL,MANUAL,0.0,0.0,0.0,0.0,0.0,237.467,37.453,104.492,-8172.727,M,sensor,0,,,,,,,
2026-06-11T15:42:02.041Z,REAL,MANUAL,0.0,0.0,0.0,0.0,0.0,237.695,37.453,104.492,-8172.727,M,sensor,0,,,,,,,
2026-06-11T15:42:02.141Z,REAL,MANUAL,0.0,0.0,0.0,0.0,0.0,237.647,37.453,104.492,-8172.727,M,sensor,0,,,,,,,
2026-06-11T15:42:02.241Z,REAL,MANUAL,0.0,0.0,0.0,0.0,0.0,237.622,37.453,104.492,-8172.727,M,sensor,0,,,,,,,
2026-06-11T15:42:02.341Z,REAL,MANUAL,0.0,0.0,0.0,0.0,0.0,237.673,37.453,104.492,-8172.727,M,sensor,0,,,,,,,
2026-06-11T15:42:02.441Z,REAL,MANUAL,0.0,0.0,0.0,0.0,0.0,237.631,37.453,104.492,-8172.727,M,sensor,0,,,,,,,
2026-06-11T15:42:02.541Z,REAL,MANUAL,0.0,0.0,0.0,0.0,0.0,237.546,37.453,104.492,-8172.727,M,sensor,0,,,,,,,
2026-06-11T15:42:02.641Z,REAL,MANUAL,0.0,0.0,0.0,0.0,0.0,237.679,37.453,104.492,-8172.727,M,sensor,0,,,,,,,
2026-06-11T15:42:02.741Z,REAL,MANUAL,0.0,0.0,0.0,0.0,0.0,237.472,37.453,104.492,-8172.727,M,sensor,0,,,,,,,
2026-06-11T15:42:02.841Z,REAL,MANUAL,0.0,0.0,0.0,0.0,0.0,237.576,37.453,104.492,-8172.727,M,sensor,0,,,,,,,
2026-06-11T15:42:02.941Z,REAL,MANUAL,0.0,0.0,0.0,0.0,0.0,237.448,37.453,104.492,-8172.727,M,sensor,0,,,,,,,
2026-06-11T15:42:03.041Z,REAL,MANUAL,0.0,0.0,0.0,0.0,0.0,237.693,37.453,104.492,-8172.727,M,sensor,0,,,,,,,
2026-06-11T15:42:03.141Z,REAL,MANUAL,0.0,0.0,0.0,0.0,0.0,237.595,37.453,104.492,-8172.727,M,sensor,0,,,,,,,
2026-06-11T15:42:03.241Z,REAL,MANUAL,0.0,0.0,0.0,0.0,0.0,237.397,37.453,104.492,-8172.727,M,sensor,0,,,,,,,
2026-06-11T15:42:03.341Z,REAL,MANUAL,0.0,0.0,0.0,0.0,0.0,237.61,37.453,104.492,-8172.727,M,sensor,0,,,,,,,
2026-06-11T15:42:03.441Z,REAL,MANUAL,0.0,0.0,0.0,0.0,0.0,237.664,37.453,104.492,-8172.727,M,sensor,0,,,,,,,
2026-06-11T15:42:03.541Z,REAL,MANUAL,0.0,0.0,0.0,0.0,0.0,237.554,37.453,104.492,-8172.727,M,sensor,0,,,,,,,
2026-06-11T15:42:03.641Z,REAL,MANUAL,0.0,0.0,0.0,0.0,0.0,237.586,37.453,104.492,-8172.727,M,sensor,0,,,,,,,
2026-06-11T15:42:03.741Z,REAL,MANUAL,0.0,0.0,0.0,0.0,0.0,237.474,37.453,104.492,-8172.727,M,sensor,0,,,,,,,
2026-06-11T15:42:03.841Z,REAL,MANUAL,0.0,0.0,0.0,0.0,0.0,237.646,37.453,104.492,-8172.727,M,sensor,0,,,,,,,
2026-06-11T15:42:03.941Z,REAL,MANUAL,0.0,0.0,0.0,0.0,0.0,237.621,37.453,104.492,-8172.727,M,sensor,0,,,,,,,
2026-06-11T15:42:04.041Z,REAL,MANUAL,0.0,0.0,0.0,0.0,0.0,237.751,37.453,104.492,-8172.727,M,sensor,0,,,,,,,
2026-06-11T15:42:04.141Z,REAL,MANUAL,0.0,0.0,0.0,0.0,0.0,237.742,37.453,104.492,-8172.727,M,sensor,0,,,,,,,
2026-06-11T15:42:04.241Z,REAL,MANUAL,0.0,0.0,0.0,0.0,0.0,237.666,37.768,104.492,-8172.727,M,sensor,0,,,,,,,
2026-06-11T15:42:04.341Z,REAL,MANUAL,0.0,0.0,0.0,0.0,0.0,237.54,37.768,104.492,-8172.727,M,sensor,0,,,,,,,
2026-06-11T15:42:04.441Z,REAL,MANUAL,0.0,0.0,0.0,0.0,0.0,237.429,37.768,104.177,-8172.727,M,sensor,0,,,,,,,
2026-06-11T15:42:04.541Z,REAL,MANUAL,0.0,0.0,0.0,0.0,0.0,237.622,37.768,104.177,-8172.727,M,sensor,0,,,,,,,
2026-06-11T15:42:04.641Z,REAL,MANUAL,0.0,0.0,0.0,0.0,0.0,237.574,37.768,104.177,-8172.727,M,sensor,0,,,,,,,
2026-06-11T15:42:04.741Z,REAL,MANUAL,0.0,0.0,0.0,0.0,0.0,237.71,37.768,104.177,-8172.727,M,sensor,0,,,,,,,
2026-06-11T15:42:04.841Z,REAL,MANUAL,0.0,0.0,0.0,0.0,0.0,237.532,37.768,104.177,-8172.727,M,sensor,0,,,,,,,
2026-06-11T15:42:04.941Z,REAL,MANUAL,0.0,0.0,0.0,0.0,0.0,237.607,37.768,104.177,-8172.727,M,sensor,0,,,,,,,
2026-06-11T15:42:05.041Z,REAL,MANUAL,0.0,0.0,0.0,0.0,0.0,237.662,37.768,104.177,-8172.727,M,sensor,0,,,,,,,
2026-06-11T15:42:05.141Z,REAL,MANUAL,0.0,0.0,0.0,0.0,0.0,237.676,37.768,104.492,-8172.727,M,sensor,0,,,,,,,
2026-06-11T15:42:05.241Z,REAL,MANUAL,0.0,0.0,0.0,0.0,0.0,237.545,37.768,104.492,-8172.727,M,sensor,0,,,,,,,
2026-06-11T15:42:05.341Z,REAL,MANUAL,0.0,0.0,0.0,0.0,0.0,237.494,37.768,104.492,-8172.727,M,sensor,0,,,,,,,
2026-06-11T15:42:05.441Z,REAL,MANUAL,0.0,0.0,0.0,0.0,0.0,237.534,37.768,104.492,-8172.727,M,sensor,0,,,,,,,
2026-06-11T15:42:05.541Z,REAL,MANUAL,0.0,0.0,0.0,0.0,0.0,237.443,37.453,104.492,-8172.727,M,sensor,0,,,,,,,
2026-06-11T15:42:05.641Z,REAL,MANUAL,0.0,0.0,0.0,0.0,0.0,237.666,37.453,104.492,-8172.727,M,sensor,0,,,,,,,
2026-06-11T15:42:05.741Z,REAL,MANUAL,0.0,0.0,0.0,0.0,0.0,237.391,37.453,104.492,-8172.727,M,sensor,0,,,,,,,
2026-06-11T15:42:05.842Z,REAL,MANUAL,0.0,0.0,0.0,0.0,0.0,237.421,37.453,104.492,-8172.727,M,sensor,0,,,,,,,
2026-06-11T15:42:05.941Z,REAL,MANUAL,0.0,0.0,0.0,0.0,0.0,237.426,37.453,104.492,-8172.727,M,sensor,0,,,,,,,
2026-06-11T15:42:06.041Z,REAL,MANUAL,0.0,0.0,0.0,0.0,0.0,237.733,37.453,104.492,-8172.727,M,sensor,0,,,,,,,
2026-06-11T15:42:06.141Z,REAL,MANUAL,0.0,0.0,0.0,0.0,0.0,237.56,37.453,104.492,-8172.727,M,sensor,0,,,,,,,
2026-06-11T15:42:06.241Z,REAL,MANUAL,0.0,0.0,0.0,0.0,0.0,237.6,37.453,104.177,-8172.727,M,sensor,0,,,,,,,
2026-06-11T15:42:06.341Z,REAL,MANUAL,0.0,0.0,0.0,0.0,0.0,237.527,37.453,104.177,-8172.727,M,sensor,0,,,,,,,
2026-06-11T15:42:06.441Z,REAL,MANUAL,0.0,0.0,0.0,0.0,0.0,237.552,37.453,104.177,-8172.727,M,sensor,0,,,,,,,
2026-06-11T15:42:06.541Z,REAL,MANUAL,0.0,0.0,0.0,0.0,0.0,237.586,37.453,104.177,-8172.727,M,sensor,0,,,,,,,
2026-06-11T15:42:06.641Z,REAL,MANUAL,0.0,0.0,0.0,0.0,0.0,237.611,37.453,104.177,-8172.727,M,sensor,0,,,,,,,
2026-06-11T15:42:06.741Z,REAL,MANUAL,0.0,0.0,0.0,0.0,0.0,237.519,37.453,104.177,-8172.727,M,sensor,0,,,,,,,
2026-06-11T15:42:06.841Z,REAL,MANUAL,0.0,0.0,0.0,0.0,0.0,237.67,37.453,104.177,-8172.727,M,sensor,0,,,,,,,
2026-06-11T15:42:06.941Z,REAL,MANUAL,0.0,0.0,0.0,0.0,0.0,237.694,37.453,104.177,-8172.727,M,sensor,0,,,,,,,
2026-06-11T15:42:07.041Z,REAL,MANUAL,0.0,0.0,0.0,0.0,0.0,237.399,37.453,104.177,-8172.727,M,sensor,0,,,,,,,
2026-06-11T15:42:07.142Z,REAL,MANUAL,0.0,0.0,0.0,0.0,0.0,237.594,37.453,104.177,-8172.727,M,sensor,0,,,,,,,
2026-06-11T15:42:07.241Z,REAL,MANUAL,0.0,0.0,0.0,0.0,0.0,237.526,37.453,104.177,-8172.727,M,sensor,0,,,,,,,
2026-06-11T15:42:07.341Z,REAL,MANUAL,0.0,0.0,0.0,0.0,0.0,237.659,37.453,104.177,-8172.727,M,sensor,0,,,,,,,
2026-06-11T15:42:07.441Z,REAL,MANUAL,0.0,0.0,0.0,0.0,0.0,237.438,37.453,104.177,-8172.727,M,sensor,0,,,,,,,
2026-06-11T15:42:07.541Z,REAL,MANUAL,0.0,0.0,0.0,0.0,0.0,237.702,37.453,104.177,-8172.727,M,sensor,0,,,,,,,
2026-06-11T15:42:07.641Z,REAL,MANUAL,0.0,0.0,0.0,0.0,0.0,237.353,37.453,104.177,-8172.727,M,sensor,0,,,,,,,
2026-06-11T15:42:07.741Z,REAL,MANUAL,0.0,0.0,0.0,0.0,0.0,237.629,37.453,104.177,-8172.727,M,sensor,0,,,,,,,
2026-06-11T15:42:07.841Z,REAL,MANUAL,0.0,0.0,0.0,0.0,0.0,237.642,37.453,104.177,-8172.727,M,sensor,0,,,,,,,
2026-06-11T15:42:07.941Z,REAL,MANUAL,0.0,0.0,0.0,0.0,0.0,237.636,37.453,104.177,-8172.727,M,sensor,0,,,,,,,
2026-06-11T15:42:08.041Z,REAL,MANUAL,0.0,0.0,0.0,0.0,0.0,237.423,37.453,104.177,-8172.727,M,sensor,0,,,,,,,
2026-06-11T15:42:08.141Z,REAL,MANUAL,0.0,0.0,0.0,0.0,0.0,237.394,37.453,104.177,-8172.727,M,sensor,0,,,,,,,
2026-06-11T15:42:08.241Z,REAL,MANUAL,0.0,0.0,0.0,0.0,0.0,237.418,37.453,104.177,-8172.727,M,sensor,0,,,,,,,
2026-06-11T15:42:08.341Z,REAL,MANUAL,0.0,0.0,0.0,0.0,0.0,237.512,37.453,104.177,-8172.727,M,sensor,0,,,,,,,
2026-06-11T15:42:08.441Z,REAL,MANUAL,0.0,0.0,0.0,0.0,0.0,237.47,37.453,104.177,-8172.727,M,sensor,0,,,,,,,
2026-06-11T15:42:08.541Z,REAL,MANUAL,0.0,0.0,0.0,0.0,0.0,237.479,37.453,104.177,-8172.727,M,sensor,0,,,,,,,
2026-06-11T15:42:08.641Z,REAL,MANUAL,0.0,0.0,0.0,0.0,0.0,237.512,37.453,103.863,-8172.727,M,sensor,0,,,,,,,
2026-06-11T15:42:08.741Z,REAL,MANUAL,0.0,0.0,0.0,0.0,0.0,237.545,37.453,103.863,-8172.727,M,sensor,0,,,,,,,
2026-06-11T15:42:08.841Z,REAL,MANUAL,0.0,0.0,0.0,0.0,0.0,237.365,37.453,103.863,-8172.727,M,sensor,0,,,,,,,
2026-06-11T15:42:08.941Z,REAL,MANUAL,0.0,0.0,0.0,0.0,0.0,237.297,37.453,104.177,-8172.727,M,sensor,0,,,,,,,
2026-06-11T15:42:09.041Z,REAL,MANUAL,0.0,0.0,0.0,0.0,0.0,237.484,37.453,104.177,-8172.727,M,sensor,0,,,,,,,
2026-06-11T15:42:09.141Z,REAL,MANUAL,0.0,0.0,0.0,0.0,0.0,237.797,37.453,104.177,-8172.727,M,sensor,0,,,,,,,
2026-06-11T15:42:09.241Z,REAL,MANUAL,0.0,0.0,0.0,0.0,0.0,237.79,37.453,104.177,-8172.727,M,sensor,0,,,,,,,
2026-06-11T15:42:09.341Z,REAL,MANUAL,0.0,0.0,0.0,0.0,0.0,237.484,37.453,104.177,-8172.727,M,sensor,0,,,,,,,
2026-06-11T15:42:09.441Z,REAL,MANUAL,0.0,0.0,0.0,0.0,0.0,237.634,37.453,104.177,-8172.727,M,sensor,0,,,,,,,
2026-06-11T15:42:09.541Z,REAL,MANUAL,0.0,0.0,0.0,0.0,0.0,237.626,37.453,104.177,-8172.727,M,sensor,0,,,,,,,
2026-06-11T15:42:09.641Z,REAL,MANUAL,0.0,0.0,0.0,0.0,0.0,237.706,37.453,104.177,-8172.727,M,sensor,0,,,,,,,
2026-06-11T15:42:09.741Z,REAL,MANUAL,0.0,0.0,0.0,0.0,0.0,237.686,37.453,104.177,-8172.727,M,sensor,0,,,,,,,
2026-06-11T15:42:09.841Z,REAL,MANUAL,0.0,0.0,0.0,0.0,0.0,237.532,37.453,104.177,-8172.727,M,sensor,0,,,,,,,
2026-06-11T15:42:09.941Z,REAL,MANUAL,0.0,0.0,0.0,0.0,0.0,237.755,37.453,104.177,-8172.727,M,sensor,0,,,,,,,
2026-06-11T15:42:10.041Z,REAL,MANUAL,0.0,0.0,0.0,0.0,0.0,237.607,37.453,104.177,-8172.727,M,sensor,0,,,,,,,
2026-06-11T15:42:10.141Z,REAL,MANUAL,0.0,0.0,0.0,0.0,0.0,237.693,37.453,104.177,-8172.727,M,sensor,0,,,,,,,
2026-06-11T15:42:10.241Z,REAL,MANUAL,0.0,0.0,0.0,0.0,0.0,237.572,37.453,104.177,-8172.727,M,sensor,0,,,,,,,
2026-06-11T15:42:10.341Z,REAL,MANUAL,0.0,0.0,0.0,0.0,0.0,237.73,37.453,104.177,-8172.727,M,sensor,0,,,,,,,
2026-06-11T15:42:10.441Z,REAL,MANUAL,0.0,0.0,0.0,0.0,0.0,237.401,37.453,104.177,-8172.727,M,sensor,0,,,,,,,
2026-06-11T15:42:10.541Z,REAL,MANUAL,0.0,0.0,0.0,0.0,0.0,237.556,37.453,104.177,-8172.727,M,sensor,0,,,,,,,
2026-06-11T15:42:10.641Z,REAL,MANUAL,0.0,0.0,0.0,0.0,0.0,237.556,37.453,104.177,-8172.727,M,sensor,0,,,,,,,
2026-06-11T15:42:10.741Z,REAL,MANUAL,0.0,0.0,0.0,0.0,0.0,237.476,37.453,104.177,-8172.727,M,sensor,0,,,,,,,
2026-06-11T15:42:10.842Z,REAL,MANUAL,0.0,0.0,0.0,0.0,0.0,237.418,37.453,104.492,-8172.727,M,sensor,0,,,,,,,
2026-06-11T15:42:10.941Z,REAL,MANUAL,0.0,0.0,0.0,0.0,0.0,237.508,37.453,104.492,-8172.727,M,sensor,0,,,,,,,
2026-06-11T15:42:11.043Z,REAL,MANUAL,0.0,0.0,0.0,0.0,0.0,237.84,37.453,104.492,-8172.727,M,sensor,0,,,,,,,
2026-06-11T15:42:11.141Z,REAL,MANUAL,0.0,0.0,0.0,0.0,0.0,238.067,37.453,104.492,-8172.727,M,sensor,0,,,,,,,
2026-06-11T15:42:11.241Z,REAL,MANUAL,0.0,0.0,0.0,0.0,0.0,237.889,37.453,104.492,-8172.727,M,sensor,0,,,,,,,
2026-06-11T15:42:11.341Z,REAL,MANUAL,0.0,0.0,0.0,0.0,0.0,237.721,37.453,104.492,-8172.727,M,sensor,0,,,,,,,
2026-06-11T15:42:11.441Z,REAL,MANUAL,0.0,0.0,0.0,0.0,0.0,237.572,37.453,104.177,-8172.727,M,sensor,0,,,,,,,
2026-06-11T15:42:11.541Z,REAL,MANUAL,0.0,0.0,0.0,0.0,0.0,237.601,37.453,104.177,-8172.727,M,sensor,0,,,,,,,
2026-06-11T15:42:11.641Z,REAL,MANUAL,0.0,0.0,0.0,0.0,0.0,237.586,37.453,104.177,-8172.727,M,sensor,0,,,,,,,
2026-06-11T15:42:11.741Z,REAL,MANUAL,0.0,0.0,0.0,0.0,0.0,237.658,37.453,104.177,-8172.727,M,sensor,0,,,,,,,
2026-06-11T15:42:11.841Z,REAL,MANUAL,0.0,0.0,0.0,0.0,0.0,237.649,37.453,104.177,-8172.727,M,sensor,0,,,,,,,
2026-06-11T15:42:11.941Z,REAL,MANUAL,0.0,0.0,0.0,0.0,0.0,237.634,37.453,104.177,-8172.727,M,sensor,0,,,,,,,
2026-06-11T15:42:12.041Z,REAL,MANUAL,0.0,0.0,0.0,0.0,0.0,237.609,37.453,104.177,-8172.727,M,sensor,0,,,,,,,
2026-06-11T15:42:12.141Z,REAL,MANUAL,0.0,0.0,0.0,0.0,0.0,237.707,37.453,104.177,-8172.727,M,sensor,0,,,,,,,
2026-06-11T15:42:12.241Z,REAL,MANUAL,0.0,0.0,0.0,0.0,0.0,237.638,37.453,104.177,-8172.727,M,sensor,0,,,,,,,
2026-06-11T15:42:12.341Z,REAL,MANUAL,0.0,0.0,0.0,0.0,0.0,237.899,37.453,104.177,-8172.727,M,sensor,0,,,,,,,
2026-06-11T15:42:12.441Z,REAL,MANUAL,0.0,0.0,0.0,0.0,0.0,237.656,37.453,104.177,-8172.727,M,sensor,0,,,,,,,
2026-06-11T15:42:12.541Z,REAL,MANUAL,0.0,0.0,0.0,0.0,0.0,237.462,37.453,104.492,-8172.727,M,sensor,0,,,,,,,
2026-06-11T15:42:12.641Z,REAL,MANUAL,0.0,0.0,0.0,0.0,0.0,237.549,37.453,104.492,-8172.727,M,sensor,0,,,,,,,
2026-06-11T15:42:12.741Z,REAL,MANUAL,0.0,0.0,0.0,0.0,0.0,237.537,37.139,104.492,-8172.727,M,sensor,0,,,,,,,
2026-06-11T15:42:12.841Z,REAL,MANUAL,0.0,0.0,0.0,0.0,0.0,237.502,37.139,104.492,-8172.727,M,sensor,0,,,,,,,
2026-06-11T15:42:12.941Z,REAL,MANUAL,0.0,0.0,0.0,0.0,0.0,237.795,37.139,104.492,-8172.727,M,sensor,0,,,,,,,
2026-06-11T15:42:13.041Z,REAL,MANUAL,0.0,0.0,0.0,0.0,0.0,237.413,37.139,104.492,-8172.727,M,sensor,0,,,,,,,
2026-06-11T15:42:13.141Z,REAL,MANUAL,0.0,0.0,0.0,0.0,0.0,237.57,37.139,104.492,-8172.727,M,sensor,0,,,,,,,
2026-06-11T15:42:13.241Z,REAL,MANUAL,0.0,0.0,0.0,0.0,0.0,237.537,37.139,104.492,-8172.727,M,sensor,0,,,,,,,
2026-06-11T15:42:13.341Z,REAL,MANUAL,0.0,0.0,0.0,0.0,0.0,237.69,37.139,104.492,-8172.727,M,sensor,0,,,,,,,
2026-06-11T15:42:13.441Z,REAL,MANUAL,0.0,0.0,0.0,0.0,0.0,237.569,37.139,104.492,-8172.727,M,sensor,0,,,,,,,
2026-06-11T15:42:13.541Z,REAL,MANUAL,0.0,0.0,0.0,0.0,0.0,237.625,37.139,104.492,-8172.727,M,sensor,0,,,,,,,
2026-06-11T15:42:13.641Z,REAL,MANUAL,0.0,0.0,0.0,0.0,0.0,237.506,37.139,104.492,-8172.727,M,sensor,0,,,,,,,
2026-06-11T15:42:13.741Z,REAL,MANUAL,0.0,0.0,0.0,0.0,0.0,237.563,37.139,104.492,-8172.727,M,sensor,0,,,,,,,
2026-06-11T15:42:13.841Z,REAL,MANUAL,0.0,0.0,0.0,0.0,0.0,237.446,37.139,104.492,-8172.727,M,sensor,0,,,,,,,
2026-06-11T15:42:13.941Z,REAL,MANUAL,0.0,0.0,0.0,0.0,0.0,237.433,37.139,104.492,-8172.727,M,sensor,0,,,,,,,
2026-06-11T15:42:14.041Z,REAL,MANUAL,0.0,0.0,0.0,0.0,0.0,237.639,37.139,104.177,-8172.727,M,sensor,0,,,,,,,
2026-06-11T15:42:14.141Z,REAL,MANUAL,0.0,0.0,0.0,0.0,0.0,237.798,37.139,104.177,-8172.727,M,sensor,0,,,,,,,
2026-06-11T15:42:14.241Z,REAL,MANUAL,0.0,0.0,0.0,0.0,0.0,237.553,37.139,104.177,-8172.727,M,sensor,0,,,,,,,
2026-06-11T15:42:14.341Z,REAL,MANUAL,0.0,0.0,0.0,0.0,0.0,237.591,37.139,104.492,-8172.727,M,sensor,0,,,,,,,
2026-06-11T15:42:14.441Z,REAL,MANUAL,0.0,0.0,0.0,0.0,0.0,237.36,37.139,104.492,-8172.727,M,sensor,0,,,,,,,
2026-06-11T15:42:14.541Z,REAL,MANUAL,0.0,0.0,0.0,0.0,0.0,237.432,37.139,104.492,-8172.727,M,sensor,0,,,,,,,
2026-06-11T15:42:14.641Z,REAL,MANUAL,0.0,0.0,0.0,0.0,0.0,237.468,37.139,104.177,-8172.727,M,sensor,0,,,,,,,
2026-06-11T15:42:14.741Z,REAL,MANUAL,0.0,0.0,0.0,0.0,0.0,237.576,37.139,104.177,-8172.727,M,sensor,0,,,,,,,
2026-06-11T15:42:14.841Z,REAL,MANUAL,0.0,0.0,0.0,0.0,0.0,237.687,37.453,104.177,-8172.727,M,sensor,0,,,,,,,
2026-06-11T15:42:14.941Z,REAL,MANUAL,0.0,0.0,0.0,0.0,0.0,237.636,37.453,104.177,-8172.727,M,sensor,0,,,,,,,
2026-06-11T15:42:15.041Z,REAL,MANUAL,0.0,0.0,0.0,0.0,0.0,237.53,37.139,104.177,-8172.727,M,sensor,0,,,,,,,
2026-06-11T15:42:15.141Z,REAL,MANUAL,0.0,0.0,0.0,0.0,0.0,237.686,37.453,104.177,-8172.727,M,sensor,0,,,,,,,
2026-06-11T15:42:15.241Z,REAL,MANUAL,0.0,0.0,0.0,0.0,0.0,237.756,37.453,104.177,-8172.727,M,sensor,0,,,,,,,
2026-06-11T15:42:15.341Z,REAL,MANUAL,0.0,0.0,0.0,0.0,0.0,237.616,37.453,104.177,-8172.727,M,sensor,0,,,,,,,
2026-06-11T15:42:15.441Z,REAL,MANUAL,0.0,0.0,0.0,0.0,0.0,237.767,37.453,104.492,-8172.727,M,sensor,0,,,,,,,
2026-06-11T15:42:15.541Z,REAL,MANUAL,0.0,0.0,0.0,0.0,0.0,237.681,37.453,104.492,-8172.727,M,sensor,0,,,,,,,
2026-06-11T15:42:15.641Z,REAL,MANUAL,0.0,0.0,0.0,0.0,0.0,237.8,37.453,104.492,-8172.727,M,sensor,0,,,,,,,
2026-06-11T15:42:15.741Z,REAL,MANUAL,0.0,0.0,0.0,0.0,0.0,237.648,37.453,104.492,-8172.727,M,sensor,0,,,,,,,
2026-06-11T15:42:15.841Z,REAL,MANUAL,0.0,0.0,0.0,0.0,0.0,237.77,37.453,104.492,-8172.727,M,sensor,0,,,,,,,
2026-06-11T15:42:15.941Z,REAL,MANUAL,0.0,0.0,0.0,0.0,0.0,237.734,37.453,104.492,-8172.727,M,sensor,0,,,,,,,
2026-06-11T15:42:16.041Z,REAL,MANUAL,0.0,0.0,0.0,0.0,0.0,237.6,37.453,104.492,-8172.727,M,sensor,0,,,,,,,
2026-06-11T15:42:16.141Z,REAL,MANUAL,0.0,0.0,0.0,0.0,0.0,237.588,37.453,104.492,-8172.727,M,sensor,0,,,,,,,
2026-06-11T15:42:16.241Z,REAL,MANUAL,0.0,0.0,0.0,0.0,0.0,237.558,37.453,104.492,-8172.727,M,sensor,0,,,,,,,
2026-06-11T15:42:16.341Z,REAL,MANUAL,0.0,0.0,0.0,0.0,0.0,237.567,37.768,104.492,-8172.727,M,sensor,0,,,,,,,
2026-06-11T15:42:16.441Z,REAL,MANUAL,0.0,0.0,0.0,0.0,0.0,237.562,37.768,104.492,-8172.727,M,sensor,0,,,,,,,
2026-06-11T15:42:16.541Z,REAL,MANUAL,0.0,0.0,0.0,0.0,0.0,237.628,37.768,104.492,-8172.727,M,sensor,0,,,,,,,
2026-06-11T15:42:16.641Z,REAL,MANUAL,0.0,0.0,0.0,0.0,0.0,237.635,37.768,104.492,-8172.727,M,sensor,0,,,,,,,
2026-06-11T15:42:16.741Z,REAL,MANUAL,0.0,0.0,0.0,0.0,0.0,237.69,37.768,104.492,-8172.727,M,sensor,0,,,,,,,
2026-06-11T15:42:16.841Z,REAL,MANUAL,0.0,0.0,0.0,0.0,0.0,237.5,37.768,104.492,-8172.727,M,sensor,0,,,,,,,
2026-06-11T15:42:16.941Z,REAL,MANUAL,0.0,0.0,0.0,0.0,0.0,237.519,37.768,104.492,-8172.727,M,sensor,0,,,,,,,
2026-06-11T15:42:17.041Z,REAL,MANUAL,0.0,0.0,0.0,0.0,0.0,237.694,37.768,104.492,-8172.727,M,sensor,0,,,,,,,
2026-06-11T15:42:17.141Z,REAL,MANUAL,0.0,0.0,0.0,0.0,0.0,237.708,37.768,104.492,-8172.727,M,sensor,0,,,,,,,
2026-06-11T15:42:17.241Z,REAL,MANUAL,0.0,0.0,0.0,0.0,0.0,237.75,37.768,104.492,-8172.727,M,sensor,0,,,,,,,
2026-06-11T15:42:17.341Z,REAL,MANUAL,0.0,0.0,0.0,0.0,0.0,237.5,37.768,104.492,-8172.727,M,sensor,0,,,,,,,
2026-06-11T15:42:17.441Z,REAL,MANUAL,0.0,0.0,0.0,0.0,0.0,237.383,37.768,104.492,-8172.727,M,sensor,0,,,,,,,
2026-06-11T15:42:17.541Z,REAL,MANUAL,0.0,0.0,0.0,0.0,0.0,237.388,37.768,104.492,-8172.727,M,sensor,0,,,,,,,
2026-06-11T15:42:17.641Z,REAL,MANUAL,0.0,0.0,0.0,0.0,0.0,237.43,37.768,104.492,-8172.727,M,sensor,0,,,,,,,
2026-06-11T15:42:17.741Z,REAL,MANUAL,0.0,0.0,0.0,0.0,0.0,237.65,37.453,104.492,-8172.727,M,sensor,0,,,,,,,
2026-06-11T15:42:17.841Z,REAL,MANUAL,0.0,0.0,0.0,0.0,0.0,237.678,37.453,104.492,-8172.727,M,sensor,0,,,,,,,
2026-06-11T15:42:17.941Z,REAL,MANUAL,0.0,0.0,0.0,0.0,0.0,237.782,37.453,104.492,-8172.727,M,sensor,0,,,,,,,
2026-06-11T15:42:18.041Z,REAL,MANUAL,0.0,0.0,0.0,0.0,0.0,237.605,37.768,104.492,-8172.727,M,sensor,0,,,,,,,
2026-06-11T15:42:18.141Z,REAL,MANUAL,0.0,0.0,0.0,0.0,0.0,237.587,37.768,104.492,-8172.727,M,sensor,0,,,,,,,
2026-06-11T15:42:18.248Z,REAL,MANUAL,0.0,0.0,0.0,0.0,0.0,237.471,37.768,104.492,-8172.727,M,sensor,0,,,,,,,
2026-06-11T15:42:18.341Z,REAL,MANUAL,0.0,0.0,0.0,0.0,0.0,237.72,37.768,104.492,-8172.727,M,sensor,0,,,,,,,
2026-06-11T15:42:18.441Z,REAL,MANUAL,0.0,0.0,0.0,0.0,0.0,237.943,37.768,104.492,-8172.727,M,sensor,0,,,,,,,
2026-06-11T15:42:18.541Z,REAL,MANUAL,0.0,0.0,0.0,0.0,0.0,237.77,37.768,104.492,-8172.727,M,sensor,0,,,,,,,
2026-06-11T15:42:18.641Z,REAL,MANUAL,0.0,0.0,0.0,0.0,0.0,237.71,37.768,104.492,-8172.727,M,sensor,0,,,,,,,
2026-06-11T15:42:18.741Z,REAL,MANUAL,0.0,0.0,0.0,0.0,0.0,237.619,37.768,104.492,-8172.727,M,sensor,0,,,,,,,
2026-06-11T15:42:18.841Z,REAL,MANUAL,0.0,0.0,0.0,0.0,0.0,237.683,37.768,104.492,-8172.727,M,sensor,0,,,,,,,
2026-06-11T15:42:18.941Z,REAL,MANUAL,0.0,0.0,0.0,0.0,0.0,237.8,37.768,104.492,-8172.727,M,sensor,0,,,,,,,
2026-06-11T15:42:19.041Z,REAL,MANUAL,0.0,0.0,0.0,0.0,0.0,237.58,37.768,104.492,-8172.727,M,sensor,0,,,,,,,
2026-06-11T15:42:19.141Z,REAL,MANUAL,0.0,0.0,0.0,0.0,0.0,237.502,37.768,104.492,-8172.727,M,sensor,0,,,,,,,
2026-06-11T15:42:19.241Z,REAL,MANUAL,0.0,0.0,0.0,0.0,0.0,237.573,37.768,104.492,-8172.727,M,sensor,0,,,,,,,
2026-06-11T15:42:19.341Z,REAL,MANUAL,0.0,0.0,0.0,0.0,0.0,237.5,37.768,104.492,-8172.727,M,sensor,0,,,,,,,
2026-06-11T15:42:19.441Z,REAL,MANUAL,0.0,0.0,0.0,0.0,0.0,237.427,37.768,104.492,-8172.727,M,sensor,0,,,,,,,
2026-06-11T15:42:19.541Z,REAL,MANUAL,0.0,0.0,0.0,0.0,0.0,237.533,37.768,104.492,-8172.727,M,sensor,0,,,,,,,
2026-06-11T15:42:19.641Z,REAL,MANUAL,0.0,0.0,0.0,0.0,0.0,237.472,37.768,104.492,-8172.727,M,sensor,0,,,,,,,
2026-06-11T15:42:19.741Z,REAL,MANUAL,0.0,0.0,0.0,0.0,0.0,237.671,37.768,104.492,-8172.727,M,sensor,0,,,,,,,
2026-06-11T15:42:19.841Z,REAL,MANUAL,0.0,0.0,0.0,0.0,0.0,237.573,37.768,104.492,-8172.727,M,sensor,0,,,,,,,
2026-06-11T15:42:19.941Z,REAL,MANUAL,0.0,0.0,0.0,0.0,0.0,237.42,37.768,104.492,-8172.727,M,sensor,0,,,,,,,
2026-06-11T15:42:20.041Z,REAL,MANUAL,0.0,0.0,0.0,0.0,0.0,237.498,37.768,104.492,-8172.727,M,sensor,0,,,,,,,
2026-06-11T15:42:20.141Z,REAL,MANUAL,0.0,0.0,0.0,0.0,0.0,237.673,37.768,104.492,-8172.727,M,sensor,0,,,,,,,
2026-06-11T15:42:20.241Z,REAL,MANUAL,0.0,0.0,0.0,0.0,0.0,237.587,37.768,104.492,-8172.727,M,sensor,0,,,,,,,
2026-06-11T15:42:20.341Z,REAL,MANUAL,0.0,0.0,0.0,0.0,0.0,237.615,37.768,104.492,-8172.727,M,sensor,0,,,,,,,
2026-06-11T15:42:20.441Z,REAL,MANUAL,0.0,0.0,0.0,0.0,0.0,237.589,37.768,104.492,-8172.727,M,sensor,0,,,,,,,
2026-06-11T15:42:20.541Z,REAL,MANUAL,0.0,0.0,0.0,0.0,0.0,237.534,37.768,104.492,-8172.727,M,sensor,0,,,,,,,
2026-06-11T15:42:20.641Z,REAL,MANUAL,0.0,0.0,0.0,0.0,0.0,237.543,37.768,104.492,-8172.727,M,sensor,0,,,,,,,
2026-06-11T15:42:20.741Z,REAL,MANUAL,0.0,0.0,0.0,0.0,0.0,237.646,37.453,104.492,-8172.727,M,sensor,0,,,,,,,
2026-06-11T15:42:20.841Z,REAL,MANUAL,0.0,0.0,0.0,0.0,0.0,237.48,37.453,104.492,-8172.727,M,sensor,0,,,,,,,
2026-06-11T15:42:20.941Z,REAL,MANUAL,0.0,0.0,0.0,0.0,0.0,237.635,37.453,104.492,-8172.727,M,sensor,0,,,,,,,
2026-06-11T15:42:21.041Z,REAL,MANUAL,0.0,0.0,0.0,0.0,0.0,237.651,37.453,104.492,-8172.727,M,sensor,0,,,,,,,
2026-06-11T15:42:21.141Z,REAL,MANUAL,0.0,0.0,0.0,0.0,0.0,237.486,37.453,104.492,-8172.727,M,sensor,0,,,,,,,
2026-06-11T15:42:21.241Z,REAL,MANUAL,0.0,0.0,0.0,0.0,0.0,237.469,37.768,104.492,-8172.727,M,sensor,0,,,,,,,
2026-06-11T15:42:21.341Z,REAL,MANUAL,0.0,0.0,0.0,0.0,0.0,237.488,37.453,104.492,-8172.727,M,sensor,0,,,,,,,
2026-06-11T15:42:21.441Z,REAL,MANUAL,0.0,0.0,0.0,0.0,0.0,237.51,37.453,104.492,-8172.727,M,sensor,0,,,,,,,
2026-06-11T15:42:21.541Z,REAL,MANUAL,0.0,0.0,0.0,0.0,0.0,237.629,37.768,104.492,-8172.727,M,sensor,0,,,,,,,
2026-06-11T15:42:21.641Z,REAL,MANUAL,0.0,0.0,0.0,0.0,0.0,237.579,37.768,104.492,-8172.727,M,sensor,0,,,,,,,
2026-06-11T15:42:21.741Z,REAL,MANUAL,0.0,0.0,0.0,0.0,0.0,237.364,37.768,104.492,-8172.727,M,sensor,0,,,,,,,
2026-06-11T15:42:21.841Z,REAL,MANUAL,0.0,0.0,0.0,0.0,0.0,237.573,37.768,104.492,-8172.727,M,sensor,0,,,,,,,
2026-06-11T15:42:21.941Z,REAL,MANUAL,0.0,0.0,0.0,0.0,0.0,237.692,37.768,104.492,-8172.727,M,sensor,0,,,,,,,
2026-06-11T15:42:22.041Z,REAL,MANUAL,0.0,0.0,0.0,0.0,0.0,237.684,37.768,104.492,-8172.727,M,sensor,0,,,,,,,
2026-06-11T15:42:22.141Z,REAL,MANUAL,0.0,0.0,0.0,0.0,0.0,237.703,37.768,104.492,-8172.727,M,sensor,0,,,,,,,
2026-06-11T15:42:22.241Z,REAL,MANUAL,0.0,0.0,0.0,0.0,0.0,237.325,37.768,104.492,-8172.727,M,sensor,0,,,,,,,
2026-06-11T15:42:22.341Z,REAL,MANUAL,0.0,0.0,0.0,0.0,0.0,237.551,37.768,104.492,-8172.727,M,sensor,0,,,,,,,
2026-06-11T15:42:22.441Z,REAL,MANUAL,0.0,0.0,0.0,0.0,0.0,237.878,37.768,104.492,-8172.727,M,sensor,0,,,,,,,
2026-06-11T15:42:22.541Z,REAL,MANUAL,0.0,0.0,0.0,0.0,0.0,237.825,37.768,104.492,-8172.727,M,sensor,0,,,,,,,
2026-06-11T15:42:22.641Z,REAL,MANUAL,0.0,0.0,0.0,0.0,0.0,237.805,37.768,104.492,-8172.727,M,sensor,0,,,,,,,
2026-06-11T15:42:22.741Z,REAL,MANUAL,0.0,0.0,0.0,0.0,0.0,237.78,37.768,104.492,-8172.727,M,sensor,0,,,,,,,
2026-06-11T15:42:22.841Z,REAL,MANUAL,0.0,0.0,0.0,0.0,0.0,237.825,37.768,104.492,-8172.727,M,sensor,0,,,,,,,
2026-06-11T15:42:22.941Z,REAL,MANUAL,0.0,0.0,0.0,0.0,0.0,237.702,37.768,104.492,-8172.727,M,sensor,0,,,,,,,
2026-06-11T15:42:23.041Z,REAL,MANUAL,0.0,0.0,0.0,0.0,0.0,237.53,37.768,104.492,-8172.727,M,sensor,0,,,,,,,
2026-06-11T15:42:23.141Z,REAL,MANUAL,0.0,0.0,0.0,0.0,0.0,237.468,37.768,104.492,-8172.727,M,sensor,0,,,,,,,
2026-06-11T15:42:23.241Z,REAL,MANUAL,0.0,0.0,0.0,0.0,0.0,237.549,37.768,104.492,-8172.727,M,sensor,0,,,,,,,
2026-06-11T15:42:23.341Z,REAL,MANUAL,0.0,0.0,0.0,0.0,0.0,237.549,37.768,104.492,-8172.727,M,sensor,0,,,,,,,
2026-06-11T15:42:23.441Z,REAL,MANUAL,0.0,0.0,0.0,0.0,0.0,237.638,37.768,104.492,-8172.727,M,sensor,0,,,,,,,
2026-06-11T15:42:23.541Z,REAL,MANUAL,0.0,0.0,0.0,0.0,0.0,237.702,37.768,104.807,-8172.727,M,sensor,0,,,,,,,
2026-06-11T15:42:23.641Z,REAL,MANUAL,0.0,0.0,0.0,0.0,0.0,237.83,37.453,104.807,-8172.727,M,sensor,0,,,,,,,
2026-06-11T15:42:23.741Z,REAL,MANUAL,0.0,0.0,0.0,0.0,0.0,237.571,37.453,104.807,-8172.727,M,sensor,0,,,,,,,
2026-06-11T15:42:23.841Z,REAL,MANUAL,0.0,0.0,0.0,0.0,0.0,237.555,37.453,104.807,-8172.727,M,sensor,0,,,,,,,
2026-06-11T15:42:23.941Z,REAL,MANUAL,0.0,0.0,0.0,0.0,0.0,237.726,37.453,104.807,-8172.727,M,sensor,0,,,,,,,
2026-06-11T15:42:24.041Z,REAL,MANUAL,0.0,0.0,0.0,0.0,0.0,237.705,37.453,104.807,-8172.727,M,sensor,0,,,,,,,
2026-06-11T15:42:24.141Z,REAL,MANUAL,0.0,0.0,0.0,0.0,0.0,237.622,37.453,104.807,-8172.727,M,sensor,0,,,,,,,
2026-06-11T15:42:24.241Z,REAL,MANUAL,0.0,0.0,0.0,0.0,0.0,237.625,37.453,104.807,-8172.727,M,sensor,0,,,,,,,
2026-06-11T15:42:24.341Z,REAL,MANUAL,0.0,0.0,0.0,0.0,0.0,237.688,37.453,104.492,-8172.727,M,sensor,0,,,,,,,
2026-06-11T15:42:24.441Z,REAL,MANUAL,0.0,0.0,0.0,0.0,0.0,237.82,37.453,104.492,-8172.727,M,sensor,0,,,,,,,
2026-06-11T15:42:24.541Z,REAL,MANUAL,0.0,0.0,0.0,0.0,0.0,237.565,37.453,104.492,-8172.727,M,sensor,0,,,,,,,
2026-06-11T15:42:24.641Z,REAL,MANUAL,0.0,0.0,0.0,0.0,0.0,237.662,37.453,104.492,-8172.727,M,sensor,0,,,,,,,
2026-06-11T15:42:24.741Z,REAL,MANUAL,0.0,0.0,0.0,0.0,0.0,237.565,37.453,104.492,-8172.727,M,sensor,0,,,,,,,
2026-06-11T15:42:24.841Z,REAL,MANUAL,0.0,0.0,0.0,0.0,0.0,237.817,37.453,104.492,-8172.727,M,sensor,0,,,,,,,
2026-06-11T15:42:24.941Z,REAL,MANUAL,0.0,0.0,0.0,0.0,0.0,237.445,37.768,104.492,-8172.727,M,sensor,0,,,,,,,
2026-06-11T15:42:25.041Z,REAL,MANUAL,0.0,0.0,0.0,0.0,0.0,237.527,37.768,104.492,-8172.727,M,sensor,0,,,,,,,
2026-06-11T15:42:25.141Z,REAL,MANUAL,0.0,0.0,0.0,0.0,0.0,237.592,37.768,104.492,-8172.727,M,sensor,0,,,,,,,
2026-06-11T15:42:25.241Z,REAL,MANUAL,0.0,0.0,0.0,0.0,0.0,237.833,37.768,104.492,-8172.727,M,sensor,0,,,,,,,
2026-06-11T15:42:25.341Z,REAL,MANUAL,0.0,0.0,0.0,0.0,0.0,237.566,37.768,104.492,-8172.727,M,sensor,0,,,,,,,
2026-06-11T15:42:25.441Z,REAL,MANUAL,0.0,0.0,0.0,0.0,0.0,237.747,37.768,104.492,-8172.727,M,sensor,0,,,,,,,
2026-06-11T15:42:25.541Z,REAL,MANUAL,0.0,0.0,0.0,0.0,0.0,237.685,37.768,104.492,-8172.727,M,sensor,0,,,,,,,
2026-06-11T15:42:25.641Z,REAL,MANUAL,0.0,0.0,0.0,0.0,0.0,237.627,37.768,104.492,-8172.727,M,sensor,0,,,,,,,
2026-06-11T15:42:25.741Z,REAL,MANUAL,0.0,0.0,0.0,0.0,0.0,237.499,37.768,104.177,-8172.727,M,sensor,0,,,,,,,
2026-06-11T15:42:25.841Z,REAL,MANUAL,0.0,0.0,0.0,0.0,0.0,237.591,37.768,104.177,-8172.727,M,sensor,0,,,,,,,
2026-06-11T15:42:25.941Z,REAL,MANUAL,0.0,0.0,0.0,0.0,0.0,237.394,37.768,104.177,-8172.727,M,sensor,0,,,,,,,
2026-06-11T15:42:26.041Z,REAL,MANUAL,0.0,0.0,0.0,0.0,0.0,237.572,37.768,104.177,-8172.727,M,sensor,0,,,,,,,
2026-06-11T15:42:26.141Z,REAL,MANUAL,0.0,0.0,0.0,0.0,0.0,237.398,37.768,104.177,-8172.727,M,sensor,0,,,,,,,
2026-06-11T15:42:26.241Z,REAL,MANUAL,0.0,0.0,0.0,0.0,0.0,237.463,37.768,104.177,-8172.727,M,sensor,0,,,,,,,
2026-06-11T15:42:26.341Z,REAL,MANUAL,0.0,0.0,0.0,0.0,0.0,237.627,37.768,104.177,-8172.727,M,sensor,0,,,,,,,
2026-06-11T15:42:26.441Z,REAL,MANUAL,0.0,0.0,0.0,0.0,0.0,237.533,37.768,104.177,-8172.727,M,sensor,0,,,,,,,
2026-06-11T15:42:26.541Z,REAL,MANUAL,0.0,0.0,0.0,0.0,0.0,237.397,37.768,104.177,-8172.727,M,sensor,0,,,,,,,
2026-06-11T15:42:26.641Z,REAL,MANUAL,0.0,0.0,0.0,0.0,0.0,237.601,37.768,104.492,-8172.727,M,sensor,0,,,,,,,
2026-06-11T15:42:26.741Z,REAL,MANUAL,0.0,0.0,0.0,0.0,0.0,237.691,38.083,104.492,-8172.727,M,sensor,0,,,,,,,
2026-06-11T15:42:26.841Z,REAL,MANUAL,0.0,0.0,0.0,0.0,0.0,237.63,37.768,104.177,-8172.727,M,sensor,0,,,,,,,
2026-06-11T15:42:26.941Z,REAL,MANUAL,0.0,0.0,0.0,0.0,0.0,237.734,37.768,104.177,-8172.727,M,sensor,0,,,,,,,
2026-06-11T15:42:27.041Z,REAL,MANUAL,0.0,0.0,0.0,0.0,0.0,237.665,38.083,104.177,-8172.727,M,sensor,0,,,,,,,
2026-06-11T15:42:27.141Z,REAL,MANUAL,0.0,0.0,0.0,0.0,0.0,237.496,38.083,104.177,-8172.727,M,sensor,0,,,,,,,
2026-06-11T15:42:27.241Z,REAL,MANUAL,0.0,0.0,0.0,0.0,0.0,237.544,38.083,104.177,-8172.727,M,sensor,0,,,,,,,
2026-06-11T15:42:27.342Z,REAL,MANUAL,0.0,0.0,0.0,0.0,0.0,237.645,38.083,104.177,-8172.727,M,sensor,0,,,,,,,
2026-06-11T15:42:27.441Z,REAL,MANUAL,0.0,0.0,0.0,0.0,0.0,237.568,38.083,104.177,-8172.727,M,sensor,0,,,,,,,
2026-06-11T15:42:27.541Z,REAL,MANUAL,0.0,0.0,0.0,0.0,0.0,237.726,38.083,104.492,-8172.727,M,sensor,0,,,,,,,
2026-06-11T15:42:27.641Z,REAL,MANUAL,0.0,0.0,0.0,0.0,0.0,237.499,37.768,104.492,-8172.727,M,sensor,0,,,,,,,
2026-06-11T15:42:27.741Z,REAL,MANUAL,0.0,0.0,0.0,0.0,0.0,237.524,37.768,104.492,-8172.727,M,sensor,0,,,,,,,
2026-06-11T15:42:27.841Z,REAL,MANUAL,0.0,0.0,0.0,0.0,0.0,237.644,37.768,104.492,-8172.727,M,sensor,0,,,,,,,
2026-06-11T15:42:27.941Z,REAL,MANUAL,0.0,0.0,0.0,0.0,0.0,237.547,37.768,104.492,-8172.727,M,sensor,0,,,,,,,
2026-06-11T15:42:28.041Z,REAL,MANUAL,0.0,0.0,0.0,0.0,0.0,237.57,37.768,104.492,-8172.727,M,sensor,0,,,,,,,
2026-06-11T15:42:28.141Z,REAL,MANUAL,0.0,0.0,0.0,0.0,0.0,237.501,37.768,104.492,-8172.727,M,sensor,0,,,,,,,
2026-06-11T15:42:28.241Z,REAL,MANUAL,0.0,0.0,0.0,0.0,0.0,237.596,37.768,104.492,-8172.727,M,sensor,0,,,,,,,
2026-06-11T15:42:28.341Z,REAL,MANUAL,0.0,0.0,0.0,0.0,0.0,237.57,37.768,104.492,-8172.727,M,sensor,0,,,,,,,
2026-06-11T15:42:28.441Z,REAL,MANUAL,0.0,0.0,0.0,0.0,0.0,237.769,37.768,104.492,-8172.727,M,sensor,0,,,,,,,
2026-06-11T15:42:28.541Z,REAL,MANUAL,0.0,0.0,0.0,0.0,0.0,237.576,37.768,104.492,-8172.727,M,sensor,0,,,,,,,
2026-06-11T15:42:28.641Z,REAL,MANUAL,0.0,0.0,0.0,0.0,0.0,237.413,37.768,104.492,-8172.727,M,sensor,0,,,,,,,
2026-06-11T15:42:28.741Z,REAL,MANUAL,0.0,0.0,0.0,0.0,0.0,237.452,37.768,104.492,-8172.727,M,sensor,0,,,,,,,
2026-06-11T15:42:28.841Z,REAL,MANUAL,0.0,0.0,0.0,0.0,0.0,237.571,37.768,104.492,-8172.727,M,sensor,0,,,,,,,
2026-06-11T15:42:28.941Z,REAL,MANUAL,0.0,0.0,0.0,0.0,0.0,237.494,37.768,104.492,-8172.727,M,sensor,0,,,,,,,
2026-06-11T15:42:29.041Z,REAL,MANUAL,0.0,0.0,0.0,0.0,0.0,237.589,37.768,104.492,-8172.727,M,sensor,0,,,,,,,
2026-06-11T15:42:29.141Z,REAL,MANUAL,0.0,0.0,0.0,0.0,0.0,237.744,37.768,104.492,-8172.727,M,sensor,0,,,,,,,
2026-06-11T15:42:29.241Z,REAL,MANUAL,0.0,0.0,0.0,0.0,0.0,237.505,37.768,104.492,-8172.727,M,sensor,0,,,,,,,
2026-06-11T15:42:29.341Z,REAL,MANUAL,0.0,0.0,0.0,0.0,0.0,237.449,37.768,104.492,-8172.727,M,sensor,0,,,,,,,
2026-06-11T15:42:29.441Z,REAL,MANUAL,0.0,0.0,0.0,0.0,0.0,237.653,37.768,104.492,-8172.727,M,sensor,0,,,,,,,
2026-06-11T15:42:29.541Z,REAL,MANUAL,0.0,0.0,0.0,0.0,0.0,237.651,37.768,104.492,-8172.727,M,sensor,0,,,,,,,
2026-06-11T15:42:29.641Z,REAL,MANUAL,0.0,0.0,0.0,0.0,0.0,237.648,37.768,104.807,-8172.727,M,sensor,0,,,,,,,
2026-06-11T15:42:29.741Z,REAL,MANUAL,0.0,0.0,0.0,0.0,0.0,237.719,37.768,104.807,-8172.727,M,sensor,0,,,,,,,
2026-06-11T15:42:29.841Z,REAL,MANUAL,0.0,0.0,0.0,0.0,0.0,237.624,37.768,104.807,-8172.727,M,sensor,0,,,,,,,
2026-06-11T15:42:29.941Z,REAL,MANUAL,0.0,0.0,0.0,0.0,0.0,237.355,37.768,104.807,-8172.727,M,sensor,0,,,,,,,
2026-06-11T15:42:30.041Z,REAL,MANUAL,0.0,0.0,0.0,0.0,0.0,237.458,37.768,104.807,-8172.727,M,sensor,0,,,,,,,
2026-06-11T15:42:30.141Z,REAL,MANUAL,0.0,0.0,0.0,0.0,0.0,237.488,37.768,104.807,-8172.727,M,sensor,0,,,,,,,
2026-06-11T15:42:30.241Z,REAL,MANUAL,0.0,0.0,0.0,0.0,0.0,237.666,37.768,104.807,-8172.727,M,sensor,0,,,,,,,
2026-06-11T15:42:30.341Z,REAL,MANUAL,0.0,0.0,0.0,0.0,0.0,237.595,37.768,104.807,-8172.727,M,sensor,0,,,,,,,
2026-06-11T15:42:30.441Z,REAL,MANUAL,0.0,0.0,0.0,0.0,0.0,237.727,37.768,104.807,-8172.727,M,sensor,0,,,,,,,
2026-06-11T15:42:30.541Z,REAL,MANUAL,0.0,0.0,0.0,0.0,0.0,237.706,37.768,104.807,-8172.727,M,sensor,0,,,,,,,
2026-06-11T15:42:30.641Z,REAL,MANUAL,0.0,0.0,0.0,0.0,0.0,237.523,37.768,104.492,-8172.727,M,sensor,0,,,,,,,
2026-06-11T15:42:30.741Z,REAL,MANUAL,0.0,0.0,0.0,0.0,0.0,237.65,37.768,104.492,-8172.727,M,sensor,0,,,,,,,
2026-06-11T15:42:30.841Z,REAL,MANUAL,0.0,0.0,0.0,0.0,0.0,237.592,37.768,104.492,-8172.727,M,sensor,0,,,,,,,
2026-06-11T15:42:30.941Z,REAL,MANUAL,0.0,0.0,0.0,0.0,0.0,237.626,37.768,104.492,-8172.727,M,sensor,0,,,,,,,
2026-06-11T15:42:31.041Z,REAL,MANUAL,0.0,0.0,0.0,0.0,0.0,237.521,37.768,104.492,-8172.727,M,sensor,0,,,,,,,
2026-06-11T15:42:31.142Z,REAL,MANUAL,0.0,0.0,0.0,0.0,0.0,237.53,37.768,104.492,-8172.727,M,sensor,0,,,,,,,
2026-06-11T15:42:31.241Z,REAL,MANUAL,0.0,0.0,0.0,0.0,0.0,237.656,37.768,104.492,-8172.727,M,sensor,0,,,,,,,
2026-06-11T15:42:31.341Z,REAL,MANUAL,0.0,0.0,0.0,0.0,0.0,237.633,37.768,104.492,-8172.727,M,sensor,0,,,,,,,
2026-06-11T15:42:31.441Z,REAL,MANUAL,0.0,0.0,0.0,0.0,0.0,237.66,37.768,104.807,-8172.727,M,sensor,0,,,,,,,
2026-06-11T15:42:31.541Z,REAL,MANUAL,0.0,0.0,0.0,0.0,0.0,237.4,37.768,104.807,-8172.727,M,sensor,0,,,,,,,
2026-06-11T15:42:31.641Z,REAL,MANUAL,0.0,0.0,0.0,0.0,0.0,237.609,37.768,104.807,-8172.727,M,sensor,0,,,,,,,
2026-06-11T15:42:31.741Z,REAL,MANUAL,0.0,0.0,0.0,0.0,0.0,237.498,37.768,104.807,-8172.727,M,sensor,0,,,,,,,
2026-06-11T15:42:31.841Z,REAL,MANUAL,0.0,0.0,0.0,0.0,0.0,237.764,37.768,104.807,-8172.727,M,sensor,0,,,,,,,
2026-06-11T15:42:31.941Z,REAL,MANUAL,0.0,0.0,0.0,0.0,0.0,237.62,37.768,104.807,-8172.727,M,sensor,0,,,,,,,
2026-06-11T15:42:32.041Z,REAL,MANUAL,0.0,0.0,0.0,0.0,0.0,237.611,37.768,104.492,-8172.727,M,sensor,0,,,,,,,
2026-06-11T15:42:32.141Z,REAL,MANUAL,0.0,0.0,0.0,0.0,0.0,237.609,37.768,104.492,-8172.727,M,sensor,0,,,,,,,
2026-06-11T15:42:32.241Z,REAL,MANUAL,0.0,0.0,0.0,0.0,0.0,237.51,37.768,104.492,-8172.727,M,sensor,0,,,,,,,
2026-06-11T15:42:32.341Z,REAL,MANUAL,0.0,0.0,0.0,0.0,0.0,237.634,37.768,104.492,-8172.727,M,sensor,0,,,,,,,
2026-06-11T15:42:32.441Z,REAL,MANUAL,0.0,0.0,0.0,0.0,0.0,237.516,37.768,104.492,-8172.727,M,sensor,0,,,,,,,
2026-06-11T15:42:32.541Z,REAL,MANUAL,0.0,0.0,0.0,0.0,0.0,237.574,37.768,104.492,-8172.727,M,sensor,0,,,,,,,
2026-06-11T15:42:32.644Z,REAL,MANUAL,0.0,0.0,0.0,0.0,0.0,237.54,37.768,104.492,-8172.727,M,sensor,0,,,,,,,
2026-06-11T15:42:32.741Z,REAL,MANUAL,0.0,0.0,0.0,0.0,0.0,237.669,37.453,104.492,-8172.727,M,sensor,0,,,,,,,
2026-06-11T15:42:32.841Z,REAL,MANUAL,0.0,0.0,0.0,0.0,0.0,237.718,37.453,104.492,-8172.727,M,sensor,0,,,,,,,
2026-06-11T15:42:32.941Z,REAL,MANUAL,0.0,0.0,0.0,0.0,0.0,237.618,37.453,104.492,-8172.727,M,sensor,0,,,,,,,
2026-06-11T15:42:33.041Z,REAL,MANUAL,0.0,0.0,0.0,0.0,0.0,237.529,37.453,104.492,-8172.727,M,sensor,0,,,,,,,
2026-06-11T15:42:33.141Z,REAL,MANUAL,0.0,0.0,0.0,0.0,0.0,237.736,37.453,104.492,-8172.727,M,sensor,0,,,,,,,
2026-06-11T15:42:33.241Z,REAL,MANUAL,0.0,0.0,0.0,0.0,0.0,237.741,37.453,104.177,-8172.727,M,sensor,0,,,,,,,
2026-06-11T15:42:33.341Z,REAL,MANUAL,0.0,0.0,0.0,0.0,0.0,237.637,37.453,104.177,-8172.727,M,sensor,0,,,,,,,
2026-06-11T15:42:33.441Z,REAL,MANUAL,0.0,0.0,0.0,0.0,0.0,237.777,37.453,104.177,-8172.727,M,sensor,0,,,,,,,
2026-06-11T15:42:33.541Z,REAL,MANUAL,0.0,0.0,0.0,0.0,0.0,237.571,37.453,104.177,-8172.727,M,sensor,0,,,,,,,
2026-06-11T15:42:33.641Z,REAL,MANUAL,0.0,0.0,0.0,0.0,0.0,237.467,37.453,104.177,-8172.727,M,sensor,0,,,,,,,
2026-06-11T15:42:33.741Z,REAL,MANUAL,0.0,0.0,0.0,0.0,0.0,237.739,37.453,104.177,-8172.727,M,sensor,0,,,,,,,
2026-06-11T15:42:33.841Z,REAL,MANUAL,0.0,0.0,0.0,0.0,0.0,237.59,37.453,104.177,-8172.727,M,sensor,0,,,,,,,
2026-06-11T15:42:33.941Z,REAL,MANUAL,0.0,0.0,0.0,0.0,0.0,237.618,37.453,104.177,-8172.727,M,sensor,0,,,,,,,
2026-06-11T15:42:34.041Z,REAL,MANUAL,0.0,0.0,0.0,0.0,0.0,237.603,37.453,104.177,-8172.727,M,sensor,0,,,,,,,
2026-06-11T15:42:34.141Z,REAL,MANUAL,0.0,0.0,0.0,0.0,0.0,237.727,37.453,104.177,-8172.727,M,sensor,0,,,,,,,
2026-06-11T15:42:34.241Z,REAL,MANUAL,0.0,0.0,0.0,0.0,0.0,237.825,37.453,104.492,-8172.727,M,sensor,0,,,,,,,
2026-06-11T15:42:34.341Z,REAL,MANUAL,0.0,0.0,0.0,0.0,0.0,237.52,37.453,104.492,-8172.727,M,sensor,0,,,,,,,
2026-06-11T15:42:34.441Z,REAL,MANUAL,0.0,0.0,0.0,0.0,0.0,237.536,37.453,104.492,-8172.727,M,sensor,0,,,,,,,
2026-06-11T15:42:34.541Z,REAL,MANUAL,0.0,0.0,0.0,0.0,0.0,237.504,37.453,104.492,-8172.727,M,sensor,0,,,,,,,
2026-06-11T15:42:34.641Z,REAL,MANUAL,0.0,0.0,0.0,0.0,0.0,237.603,37.453,104.492,-8172.727,M,sensor,0,,,,,,,
2026-06-11T15:42:34.741Z,REAL,MANUAL,0.0,0.0,0.0,0.0,0.0,237.462,37.453,104.492,-8172.727,M,sensor,0,,,,,,,
2026-06-11T15:42:34.841Z,REAL,MANUAL,0.0,0.0,0.0,0.0,0.0,237.478,37.453,104.492,-8172.727,M,sensor,0,,,,,,,
2026-06-11T15:42:34.941Z,REAL,MANUAL,0.0,0.0,0.0,0.0,0.0,237.605,37.453,104.492,-8172.727,M,sensor,0,,,,,,,
2026-06-11T15:42:35.041Z,REAL,MANUAL,0.0,0.0,0.0,0.0,0.0,237.568,37.453,104.492,-8172.727,M,sensor,0,,,,,,,
2026-06-11T15:42:35.141Z,REAL,MANUAL,0.0,0.0,0.0,0.0,0.0,237.382,37.453,104.492,-8172.727,M,sensor,0,,,,,,,
2026-06-11T15:42:35.241Z,REAL,MANUAL,0.0,0.0,0.0,0.0,0.0,237.643,37.453,104.492,-8172.727,M,sensor,0,,,,,,,
2026-06-11T15:42:35.341Z,REAL,MANUAL,0.0,0.0,0.0,0.0,0.0,237.566,37.453,104.492,-8172.727,M,sensor,0,,,,,,,
2026-06-11T15:42:35.441Z,REAL,MANUAL,0.0,0.0,0.0,0.0,0.0,237.464,37.453,104.492,-8172.727,M,sensor,0,,,,,,,
2026-06-11T15:42:35.541Z,REAL,MANUAL,0.0,0.0,0.0,0.0,0.0,237.538,37.453,104.492,-8172.727,M,sensor,0,,,,,,,
2026-06-11T15:42:35.641Z,REAL,MANUAL,0.0,0.0,0.0,0.0,0.0,237.788,37.453,104.492,-8172.727,M,sensor,0,,,,,,,
2026-06-11T15:42:35.741Z,REAL,MANUAL,0.0,0.0,0.0,0.0,0.0,237.586,37.453,104.177,-8172.727,M,sensor,0,,,,,,,
2026-06-11T15:42:35.841Z,REAL,MANUAL,0.0,0.0,0.0,0.0,0.0,237.403,37.453,104.177,-8172.727,M,sensor,0,,,,,,,
2026-06-11T15:42:35.941Z,REAL,MANUAL,0.0,0.0,0.0,0.0,0.0,237.433,37.453,104.177,-8172.727,M,sensor,0,,,,,,,
2026-06-11T15:42:36.041Z,REAL,MANUAL,0.0,0.0,0.0,0.0,0.0,237.744,37.453,104.177,-8172.727,M,sensor,0,,,,,,,
2026-06-11T15:42:36.141Z,REAL,MANUAL,0.0,0.0,0.0,0.0,0.0,237.599,37.453,104.177,-8172.727,M,sensor,0,,,,,,,
2026-06-11T15:42:36.241Z,REAL,MANUAL,0.0,0.0,0.0,0.0,0.0,237.631,37.453,104.177,-8172.727,M,sensor,0,,,,,,,
2026-06-11T15:42:36.341Z,REAL,MANUAL,0.0,0.0,0.0,0.0,0.0,237.619,37.453,104.177,-8172.727,M,sensor,0,,,,,,,
2026-06-11T15:42:36.441Z,REAL,MANUAL,0.0,0.0,0.0,0.0,0.0,237.655,37.453,104.177,-8172.727,M,sensor,0,,,,,,,
2026-06-11T15:42:36.541Z,REAL,MANUAL,0.0,0.0,0.0,0.0,0.0,237.517,37.453,104.177,-8172.727,M,sensor,0,,,,,,,
2026-06-11T15:42:36.641Z,REAL,MANUAL,0.0,0.0,0.0,0.0,0.0,237.514,37.453,104.492,-8172.727,M,sensor,0,,,,,,,
2026-06-11T15:42:36.741Z,REAL,MANUAL,0.0,0.0,0.0,0.0,0.0,237.753,37.453,104.492,-8172.727,M,sensor,0,,,,,,,
2026-06-11T15:42:36.841Z,REAL,MANUAL,0.0,0.0,0.0,0.0,0.0,237.633,37.453,104.492,-8172.727,M,sensor,0,,,,,,,
2026-06-11T15:42:36.941Z,REAL,MANUAL,0.0,0.0,0.0,0.0,0.0,237.633,37.453,104.492,-8172.727,M,sensor,0,,,,,,,
2026-06-11T15:42:37.041Z,REAL,MANUAL,0.0,0.0,0.0,0.0,0.0,237.518,37.139,104.492,-8172.727,M,sensor,0,,,,,,,
2026-06-11T15:42:37.141Z,REAL,MANUAL,0.0,0.0,0.0,0.0,0.0,237.465,37.139,104.492,-8172.727,M,sensor,0,,,,,,,
2026-06-11T15:42:37.241Z,REAL,MANUAL,0.0,0.0,0.0,0.0,0.0,237.823,37.453,104.492,-8172.727,M,sensor,0,,,,,,,
2026-06-11T15:42:37.341Z,REAL,MANUAL,0.0,0.0,0.0,0.0,0.0,237.489,37.453,104.492,-8172.727,M,sensor,0,,,,,,,
2026-06-11T15:42:37.441Z,REAL,MANUAL,0.0,0.0,0.0,0.0,0.0,237.681,37.453,104.492,-8172.727,M,sensor,0,,,,,,,
2026-06-11T15:42:37.541Z,REAL,MANUAL,0.0,0.0,0.0,0.0,0.0,237.638,37.453,104.492,-8172.727,M,sensor,0,,,,,,,
2026-06-11T15:42:37.641Z,REAL,MANUAL,0.0,0.0,0.0,0.0,0.0,237.453,37.453,104.492,-8172.727,M,sensor,0,,,,,,,
2026-06-11T15:42:37.741Z,REAL,MANUAL,0.0,0.0,0.0,0.0,0.0,237.654,37.453,104.492,-8172.727,M,sensor,0,,,,,,,
2026-06-11T15:42:37.841Z,REAL,MANUAL,0.0,0.0,0.0,0.0,0.0,237.793,37.453,104.492,-8172.727,M,sensor,0,,,,,,,
2026-06-11T15:42:37.941Z,REAL,MANUAL,0.0,0.0,0.0,0.0,0.0,237.653,37.453,104.492,-8172.727,M,sensor,0,,,,,,,
2026-06-11T15:42:38.041Z,REAL,MANUAL,0.0,0.0,0.0,0.0,0.0,237.572,37.453,104.492,-8172.727,M,sensor,0,,,,,,,
2026-06-11T15:42:38.141Z,REAL,MANUAL,0.0,0.0,0.0,0.0,0.0,237.552,37.453,104.492,-8172.727,M,sensor,0,,,,,,,
2026-06-11T15:42:38.241Z,REAL,MANUAL,0.0,0.0,0.0,0.0,0.0,237.842,37.453,104.492,-8172.727,M,sensor,0,,,,,,,
2026-06-11T15:42:38.341Z,REAL,MANUAL,0.0,0.0,0.0,0.0,0.0,237.846,37.453,104.492,-8172.727,M,sensor,0,,,,,,,
2026-06-11T15:42:38.441Z,REAL,MANUAL,0.0,0.0,0.0,0.0,0.0,237.521,37.453,104.492,-8172.727,M,sensor,0,,,,,,,
2026-06-11T15:42:38.541Z,REAL,MANUAL,0.0,0.0,0.0,0.0,0.0,237.599,37.453,104.492,-8172.727,M,sensor,0,,,,,,,
2026-06-11T15:42:38.641Z,REAL,MANUAL,0.0,0.0,0.0,0.0,0.0,237.642,37.453,104.492,-8172.727,M,sensor,0,,,,,,,
2026-06-11T15:42:38.741Z,REAL,MANUAL,0.0,0.0,0.0,0.0,0.0,237.696,37.453,104.492,-8172.727,M,sensor,0,,,,,,,
2026-06-11T15:42:38.841Z,REAL,MANUAL,0.0,0.0,0.0,0.0,0.0,237.495,37.453,104.492,-8172.727,M,sensor,0,,,,,,,
2026-06-11T15:42:38.941Z,REAL,MANUAL,0.0,0.0,0.0,0.0,0.0,237.63,37.453,104.492,-8172.727,M,sensor,0,,,,,,,
2026-06-11T15:42:39.041Z,REAL,MANUAL,0.0,0.0,0.0,0.0,0.0,237.58,37.453,104.492,-8172.727,M,sensor,0,,,,,,,
2026-06-11T15:42:39.141Z,REAL,MANUAL,0.0,0.0,0.0,0.0,0.0,237.731,37.453,104.492,-8172.727,M,sensor,0,,,,,,,
2026-06-11T15:42:39.241Z,REAL,MANUAL,0.0,0.0,0.0,0.0,0.0,237.673,37.453,104.492,-8172.727,M,sensor,0,,,,,,,
2026-06-11T15:42:39.341Z,REAL,MANUAL,0.0,0.0,0.0,0.0,0.0,237.592,37.453,104.492,-8172.727,M,sensor,0,,,,,,,
2026-06-11T15:42:39.441Z,REAL,MANUAL,0.0,0.0,0.0,0.0,0.0,237.632,37.453,104.492,-8172.727,M,sensor,0,,,,,,,
2026-06-11T15:42:39.541Z,REAL,MANUAL,0.0,0.0,0.0,0.0,0.0,237.481,37.453,104.492,-8172.727,M,sensor,0,,,,,,,
2026-06-11T15:42:39.641Z,REAL,MANUAL,0.0,0.0,0.0,0.0,0.0,237.629,37.453,104.492,-8172.727,M,sensor,0,,,,,,,
2026-06-11T15:42:39.741Z,REAL,MANUAL,0.0,0.0,0.0,0.0,0.0,237.617,37.453,104.492,-8172.727,M,sensor,0,,,,,,,
2026-06-11T15:42:39.841Z,REAL,MANUAL,0.0,0.0,0.0,0.0,0.0,237.532,37.453,104.492,-8172.727,M,sensor,0,,,,,,,
2026-06-11T15:42:39.941Z,REAL,MANUAL,0.0,0.0,0.0,0.0,0.0,237.45,37.453,104.492,-8172.727,M,sensor,0,,,,,,,
2026-06-11T15:42:40.041Z,REAL,MANUAL,0.0,0.0,0.0,0.0,0.0,237.633,37.453,104.492,-8172.727,M,sensor,0,,,,,,,
2026-06-11T15:42:40.141Z,REAL,MANUAL,0.0,0.0,0.0,0.0,0.0,237.721,37.453,104.177,-8172.727,M,sensor,0,,,,,,,
2026-06-11T15:42:40.241Z,REAL,MANUAL,0.0,0.0,0.0,0.0,0.0,237.597,37.453,104.177,-8172.727,M,sensor,0,,,,,,,
2026-06-11T15:42:40.341Z,REAL,MANUAL,0.0,0.0,0.0,0.0,0.0,237.574,37.768,104.177,-8172.727,M,sensor,0,,,,,,,
2026-06-11T15:42:40.441Z,REAL,MANUAL,0.0,0.0,0.0,0.0,0.0,237.537,37.768,104.177,-8172.727,M,sensor,0,,,,,,,
2026-06-11T15:42:40.541Z,REAL,MANUAL,0.0,0.0,0.0,0.0,0.0,237.558,37.768,104.177,-8172.727,M,sensor,0,,,,,,,
2026-06-11T15:42:40.641Z,REAL,MANUAL,0.0,0.0,0.0,0.0,0.0,237.623,37.768,104.177,-8172.727,M,sensor,0,,,,,,,
2026-06-11T15:42:40.741Z,REAL,MANUAL,0.0,0.0,0.0,0.0,0.0,237.701,37.768,104.177,-8172.727,M,sensor,0,,,,,,,
2026-06-11T15:42:40.841Z,REAL,MANUAL,0.0,0.0,0.0,0.0,0.0,237.663,37.768,104.177,-8172.727,M,sensor,0,,,,,,,
2026-06-11T15:42:40.941Z,REAL,MANUAL,0.0,0.0,0.0,0.0,0.0,237.517,37.768,104.177,-8172.727,M,sensor,0,,,,,,,
2026-06-11T15:42:41.041Z,REAL,MANUAL,0.0,0.0,0.0,0.0,0.0,237.518,38.083,104.177,-8172.727,M,sensor,0,,,,,,,
2026-06-11T15:42:41.141Z,REAL,MANUAL,0.0,0.0,0.0,0.0,0.0,237.511,37.768,104.177,-8172.727,M,sensor,0,,,,,,,
2026-06-11T15:42:41.241Z,REAL,MANUAL,0.0,0.0,0.0,0.0,0.0,237.626,37.768,104.177,-8172.727,M,sensor,0,,,,,,,
2026-06-11T15:42:41.341Z,REAL,MANUAL,0.0,0.0,0.0,0.0,0.0,237.685,37.768,104.177,-8172.727,M,sensor,0,,,,,,,
2026-06-11T15:42:41.441Z,REAL,MANUAL,0.0,0.0,0.0,0.0,0.0,237.572,37.768,104.177,-8172.727,M,sensor,0,,,,,,,
2026-06-11T15:42:41.541Z,REAL,MANUAL,0.0,0.0,0.0,0.0,0.0,237.692,37.768,104.177,-8172.727,M,sensor,0,,,,,,,
2026-06-11T15:42:41.641Z,REAL,MANUAL,0.0,0.0,0.0,0.0,0.0,237.661,37.768,104.177,-8172.727,M,sensor,0,,,,,,,
2026-06-11T15:42:41.741Z,REAL,MANUAL,0.0,0.0,0.0,0.0,0.0,237.737,37.768,104.177,-8172.727,M,sensor,0,,,,,,,
2026-06-11T15:42:41.841Z,REAL,MANUAL,0.0,0.0,0.0,0.0,0.0,237.533,37.768,104.177,-8172.727,M,sensor,0,,,,,,,
2026-06-11T15:42:41.941Z,REAL,MANUAL,0.0,0.0,0.0,0.0,0.0,237.854,37.768,104.177,-8172.727,M,sensor,0,,,,,,,
2026-06-11T15:42:42.041Z,REAL,MANUAL,0.0,0.0,0.0,0.0,0.0,237.811,37.768,104.492,-8172.727,M,sensor,0,,,,,,,
2026-06-11T15:42:42.141Z,REAL,MANUAL,0.0,0.0,0.0,0.0,0.0,237.601,37.768,104.492,-8172.727,M,sensor,0,,,,,,,
2026-06-11T15:42:42.241Z,REAL,MANUAL,0.0,0.0,0.0,0.0,0.0,237.646,37.768,104.492,-8172.727,M,sensor,0,,,,,,,
2026-06-11T15:42:42.341Z,REAL,MANUAL,0.0,0.0,0.0,0.0,0.0,237.603,37.768,104.492,-8172.727,M,sensor,0,,,,,,,
2026-06-11T15:42:42.441Z,REAL,MANUAL,0.0,0.0,0.0,0.0,0.0,237.582,37.768,104.492,-8172.727,M,sensor,0,,,,,,,
2026-06-11T15:42:42.541Z,REAL,MANUAL,0.0,0.0,0.0,0.0,0.0,237.573,37.768,104.492,-8172.727,M,sensor,0,,,,,,,
2026-06-11T15:42:42.641Z,REAL,MANUAL,0.0,0.0,0.0,0.0,0.0,237.547,37.768,104.492,-8172.727,M,sensor,0,,,,,,,
2026-06-11T15:42:42.741Z,REAL,MANUAL,0.0,0.0,0.0,0.0,0.0,237.5,37.768,104.492,-8172.727,M,sensor,0,,,,,,,
2026-06-11T15:42:42.841Z,REAL,MANUAL,0.0,0.0,0.0,0.0,0.0,237.735,37.768,104.492,-8172.727,M,sensor,0,,,,,,,
2026-06-11T15:42:42.941Z,REAL,MANUAL,0.0,0.0,0.0,0.0,0.0,237.789,37.768,104.492,-8172.727,M,sensor,0,,,,,,,
2026-06-11T15:42:43.041Z,REAL,MANUAL,0.0,0.0,0.0,0.0,0.0,237.641,37.453,104.492,-8172.727,M,sensor,0,,,,,,,
2026-06-11T15:42:43.141Z,REAL,MANUAL,0.0,0.0,0.0,0.0,0.0,237.61,37.453,104.492,-8172.727,M,sensor,0,,,,,,,
2026-06-11T15:42:43.241Z,REAL,MANUAL,0.0,0.0,0.0,0.0,0.0,237.81,37.453,104.492,-8172.727,M,sensor,0,,,,,,,
2026-06-11T15:42:43.341Z,REAL,MANUAL,0.0,0.0,0.0,0.0,0.0,237.488,37.453,104.492,-8172.727,M,sensor,0,,,,,,,
2026-06-11T15:42:43.441Z,REAL,MANUAL,0.0,0.0,0.0,0.0,0.0,237.599,37.453,104.492,-8172.727,M,sensor,0,,,,,,,
2026-06-11T15:42:43.541Z,REAL,MANUAL,0.0,0.0,0.0,0.0,0.0,237.63,37.453,104.177,-8172.727,M,sensor,0,,,,,,,
2026-06-11T15:42:43.641Z,REAL,MANUAL,0.0,0.0,0.0,0.0,0.0,237.555,37.453,104.177,-8172.727,M,sensor,0,,,,,,,
2026-06-11T15:42:43.741Z,REAL,MANUAL,0.0,0.0,0.0,0.0,0.0,237.738,37.453,104.177,-8172.727,M,sensor,0,,,,,,,
2026-06-11T15:42:43.841Z,REAL,MANUAL,0.0,0.0,0.0,0.0,0.0,237.37,37.453,104.492,-8172.727,M,sensor,0,,,,,,,
2026-06-11T15:42:43.941Z,REAL,MANUAL,0.0,0.0,0.0,0.0,0.0,237.498,37.453,104.492,-8172.727,M,sensor,0,,,,,,,
2026-06-11T15:42:44.041Z,REAL,MANUAL,0.0,0.0,0.0,0.0,0.0,237.676,37.453,104.492,-8172.727,M,sensor,0,,,,,,,
2026-06-11T15:42:44.141Z,REAL,MANUAL,0.0,0.0,0.0,0.0,0.0,237.852,37.453,104.492,-8172.727,M,sensor,0,,,,,,,
2026-06-11T15:42:44.241Z,REAL,MANUAL,0.0,0.0,0.0,0.0,0.0,237.659,37.453,104.492,-8172.727,M,sensor,0,,,,,,,
2026-06-11T15:42:44.341Z,REAL,MANUAL,0.0,0.0,0.0,0.0,0.0,237.62,37.453,104.492,-8172.727,M,sensor,0,,,,,,,
2026-06-11T15:42:44.441Z,REAL,MANUAL,0.0,0.0,0.0,0.0,0.0,237.447,37.453,104.492,-8172.727,M,sensor,0,,,,,,,
2026-06-11T15:42:44.541Z,REAL,MANUAL,0.0,0.0,0.0,0.0,0.0,237.73,37.453,104.492,-8172.727,M,sensor,0,,,,,,,
2026-06-11T15:42:44.641Z,REAL,MANUAL,0.0,0.0,0.0,0.0,0.0,237.663,37.453,104.492,-8172.727,M,sensor,0,,,,,,,
2026-06-11T15:42:44.741Z,REAL,MANUAL,0.0,0.0,0.0,0.0,0.0,237.603,37.453,104.492,-8172.727,M,sensor,0,,,,,,,
2026-06-11T15:42:44.841Z,REAL,MANUAL,0.0,0.0,0.0,0.0,0.0,237.666,37.453,104.492,-8172.727,M,sensor,0,,,,,,,
2026-06-11T15:42:44.941Z,REAL,MANUAL,0.0,0.0,0.0,0.0,0.0,237.635,37.453,104.492,-8172.727,M,sensor,0,,,,,,,
2026-06-11T15:42:45.041Z,REAL,MANUAL,0.0,0.0,0.0,0.0,0.0,237.7,37.453,104.492,-8172.727,M,sensor,0,,,,,,,
2026-06-11T15:42:45.141Z,REAL,MANUAL,0.0,0.0,0.0,0.0,0.0,237.639,37.453,104.492,-8172.727,M,sensor,0,,,,,,,
2026-06-11T15:42:45.241Z,REAL,MANUAL,0.0,0.0,0.0,0.0,0.0,237.454,37.453,104.492,-8172.727,M,sensor,0,,,,,,,
2026-06-11T15:42:45.341Z,REAL,MANUAL,0.0,0.0,0.0,0.0,0.0,237.76,37.453,104.492,-8172.727,M,sensor,0,,,,,,,
2026-06-11T15:42:45.441Z,REAL,MANUAL,0.0,0.0,0.0,0.0,0.0,237.397,37.453,104.492,-8172.727,M,sensor,0,,,,,,,
2026-06-11T15:42:45.541Z,REAL,MANUAL,0.0,0.0,0.0,0.0,0.0,237.449,37.453,104.492,-8172.727,M,sensor,0,,,,,,,
2026-06-11T15:42:45.641Z,REAL,MANUAL,0.0,0.0,0.0,0.0,0.0,237.452,37.453,104.492,-8172.727,M,sensor,0,,,,,,,
2026-06-11T15:42:45.741Z,REAL,MANUAL,0.0,0.0,0.0,0.0,0.0,237.562,37.453,104.492,-8172.727,M,sensor,0,,,,,,,
2026-06-11T15:42:45.841Z,REAL,MANUAL,0.0,0.0,0.0,0.0,0.0,237.435,37.453,104.177,-8172.727,M,sensor,0,,,,,,,
2026-06-11T15:42:45.941Z,REAL,MANUAL,0.0,0.0,0.0,0.0,0.0,237.502,37.453,104.492,-8172.727,M,sensor,0,,,,,,,
2026-06-11T15:42:46.041Z,REAL,MANUAL,0.0,0.0,0.0,0.0,0.0,237.579,37.453,104.492,-8172.727,M,sensor,0,,,,,,,
2026-06-11T15:42:46.141Z,REAL,MANUAL,0.0,0.0,0.0,0.0,0.0,237.642,37.453,104.492,-8172.727,M,sensor,0,,,,,,,
2026-06-11T15:42:46.241Z,REAL,MANUAL,0.0,0.0,0.0,0.0,0.0,237.339,37.453,104.492,-8172.727,M,sensor,0,,,,,,,
2026-06-11T15:42:46.341Z,REAL,MANUAL,0.0,0.0,0.0,0.0,0.0,237.506,37.453,104.492,-8172.727,M,sensor,0,,,,,,,
2026-06-11T15:42:46.441Z,REAL,MANUAL,0.0,0.0,0.0,0.0,0.0,237.461,37.453,104.492,-8172.727,M,sensor,0,,,,,,,
2026-06-11T15:42:46.541Z,REAL,MANUAL,0.0,0.0,0.0,0.0,0.0,237.578,37.453,104.492,-8172.727,M,sensor,0,,,,,,,
2026-06-11T15:42:46.641Z,REAL,MANUAL,0.0,0.0,0.0,0.0,0.0,237.492,37.453,104.492,-8172.727,M,sensor,0,,,,,,,
2026-06-11T15:42:46.741Z,REAL,MANUAL,0.0,0.0,0.0,0.0,0.0,237.474,37.768,104.492,-8172.727,M,sensor,0,,,,,,,
2026-06-11T15:42:46.841Z,REAL,MANUAL,0.0,0.0,0.0,0.0,0.0,237.444,37.768,104.492,-8172.727,M,sensor,0,,,,,,,
2026-06-11T15:42:46.941Z,REAL,MANUAL,0.0,0.0,0.0,0.0,0.0,237.489,37.768,104.492,-8172.727,M,sensor,0,,,,,,,
2026-06-11T15:42:47.041Z,REAL,MANUAL,0.0,0.0,0.0,0.0,0.0,237.585,37.768,104.492,-8172.727,M,sensor,0,,,,,,,
2026-06-11T15:42:47.141Z,REAL,MANUAL,0.0,0.0,0.0,0.0,0.0,237.604,37.453,104.492,-8172.727,M,sensor,0,,,,,,,
2026-06-11T15:42:47.241Z,REAL,MANUAL,0.0,0.0,0.0,0.0,0.0,237.715,37.453,104.492,-8172.727,M,sensor,0,,,,,,,
2026-06-11T15:42:47.341Z,REAL,MANUAL,0.0,0.0,0.0,0.0,0.0,237.546,37.768,104.492,-8172.727,M,sensor,0,,,,,,,
2026-06-11T15:42:47.441Z,REAL,MANUAL,0.0,0.0,0.0,0.0,0.0,237.492,37.768,104.492,-8172.727,M,sensor,0,,,,,,,
2026-06-11T15:42:47.541Z,REAL,MANUAL,0.0,0.0,0.0,0.0,0.0,237.36,37.768,104.492,-8172.727,M,sensor,0,,,,,,,
2026-06-11T15:42:47.641Z,REAL,MANUAL,0.0,0.0,0.0,0.0,0.0,237.649,37.768,104.492,-8172.727,M,sensor,0,,,,,,,
2026-06-11T15:42:47.741Z,REAL,MANUAL,0.0,0.0,0.0,0.0,0.0,237.692,37.768,104.492,-8172.727,M,sensor,0,,,,,,,
2026-06-11T15:42:47.841Z,REAL,MANUAL,0.0,0.0,0.0,0.0,0.0,237.381,37.453,104.492,-8172.727,M,sensor,0,,,,,,,
2026-06-11T15:42:47.941Z,REAL,MANUAL,0.0,0.0,0.0,0.0,0.0,237.765,37.453,104.492,-8172.727,M,sensor,0,,,,,,,
2026-06-11T15:42:48.041Z,REAL,MANUAL,0.0,0.0,0.0,0.0,0.0,237.488,37.768,104.492,-8172.727,M,sensor,0,,,,,,,
2026-06-11T15:42:48.141Z,REAL,MANUAL,0.0,0.0,0.0,0.0,0.0,237.46,37.768,104.492,-8172.727,M,sensor,0,,,,,,,
2026-06-11T15:42:48.241Z,REAL,MANUAL,0.0,0.0,0.0,0.0,0.0,237.672,37.768,104.492,-8172.727,M,sensor,0,,,,,,,
2026-06-11T15:42:48.341Z,REAL,MANUAL,0.0,0.0,0.0,0.0,0.0,237.63,37.768,104.492,-8172.727,M,sensor,0,,,,,,,
2026-06-11T15:42:48.442Z,REAL,MANUAL,0.0,0.0,0.0,0.0,0.0,237.593,37.768,104.492,-8172.727,M,sensor,0,,,,,,,
2026-06-11T15:42:48.541Z,REAL,MANUAL,0.0,0.0,0.0,0.0,0.0,237.658,37.768,104.492,-8172.727,M,sensor,0,,,,,,,
2026-06-11T15:42:48.641Z,REAL,MANUAL,0.0,0.0,0.0,0.0,0.0,237.495,37.768,104.492,-8172.727,M,sensor,0,,,,,,,
2026-06-11T15:42:48.741Z,REAL,MANUAL,0.0,0.0,0.0,0.0,0.0,237.777,37.768,104.492,-8172.727,M,sensor,0,,,,,,,
2026-06-11T15:42:48.841Z,REAL,MANUAL,0.0,0.0,0.0,0.0,0.0,237.599,37.768,104.492,-8172.727,M,sensor,0,,,,,,,
2026-06-11T15:42:48.941Z,REAL,MANUAL,0.0,0.0,0.0,0.0,0.0,237.758,37.768,104.492,-8172.727,M,sensor,0,,,,,,,
2026-06-11T15:42:49.042Z,REAL,MANUAL,0.0,0.0,0.0,0.0,0.0,237.622,37.768,104.492,-8172.727,M,sensor,0,,,,,,,
2026-06-11T15:42:49.141Z,REAL,MANUAL,0.0,0.0,0.0,0.0,0.0,237.611,37.768,104.492,-8172.727,M,sensor,0,,,,,,,
2026-06-11T15:42:49.241Z,REAL,MANUAL,0.0,0.0,0.0,0.0,0.0,237.5,37.768,104.177,-8172.727,M,sensor,0,,,,,,,
2026-06-11T15:42:49.342Z,REAL,MANUAL,0.0,0.0,0.0,0.0,0.0,237.559,37.768,104.177,-8172.727,M,sensor,0,,,,,,,
2026-06-11T15:42:49.441Z,REAL,MANUAL,0.0,0.0,0.0,0.0,0.0,237.631,37.768,104.177,-8172.727,M,sensor,0,,,,,,,
2026-06-11T15:42:49.541Z,REAL,MANUAL,0.0,0.0,0.0,0.0,0.0,237.654,37.768,104.177,-8172.727,M,sensor,0,,,,,,,
2026-06-11T15:42:49.641Z,REAL,MANUAL,0.0,0.0,0.0,0.0,0.0,237.735,37.768,104.177,-8172.727,M,sensor,0,,,,,,,
2026-06-11T15:42:49.741Z,REAL,MANUAL,0.0,0.0,0.0,0.0,0.0,237.741,37.768,104.177,-8172.727,M,sensor,0,,,,,,,
2026-06-11T15:42:49.841Z,REAL,MANUAL,0.0,0.0,0.0,0.0,0.0,237.476,37.768,104.177,-8172.727,M,sensor,0,,,,,,,
2026-06-11T15:42:49.941Z,REAL,MANUAL,0.0,0.0,0.0,0.0,0.0,237.8,37.768,104.177,-8172.727,M,sensor,0,,,,,,,
2026-06-11T15:42:50.041Z,REAL,MANUAL,0.0,0.0,0.0,0.0,0.0,237.731,37.768,104.177,-8172.727,M,sensor,0,,,,,,,
2026-06-11T15:42:50.141Z,REAL,MANUAL,0.0,0.0,0.0,0.0,0.0,237.637,37.768,104.177,-8172.727,M,sensor,0,,,,,,,
2026-06-11T15:42:50.241Z,REAL,MANUAL,0.0,0.0,0.0,0.0,0.0,237.537,37.768,104.177,-8172.727,M,sensor,0,,,,,,,
2026-06-11T15:42:50.341Z,REAL,MANUAL,0.0,0.0,0.0,0.0,0.0,237.547,37.768,104.177,-8172.727,M,sensor,0,,,,,,,
2026-06-11T15:42:50.441Z,REAL,MANUAL,0.0,0.0,0.0,0.0,0.0,237.64,37.768,104.177,-8172.727,M,sensor,0,,,,,,,
2026-06-11T15:42:50.541Z,REAL,MANUAL,0.0,0.0,0.0,0.0,0.0,237.603,37.768,104.177,-8172.727,M,sensor,0,,,,,,,
2026-06-11T15:42:50.641Z,REAL,MANUAL,0.0,0.0,0.0,0.0,0.0,237.686,37.768,104.177,-8172.727,M,sensor,0,,,,,,,
2026-06-11T15:42:50.741Z,REAL,MANUAL,0.0,0.0,0.0,0.0,0.0,237.835,37.768,104.177,-8172.727,M,sensor,0,,,,,,,
2026-06-11T15:42:50.841Z,REAL,MANUAL,0.0,0.0,0.0,0.0,0.0,237.549,37.768,104.177,-8172.727,M,sensor,0,,,,,,,
2026-06-11T15:42:50.941Z,REAL,MANUAL,0.0,0.0,0.0,0.0,0.0,237.443,37.768,104.177,-8172.727,M,sensor,0,,,,,,,
2026-06-11T15:42:51.041Z,REAL,MANUAL,0.0,0.0,0.0,0.0,0.0,237.561,37.768,104.177,-8172.727,M,sensor,0,,,,,,,
2026-06-11T15:42:51.141Z,REAL,MANUAL,0.0,0.0,0.0,0.0,0.0,237.344,37.768,104.177,-8172.727,M,sensor,0,,,,,,,
2026-06-11T15:42:51.241Z,REAL,MANUAL,0.0,0.0,0.0,0.0,0.0,237.497,37.768,104.177,-8172.727,M,sensor,0,,,,,,,
2026-06-11T15:42:51.341Z,REAL,MANUAL,0.0,0.0,0.0,0.0,0.0,237.515,37.768,104.177,-8172.727,M,sensor,0,,,,,,,
2026-06-11T15:42:51.441Z,REAL,MANUAL,0.0,0.0,0.0,0.0,0.0,237.58,37.768,104.177,-8172.727,M,sensor,0,,,,,,,
2026-06-11T15:42:51.541Z,REAL,MANUAL,0.0,0.0,0.0,0.0,0.0,237.569,37.768,104.177,-8172.727,M,sensor,0,,,,,,,
2026-06-11T15:42:51.641Z,REAL,MANUAL,0.0,0.0,0.0,0.0,0.0,237.722,37.768,104.177,-8172.727,M,sensor,0,,,,,,,
2026-06-11T15:42:51.741Z,REAL,MANUAL,0.0,0.0,0.0,0.0,0.0,237.747,37.768,104.177,-8172.727,M,sensor,0,,,,,,,
2026-06-11T15:42:51.841Z,REAL,MANUAL,0.0,0.0,0.0,0.0,0.0,237.65,37.768,104.177,-8172.727,M,sensor,0,,,,,,,
2026-06-11T15:42:51.941Z,REAL,MANUAL,0.0,0.0,0.0,0.0,0.0,237.656,37.453,104.177,-8172.727,M,sensor,0,,,,,,,
2026-06-11T15:42:52.041Z,REAL,MANUAL,0.0,0.0,0.0,0.0,0.0,237.638,37.453,104.177,-8172.727,M,sensor,0,,,,,,,
2026-06-11T15:42:52.141Z,REAL,MANUAL,0.0,0.0,0.0,0.0,0.0,237.524,37.453,104.177,-8172.727,M,sensor,0,,,,,,,
2026-06-11T15:42:52.241Z,REAL,MANUAL,0.0,0.0,0.0,0.0,0.0,237.455,37.768,104.177,-8172.727,M,sensor,0,,,,,,,
2026-06-11T15:42:52.341Z,REAL,MANUAL,0.0,0.0,0.0,0.0,0.0,237.64,37.768,104.177,-8172.727,M,sensor,0,,,,,,,
2026-06-11T15:42:52.441Z,REAL,MANUAL,0.0,0.0,0.0,0.0,0.0,237.506,37.768,104.177,-8172.727,M,sensor,0,,,,,,,
2026-06-11T15:42:52.541Z,REAL,MANUAL,0.0,0.0,0.0,0.0,0.0,237.554,37.768,104.177,-8172.727,M,sensor,0,,,,,,,
2026-06-11T15:42:52.641Z,REAL,MANUAL,0.0,0.0,0.0,0.0,0.0,237.746,37.768,104.177,-8172.727,M,sensor,0,,,,,,,
2026-06-11T15:42:52.741Z,REAL,MANUAL,0.0,0.0,0.0,0.0,0.0,237.517,37.768,104.177,-8172.727,M,sensor,0,,,,,,,
2026-06-11T15:42:52.841Z,REAL,MANUAL,0.0,0.0,0.0,0.0,0.0,237.65,37.768,104.177,-8172.727,M,sensor,0,,,,,,,
2026-06-11T15:42:52.941Z,REAL,MANUAL,0.0,0.0,0.0,0.0,0.0,237.499,37.768,104.177,-8172.727,M,sensor,0,,,,,,,
2026-06-11T15:42:53.041Z,REAL,MANUAL,0.0,0.0,0.0,0.0,0.0,237.599,37.768,104.177,-8172.727,M,sensor,0,,,,,,,
2026-06-11T15:42:53.141Z,REAL,MANUAL,0.0,0.0,0.0,0.0,0.0,237.636,37.768,104.177,-8172.727,M,sensor,0,,,,,,,
2026-06-11T15:42:53.241Z,REAL,MANUAL,0.0,0.0,0.0,0.0,0.0,237.687,37.768,104.177,-8172.727,M,sensor,0,,,,,,,
2026-06-11T15:42:53.341Z,REAL,MANUAL,0.0,0.0,0.0,0.0,0.0,237.717,37.768,104.492,-8172.727,M,sensor,0,,,,,,,
2026-06-11T15:42:53.441Z,REAL,MANUAL,0.0,0.0,0.0,0.0,0.0,237.472,37.453,104.492,-8172.727,M,sensor,0,,,,,,,
2026-06-11T15:42:53.541Z,REAL,MANUAL,0.0,0.0,0.0,0.0,0.0,237.653,37.453,104.492,-8172.727,M,sensor,0,,,,,,,
2026-06-11T15:42:53.641Z,REAL,MANUAL,0.0,0.0,0.0,0.0,0.0,237.612,37.453,104.492,-8172.727,M,sensor,0,,,,,,,
2026-06-11T15:42:53.741Z,REAL,MANUAL,0.0,0.0,0.0,0.0,0.0,237.601,37.453,104.492,-8172.727,M,sensor,0,,,,,,,
2026-06-11T15:42:53.841Z,REAL,MANUAL,0.0,0.0,0.0,0.0,0.0,237.533,37.453,104.492,-8172.727,M,sensor,0,,,,,,,
2026-06-11T15:42:53.941Z,REAL,MANUAL,0.0,0.0,0.0,0.0,0.0,237.559,37.453,104.492,-8172.727,M,sensor,0,,,,,,,
2026-06-11T15:42:54.041Z,REAL,MANUAL,0.0,0.0,0.0,0.0,0.0,237.463,37.453,104.492,-8172.727,M,sensor,0,,,,,,,
2026-06-11T15:42:54.141Z,REAL,MANUAL,0.0,0.0,0.0,0.0,0.0,237.537,37.453,104.492,-8172.727,M,sensor,0,,,,,,,
2026-06-11T15:42:54.241Z,REAL,MANUAL,0.0,0.0,0.0,0.0,0.0,237.553,37.453,104.492,-8172.727,M,sensor,0,,,,,,,
2026-06-11T15:42:54.341Z,REAL,MANUAL,0.0,0.0,0.0,0.0,0.0,237.749,37.453,104.492,-8172.727,M,sensor,0,,,,,,,
2026-06-11T15:42:54.441Z,REAL,MANUAL,0.0,0.0,0.0,0.0,0.0,237.586,37.453,104.492,-8172.727,M,sensor,0,,,,,,,
2026-06-11T15:42:54.541Z,REAL,MANUAL,0.0,0.0,0.0,0.0,0.0,237.655,37.453,104.492,-8172.727,M,sensor,0,,,,,,,
2026-06-11T15:42:54.641Z,REAL,MANUAL,0.0,0.0,0.0,0.0,0.0,237.561,37.453,104.492,-8172.727,M,sensor,0,,,,,,,
2026-06-11T15:42:54.741Z,REAL,MANUAL,0.0,0.0,0.0,0.0,0.0,237.618,37.453,104.177,-8172.727,M,sensor,0,,,,,,,
2026-06-11T15:42:54.841Z,REAL,MANUAL,0.0,0.0,0.0,0.0,0.0,237.623,37.453,104.177,-8172.727,M,sensor,0,,,,,,,
2026-06-11T15:42:54.941Z,REAL,MANUAL,0.0,0.0,0.0,0.0,0.0,237.492,37.453,104.492,-8172.727,M,sensor,0,,,,,,,
2026-06-11T15:42:55.041Z,REAL,MANUAL,0.0,0.0,0.0,0.0,0.0,237.492,37.453,104.492,-8172.727,M,sensor,0,,,,,,,
2026-06-11T15:42:55.141Z,REAL,MANUAL,0.0,0.0,0.0,0.0,0.0,237.596,37.453,104.492,-8172.727,M,sensor,0,,,,,,,
2026-06-11T15:42:55.241Z,REAL,MANUAL,0.0,0.0,0.0,0.0,0.0,237.634,37.453,104.492,-8172.727,M,sensor,0,,,,,,,
2026-06-11T15:42:55.341Z,REAL,MANUAL,0.0,0.0,0.0,0.0,0.0,237.609,37.453,104.492,-8172.727,M,sensor,0,,,,,,,
2026-06-11T15:42:55.441Z,REAL,MANUAL,0.0,0.0,0.0,0.0,0.0,237.578,37.453,104.492,-8172.727,M,sensor,0,,,,,,,
2026-06-11T15:42:55.541Z,REAL,MANUAL,0.0,0.0,0.0,0.0,0.0,237.605,37.453,104.492,-8172.727,M,sensor,0,,,,,,,
2026-06-11T15:42:55.641Z,REAL,MANUAL,0.0,0.0,0.0,0.0,0.0,237.508,37.453,104.492,-8172.727,M,sensor,0,,,,,,,
2026-06-11T15:42:55.741Z,REAL,MANUAL,0.0,0.0,0.0,0.0,0.0,237.614,37.453,104.492,-8172.727,M,sensor,0,,,,,,,
2026-06-11T15:42:55.841Z,REAL,MANUAL,0.0,0.0,0.0,0.0,0.0,237.604,37.453,104.177,-8172.727,M,sensor,0,,,,,,,
2026-06-11T15:42:55.941Z,REAL,MANUAL,0.0,0.0,0.0,0.0,0.0,237.605,37.453,104.177,-8172.727,M,sensor,0,,,,,,,
2026-06-11T15:42:56.041Z,REAL,MANUAL,0.0,0.0,0.0,0.0,0.0,237.719,37.453,104.177,-8172.727,M,sensor,0,,,,,,,
2026-06-11T15:42:56.141Z,REAL,MANUAL,0.0,0.0,0.0,0.0,0.0,237.715,37.453,104.177,-8172.727,M,sensor,0,,,,,,,
2026-06-11T15:42:56.241Z,REAL,MANUAL,0.0,0.0,0.0,0.0,0.0,237.67,37.453,104.177,-8172.727,M,sensor,0,,,,,,,
2026-06-11T15:42:56.341Z,REAL,MANUAL,0.0,0.0,0.0,0.0,0.0,237.605,37.453,104.177,-8172.727,M,sensor,0,,,,,,,
2026-06-11T15:42:56.441Z,REAL,MANUAL,0.0,0.0,0.0,0.0,0.0,237.496,37.453,104.492,-8172.727,M,sensor,0,,,,,,,
2026-06-11T15:42:56.541Z,REAL,MANUAL,0.0,0.0,0.0,0.0,0.0,237.514,37.453,104.492,-8172.727,M,sensor,0,,,,,,,
2026-06-11T15:42:56.641Z,REAL,MANUAL,0.0,0.0,0.0,0.0,0.0,237.604,37.453,104.492,-8172.727,M,sensor,0,,,,,,,
2026-06-11T15:42:56.741Z,REAL,MANUAL,0.0,0.0,0.0,0.0,0.0,237.56,37.453,104.492,-8172.727,M,sensor,0,,,,,,,
2026-06-11T15:42:56.841Z,REAL,MANUAL,0.0,0.0,0.0,0.0,0.0,237.618,37.453,104.492,-8172.727,M,sensor,0,,,,,,,
2026-06-11T15:42:56.941Z,REAL,MANUAL,0.0,0.0,0.0,0.0,0.0,237.756,37.453,104.492,-8172.727,M,sensor,0,,,,,,,
2026-06-11T15:42:57.041Z,REAL,MANUAL,0.0,0.0,0.0,0.0,0.0,237.736,37.453,104.492,-8172.727,M,sensor,0,,,,,,,
2026-06-11T15:42:57.141Z,REAL,MANUAL,0.0,0.0,0.0,0.0,0.0,237.72,37.453,104.492,-8172.727,M,sensor,0,,,,,,,
2026-06-11T15:42:57.241Z,REAL,MANUAL,0.0,0.0,0.0,0.0,0.0,237.741,37.453,104.492,-8172.727,M,sensor,0,,,,,,,
2026-06-11T15:42:57.341Z,REAL,MANUAL,0.0,0.0,0.0,0.0,0.0,237.616,37.453,104.492,-8172.727,M,sensor,0,,,,,,,
2026-06-11T15:42:57.441Z,REAL,MANUAL,0.0,0.0,0.0,0.0,0.0,237.551,37.453,104.492,-8172.727,M,sensor,0,,,,,,,
2026-06-11T15:42:57.541Z,REAL,MANUAL,0.0,0.0,0.0,0.0,0.0,237.576,37.453,104.492,-8172.727,M,sensor,0,,,,,,,
2026-06-11T15:42:57.641Z,REAL,MANUAL,0.0,0.0,0.0,0.0,0.0,237.292,37.453,104.492,-8172.727,M,sensor,0,,,,,,,
2026-06-11T15:42:57.741Z,REAL,MANUAL,0.0,0.0,0.0,0.0,0.0,237.574,37.453,104.492,-8172.727,M,sensor,0,,,,,,,
2026-06-11T15:42:57.841Z,REAL,MANUAL,0.0,0.0,0.0,0.0,0.0,237.587,37.139,104.492,-8172.727,M,sensor,0,,,,,,,
2026-06-11T15:42:57.941Z,REAL,MANUAL,0.0,0.0,0.0,0.0,0.0,237.396,37.139,104.492,-8172.727,M,sensor,0,,,,,,,
2026-06-11T15:42:58.041Z,REAL,MANUAL,0.0,0.0,0.0,0.0,0.0,237.464,37.139,104.492,-8172.727,M,sensor,0,,,,,,,
2026-06-11T15:42:58.141Z,REAL,MANUAL,0.0,0.0,0.0,0.0,0.0,237.447,37.139,104.492,-8172.727,M,sensor,0,,,,,,,
2026-06-11T15:42:58.241Z,REAL,MANUAL,0.0,0.0,0.0,0.0,0.0,237.588,37.139,104.492,-8172.727,M,sensor,0,,,,,,,
2026-06-11T15:42:58.341Z,REAL,MANUAL,0.0,0.0,0.0,0.0,0.0,237.503,37.139,104.492,-8172.727,M,sensor,0,,,,,,,
2026-06-11T15:42:58.441Z,REAL,MANUAL,0.0,0.0,0.0,0.0,0.0,237.464,37.139,104.492,-8172.727,M,sensor,0,,,,,,,
2026-06-11T15:42:58.541Z,REAL,MANUAL,0.0,0.0,0.0,0.0,0.0,237.783,37.139,104.492,-8172.727,M,sensor,0,,,,,,,
2026-06-11T15:42:58.641Z,REAL,MANUAL,0.0,0.0,0.0,0.0,0.0,237.648,37.139,104.492,-8172.727,M,sensor,0,,,,,,,
2026-06-11T15:42:58.741Z,REAL,MANUAL,0.0,0.0,0.0,0.0,0.0,237.804,37.139,104.492,-8172.727,M,sensor,0,,,,,,,
2026-06-11T15:42:58.841Z,REAL,MANUAL,0.0,0.0,0.0,0.0,0.0,237.749,37.139,104.492,-8172.727,M,sensor,0,,,,,,,
2026-06-11T15:42:58.941Z,REAL,MANUAL,0.0,0.0,0.0,0.0,0.0,237.844,37.453,104.492,-8172.727,M,sensor,0,,,,,,,
2026-06-11T15:42:59.041Z,REAL,MANUAL,0.0,0.0,0.0,0.0,0.0,237.676,37.453,104.492,-8172.727,M,sensor,0,,,,,,,
2026-06-11T15:42:59.141Z,REAL,MANUAL,0.0,0.0,0.0,0.0,0.0,237.419,37.453,104.492,-8172.727,M,sensor,0,,,,,,,
2026-06-11T15:42:59.241Z,REAL,MANUAL,0.0,0.0,0.0,0.0,0.0,237.612,37.453,104.492,-8172.727,M,sensor,0,,,,,,,
2026-06-11T15:42:59.341Z,REAL,MANUAL,0.0,0.0,0.0,0.0,0.0,237.685,37.453,104.492,-8172.727,M,sensor,0,,,,,,,
2026-06-11T15:42:59.441Z,REAL,MANUAL,0.0,0.0,0.0,0.0,0.0,237.586,37.453,104.492,-8172.727,M,sensor,0,,,,,,,
2026-06-11T15:42:59.541Z,REAL,MANUAL,0.0,0.0,0.0,0.0,0.0,237.486,37.453,104.492,-8172.727,M,sensor,0,,,,,,,
2026-06-11T15:42:59.641Z,REAL,MANUAL,0.0,0.0,0.0,0.0,0.0,237.521,37.453,104.492,-8172.727,M,sensor,0,,,,,,,
2026-06-11T15:42:59.741Z,REAL,MANUAL,0.0,0.0,0.0,0.0,0.0,237.607,37.453,104.492,-8172.727,M,sensor,0,,,,,,,
2026-06-11T15:42:59.841Z,REAL,MANUAL,0.0,0.0,0.0,0.0,0.0,237.462,37.768,104.492,-8172.727,M,sensor,0,,,,,,,
2026-06-11T15:42:59.941Z,REAL,MANUAL,0.0,0.0,0.0,0.0,0.0,237.642,37.453,104.492,-8172.727,M,sensor,0,,,,,,,
2026-06-11T15:43:00.041Z,REAL,MANUAL,0.0,0.0,0.0,0.0,0.0,237.559,37.453,104.492,-8172.727,M,sensor,0,,,,,,,
2026-06-11T15:43:00.141Z,REAL,MANUAL,0.0,0.0,0.0,0.0,0.0,237.592,37.453,104.807,-8172.727,M,sensor,0,,,,,,,
2026-06-11T15:43:00.241Z,REAL,MANUAL,0.0,0.0,0.0,0.0,0.0,237.421,37.453,104.807,-8172.727,M,sensor,0,,,,,,,
2026-06-11T15:43:00.341Z,REAL,MANUAL,0.0,0.0,0.0,0.0,0.0,237.491,37.453,104.807,-8172.727,M,sensor,0,,,,,,,
2026-06-11T15:43:00.441Z,REAL,MANUAL,0.0,0.0,0.0,0.0,0.0,237.542,37.453,104.807,-8172.727,M,sensor,0,,,,,,,
2026-06-11T15:43:00.541Z,REAL,MANUAL,0.0,0.0,0.0,0.0,0.0,237.535,37.453,104.807,-8172.727,M,sensor,0,,,,,,,
2026-06-11T15:43:00.641Z,REAL,MANUAL,0.0,0.0,0.0,0.0,0.0,237.505,37.453,104.807,-8172.727,M,sensor,0,,,,,,,
2026-06-11T15:43:00.741Z,REAL,MANUAL,0.0,0.0,0.0,0.0,0.0,237.591,37.453,104.492,-8172.727,M,sensor,0,,,,,,,
2026-06-11T15:43:00.841Z,REAL,MANUAL,0.0,0.0,0.0,0.0,0.0,237.699,37.453,104.807,-8172.727,M,sensor,0,,,,,,,
2026-06-11T15:43:00.941Z,REAL,MANUAL,0.0,0.0,0.0,0.0,0.0,237.798,37.453,104.807,-8172.727,M,sensor,0,,,,,,,
2026-06-11T15:43:01.041Z,REAL,MANUAL,0.0,0.0,0.0,0.0,0.0,237.547,37.453,104.807,-8172.727,M,sensor,0,,,,,,,
2026-06-11T15:43:01.141Z,REAL,MANUAL,0.0,0.0,0.0,0.0,0.0,237.648,37.768,104.807,-8172.727,M,sensor,0,,,,,,,
2026-06-11T15:43:01.241Z,REAL,MANUAL,0.0,0.0,0.0,0.0,0.0,237.451,37.768,104.492,-8172.727,M,sensor,0,,,,,,,
2026-06-11T15:43:01.341Z,REAL,MANUAL,0.0,0.0,0.0,0.0,0.0,237.372,37.768,104.492,-8172.727,M,sensor,0,,,,,,,
2026-06-11T15:43:01.441Z,REAL,MANUAL,0.0,0.0,0.0,0.0,0.0,237.556,37.768,104.492,-8172.727,M,sensor,0,,,,,,,
2026-06-11T15:43:01.541Z,REAL,MANUAL,0.0,0.0,0.0,0.0,0.0,237.544,37.768,104.492,-8172.727,M,sensor,0,,,,,,,
2026-06-11T15:43:01.641Z,REAL,MANUAL,0.0,0.0,0.0,0.0,0.0,237.548,37.768,104.492,-8172.727,M,sensor,0,,,,,,,
2026-06-11T15:43:01.741Z,REAL,MANUAL,0.0,0.0,0.0,0.0,0.0,237.745,37.768,104.492,-8172.727,M,sensor,0,,,,,,,
2026-06-11T15:43:01.841Z,REAL,MANUAL,0.0,0.0,0.0,0.0,0.0,237.802,37.768,104.492,-8172.727,M,sensor,0,,,,,,,
2026-06-11T15:43:01.941Z,REAL,MANUAL,0.0,0.0,0.0,0.0,0.0,237.854,37.768,104.492,-8172.727,M,sensor,0,,,,,,,
2026-06-11T15:43:02.041Z,REAL,MANUAL,0.0,0.0,0.0,0.0,0.0,237.8,37.768,104.492,-8172.727,M,sensor,0,,,,,,,
2026-06-11T15:43:02.141Z,REAL,MANUAL,0.0,0.0,0.0,0.0,0.0,237.5,37.768,104.492,-8172.727,M,sensor,0,,,,,,,
2026-06-11T15:43:02.241Z,REAL,MANUAL,0.0,0.0,0.0,0.0,0.0,237.592,37.768,104.492,-8172.727,M,sensor,0,,,,,,,
2026-06-11T15:43:02.341Z,REAL,MANUAL,0.0,0.0,0.0,0.0,0.0,237.384,37.768,104.492,-8172.727,M,sensor,0,,,,,,,
2026-06-11T15:43:02.441Z,REAL,MANUAL,0.0,0.0,0.0,0.0,0.0,237.422,37.768,104.492,-8172.727,M,sensor,0,,,,,,,
2026-06-11T15:43:02.541Z,REAL,MANUAL,0.0,0.0,0.0,0.0,0.0,237.687,37.768,104.492,-8172.727,M,sensor,0,,,,,,,
2026-06-11T15:43:02.641Z,REAL,MANUAL,0.0,0.0,0.0,0.0,0.0,237.721,37.768,104.492,-8172.727,M,sensor,0,,,,,,,
2026-06-11T15:43:02.741Z,REAL,MANUAL,0.0,0.0,0.0,0.0,0.0,237.725,37.768,104.492,-8172.727,M,sensor,0,,,,,,,
2026-06-11T15:43:02.841Z,REAL,MANUAL,0.0,0.0,0.0,0.0,0.0,237.506,37.768,104.492,-8172.727,M,sensor,0,,,,,,,
2026-06-11T15:43:02.941Z,REAL,MANUAL,0.0,0.0,0.0,0.0,0.0,237.493,37.768,104.492,-8172.727,M,sensor,0,,,,,,,
2026-06-11T15:43:03.041Z,REAL,MANUAL,0.0,0.0,0.0,0.0,0.0,237.696,37.768,104.492,-8172.727,M,sensor,0,,,,,,,
2026-06-11T15:43:03.141Z,REAL,MANUAL,0.0,0.0,0.0,0.0,0.0,237.603,37.768,104.492,-8172.727,M,sensor,0,,,,,,,
2026-06-11T15:43:03.241Z,REAL,MANUAL,0.0,0.0,0.0,0.0,0.0,237.782,37.768,104.492,-8172.727,M,sensor,0,,,,,,,
2026-06-11T15:43:03.341Z,REAL,MANUAL,0.0,0.0,0.0,0.0,0.0,237.942,37.768,104.177,-8172.727,M,sensor,0,,,,,,,
2026-06-11T15:43:03.442Z,REAL,MANUAL,0.0,0.0,0.0,0.0,0.0,237.747,37.768,104.177,-8172.727,M,sensor,0,,,,,,,
2026-06-11T15:43:03.541Z,REAL,MANUAL,0.0,0.0,0.0,0.0,0.0,237.834,37.768,104.492,-8172.727,M,sensor,0,,,,,,,
2026-06-11T15:43:03.642Z,REAL,MANUAL,0.0,0.0,0.0,0.0,0.0,237.746,37.768,104.492,-8172.727,M,sensor,0,,,,,,,
2026-06-11T15:43:03.741Z,REAL,MANUAL,0.0,0.0,0.0,0.0,0.0,237.835,37.768,104.492,-8172.727,M,sensor,0,,,,,,,
2026-06-11T15:43:03.841Z,REAL,MANUAL,0.0,0.0,0.0,0.0,0.0,237.993,37.768,104.492,-8172.727,M,sensor,0,,,,,,,
2026-06-11T15:43:03.941Z,REAL,MANUAL,0.0,0.0,0.0,0.0,0.0,237.793,37.768,104.492,-8172.727,M,sensor,0,,,,,,,
2026-06-11T15:43:04.041Z,REAL,MANUAL,0.0,0.0,0.0,0.0,0.0,237.909,37.768,104.492,-8172.727,M,sensor,0,,,,,,,
2026-06-11T15:43:04.141Z,REAL,MANUAL,0.0,0.0,0.0,0.0,0.0,237.643,37.768,104.492,-8172.727,M,sensor,0,,,,,,,
2026-06-11T15:43:04.242Z,REAL,MANUAL,0.0,0.0,0.0,0.0,0.0,237.695,37.768,104.492,-8172.727,M,sensor,0,,,,,,,
2026-06-11T15:43:04.341Z,REAL,MANUAL,0.0,0.0,0.0,0.0,0.0,237.776,37.768,104.492,-8172.727,M,sensor,0,,,,,,,
2026-06-11T15:43:04.442Z,REAL,MANUAL,0.0,0.0,0.0,0.0,0.0,237.69,37.453,104.492,-8172.727,M,sensor,0,,,,,,,
2026-06-11T15:43:04.541Z,REAL,MANUAL,0.0,0.0,0.0,0.0,0.0,237.661,37.453,104.492,-8172.727,M,sensor,0,,,,,,,
2026-06-11T15:43:04.641Z,REAL,MANUAL,0.0,0.0,0.0,0.0,0.0,238.106,37.453,104.492,-8172.727,M,sensor,0,,,,,,,
2026-06-11T15:43:04.741Z,REAL,MANUAL,0.0,0.0,0.0,0.0,0.0,237.85,37.453,104.492,-8172.727,M,sensor,0,,,,,,,
2026-06-11T15:43:04.841Z,REAL,MANUAL,0.0,0.0,0.0,0.0,0.0,237.867,37.453,104.492,-8172.727,M,sensor,0,,,,,,,
2026-06-11T15:43:04.941Z,REAL,MANUAL,0.0,0.0,0.0,0.0,0.0,237.651,37.453,104.492,-8172.727,M,sensor,0,,,,,,,
2026-06-11T15:43:05.041Z,REAL,MANUAL,0.0,0.0,0.0,0.0,0.0,237.731,37.453,104.492,-8172.727,M,sensor,0,,,,,,,
2026-06-11T15:43:05.141Z,REAL,MANUAL,0.0,0.0,0.0,0.0,0.0,237.928,37.453,104.492,-8172.727,M,sensor,0,,,,,,,
2026-06-11T15:43:05.241Z,REAL,MANUAL,0.0,0.0,0.0,0.0,0.0,237.688,37.453,104.492,-8172.727,M,sensor,0,,,,,,,
2026-06-11T15:43:05.341Z,REAL,MANUAL,0.0,0.0,0.0,0.0,0.0,237.63,37.453,104.492,-8172.727,M,sensor,0,,,,,,,
2026-06-11T15:43:05.441Z,REAL,MANUAL,0.0,0.0,0.0,0.0,0.0,237.708,37.453,104.492,-8172.727,M,sensor,0,,,,,,,
2026-06-11T15:43:05.541Z,REAL,MANUAL,0.0,0.0,0.0,0.0,0.0,237.613,37.453,104.177,-8172.727,M,sensor,0,,,,,,,
2026-06-11T15:43:05.641Z,REAL,MANUAL,0.0,0.0,0.0,0.0,0.0,237.685,37.453,104.177,-8172.727,M,sensor,0,,,,,,,
2026-06-11T15:43:05.741Z,REAL,MANUAL,0.0,0.0,0.0,0.0,0.0,237.702,37.453,104.177,-8172.727,M,sensor,0,,,,,,,
2026-06-11T15:43:05.841Z,REAL,MANUAL,0.0,0.0,0.0,0.0,0.0,237.642,37.453,104.177,-8172.727,M,sensor,0,,,,,,,
2026-06-11T15:43:05.942Z,REAL,MANUAL,0.0,0.0,0.0,0.0,0.0,237.663,37.453,104.177,-8172.727,M,sensor,0,,,,,,,
2026-06-11T15:43:06.042Z,REAL,MANUAL,0.0,0.0,0.0,0.0,0.0,237.624,37.453,104.177,-8172.727,M,sensor,0,,,,,,,
2026-06-11T15:43:06.141Z,REAL,MANUAL,0.0,0.0,0.0,0.0,0.0,237.841,37.453,104.177,-8172.727,M,sensor,0,,,,,,,
2026-06-11T15:43:06.241Z,REAL,MANUAL,0.0,0.0,0.0,0.0,0.0,237.841,37.453,104.177,-8172.727,M,sensor,0,,,,,,,
2026-06-11T15:43:06.344Z,REAL,MANUAL,0.0,0.0,0.0,0.0,0.0,237.749,37.453,104.177,-8172.727,M,sensor,0,,,,,,,
2026-06-11T15:43:06.441Z,REAL,MANUAL,0.0,0.0,0.0,0.0,0.0,237.835,37.453,104.177,-8172.727,M,sensor,0,,,,,,,
2026-06-11T15:43:06.542Z,REAL,MANUAL,0.0,0.0,0.0,0.0,0.0,238.01,37.453,104.177,-8172.727,M,sensor,0,,,,,,,
2026-06-11T15:43:06.641Z,REAL,MANUAL,0.0,0.0,0.0,0.0,0.0,238.118,37.453,104.177,-8172.727,M,sensor,0,,,,,,,
2026-06-11T15:43:06.741Z,REAL,MANUAL,0.0,0.0,0.0,0.0,0.0,237.95,37.453,104.177,-8172.727,M,sensor,0,,,,,,,
2026-06-11T15:43:06.842Z,REAL,MANUAL,0.0,0.0,0.0,0.0,0.0,237.97,37.768,104.177,-8172.727,M,sensor,0,,,,,,,
2026-06-11T15:43:06.942Z,REAL,MANUAL,0.0,0.0,0.0,0.0,0.0,237.961,37.768,104.177,-8172.727,M,sensor,0,,,,,,,
2026-06-11T15:43:07.041Z,REAL,MANUAL,0.0,0.0,0.0,0.0,0.0,237.941,37.768,104.177,-8172.727,M,sensor,0,,,,,,,
2026-06-11T15:43:07.141Z,REAL,MANUAL,0.0,0.0,0.0,0.0,0.0,237.857,37.768,104.177,-8172.727,M,sensor,0,,,,,,,
2026-06-11T15:43:07.242Z,REAL,MANUAL,0.0,0.0,0.0,0.0,0.0,237.539,37.768,104.177,-8172.727,M,sensor,0,,,,,,,
2026-06-11T15:43:07.341Z,REAL,MANUAL,0.0,0.0,0.0,0.0,0.0,237.772,37.768,103.863,-8172.727,M,sensor,0,,,,,,,
2026-06-11T15:43:07.441Z,REAL,MANUAL,0.0,0.0,0.0,0.0,0.0,237.76,37.768,103.863,-8172.727,M,sensor,0,,,,,,,
2026-06-11T15:43:07.541Z,REAL,MANUAL,0.0,0.0,0.0,0.0,0.0,237.657,37.768,103.863,-8172.727,M,sensor,0,,,,,,,
2026-06-11T15:43:07.641Z,REAL,MANUAL,0.0,0.0,0.0,0.0,0.0,237.629,37.768,103.863,-8172.727,M,sensor,0,,,,,,,
2026-06-11T15:43:07.741Z,REAL,MANUAL,0.0,0.0,0.0,0.0,0.0,237.637,37.768,103.863,-8172.727,M,sensor,0,,,,,,,
2026-06-11T15:43:07.841Z,REAL,MANUAL,0.0,0.0,0.0,0.0,0.0,237.653,37.768,103.863,-8172.727,M,sensor,0,,,,,,,
2026-06-11T15:43:07.941Z,REAL,MANUAL,0.0,0.0,0.0,0.0,0.0,237.61,37.768,103.863,-8172.727,M,sensor,0,,,,,,,
2026-06-11T15:43:08.041Z,REAL,MANUAL,0.0,0.0,0.0,0.0,0.0,237.763,37.768,103.863,-8172.727,M,sensor,0,,,,,,,
2026-06-11T15:43:08.141Z,REAL,MANUAL,0.0,0.0,0.0,0.0,0.0,237.868,37.768,103.863,-8172.727,M,sensor,0,,,,,,,
2026-06-11T15:43:08.241Z,REAL,MANUAL,0.0,0.0,0.0,0.0,0.0,237.844,37.768,103.863,-8172.727,M,sensor,0,,,,,,,
2026-06-11T15:43:08.341Z,REAL,MANUAL,0.0,0.0,0.0,0.0,0.0,238.055,37.768,103.863,-8172.727,M,sensor,0,,,,,,,
2026-06-11T15:43:08.441Z,REAL,MANUAL,0.0,0.0,0.0,0.0,0.0,237.718,37.768,103.863,-8172.727,M,sensor,0,,,,,,,
2026-06-11T15:43:08.541Z,REAL,MANUAL,0.0,0.0,0.0,0.0,0.0,237.858,37.768,103.863,-8172.727,M,sensor,0,,,,,,,
2026-06-11T15:43:08.641Z,REAL,MANUAL,0.0,0.0,0.0,0.0,0.0,237.652,37.768,103.863,-8172.727,M,sensor,0,,,,,,,
2026-06-11T15:43:08.741Z,REAL,MANUAL,0.0,0.0,0.0,0.0,0.0,237.528,37.768,103.863,-8172.727,M,sensor,0,,,,,,,
2026-06-11T15:43:08.841Z,REAL,MANUAL,0.0,0.0,0.0,0.0,0.0,237.977,37.768,103.863,-8172.727,M,sensor,0,,,,,,,
2026-06-11T15:43:08.941Z,REAL,MANUAL,0.0,0.0,0.0,0.0,0.0,237.776,37.768,103.863,-8172.727,M,sensor,0,,,,,,,
2026-06-11T15:43:09.041Z,REAL,MANUAL,0.0,0.0,0.0,0.0,0.0,237.508,37.768,103.863,-8172.727,M,sensor,0,,,,,,,
2026-06-11T15:43:09.141Z,REAL,MANUAL,0.0,0.0,0.0,0.0,0.0,237.722,37.768,103.863,-8172.727,M,sensor,0,,,,,,,
2026-06-11T15:43:09.241Z,REAL,MANUAL,0.0,0.0,0.0,0.0,0.0,237.572,37.768,103.863,-8172.727,M,sensor,0,,,,,,,
2026-06-11T15:43:09.341Z,REAL,MANUAL,0.0,0.0,0.0,0.0,0.0,237.61,37.453,103.863,-8172.727,M,sensor,0,,,,,,,
2026-06-11T15:43:09.441Z,REAL,MANUAL,0.0,0.0,0.0,0.0,0.0,237.679,37.453,103.863,-8172.727,M,sensor,0,,,,,,,
2026-06-11T15:43:09.541Z,REAL,MANUAL,0.0,0.0,0.0,0.0,0.0,237.68,37.453,103.863,-8172.727,M,sensor,0,,,,,,,
2026-06-11T15:43:09.641Z,REAL,MANUAL,0.0,0.0,0.0,0.0,0.0,237.6,37.453,103.863,-8172.727,M,sensor,0,,,,,,,
2026-06-11T15:43:09.741Z,REAL,MANUAL,0.0,0.0,0.0,0.0,0.0,237.432,37.453,103.863,-8172.727,M,sensor,0,,,,,,,
2026-06-11T15:43:09.841Z,REAL,MANUAL,0.0,0.0,0.0,0.0,0.0,237.72,37.453,103.863,-8172.727,M,sensor,0,,,,,,,
2026-06-11T15:43:09.941Z,REAL,MANUAL,0.0,0.0,0.0,0.0,0.0,237.432,37.453,104.177,-8172.727,M,sensor,0,,,,,,,
2026-06-11T15:43:10.041Z,REAL,MANUAL,0.0,0.0,0.0,0.0,0.0,237.46,37.453,104.177,-8172.727,M,sensor,0,,,,,,,
2026-06-11T15:43:10.141Z,REAL,MANUAL,0.0,0.0,0.0,0.0,0.0,237.517,37.453,104.177,-8172.727,M,sensor,0,,,,,,,
2026-06-11T15:43:10.241Z,REAL,MANUAL,0.0,0.0,0.0,0.0,0.0,237.357,37.453,104.177,-8172.727,M,sensor,0,,,,,,,
2026-06-11T15:43:10.341Z,REAL,MANUAL,0.0,0.0,0.0,0.0,0.0,237.469,37.453,104.177,-8172.727,M,sensor,0,,,,,,,
2026-06-11T15:43:10.441Z,REAL,MANUAL,0.0,0.0,0.0,0.0,0.0,237.546,37.768,104.177,-8172.727,M,sensor,0,,,,,,,
2026-06-11T15:43:10.541Z,REAL,MANUAL,0.0,0.0,0.0,0.0,0.0,237.707,37.453,104.177,-8172.727,M,sensor,0,,,,,,,
2026-06-11T15:43:10.641Z,REAL,MANUAL,0.0,0.0,0.0,0.0,0.0,237.66,37.453,104.177,-8172.727,M,sensor,0,,,,,,,
2026-06-11T15:43:10.741Z,REAL,MANUAL,0.0,0.0,0.0,0.0,0.0,237.642,37.453,104.177,-8172.727,M,sensor,0,,,,,,,
2026-06-11T15:43:10.841Z,REAL,MANUAL,0.0,0.0,0.0,0.0,0.0,237.64,37.453,104.177,-8172.727,M,sensor,0,,,,,,,
2026-06-11T15:43:10.941Z,REAL,MANUAL,0.0,0.0,0.0,0.0,0.0,237.448,37.768,104.177,-8172.727,M,sensor,0,,,,,,,
2026-06-11T15:43:11.041Z,REAL,MANUAL,0.0,0.0,0.0,0.0,0.0,237.594,37.768,104.177,-8172.727,M,sensor,0,,,,,,,
2026-06-11T15:43:11.141Z,REAL,MANUAL,0.0,0.0,0.0,0.0,0.0,237.402,37.768,104.177,-8172.727,M,sensor,0,,,,,,,
2026-06-11T15:43:11.241Z,REAL,MANUAL,0.0,0.0,0.0,0.0,0.0,237.469,37.768,104.177,-8172.727,M,sensor,0,,,,,,,
2026-06-11T15:43:11.341Z,REAL,MANUAL,0.0,0.0,0.0,0.0,0.0,237.454,37.768,104.177,-8172.727,M,sensor,0,,,,,,,
2026-06-11T15:43:11.441Z,REAL,MANUAL,0.0,0.0,0.0,0.0,0.0,237.469,37.768,104.177,-8172.727,M,sensor,0,,,,,,,
2026-06-11T15:43:11.541Z,REAL,MANUAL,0.0,0.0,0.0,0.0,0.0,237.603,37.768,104.177,-8172.727,M,sensor,0,,,,,,,
2026-06-11T15:43:11.641Z,REAL,MANUAL,0.0,0.0,0.0,0.0,0.0,237.752,37.768,104.177,-8172.727,M,sensor,0,,,,,,,
2026-06-11T15:43:11.741Z,REAL,MANUAL,0.0,0.0,0.0,0.0,0.0,237.622,37.768,104.177,-8172.727,M,sensor,0,,,,,,,
2026-06-11T15:43:11.842Z,REAL,MANUAL,0.0,0.0,0.0,0.0,0.0,237.708,37.768,104.177,-8172.727,M,sensor,0,,,,,,,
2026-06-11T15:43:11.941Z,REAL,MANUAL,0.0,0.0,0.0,0.0,0.0,237.699,37.768,104.177,-8172.727,M,sensor,0,,,,,,,
2026-06-11T15:43:12.041Z,REAL,MANUAL,0.0,0.0,0.0,0.0,0.0,237.675,37.768,104.177,-8172.727,M,sensor,0,,,,,,,
2026-06-11T15:43:12.141Z,REAL,MANUAL,0.0,0.0,0.0,0.0,0.0,237.725,37.453,104.177,-8172.727,M,sensor,0,,,,,,,
2026-06-11T15:43:12.242Z,REAL,MANUAL,0.0,0.0,0.0,0.0,0.0,237.668,37.453,104.177,-8172.727,M,sensor,0,,,,,,,
2026-06-11T15:43:12.341Z,REAL,MANUAL,0.0,0.0,0.0,0.0,0.0,237.886,37.453,104.177,-8172.727,M,sensor,0,,,,,,,
2026-06-11T15:43:12.441Z,REAL,MANUAL,0.0,0.0,0.0,0.0,0.0,237.767,37.453,104.177,-8172.727,M,sensor,0,,,,,,,
2026-06-11T15:43:12.542Z,REAL,MANUAL,0.0,0.0,0.0,0.0,0.0,237.698,37.453,104.177,-8172.727,M,sensor,0,,,,,,,
2026-06-11T15:43:12.641Z,REAL,MANUAL,0.0,0.0,0.0,0.0,0.0,237.873,37.453,104.177,-8172.727,M,sensor,0,,,,,,,
2026-06-11T15:43:12.741Z,REAL,MANUAL,0.0,0.0,0.0,0.0,0.0,237.592,37.453,104.177,-8172.727,M,sensor,0,,,,,,,
2026-06-11T15:43:12.841Z,REAL,MANUAL,0.0,0.0,0.0,0.0,0.0,237.883,37.453,104.177,-8172.727,M,sensor,0,,,,,,,
2026-06-11T15:43:12.941Z,REAL,MANUAL,0.0,0.0,0.0,0.0,0.0,237.765,37.453,104.177,-8172.727,M,sensor,0,,,,,,,
2026-06-11T15:43:13.041Z,REAL,MANUAL,0.0,0.0,0.0,0.0,0.0,237.625,37.453,104.177,-8172.727,M,sensor,0,,,,,,,
2026-06-11T15:43:13.141Z,REAL,MANUAL,0.0,0.0,0.0,0.0,0.0,237.59,37.453,104.177,-8172.727,M,sensor,0,,,,,,,
2026-06-11T15:43:13.241Z,REAL,MANUAL,0.0,0.0,0.0,0.0,0.0,237.768,37.453,104.177,-8172.727,M,sensor,0,,,,,,,
2026-06-11T15:43:13.341Z,REAL,MANUAL,0.0,0.0,0.0,0.0,0.0,237.447,37.453,104.177,-8172.727,M,sensor,0,,,,,,,
2026-06-11T15:43:13.441Z,REAL,MANUAL,0.0,0.0,0.0,0.0,0.0,237.499,37.453,104.177,-8172.727,M,sensor,0,,,,,,,
2026-06-11T15:43:13.541Z,REAL,MANUAL,0.0,0.0,0.0,0.0,0.0,237.565,37.453,104.177,-8172.727,M,sensor,0,,,,,,,
2026-06-11T15:43:13.641Z,REAL,MANUAL,0.0,0.0,0.0,0.0,0.0,237.432,37.453,104.177,-8172.727,M,sensor,0,,,,,,,
2026-06-11T15:43:13.741Z,REAL,MANUAL,0.0,0.0,0.0,0.0,0.0,237.593,37.453,104.177,-8172.727,M,sensor,0,,,,,,,
2026-06-11T15:43:13.841Z,REAL,MANUAL,0.0,0.0,0.0,0.0,0.0,237.605,37.453,104.177,-8172.727,M,sensor,0,,,,,,,
2026-06-11T15:43:13.941Z,REAL,MANUAL,0.0,0.0,0.0,0.0,0.0,237.736,37.453,104.177,-8172.727,M,sensor,0,,,,,,,
2026-06-11T15:43:14.041Z,REAL,MANUAL,0.0,0.0,0.0,0.0,0.0,237.601,37.768,104.177,-8172.727,M,sensor,0,,,,,,,
2026-06-11T15:43:14.141Z,REAL,MANUAL,0.0,0.0,0.0,0.0,0.0,237.599,37.768,104.177,-8172.727,M,sensor,0,,,,,,,
2026-06-11T15:43:14.241Z,REAL,MANUAL,0.0,0.0,0.0,0.0,0.0,237.618,37.768,104.177,-8172.727,M,sensor,0,,,,,,,
2026-06-11T15:43:14.341Z,REAL,MANUAL,0.0,0.0,0.0,0.0,0.0,237.588,37.768,104.177,-8172.727,M,sensor,0,,,,,,,
2026-06-11T15:43:14.441Z,REAL,MANUAL,0.0,0.0,0.0,0.0,0.0,237.593,37.768,104.177,-8172.727,M,sensor,0,,,,,,,
2026-06-11T15:43:14.541Z,REAL,MANUAL,0.0,0.0,0.0,0.0,0.0,237.673,37.768,104.177,-8172.727,M,sensor,0,,,,,,,
2026-06-11T15:43:14.641Z,REAL,MANUAL,0.0,0.0,0.0,0.0,0.0,237.888,37.768,104.177,-8172.727,M,sensor,0,,,,,,,
2026-06-11T15:43:14.741Z,REAL,MANUAL,0.0,0.0,0.0,0.0,0.0,237.833,37.768,104.177,-8172.727,M,sensor,0,,,,,,,
2026-06-11T15:43:14.841Z,REAL,MANUAL,0.0,0.0,0.0,0.0,0.0,237.666,37.768,104.177,-8172.727,M,sensor,0,,,,,,,
2026-06-11T15:43:14.941Z,REAL,MANUAL,0.0,0.0,0.0,0.0,0.0,237.569,37.768,104.177,-8172.727,M,sensor,0,,,,,,,
2026-06-11T15:43:15.041Z,REAL,MANUAL,0.0,0.0,0.0,0.0,0.0,237.607,37.768,104.177,-8172.727,M,sensor,0,,,,,,,
2026-06-11T15:43:15.141Z,REAL,MANUAL,0.0,0.0,0.0,0.0,0.0,237.507,37.768,104.177,-8172.727,M,sensor,0,,,,,,,
2026-06-11T15:43:15.241Z,REAL,MANUAL,0.0,0.0,0.0,0.0,0.0,237.61,37.768,104.177,-8172.727,M,sensor,0,,,,,,,
2026-06-11T15:43:15.341Z,REAL,MANUAL,0.0,0.0,0.0,0.0,0.0,237.681,37.768,104.177,-8172.727,M,sensor,0,,,,,,,
2026-06-11T15:43:15.441Z,REAL,MANUAL,0.0,0.0,0.0,0.0,0.0,237.523,37.768,104.177,-8172.727,M,sensor,0,,,,,,,
2026-06-11T15:43:15.541Z,REAL,MANUAL,0.0,0.0,0.0,0.0,0.0,237.773,37.768,104.177,-8172.727,M,sensor,0,,,,,,,
2026-06-11T15:43:15.641Z,REAL,MANUAL,0.0,0.0,0.0,0.0,0.0,237.576,37.768,104.177,-8172.727,M,sensor,0,,,,,,,
2026-06-11T15:43:15.741Z,REAL,MANUAL,0.0,0.0,0.0,0.0,0.0,237.414,37.768,104.177,-8172.727,M,sensor,0,,,,,,,
2026-06-11T15:43:15.841Z,REAL,MANUAL,0.0,0.0,0.0,0.0,0.0,237.687,37.768,104.177,-8172.727,M,sensor,0,,,,,,,
2026-06-11T15:43:15.941Z,REAL,MANUAL,0.0,0.0,0.0,0.0,0.0,237.585,37.768,104.177,-8172.727,M,sensor,0,,,,,,,
2026-06-11T15:43:16.041Z,REAL,MANUAL,0.0,0.0,0.0,0.0,0.0,237.621,37.768,104.177,-8172.727,M,sensor,0,,,,,,,
2026-06-11T15:43:16.141Z,REAL,MANUAL,0.0,0.0,0.0,0.0,0.0,237.632,37.768,104.177,-8172.727,M,sensor,0,,,,,,,
2026-06-11T15:43:16.241Z,REAL,MANUAL,0.0,0.0,0.0,0.0,0.0,237.64,37.768,104.177,-8172.727,M,sensor,0,,,,,,,
2026-06-11T15:43:16.341Z,REAL,MANUAL,0.0,0.0,0.0,0.0,0.0,237.715,37.768,104.492,-8172.727,M,sensor,0,,,,,,,
2026-06-11T15:43:16.441Z,REAL,MANUAL,0.0,0.0,0.0,0.0,0.0,237.712,37.768,104.492,-8172.727,M,sensor,0,,,,,,,
2026-06-11T15:43:16.541Z,REAL,MANUAL,0.0,0.0,0.0,0.0,0.0,237.602,37.768,104.492,-8172.727,M,sensor,0,,,,,,,
2026-06-11T15:43:16.641Z,REAL,MANUAL,0.0,0.0,0.0,0.0,0.0,237.788,37.768,104.492,-8172.727,M,sensor,0,,,,,,,
2026-06-11T15:43:16.741Z,REAL,MANUAL,0.0,0.0,0.0,0.0,0.0,237.671,37.768,104.492,-8172.727,M,sensor,0,,,,,,,
2026-06-11T15:43:16.841Z,REAL,MANUAL,0.0,0.0,0.0,0.0,0.0,237.799,37.768,104.492,-8172.727,M,sensor,0,,,,,,,
2026-06-11T15:43:16.941Z,REAL,MANUAL,0.0,0.0,0.0,0.0,0.0,237.793,37.768,104.492,-8172.727,M,sensor,0,,,,,,,
2026-06-11T15:43:17.041Z,REAL,MANUAL,0.0,0.0,0.0,0.0,0.0,237.652,37.453,104.492,-8172.727,M,sensor,0,,,,,,,
2026-06-11T15:43:17.141Z,REAL,MANUAL,0.0,0.0,0.0,0.0,0.0,237.878,37.453,104.492,-8172.727,M,sensor,0,,,,,,,
2026-06-11T15:43:17.241Z,REAL,MANUAL,0.0,0.0,0.0,0.0,0.0,237.648,37.453,104.492,-8172.727,M,sensor,0,,,,,,,
2026-06-11T15:43:17.341Z,REAL,MANUAL,0.0,0.0,0.0,0.0,0.0,237.647,37.453,104.492,-8172.727,M,sensor,0,,,,,,,
2026-06-11T15:43:17.441Z,REAL,MANUAL,0.0,0.0,0.0,0.0,0.0,237.768,37.453,104.492,-8172.727,M,sensor,0,,,,,,,
2026-06-11T15:43:17.541Z,REAL,MANUAL,0.0,0.0,0.0,0.0,0.0,237.853,37.453,104.492,-8172.727,M,sensor,0,,,,,,,
2026-06-11T15:43:17.641Z,REAL,MANUAL,0.0,0.0,0.0,0.0,0.0,237.847,37.768,104.492,-8172.727,M,sensor,0,,,,,,,
2026-06-11T15:43:17.741Z,REAL,MANUAL,0.0,0.0,0.0,0.0,0.0,237.544,37.768,104.492,-8172.727,M,sensor,0,,,,,,,
2026-06-11T15:43:17.841Z,REAL,MANUAL,0.0,0.0,0.0,0.0,0.0,237.549,37.768,104.492,-8172.727,M,sensor,0,,,,,,,
2026-06-11T15:43:17.941Z,REAL,MANUAL,0.0,0.0,0.0,0.0,0.0,237.54,37.768,104.492,-8172.727,M,sensor,0,,,,,,,
2026-06-11T15:43:18.041Z,REAL,MANUAL,0.0,0.0,0.0,0.0,0.0,237.72,37.768,104.492,-8172.727,M,sensor,0,,,,,,,
2026-06-11T15:43:18.141Z,REAL,MANUAL,0.0,0.0,0.0,0.0,0.0,237.734,37.768,104.492,-8172.727,M,sensor,0,,,,,,,
2026-06-11T15:43:18.241Z,REAL,MANUAL,0.0,0.0,0.0,0.0,0.0,237.666,37.768,104.492,-8172.727,M,sensor,0,,,,,,,
2026-06-11T15:43:18.341Z,REAL,MANUAL,0.0,0.0,0.0,0.0,0.0,237.784,37.768,104.492,-8172.727,M,sensor,0,,,,,,,
2026-06-11T15:43:18.441Z,REAL,MANUAL,0.0,0.0,0.0,0.0,0.0,237.516,37.768,104.492,-8172.727,M,sensor,0,,,,,,,
2026-06-11T15:43:18.541Z,REAL,MANUAL,0.0,0.0,0.0,0.0,0.0,237.563,37.768,104.492,-8172.727,M,sensor,0,,,,,,,
2026-06-11T15:43:18.641Z,REAL,MANUAL,0.0,0.0,0.0,0.0,0.0,237.585,37.768,104.492,-8172.727,M,sensor,0,,,,,,,
2026-06-11T15:43:18.741Z,REAL,MANUAL,0.0,0.0,0.0,0.0,0.0,237.557,37.768,104.492,-8172.727,M,sensor,0,,,,,,,
2026-06-11T15:43:18.841Z,REAL,MANUAL,0.0,0.0,0.0,0.0,0.0,237.346,37.768,104.492,-8172.727,M,sensor,0,,,,,,,
2026-06-11T15:43:18.941Z,REAL,MANUAL,0.0,0.0,0.0,0.0,0.0,237.609,37.768,104.492,-8172.727,M,sensor,0,,,,,,,
2026-06-11T15:43:19.041Z,REAL,MANUAL,0.0,0.0,0.0,0.0,0.0,237.515,37.768,104.492,-8172.727,M,sensor,0,,,,,,,
2026-06-11T15:43:19.141Z,REAL,MANUAL,0.0,0.0,0.0,0.0,0.0,237.674,37.768,104.492,-8172.727,M,sensor,0,,,,,,,
2026-06-11T15:43:19.241Z,REAL,MANUAL,0.0,0.0,0.0,0.0,0.0,237.518,37.768,104.492,-8172.727,M,sensor,0,,,,,,,
2026-06-11T15:43:19.341Z,REAL,MANUAL,0.0,0.0,0.0,0.0,0.0,237.522,37.768,104.492,-8172.727,M,sensor,0,,,,,,,
2026-06-11T15:43:19.441Z,REAL,MANUAL,0.0,0.0,0.0,0.0,0.0,237.534,37.768,104.492,-8172.727,M,sensor,0,,,,,,,
2026-06-11T15:43:19.541Z,REAL,MANUAL,0.0,0.0,0.0,0.0,0.0,237.531,37.768,104.492,-8172.727,M,sensor,0,,,,,,,
2026-06-11T15:43:19.641Z,REAL,MANUAL,0.0,0.0,0.0,0.0,0.0,237.716,37.768,104.492,-8172.727,M,sensor,0,,,,,,,
2026-06-11T15:43:19.741Z,REAL,MANUAL,0.0,0.0,0.0,0.0,0.0,237.702,37.768,104.492,-8172.727,M,sensor,0,,,,,,,
2026-06-11T15:43:19.841Z,REAL,MANUAL,0.0,0.0,0.0,0.0,0.0,237.565,37.768,104.492,-8172.727,M,sensor,0,,,,,,,
2026-06-11T15:43:19.941Z,REAL,MANUAL,0.0,0.0,0.0,0.0,0.0,237.312,37.768,104.492,-8172.727,M,sensor,0,,,,,,,
2026-06-11T15:43:20.041Z,REAL,MANUAL,0.0,0.0,0.0,0.0,0.0,237.632,37.768,104.492,-8172.727,M,sensor,0,,,,,,,
2026-06-11T15:43:20.141Z,REAL,MANUAL,0.0,0.0,0.0,0.0,0.0,237.548,37.768,104.177,-8172.727,M,sensor,0,,,,,,,
2026-06-11T15:43:20.241Z,REAL,MANUAL,0.0,0.0,0.0,0.0,0.0,237.452,37.768,104.177,-8172.727,M,sensor,0,,,,,,,
2026-06-11T15:43:20.341Z,REAL,MANUAL,0.0,0.0,0.0,0.0,0.0,237.627,37.768,104.492,-8172.727,M,sensor,0,,,,,,,
2026-06-11T15:43:20.441Z,REAL,MANUAL,0.0,0.0,0.0,0.0,0.0,237.733,37.768,104.492,-8172.727,M,sensor,0,,,,,,,
2026-06-11T15:43:20.541Z,REAL,MANUAL,0.0,0.0,0.0,0.0,0.0,237.554,37.768,104.492,-8172.727,M,sensor,0,,,,,,,
2026-06-11T15:43:20.641Z,REAL,MANUAL,0.0,0.0,0.0,0.0,0.0,237.764,37.768,104.492,-8172.727,M,sensor,0,,,,,,,
2026-06-11T15:43:20.741Z,REAL,MANUAL,0.0,0.0,0.0,0.0,0.0,237.616,37.453,104.177,-8172.727,M,sensor,0,,,,,,,
2026-06-11T15:43:20.841Z,REAL,MANUAL,0.0,0.0,0.0,0.0,0.0,237.605,37.453,104.177,-8172.727,M,sensor,0,,,,,,,
2026-06-11T15:43:20.941Z,REAL,MANUAL,0.0,0.0,0.0,0.0,0.0,237.377,37.453,104.177,-8172.727,M,sensor,0,,,,,,,
2026-06-11T15:43:21.041Z,REAL,MANUAL,0.0,0.0,0.0,0.0,0.0,237.605,37.453,104.177,-8172.727,M,sensor,0,,,,,,,
2026-06-11T15:43:21.141Z,REAL,MANUAL,0.0,0.0,0.0,0.0,0.0,237.467,37.453,103.863,-8172.727,M,sensor,0,,,,,,,
2026-06-11T15:43:21.241Z,REAL,MANUAL,0.0,0.0,0.0,0.0,0.0,237.721,37.453,103.863,-8172.727,M,sensor,0,,,,,,,
2026-06-11T15:43:21.341Z,REAL,MANUAL,0.0,0.0,0.0,0.0,0.0,237.726,37.453,103.863,-8172.727,M,sensor,0,,,,,,,
2026-06-11T15:43:21.441Z,REAL,MANUAL,0.0,0.0,0.0,0.0,0.0,237.702,37.453,103.863,-8172.727,M,sensor,0,,,,,,,
2026-06-11T15:43:21.541Z,REAL,MANUAL,0.0,0.0,0.0,0.0,0.0,237.685,37.453,103.863,-8172.727,M,sensor,0,,,,,,,
2026-06-11T15:43:21.641Z,REAL,MANUAL,0.0,0.0,0.0,0.0,0.0,237.449,37.453,103.548,-8172.727,M,sensor,0,,,,,,,
2026-06-11T15:43:21.741Z,REAL,MANUAL,0.0,0.0,0.0,0.0,0.0,237.62,37.453,103.548,-8172.727,M,sensor,0,,,,,,,
2026-06-11T15:43:21.841Z,REAL,MANUAL,0.0,0.0,0.0,0.0,0.0,237.508,37.139,103.548,-8172.727,M,sensor,0,,,,,,,
2026-06-11T15:43:21.941Z,REAL,MANUAL,0.0,0.0,0.0,0.0,0.0,237.614,37.139,103.548,-8172.727,M,sensor,0,,,,,,,
2026-06-11T15:43:22.041Z,REAL,MANUAL,0.0,0.0,0.0,0.0,0.0,237.563,37.139,103.548,-8172.727,M,sensor,0,,,,,,,
2026-06-11T15:43:22.141Z,REAL,MANUAL,0.0,0.0,0.0,0.0,0.0,237.404,37.139,103.548,-8172.727,M,sensor,0,,,,,,,
2026-06-11T15:43:22.241Z,REAL,MANUAL,0.0,0.0,0.0,0.0,0.0,237.624,37.139,103.548,-8172.727,M,sensor,0,,,,,,,
2026-06-11T15:43:22.341Z,REAL,MANUAL,0.0,0.0,0.0,0.0,0.0,237.54,37.139,103.548,-8172.727,M,sensor,0,,,,,,,
2026-06-11T15:43:22.441Z,REAL,MANUAL,0.0,0.0,0.0,0.0,0.0,237.546,37.139,103.548,-8172.727,M,sensor,0,,,,,,,
2026-06-11T15:43:22.541Z,REAL,MANUAL,0.0,0.0,0.0,0.0,0.0,237.542,36.824,103.233,-8172.727,M,sensor,0,,,,,,,
2026-06-11T15:43:22.641Z,REAL,MANUAL,0.0,0.0,0.0,0.0,0.0,237.675,36.824,103.233,-8172.727,M,sensor,0,,,,,,,
2026-06-11T15:43:22.741Z,REAL,MANUAL,0.0,0.0,0.0,0.0,0.0,237.579,36.824,103.233,-8172.727,M,sensor,0,,,,,,,
2026-06-11T15:43:22.841Z,REAL,MANUAL,0.0,0.0,0.0,0.0,0.0,237.526,36.824,103.233,-8172.727,M,sensor,0,,,,,,,
2026-06-11T15:43:22.941Z,REAL,MANUAL,0.0,0.0,0.0,0.0,0.0,237.483,36.824,103.233,-8172.727,M,sensor,0,,,,,,,
2026-06-11T15:43:23.041Z,REAL,MANUAL,0.0,0.0,0.0,0.0,0.0,237.463,36.824,103.233,-8172.727,M,sensor,0,,,,,,,
2026-06-11T15:43:23.141Z,REAL,MANUAL,0.0,0.0,0.0,0.0,0.0,237.425,37.139,103.233,-8172.727,M,sensor,0,,,,,,,
2026-06-11T15:43:23.241Z,REAL,MANUAL,0.0,0.0,0.0,0.0,0.0,237.377,37.139,103.233,-8172.727,M,sensor,0,,,,,,,
2026-06-11T15:43:23.341Z,REAL,MANUAL,0.0,0.0,0.0,0.0,0.0,237.671,37.139,103.233,-8172.727,M,sensor,0,,,,,,,
2026-06-11T15:43:23.441Z,REAL,MANUAL,0.0,0.0,0.0,0.0,0.0,237.597,37.139,103.233,-8172.727,M,sensor,0,,,,,,,
2026-06-11T15:43:23.541Z,REAL,MANUAL,0.0,0.0,0.0,0.0,0.0,237.631,37.139,103.233,-8172.727,M,sensor,0,,,,,,,
2026-06-11T15:43:23.641Z,REAL,MANUAL,0.0,0.0,0.0,0.0,0.0,237.782,37.139,103.233,-8172.727,M,sensor,0,,,,,,,
2026-06-11T15:43:23.741Z,REAL,MANUAL,0.0,0.0,0.0,0.0,0.0,237.701,37.139,103.548,-8172.727,M,sensor,0,,,,,,,
2026-06-11T15:43:23.841Z,REAL,MANUAL,0.0,0.0,0.0,0.0,0.0,237.447,37.453,103.548,-8172.727,M,sensor,0,,,,,,,
2026-06-11T15:43:23.941Z,REAL,MANUAL,0.0,0.0,0.0,0.0,0.0,237.552,37.453,103.548,-8172.727,M,sensor,0,,,,,,,
2026-06-11T15:43:24.041Z,REAL,MANUAL,0.0,0.0,0.0,0.0,0.0,237.7,37.453,103.548,-8172.727,M,sensor,0,,,,,,,
2026-06-11T15:43:24.142Z,REAL,MANUAL,0.0,0.0,0.0,0.0,0.0,237.407,37.453,103.548,-8172.727,M,sensor,0,,,,,,,
2026-06-11T15:43:24.242Z,REAL,MANUAL,0.0,0.0,0.0,0.0,0.0,237.338,37.453,103.548,-8172.727,M,sensor,0,,,,,,,
2026-06-11T15:43:24.341Z,REAL,MANUAL,0.0,0.0,0.0,0.0,0.0,237.574,37.453,103.548,-8172.727,M,sensor,0,,,,,,,
2026-06-11T15:43:24.441Z,REAL,MANUAL,0.0,0.0,0.0,0.0,0.0,237.445,37.453,103.548,-8172.727,M,sensor,0,,,,,,,
2026-06-11T15:43:24.541Z,REAL,MANUAL,0.0,0.0,0.0,0.0,0.0,237.404,37.453,103.548,-8172.727,M,sensor,0,,,,,,,
2026-06-11T15:43:24.641Z,REAL,MANUAL,0.0,0.0,0.0,0.0,0.0,237.527,37.453,103.548,-8172.727,M,sensor,0,,,,,,,
2026-06-11T15:43:24.741Z,REAL,MANUAL,0.0,0.0,0.0,0.0,0.0,237.535,37.453,103.548,-8172.727,M,sensor,0,,,,,,,
2026-06-11T15:43:24.841Z,REAL,MANUAL,0.0,0.0,0.0,0.0,0.0,237.469,37.768,103.548,-8172.727,M,sensor,0,,,,,,,
2026-06-11T15:43:24.941Z,REAL,MANUAL,0.0,0.0,0.0,0.0,0.0,237.589,37.768,103.548,-8172.727,M,sensor,0,,,,,,,
2026-06-11T15:43:25.041Z,REAL,MANUAL,0.0,0.0,0.0,0.0,0.0,237.587,37.768,103.548,-8172.727,M,sensor,0,,,,,,,
2026-06-11T15:43:25.141Z,REAL,MANUAL,0.0,0.0,0.0,0.0,0.0,237.461,37.768,103.548,-8172.727,M,sensor,0,,,,,,,
2026-06-11T15:43:25.241Z,REAL,MANUAL,0.0,0.0,0.0,0.0,0.0,237.531,37.768,103.548,-8172.727,M,sensor,0,,,,,,,
2026-06-11T15:43:25.341Z,REAL,MANUAL,0.0,0.0,0.0,0.0,0.0,237.657,37.768,103.548,-8172.727,M,sensor,0,,,,,,,
2026-06-11T15:43:25.441Z,REAL,MANUAL,0.0,0.0,0.0,0.0,0.0,237.728,37.768,103.863,-8172.727,M,sensor,0,,,,,,,
2026-06-11T15:43:25.541Z,REAL,MANUAL,0.0,0.0,0.0,0.0,0.0,237.644,37.768,103.863,-8172.727,M,sensor,0,,,,,,,
2026-06-11T15:43:25.641Z,REAL,MANUAL,0.0,0.0,0.0,0.0,0.0,237.57,37.768,103.863,-8172.727,M,sensor,0,,,,,,,
2026-06-11T15:43:25.741Z,REAL,MANUAL,0.0,0.0,0.0,0.0,0.0,237.719,37.768,103.863,-8172.727,M,sensor,0,,,,,,,
2026-06-11T15:43:25.841Z,REAL,MANUAL,0.0,0.0,0.0,0.0,0.0,237.548,37.768,103.863,-8172.727,M,sensor,0,,,,,,,
2026-06-11T15:43:25.941Z,REAL,MANUAL,0.0,0.0,0.0,0.0,0.0,237.702,37.768,103.863,-8172.727,M,sensor,0,,,,,,,
2026-06-11T15:43:26.041Z,REAL,MANUAL,0.0,0.0,0.0,0.0,0.0,237.721,37.768,103.863,-8172.727,M,sensor,0,,,,,,,
2026-06-11T15:43:26.141Z,REAL,MANUAL,0.0,0.0,0.0,0.0,0.0,237.534,37.768,103.863,-8172.727,M,sensor,0,,,,,,,
2026-06-11T15:43:26.241Z,REAL,MANUAL,0.0,0.0,0.0,0.0,0.0,237.638,37.768,103.863,-8172.727,M,sensor,0,,,,,,,
2026-06-11T15:43:26.341Z,REAL,MANUAL,0.0,0.0,0.0,0.0,0.0,237.726,37.768,103.863,-8172.727,M,sensor,0,,,,,,,
2026-06-11T15:43:26.441Z,REAL,MANUAL,0.0,0.0,0.0,0.0,0.0,237.519,37.768,103.863,-8172.727,M,sensor,0,,,,,,,
2026-06-11T15:43:26.541Z,REAL,MANUAL,0.0,0.0,0.0,0.0,0.0,237.626,37.768,103.863,-8172.727,M,sensor,0,,,,,,,
2026-06-11T15:43:26.641Z,REAL,MANUAL,0.0,0.0,0.0,0.0,0.0,237.644,37.768,103.863,-8172.727,M,sensor,0,,,,,,,
2026-06-11T15:43:26.741Z,REAL,MANUAL,0.0,0.0,0.0,0.0,0.0,237.585,37.768,104.177,-8172.727,M,sensor,0,,,,,,,
2026-06-11T15:43:26.841Z,REAL,MANUAL,0.0,0.0,0.0,0.0,0.0,237.785,37.768,104.177,-8172.727,M,sensor,0,,,,,,,
2026-06-11T15:43:26.941Z,REAL,MANUAL,0.0,0.0,0.0,0.0,0.0,237.573,37.768,104.177,-8172.727,M,sensor,0,,,,,,,
2026-06-11T15:43:27.041Z,REAL,MANUAL,0.0,0.0,0.0,0.0,0.0,237.54,37.768,104.177,-8172.727,M,sensor,0,,,,,,,
2026-06-11T15:43:27.141Z,REAL,MANUAL,0.0,0.0,0.0,0.0,0.0,237.605,37.768,104.177,-8172.727,M,sensor,0,,,,,,,
2026-06-11T15:43:27.241Z,REAL,MANUAL,0.0,0.0,0.0,0.0,0.0,237.555,37.768,104.177,-8172.727,M,sensor,0,,,,,,,
2026-06-11T15:43:27.341Z,REAL,MANUAL,0.0,0.0,0.0,0.0,0.0,237.614,37.768,104.177,-8172.727,M,sensor,0,,,,,,,
2026-06-11T15:43:27.441Z,REAL,MANUAL,0.0,0.0,0.0,0.0,0.0,237.611,37.768,104.177,-8172.727,M,sensor,0,,,,,,,
2026-06-11T15:43:27.541Z,REAL,MANUAL,0.0,0.0,0.0,0.0,0.0,237.77,37.768,104.177,-8172.727,M,sensor,0,,,,,,,
2026-06-11T15:43:27.641Z,REAL,MANUAL,0.0,0.0,0.0,0.0,0.0,237.659,37.768,104.177,-8172.727,M,sensor,0,,,,,,,
2026-06-11T15:43:27.741Z,REAL,MANUAL,0.0,0.0,0.0,0.0,0.0,237.545,37.768,104.177,-8172.727,M,sensor,0,,,,,,,
2026-06-11T15:43:27.841Z,REAL,MANUAL,0.0,0.0,0.0,0.0,0.0,237.476,37.768,104.177,-8172.727,M,sensor,0,,,,,,,
2026-06-11T15:43:27.941Z,REAL,MANUAL,0.0,0.0,0.0,0.0,0.0,237.474,37.768,104.177,-8172.727,M,sensor,0,,,,,,,
2026-06-11T15:43:28.041Z,REAL,MANUAL,0.0,0.0,0.0,0.0,0.0,237.506,37.768,104.492,-8172.727,M,sensor,0,,,,,,,
2026-06-11T15:43:28.141Z,REAL,MANUAL,0.0,0.0,0.0,0.0,0.0,237.749,37.768,104.492,-8172.727,M,sensor,0,,,,,,,
2026-06-11T15:43:28.241Z,REAL,MANUAL,0.0,0.0,0.0,0.0,0.0,237.517,37.768,104.492,-8172.727,M,sensor,0,,,,,,,
2026-06-11T15:43:28.341Z,REAL,MANUAL,0.0,0.0,0.0,0.0,0.0,237.531,37.768,104.492,-8172.727,M,sensor,0,,,,,,,
2026-06-11T15:43:28.441Z,REAL,MANUAL,0.0,0.0,0.0,0.0,0.0,237.691,37.768,104.492,-8172.727,M,sensor,0,,,,,,,
2026-06-11T15:43:28.541Z,REAL,MANUAL,0.0,0.0,0.0,0.0,0.0,237.669,37.768,104.492,-8172.727,M,sensor,0,,,,,,,
2026-06-11T15:43:28.641Z,REAL,MANUAL,0.0,0.0,0.0,0.0,0.0,237.709,37.768,104.492,-8172.727,M,sensor,0,,,,,,,
2026-06-11T15:43:28.741Z,REAL,MANUAL,0.0,0.0,0.0,0.0,0.0,237.711,37.768,104.492,-8172.727,M,sensor,0,,,,,,,
2026-06-11T15:43:28.841Z,REAL,MANUAL,0.0,0.0,0.0,0.0,0.0,237.602,37.768,104.492,-8172.727,M,sensor,0,,,,,,,
2026-06-11T15:43:28.941Z,REAL,MANUAL,0.0,0.0,0.0,0.0,0.0,237.535,37.768,104.492,-8172.727,M,sensor,0,,,,,,,
2026-06-11T15:43:29.041Z,REAL,MANUAL,0.0,0.0,0.0,0.0,0.0,237.694,37.768,104.492,-8172.727,M,sensor,0,,,,,,,
2026-06-11T15:43:29.141Z,REAL,MANUAL,0.0,0.0,0.0,0.0,0.0,237.752,37.768,104.492,-8172.727,M,sensor,0,,,,,,,
2026-06-11T15:43:29.241Z,REAL,MANUAL,0.0,0.0,0.0,0.0,0.0,237.656,37.768,104.492,-8172.727,M,sensor,0,,,,,,,
2026-06-11T15:43:29.341Z,REAL,MANUAL,0.0,0.0,0.0,0.0,0.0,237.671,37.768,104.492,-8172.727,M,sensor,0,,,,,,,
2026-06-11T15:43:29.441Z,REAL,MANUAL,0.0,0.0,0.0,0.0,0.0,237.639,37.768,104.492,-8172.727,M,sensor,0,,,,,,,
2026-06-11T15:43:29.541Z,REAL,MANUAL,0.0,0.0,0.0,0.0,0.0,237.582,37.768,104.492,-8172.727,M,sensor,0,,,,,,,
2026-06-11T15:43:29.641Z,REAL,MANUAL,0.0,0.0,0.0,0.0,0.0,237.638,37.768,104.492,-8172.727,M,sensor,0,,,,,,,
2026-06-11T15:43:29.741Z,REAL,MANUAL,0.0,0.0,0.0,0.0,0.0,237.785,37.768,104.492,-8172.727,M,sensor,0,,,,,,,
2026-06-11T15:43:29.841Z,REAL,MANUAL,0.0,0.0,0.0,0.0,0.0,237.646,37.768,104.492,-8172.727,M,sensor,0,,,,,,,
2026-06-11T15:43:29.941Z,REAL,MANUAL,0.0,0.0,0.0,0.0,0.0,237.601,37.768,104.492,-8172.727,M,sensor,0,,,,,,,
2026-06-11T15:43:30.041Z,REAL,MANUAL,0.0,0.0,0.0,0.0,0.0,237.651,37.768,104.492,-8172.727,M,sensor,0,,,,,,,
2026-06-11T15:43:30.141Z,REAL,MANUAL,0.0,0.0,0.0,0.0,0.0,237.629,37.768,104.492,-8172.727,M,sensor,0,,,,,,,
2026-06-11T15:43:30.241Z,REAL,MANUAL,0.0,0.0,0.0,0.0,0.0,237.617,37.768,104.492,-8172.727,M,sensor,0,,,,,,,
2026-06-11T15:43:30.341Z,REAL,MANUAL,0.0,0.0,0.0,0.0,0.0,237.673,37.768,104.492,-8172.727,M,sensor,0,,,,,,,
2026-06-11T15:43:30.441Z,REAL,MANUAL,0.0,0.0,0.0,0.0,0.0,237.473,37.768,104.492,-8172.727,M,sensor,0,,,,,,,
2026-06-11T15:43:30.541Z,REAL,MANUAL,0.0,0.0,0.0,0.0,0.0,237.622,37.768,104.492,-8172.727,M,sensor,0,,,,,,,
2026-06-11T15:43:30.641Z,REAL,MANUAL,0.0,0.0,0.0,0.0,0.0,237.614,37.768,104.492,-8172.727,M,sensor,0,,,,,,,
2026-06-11T15:43:30.741Z,REAL,MANUAL,0.0,0.0,0.0,0.0,0.0,237.723,37.768,104.492,-8172.727,M,sensor,0,,,,,,,
2026-06-11T15:43:30.841Z,REAL,MANUAL,0.0,0.0,0.0,0.0,0.0,237.687,37.768,104.492,-8172.727,M,sensor,0,,,,,,,
2026-06-11T15:43:30.941Z,REAL,MANUAL,0.0,0.0,0.0,0.0,0.0,237.524,37.768,104.492,-8172.727,M,sensor,0,,,,,,,
2026-06-11T15:43:31.041Z,REAL,MANUAL,0.0,0.0,0.0,0.0,0.0,237.594,37.768,104.492,-8172.727,M,sensor,0,,,,,,,
2026-06-11T15:43:31.141Z,REAL,MANUAL,0.0,0.0,0.0,0.0,0.0,237.502,37.768,104.492,-8172.727,M,sensor,0,,,,,,,
2026-06-11T15:43:31.241Z,REAL,MANUAL,0.0,0.0,0.0,0.0,0.0,237.563,37.768,104.492,-8172.727,M,sensor,0,,,,,,,
2026-06-11T15:43:31.341Z,REAL,MANUAL,0.0,0.0,0.0,0.0,0.0,237.618,37.768,104.492,-8172.727,M,sensor,0,,,,,,,
2026-06-11T15:43:31.441Z,REAL,MANUAL,0.0,0.0,0.0,0.0,0.0,237.659,37.768,104.492,-8172.727,M,sensor,0,,,,,,,
2026-06-11T15:43:31.541Z,REAL,MANUAL,0.0,0.0,0.0,0.0,0.0,237.493,37.768,104.492,-8172.727,M,sensor,0,,,,,,,
2026-06-11T15:43:31.641Z,REAL,MANUAL,0.0,0.0,0.0,0.0,0.0,237.588,37.768,104.492,-8172.727,M,sensor,0,,,,,,,
2026-06-11T15:43:31.741Z,REAL,MANUAL,0.0,0.0,0.0,0.0,0.0,237.408,37.768,104.492,-8172.727,M,sensor,0,,,,,,,
2026-06-11T15:43:31.841Z,REAL,MANUAL,0.0,0.0,0.0,0.0,0.0,237.368,37.768,104.492,-8172.727,M,sensor,0,,,,,,,
2026-06-11T15:43:31.941Z,REAL,MANUAL,0.0,0.0,0.0,0.0,0.0,237.582,37.768,104.177,-8172.727,M,sensor,0,,,,,,,
2026-06-11T15:43:32.041Z,REAL,MANUAL,0.0,0.0,0.0,0.0,0.0,237.598,37.768,104.177,-8172.727,M,sensor,0,,,,,,,
2026-06-11T15:43:32.141Z,REAL,MANUAL,0.0,0.0,0.0,0.0,0.0,237.727,37.768,104.177,-8172.727,M,sensor,0,,,,,,,
2026-06-11T15:43:32.241Z,REAL,MANUAL,0.0,0.0,0.0,0.0,0.0,237.613,37.768,104.177,-8172.727,M,sensor,0,,,,,,,
2026-06-11T15:43:32.341Z,REAL,MANUAL,0.0,0.0,0.0,0.0,0.0,237.763,37.768,104.177,-8172.727,M,sensor,0,,,,,,,
2026-06-11T15:43:32.441Z,REAL,MANUAL,0.0,0.0,0.0,0.0,0.0,237.706,37.768,104.177,-8172.727,M,sensor,0,,,,,,,
2026-06-11T15:43:32.541Z,REAL,MANUAL,0.0,0.0,0.0,0.0,0.0,237.541,37.768,104.177,-8172.727,M,sensor,0,,,,,,,
2026-06-11T15:43:32.641Z,REAL,MANUAL,0.0,0.0,0.0,0.0,0.0,237.493,37.768,104.177,-8172.727,M,sensor,0,,,,,,,
2026-06-11T15:43:32.741Z,REAL,MANUAL,0.0,0.0,0.0,0.0,0.0,237.57,37.768,104.177,-8172.727,M,sensor,0,,,,,,,
2026-06-11T15:43:32.841Z,REAL,MANUAL,0.0,0.0,0.0,0.0,0.0,237.605,37.768,104.177,-8172.727,M,sensor,0,,,,,,,
2026-06-11T15:43:32.941Z,REAL,MANUAL,0.0,0.0,0.0,0.0,0.0,237.501,37.768,104.177,-8172.727,M,sensor,0,,,,,,,
2026-06-11T15:43:33.041Z,REAL,MANUAL,0.0,0.0,0.0,0.0,0.0,237.546,37.768,104.177,-8172.727,M,sensor,0,,,,,,,
2026-06-11T15:43:33.141Z,REAL,MANUAL,0.0,0.0,0.0,0.0,0.0,237.666,37.768,104.177,-8172.727,M,sensor,0,,,,,,,
2026-06-11T15:43:33.241Z,REAL,MANUAL,0.0,0.0,0.0,0.0,0.0,237.609,37.768,104.177,-8172.727,M,sensor,0,,,,,,,
2026-06-11T15:43:33.341Z,REAL,MANUAL,0.0,0.0,0.0,0.0,0.0,237.792,37.768,104.177,-8172.727,M,sensor,0,,,,,,,
2026-06-11T15:43:33.441Z,REAL,MANUAL,0.0,0.0,0.0,0.0,0.0,237.65,37.768,104.177,-8172.727,M,sensor,0,,,,,,,
2026-06-11T15:43:33.541Z,REAL,MANUAL,0.0,0.0,0.0,0.0,0.0,237.46,37.768,104.177,-8172.727,M,sensor,0,,,,,,,
2026-06-11T15:43:33.641Z,REAL,MANUAL,0.0,0.0,0.0,0.0,0.0,237.498,37.768,104.177,-8172.727,M,sensor,0,,,,,,,
2026-06-11T15:43:33.741Z,REAL,MANUAL,0.0,0.0,0.0,0.0,0.0,237.59,37.768,104.177,-8172.727,M,sensor,0,,,,,,,
2026-06-11T15:43:33.841Z,REAL,MANUAL,0.0,0.0,0.0,0.0,0.0,237.628,37.768,104.177,-8172.727,M,sensor,0,,,,,,,
2026-06-11T15:43:33.941Z,REAL,MANUAL,0.0,0.0,0.0,0.0,0.0,237.552,37.768,104.177,-8172.727,M,sensor,0,,,,,,,
2026-06-11T15:43:34.041Z,REAL,MANUAL,0.0,0.0,0.0,0.0,0.0,237.603,37.768,104.177,-8172.727,M,sensor,0,,,,,,,
2026-06-11T15:43:34.141Z,REAL,MANUAL,0.0,0.0,0.0,0.0,0.0,237.626,37.768,104.177,-8172.727,M,sensor,0,,,,,,,
2026-06-11T15:43:34.241Z,REAL,MANUAL,0.0,0.0,0.0,0.0,0.0,237.699,37.768,104.177,-8172.727,M,sensor,0,,,,,,,
2026-06-11T15:43:34.341Z,REAL,MANUAL,0.0,0.0,0.0,0.0,0.0,237.856,37.768,104.177,-8172.727,M,sensor,0,,,,,,,
2026-06-11T15:43:34.441Z,REAL,MANUAL,0.0,0.0,0.0,0.0,0.0,237.707,37.768,104.177,-8172.727,M,sensor,0,,,,,,,
2026-06-11T15:43:34.541Z,REAL,MANUAL,0.0,0.0,0.0,0.0,0.0,237.761,37.768,104.177,-8172.727,M,sensor,0,,,,,,,
2026-06-11T15:43:34.641Z,REAL,MANUAL,0.0,0.0,0.0,0.0,0.0,237.789,37.768,104.177,-8172.727,M,sensor,0,,,,,,,
2026-06-11T15:43:34.741Z,REAL,MANUAL,0.0,0.0,0.0,0.0,0.0,237.752,37.768,104.177,-8172.727,M,sensor,0,,,,,,,
2026-06-11T15:43:34.841Z,REAL,MANUAL,0.0,0.0,0.0,0.0,0.0,237.749,37.768,104.177,-8172.727,M,sensor,0,,,,,,,
2026-06-11T15:43:34.941Z,REAL,MANUAL,0.0,0.0,0.0,0.0,0.0,237.427,37.768,104.177,-8172.727,M,sensor,0,,,,,,,
2026-06-11T15:43:35.041Z,REAL,MANUAL,0.0,0.0,0.0,0.0,0.0,237.733,37.768,104.177,-8172.727,M,sensor,0,,,,,,,
2026-06-11T15:43:35.141Z,REAL,MANUAL,0.0,0.0,0.0,0.0,0.0,237.567,37.768,104.177,-8172.727,M,sensor,0,,,,,,,
2026-06-11T15:43:35.241Z,REAL,MANUAL,0.0,0.0,0.0,0.0,0.0,237.585,37.768,104.177,-8172.727,M,sensor,0,,,,,,,
2026-06-11T15:43:35.341Z,REAL,MANUAL,0.0,0.0,0.0,0.0,0.0,237.638,37.768,104.177,-8172.727,M,sensor,0,,,,,,,
2026-06-11T15:43:35.441Z,REAL,MANUAL,0.0,0.0,0.0,0.0,0.0,237.801,37.768,104.177,-8172.727,M,sensor,0,,,,,,,
2026-06-11T15:43:35.541Z,REAL,MANUAL,0.0,0.0,0.0,0.0,0.0,237.597,37.768,104.492,-8172.727,M,sensor,0,,,,,,,
2026-06-11T15:43:35.641Z,REAL,MANUAL,0.0,0.0,0.0,0.0,0.0,237.735,37.768,104.492,-8172.727,M,sensor,0,,,,,,,
2026-06-11T15:43:35.741Z,REAL,MANUAL,0.0,0.0,0.0,0.0,0.0,237.517,37.768,104.492,-8172.727,M,sensor,0,,,,,,,
2026-06-11T15:43:35.841Z,REAL,MANUAL,0.0,0.0,0.0,0.0,0.0,237.395,37.768,104.177,-8172.727,M,sensor,0,,,,,,,
2026-06-11T15:43:35.941Z,REAL,MANUAL,0.0,0.0,0.0,0.0,0.0,237.572,37.768,104.177,-8172.727,M,sensor,0,,,,,,,
2026-06-11T15:43:36.041Z,REAL,MANUAL,0.0,0.0,0.0,0.0,0.0,237.72,37.768,104.177,-8172.727,M,sensor,0,,,,,,,
2026-06-11T15:43:36.141Z,REAL,MANUAL,0.0,0.0,0.0,0.0,0.0,237.671,37.768,104.177,-8172.727,M,sensor,0,,,,,,,
2026-06-11T15:43:36.241Z,REAL,MANUAL,0.0,0.0,0.0,0.0,0.0,237.655,37.768,104.177,-8172.727,M,sensor,0,,,,,,,
2026-06-11T15:43:36.341Z,REAL,MANUAL,0.0,0.0,0.0,0.0,0.0,237.669,37.768,104.177,-8172.727,M,sensor,0,,,,,,,
2026-06-11T15:43:36.441Z,REAL,MANUAL,0.0,0.0,0.0,0.0,0.0,237.693,37.768,104.177,-8172.727,M,sensor,0,,,,,,,
2026-06-11T15:43:36.541Z,REAL,MANUAL,0.0,0.0,0.0,0.0,0.0,237.539,37.768,104.177,-8172.727,M,sensor,0,,,,,,,
2026-06-11T15:43:36.641Z,REAL,MANUAL,0.0,0.0,0.0,0.0,0.0,237.66,37.768,104.177,-8172.727,M,sensor,0,,,,,,,
2026-06-11T15:43:36.741Z,REAL,MANUAL,0.0,0.0,0.0,0.0,0.0,237.564,37.768,104.177,-8172.727,M,sensor,0,,,,,,,
2026-06-11T15:43:36.841Z,REAL,MANUAL,0.0,0.0,0.0,0.0,0.0,237.564,37.768,104.177,-8172.727,M,sensor,0,,,,,,,
2026-06-11T15:43:36.941Z,REAL,MANUAL,0.0,0.0,0.0,0.0,0.0,237.481,37.768,104.177,-8172.727,M,sensor,0,,,,,,,
2026-06-11T15:43:37.041Z,REAL,MANUAL,0.0,0.0,0.0,0.0,0.0,237.456,37.768,104.177,-8172.727,M,sensor,0,,,,,,,
2026-06-11T15:43:37.141Z,REAL,MANUAL,0.0,0.0,0.0,0.0,0.0,237.666,37.768,104.177,-8172.727,M,sensor,0,,,,,,,
2026-06-11T15:43:37.241Z,REAL,MANUAL,0.0,0.0,0.0,0.0,0.0,237.578,37.768,104.177,-8172.727,M,sensor,0,,,,,,,
2026-06-11T15:43:37.341Z,REAL,MANUAL,0.0,0.0,0.0,0.0,0.0,237.624,37.768,104.177,-8172.727,M,sensor,0,,,,,,,
2026-06-11T15:43:37.441Z,REAL,MANUAL,0.0,0.0,0.0,0.0,0.0,237.713,37.768,104.177,-8172.727,M,sensor,0,,,,,,,
2026-06-11T15:43:37.541Z,REAL,MANUAL,0.0,0.0,0.0,0.0,0.0,237.528,37.768,104.177,-8172.727,M,sensor,0,,,,,,,
2026-06-11T15:43:37.641Z,REAL,MANUAL,0.0,0.0,0.0,0.0,0.0,237.662,37.768,104.177,-8172.727,M,sensor,0,,,,,,,
2026-06-11T15:43:37.741Z,REAL,MANUAL,0.0,0.0,0.0,0.0,0.0,237.319,37.768,104.177,-8172.727,M,sensor,0,,,,,,,
2026-06-11T15:43:37.841Z,REAL,MANUAL,0.0,0.0,0.0,0.0,0.0,237.568,37.768,104.177,-8172.727,M,sensor,0,,,,,,,
2026-06-11T15:43:37.941Z,REAL,MANUAL,0.0,0.0,0.0,0.0,0.0,237.629,37.768,104.177,-8172.727,M,sensor,0,,,,,,,
2026-06-11T15:43:38.041Z,REAL,MANUAL,0.0,0.0,0.0,0.0,0.0,237.486,37.768,104.177,-8172.727,M,sensor,0,,,,,,,
2026-06-11T15:43:38.141Z,REAL,MANUAL,0.0,0.0,0.0,0.0,0.0,237.442,37.768,104.177,-8172.727,M,sensor,0,,,,,,,
2026-06-11T15:43:38.241Z,REAL,MANUAL,0.0,0.0,0.0,0.0,0.0,237.369,37.768,104.177,-8172.727,M,sensor,0,,,,,,,
2026-06-11T15:43:38.341Z,REAL,MANUAL,0.0,0.0,0.0,0.0,0.0,237.397,37.768,104.177,-8172.727,M,sensor,0,,,,,,,
2026-06-11T15:43:38.441Z,REAL,MANUAL,0.0,0.0,0.0,0.0,0.0,237.529,37.768,104.177,-8172.727,M,sensor,0,,,,,,,
2026-06-11T15:43:38.541Z,REAL,MANUAL,0.0,0.0,0.0,0.0,0.0,237.577,37.768,104.177,-8172.727,M,sensor,0,,,,,,,
2026-06-11T15:43:38.641Z,REAL,MANUAL,0.0,0.0,0.0,0.0,0.0,237.615,37.768,104.177,-8172.727,M,sensor,0,,,,,,,
2026-06-11T15:43:38.741Z,REAL,MANUAL,0.0,0.0,0.0,0.0,0.0,237.663,37.768,104.177,-8172.727,M,sensor,0,,,,,,,
2026-06-11T15:43:38.841Z,REAL,MANUAL,0.0,0.0,0.0,0.0,0.0,237.308,37.768,104.177,-8172.727,M,sensor,0,,,,,,,
2026-06-11T15:43:38.941Z,REAL,MANUAL,0.0,0.0,0.0,0.0,0.0,237.67,37.768,104.492,-8172.727,M,sensor,0,,,,,,,
2026-06-11T15:43:39.041Z,REAL,MANUAL,0.0,0.0,0.0,0.0,0.0,237.609,37.768,104.492,-8172.727,M,sensor,0,,,,,,,
2026-06-11T15:43:39.141Z,REAL,MANUAL,0.0,0.0,0.0,0.0,0.0,237.719,37.768,104.492,-8172.727,M,sensor,0,,,,,,,
2026-06-11T15:43:39.241Z,REAL,MANUAL,0.0,0.0,0.0,0.0,0.0,237.692,37.768,104.492,-8172.727,M,sensor,0,,,,,,,
2026-06-11T15:43:39.341Z,REAL,MANUAL,0.0,0.0,0.0,0.0,0.0,237.506,37.768,104.492,-8172.727,M,sensor,0,,,,,,,
2026-06-11T15:43:39.441Z,REAL,MANUAL,0.0,0.0,0.0,0.0,0.0,237.786,37.768,104.492,-8172.727,M,sensor,0,,,,,,,
2026-06-11T15:43:39.541Z,REAL,MANUAL,0.0,0.0,0.0,0.0,0.0,237.593,37.768,104.492,-8172.727,M,sensor,0,,,,,,,
2026-06-11T15:43:39.641Z,REAL,MANUAL,0.0,0.0,0.0,0.0,0.0,237.778,37.453,104.492,-8172.727,M,sensor,0,,,,,,,
2026-06-11T15:43:39.741Z,REAL,MANUAL,0.0,0.0,0.0,0.0,0.0,237.602,37.453,104.177,-8172.727,M,sensor,0,,,,,,,
2026-06-11T15:43:39.841Z,REAL,MANUAL,0.0,0.0,0.0,0.0,0.0,237.727,37.453,104.177,-8172.727,M,sensor,0,,,,,,,
2026-06-11T15:43:39.941Z,REAL,MANUAL,0.0,0.0,0.0,0.0,0.0,237.885,37.453,104.177,-8172.727,M,sensor,0,,,,,,,
2026-06-11T15:43:40.041Z,REAL,MANUAL,0.0,0.0,0.0,0.0,0.0,237.538,37.453,104.177,-8172.727,M,sensor,0,,,,,,,
2026-06-11T15:43:40.141Z,REAL,MANUAL,0.0,0.0,0.0,0.0,0.0,237.538,37.453,104.177,-8172.727,M,sensor,0,,,,,,,
2026-06-11T15:43:40.241Z,REAL,MANUAL,0.0,0.0,0.0,0.0,0.0,237.635,37.453,104.177,-8172.727,M,sensor,0,,,,,,,
2026-06-11T15:43:40.341Z,REAL,MANUAL,0.0,0.0,0.0,0.0,0.0,237.549,37.453,104.177,-8172.727,M,sensor,0,,,,,,,
2026-06-11T15:43:40.441Z,REAL,MANUAL,0.0,0.0,0.0,0.0,0.0,237.465,37.453,104.177,-8172.727,M,sensor,0,,,,,,,
2026-06-11T15:43:40.541Z,REAL,MANUAL,0.0,0.0,0.0,0.0,0.0,237.711,37.453,104.177,-8172.727,M,sensor,0,,,,,,,
2026-06-11T15:43:40.641Z,REAL,MANUAL,0.0,0.0,0.0,0.0,0.0,237.612,37.453,104.177,-8172.727,M,sensor,0,,,,,,,
2026-06-11T15:43:40.741Z,REAL,MANUAL,0.0,0.0,0.0,0.0,0.0,237.758,37.453,104.177,-8172.727,M,sensor,0,,,,,,,
2026-06-11T15:43:40.841Z,REAL,MANUAL,0.0,0.0,0.0,0.0,0.0,237.406,37.453,104.177,-8172.727,M,sensor,0,,,,,,,
2026-06-11T15:43:40.941Z,REAL,MANUAL,0.0,0.0,0.0,0.0,0.0,237.71,37.453,104.177,-8172.727,M,sensor,0,,,,,,,
2026-06-11T15:43:41.041Z,REAL,MANUAL,0.0,0.0,0.0,0.0,0.0,237.562,37.453,104.177,-8172.727,M,sensor,0,,,,,,,
2026-06-11T15:43:41.141Z,REAL,MANUAL,0.0,0.0,0.0,0.0,0.0,237.496,37.453,104.177,-8172.727,M,sensor,0,,,,,,,
2026-06-11T15:43:41.241Z,REAL,MANUAL,0.0,0.0,0.0,0.0,0.0,237.422,37.453,104.177,-8172.727,M,sensor,0,,,,,,,
2026-06-11T15:43:41.341Z,REAL,MANUAL,0.0,0.0,0.0,0.0,0.0,237.403,37.453,104.177,-8172.727,M,sensor,0,,,,,,,
2026-06-11T15:43:41.441Z,REAL,MANUAL,0.0,0.0,0.0,0.0,0.0,237.626,37.453,104.177,-8172.727,M,sensor,0,,,,,,,
2026-06-11T15:43:41.541Z,REAL,MANUAL,0.0,0.0,0.0,0.0,0.0,237.618,37.453,104.177,-8172.727,M,sensor,0,,,,,,,
2026-06-11T15:43:41.641Z,REAL,MANUAL,0.0,0.0,0.0,0.0,0.0,237.637,37.453,104.177,-8172.727,M,sensor,0,,,,,,,
2026-06-11T15:43:41.741Z,REAL,MANUAL,0.0,0.0,0.0,0.0,0.0,237.656,37.453,104.177,-8172.727,M,sensor,0,,,,,,,
2026-06-11T15:43:41.841Z,REAL,MANUAL,0.0,0.0,0.0,0.0,0.0,237.528,37.453,104.177,-8172.727,M,sensor,0,,,,,,,
2026-06-11T15:43:41.941Z,REAL,MANUAL,0.0,0.0,0.0,0.0,0.0,237.857,37.453,104.177,-8172.727,M,sensor,0,,,,,,,
2026-06-11T15:43:42.041Z,REAL,MANUAL,0.0,0.0,0.0,0.0,0.0,237.663,37.453,104.177,-8172.727,M,sensor,0,,,,,,,
2026-06-11T15:43:42.141Z,REAL,MANUAL,0.0,0.0,0.0,0.0,0.0,237.587,37.453,104.177,-8172.727,M,sensor,0,,,,,,,
2026-06-11T15:43:42.242Z,REAL,MANUAL,0.0,0.0,0.0,0.0,0.0,237.57,37.453,104.177,-8172.727,M,sensor,0,,,,,,,
2026-06-11T15:43:42.341Z,REAL,MANUAL,0.0,0.0,0.0,0.0,0.0,237.618,37.453,104.177,-8172.727,M,sensor,0,,,,,,,
2026-06-11T15:43:42.441Z,REAL,MANUAL,0.0,0.0,0.0,0.0,0.0,237.669,37.453,104.177,-8172.727,M,sensor,0,,,,,,,
2026-06-11T15:43:42.541Z,REAL,MANUAL,0.0,0.0,0.0,0.0,0.0,237.48,37.453,104.177,-8172.727,M,sensor,0,,,,,,,
2026-06-11T15:43:42.641Z,REAL,MANUAL,0.0,0.0,0.0,0.0,0.0,237.715,37.453,104.177,-8172.727,M,sensor,0,,,,,,,
2026-06-11T15:43:42.741Z,REAL,MANUAL,0.0,0.0,0.0,0.0,0.0,237.92,37.453,104.492,-8172.727,M,sensor,0,,,,,,,
2026-06-11T15:43:42.841Z,REAL,MANUAL,0.0,0.0,0.0,0.0,0.0,237.614,37.453,104.492,-8172.727,M,sensor,0,,,,,,,
2026-06-11T15:43:42.941Z,REAL,MANUAL,0.0,0.0,0.0,0.0,0.0,237.637,37.139,104.492,-8172.727,M,sensor,0,,,,,,,
2026-06-11T15:43:43.041Z,REAL,MANUAL,0.0,0.0,0.0,0.0,0.0,237.505,37.139,104.492,-8172.727,M,sensor,0,,,,,,,
2026-06-11T15:43:43.141Z,REAL,MANUAL,0.0,0.0,0.0,0.0,0.0,237.481,37.139,104.492,-8172.727,M,sensor,0,,,,,,,
2026-06-11T15:43:43.241Z,REAL,MANUAL,0.0,0.0,0.0,0.0,0.0,237.687,37.139,104.492,-8172.727,M,sensor,0,,,,,,,
2026-06-11T15:43:43.341Z,REAL,MANUAL,0.0,0.0,0.0,0.0,0.0,237.483,37.139,104.492,-8172.727,M,sensor,0,,,,,,,
2026-06-11T15:43:43.441Z,REAL,MANUAL,0.0,0.0,0.0,0.0,0.0,237.506,37.453,104.492,-8172.727,M,sensor,0,,,,,,,
2026-06-11T15:43:43.541Z,REAL,MANUAL,0.0,0.0,0.0,0.0,0.0,237.569,37.453,104.492,-8172.727,M,sensor,0,,,,,,,
2026-06-11T15:43:43.641Z,REAL,MANUAL,0.0,0.0,0.0,0.0,0.0,237.522,37.453,104.492,-8172.727,M,sensor,0,,,,,,,
2026-06-11T15:43:43.741Z,REAL,MANUAL,0.0,0.0,0.0,0.0,0.0,237.613,37.453,104.492,-8172.727,M,sensor,0,,,,,,,
2026-06-11T15:43:43.841Z,REAL,MANUAL,0.0,0.0,0.0,0.0,0.0,237.71,37.453,104.492,-8172.727,M,sensor,0,,,,,,,
2026-06-11T15:43:43.941Z,REAL,MANUAL,0.0,0.0,0.0,0.0,0.0,237.504,37.453,104.492,-8172.727,M,sensor,0,,,,,,,
2026-06-11T15:43:44.041Z,REAL,MANUAL,0.0,0.0,0.0,0.0,0.0,237.924,37.453,104.177,-8172.727,M,sensor,0,,,,,,,
2026-06-11T15:43:44.141Z,REAL,MANUAL,0.0,0.0,0.0,0.0,0.0,237.735,37.453,104.177,-8172.727,M,sensor,0,,,,,,,
2026-06-11T15:43:44.241Z,REAL,MANUAL,0.0,0.0,0.0,0.0,0.0,237.749,37.453,104.177,-8172.727,M,sensor,0,,,,,,,
2026-06-11T15:43:44.341Z,REAL,MANUAL,0.0,0.0,0.0,0.0,0.0,237.69,37.453,104.177,-8172.727,M,sensor,0,,,,,,,
2026-06-11T15:43:44.441Z,REAL,MANUAL,0.0,0.0,0.0,0.0,0.0,237.558,37.453,104.177,-8172.727,M,sensor,0,,,,,,,
2026-06-11T15:43:44.541Z,REAL,MANUAL,0.0,0.0,0.0,0.0,0.0,237.563,37.453,104.177,-8172.727,M,sensor,0,,,,,,,
2026-06-11T15:43:44.641Z,REAL,MANUAL,0.0,0.0,0.0,0.0,0.0,237.557,37.453,104.177,-8172.727,M,sensor,0,,,,,,,
2026-06-11T15:43:44.741Z,REAL,MANUAL,0.0,0.0,0.0,0.0,0.0,237.738,37.453,104.177,-8172.727,M,sensor,0,,,,,,,
2026-06-11T15:43:44.841Z,REAL,MANUAL,0.0,0.0,0.0,0.0,0.0,237.657,37.453,104.177,-8172.727,M,sensor,0,,,,,,,
2026-06-11T15:43:44.941Z,REAL,MANUAL,0.0,0.0,0.0,0.0,0.0,237.511,37.453,104.492,-8172.727,M,sensor,0,,,,,,,
2026-06-11T15:43:45.041Z,REAL,MANUAL,0.0,0.0,0.0,0.0,0.0,237.483,37.453,104.492,-8172.727,M,sensor,0,,,,,,,
2026-06-11T15:43:45.141Z,REAL,MANUAL,0.0,0.0,0.0,0.0,0.0,237.49,37.453,104.492,-8172.727,M,sensor,0,,,,,,,
2026-06-11T15:43:45.241Z,REAL,MANUAL,0.0,0.0,0.0,0.0,0.0,237.515,37.453,104.492,-8172.727,M,sensor,0,,,,,,,
2026-06-11T15:43:45.341Z,REAL,MANUAL,0.0,0.0,0.0,0.0,0.0,237.794,37.453,104.492,-8172.727,M,sensor,0,,,,,,,
2026-06-11T15:43:45.441Z,REAL,MANUAL,0.0,0.0,0.0,0.0,0.0,237.666,37.453,104.492,-8172.727,M,sensor,0,,,,,,,
2026-06-11T15:43:45.541Z,REAL,MANUAL,0.0,0.0,0.0,0.0,0.0,237.955,37.453,104.492,-8172.727,M,sensor,0,,,,,,,
2026-06-11T15:43:45.641Z,REAL,MANUAL,0.0,0.0,0.0,0.0,0.0,237.795,37.453,104.492,-8172.727,M,sensor,0,,,,,,,
2026-06-11T15:43:45.741Z,REAL,MANUAL,0.0,0.0,0.0,0.0,0.0,237.581,37.453,104.492,-8172.727,M,sensor,0,,,,,,,
2026-06-11T15:43:45.841Z,REAL,MANUAL,0.0,0.0,0.0,0.0,0.0,237.454,37.453,104.492,-8172.727,M,sensor,0,,,,,,,
2026-06-11T15:43:45.941Z,REAL,MANUAL,0.0,0.0,0.0,0.0,0.0,237.626,37.453,104.492,-8172.727,M,sensor,0,,,,,,,
2026-06-11T15:43:46.041Z,REAL,MANUAL,0.0,0.0,0.0,0.0,0.0,237.718,37.453,104.492,-8172.727,M,sensor,0,,,,,,,
2026-06-11T15:43:46.141Z,REAL,MANUAL,0.0,0.0,0.0,0.0,0.0,237.557,37.453,104.492,-8172.727,M,sensor,0,,,,,,,
2026-06-11T15:43:46.241Z,REAL,MANUAL,0.0,0.0,0.0,0.0,0.0,237.7,37.453,104.492,-8172.727,M,sensor,0,,,,,,,
2026-06-11T15:43:46.341Z,REAL,MANUAL,0.0,0.0,0.0,0.0,0.0,237.664,37.453,104.492,-8172.727,M,sensor,0,,,,,,,
2026-06-11T15:43:46.441Z,REAL,MANUAL,0.0,0.0,0.0,0.0,0.0,237.532,37.453,104.492,-8172.727,M,sensor,0,,,,,,,
2026-06-11T15:43:46.541Z,REAL,MANUAL,0.0,0.0,0.0,0.0,0.0,237.45,37.453,104.492,-8172.727,M,sensor,0,,,,,,,
2026-06-11T15:43:46.641Z,REAL,MANUAL,0.0,0.0,0.0,0.0,0.0,237.581,37.453,104.492,-8172.727,M,sensor,0,,,,,,,
2026-06-11T15:43:46.741Z,REAL,MANUAL,0.0,0.0,0.0,0.0,0.0,237.567,37.453,104.492,-8172.727,M,sensor,0,,,,,,,
2026-06-11T15:43:46.841Z,REAL,MANUAL,0.0,0.0,0.0,0.0,0.0,237.615,37.453,104.492,-8172.727,M,sensor,0,,,,,,,
2026-06-11T15:43:46.941Z,REAL,MANUAL,0.0,0.0,0.0,0.0,0.0,237.688,37.453,104.492,-8172.727,M,sensor,0,,,,,,,
2026-06-11T15:43:47.041Z,REAL,MANUAL,0.0,0.0,0.0,0.0,0.0,237.463,37.453,104.492,-8172.727,M,sensor,0,,,,,,,
2026-06-11T15:43:47.141Z,REAL,MANUAL,0.0,0.0,0.0,0.0,0.0,237.483,37.768,104.492,-8172.727,M,sensor,0,,,,,,,
2026-06-11T15:43:47.241Z,REAL,MANUAL,0.0,0.0,0.0,0.0,0.0,237.652,37.768,104.492,-8172.727,M,sensor,0,,,,,,,
2026-06-11T15:43:47.341Z,REAL,MANUAL,0.0,0.0,0.0,0.0,0.0,237.637,37.768,104.492,-8172.727,M,sensor,0,,,,,,,
2026-06-11T15:43:47.441Z,REAL,MANUAL,0.0,0.0,0.0,0.0,0.0,237.536,37.768,104.492,-8172.727,M,sensor,0,,,,,,,
2026-06-11T15:43:47.541Z,REAL,MANUAL,0.0,0.0,0.0,0.0,0.0,237.49,37.768,104.177,-8172.727,M,sensor,0,,,,,,,
2026-06-11T15:43:47.641Z,REAL,MANUAL,0.0,0.0,0.0,0.0,0.0,237.359,37.768,104.177,-8172.727,M,sensor,0,,,,,,,
2026-06-11T15:43:47.741Z,REAL,MANUAL,0.0,0.0,0.0,0.0,0.0,237.642,37.768,104.177,-8172.727,M,sensor,0,,,,,,,
2026-06-11T15:43:47.841Z,REAL,MANUAL,0.0,0.0,0.0,0.0,0.0,237.364,37.768,104.177,-8172.727,M,sensor,0,,,,,,,
2026-06-11T15:43:47.941Z,REAL,MANUAL,0.0,0.0,0.0,0.0,0.0,237.538,37.768,104.177,-8172.727,M,sensor,0,,,,,,,
2026-06-11T15:43:48.041Z,REAL,MANUAL,0.0,0.0,0.0,0.0,0.0,237.605,37.768,104.177,-8172.727,M,sensor,0,,,,,,,
2026-06-11T15:43:48.141Z,REAL,MANUAL,0.0,0.0,0.0,0.0,0.0,237.65,37.768,104.177,-8172.727,M,sensor,0,,,,,,,
2026-06-11T15:43:48.241Z,REAL,MANUAL,0.0,0.0,0.0,0.0,0.0,237.363,37.768,104.177,-8172.727,M,sensor,0,,,,,,,
2026-06-11T15:43:48.341Z,REAL,MANUAL,0.0,0.0,0.0,0.0,0.0,237.802,37.768,104.177,-8172.727,M,sensor,0,,,,,,,
2026-06-11T15:43:48.441Z,REAL,MANUAL,0.0,0.0,0.0,0.0,0.0,237.721,37.768,104.177,-8172.727,M,sensor,0,,,,,,,
2026-06-11T15:43:48.541Z,REAL,MANUAL,0.0,0.0,0.0,0.0,0.0,237.491,37.768,104.177,-8172.727,M,sensor,0,,,,,,,
2026-06-11T15:43:48.641Z,REAL,MANUAL,0.0,0.0,0.0,0.0,0.0,237.653,37.768,104.177,-8172.727,M,sensor,0,,,,,,,
2026-06-11T15:43:48.741Z,REAL,MANUAL,0.0,0.0,0.0,0.0,0.0,237.64,37.768,104.177,-8172.727,M,sensor,0,,,,,,,
2026-06-11T15:43:48.841Z,REAL,MANUAL,0.0,0.0,0.0,0.0,0.0,237.555,37.768,104.177,-8172.727,M,sensor,0,,,,,,,
2026-06-11T15:43:48.941Z,REAL,MANUAL,0.0,0.0,0.0,0.0,0.0,237.499,37.768,104.177,-8172.727,M,sensor,0,,,,,,,
2026-06-11T15:43:49.041Z,REAL,MANUAL,0.0,0.0,0.0,0.0,0.0,237.705,37.768,104.177,-8172.727,M,sensor,0,,,,,,,
2026-06-11T15:43:49.141Z,REAL,MANUAL,0.0,0.0,0.0,0.0,0.0,237.701,37.768,104.177,-8172.727,M,sensor,0,,,,,,,
2026-06-11T15:43:49.241Z,REAL,MANUAL,0.0,0.0,0.0,0.0,0.0,237.545,37.768,104.177,-8172.727,M,sensor,0,,,,,,,
2026-06-11T15:43:49.341Z,REAL,MANUAL,0.0,0.0,0.0,0.0,0.0,237.452,37.768,104.177,-8172.727,M,sensor,0,,,,,,,
2026-06-11T15:43:49.441Z,REAL,MANUAL,0.0,0.0,0.0,0.0,0.0,237.416,37.768,104.177,-8172.727,M,sensor,0,,,,,,,
2026-06-11T15:43:49.541Z,REAL,MANUAL,0.0,0.0,0.0,0.0,0.0,237.468,37.768,104.177,-8172.727,M,sensor,0,,,,,,,
2026-06-11T15:43:49.641Z,REAL,MANUAL,0.0,0.0,0.0,0.0,0.0,237.443,37.768,104.177,-8172.727,M,sensor,0,,,,,,,
2026-06-11T15:43:49.741Z,REAL,MANUAL,0.0,0.0,0.0,0.0,0.0,237.435,37.453,104.177,-8172.727,M,sensor,0,,,,,,,
2026-06-11T15:43:49.842Z,REAL,MANUAL,0.0,0.0,0.0,0.0,0.0,237.521,37.453,104.177,-8172.727,M,sensor,0,,,,,,,
2026-06-11T15:43:49.941Z,REAL,MANUAL,0.0,0.0,0.0,0.0,0.0,237.531,37.453,104.177,-8172.727,M,sensor,0,,,,,,,
2026-06-11T15:43:50.041Z,REAL,MANUAL,0.0,0.0,0.0,0.0,0.0,237.658,37.453,104.177,-8172.727,M,sensor,0,,,,,,,
2026-06-11T15:43:50.141Z,REAL,MANUAL,0.0,0.0,0.0,0.0,0.0,237.699,37.453,104.177,-8172.727,M,sensor,0,,,,,,,
2026-06-11T15:43:50.241Z,REAL,MANUAL,0.0,0.0,0.0,0.0,0.0,237.545,37.453,104.177,-8172.727,M,sensor,0,,,,,,,
2026-06-11T15:43:50.341Z,REAL,MANUAL,0.0,0.0,0.0,0.0,0.0,237.453,37.453,104.177,-8172.727,M,sensor,0,,,,,,,
2026-06-11T15:43:50.441Z,REAL,MANUAL,0.0,0.0,0.0,0.0,0.0,237.537,37.453,104.177,-8172.727,M,sensor,0,,,,,,,
2026-06-11T15:43:50.541Z,REAL,MANUAL,0.0,0.0,0.0,0.0,0.0,237.747,37.453,104.177,-8172.727,M,sensor,0,,,,,,,
2026-06-11T15:43:50.641Z,REAL,MANUAL,0.0,0.0,0.0,0.0,0.0,237.686,37.453,104.177,-8172.727,M,sensor,0,,,,,,,
2026-06-11T15:43:50.741Z,REAL,MANUAL,0.0,0.0,0.0,0.0,0.0,237.636,37.453,104.177,-8172.727,M,sensor,0,,,,,,,
2026-06-11T15:43:50.841Z,REAL,MANUAL,0.0,0.0,0.0,0.0,0.0,237.721,37.453,104.177,-8172.727,M,sensor,0,,,,,,,
2026-06-11T15:43:50.941Z,REAL,MANUAL,0.0,0.0,0.0,0.0,0.0,237.621,37.453,104.177,-8172.727,M,sensor,0,,,,,,,
2026-06-11T15:43:51.041Z,REAL,MANUAL,0.0,0.0,0.0,0.0,0.0,237.656,37.453,104.177,-8172.727,M,sensor,0,,,,,,,
2026-06-11T15:43:51.141Z,REAL,MANUAL,0.0,0.0,0.0,0.0,0.0,237.785,37.453,104.177,-8172.727,M,sensor,0,,,,,,,
2026-06-11T15:43:51.241Z,REAL,MANUAL,0.0,0.0,0.0,0.0,0.0,237.559,37.768,104.177,-8172.727,M,sensor,0,,,,,,,
2026-06-11T15:43:51.341Z,REAL,MANUAL,0.0,0.0,0.0,0.0,0.0,237.434,37.768,104.177,-8172.727,M,sensor,0,,,,,,,
2026-06-11T15:43:51.441Z,REAL,MANUAL,0.0,0.0,0.0,0.0,0.0,237.563,37.768,104.177,-8172.727,M,sensor,0,,,,,,,
2026-06-11T15:43:51.541Z,REAL,MANUAL,0.0,0.0,0.0,0.0,0.0,237.611,37.768,104.492,-8172.727,M,sensor,0,,,,,,,
2026-06-11T15:43:51.641Z,REAL,MANUAL,0.0,0.0,0.0,0.0,0.0,237.444,37.768,104.492,-8172.727,M,sensor,0,,,,,,,
2026-06-11T15:43:51.741Z,REAL,MANUAL,0.0,0.0,0.0,0.0,0.0,237.585,37.768,104.492,-8172.727,M,sensor,0,,,,,,,
2026-06-11T15:43:51.841Z,REAL,MANUAL,0.0,0.0,0.0,0.0,0.0,237.616,37.768,104.492,-8172.727,M,sensor,0,,,,,,,
2026-06-11T15:43:51.941Z,REAL,MANUAL,0.0,0.0,0.0,0.0,0.0,237.655,37.768,104.492,-8172.727,M,sensor,0,,,,,,,
2026-06-11T15:43:52.041Z,REAL,MANUAL,0.0,0.0,0.0,0.0,0.0,237.534,37.768,104.492,-8172.727,M,sensor,0,,,,,,,
2026-06-11T15:43:52.141Z,REAL,MANUAL,0.0,0.0,0.0,0.0,0.0,237.764,37.768,104.492,-8172.727,M,sensor,0,,,,,,,
2026-06-11T15:43:52.241Z,REAL,MANUAL,0.0,0.0,0.0,0.0,0.0,237.531,37.768,104.492,-8172.727,M,sensor,0,,,,,,,
2026-06-11T15:43:52.341Z,REAL,MANUAL,0.0,0.0,0.0,0.0,0.0,237.609,37.768,104.492,-8172.727,M,sensor,0,,,,,,,
2026-06-11T15:43:52.441Z,REAL,MANUAL,0.0,0.0,0.0,0.0,0.0,237.725,37.768,104.492,-8172.727,M,sensor,0,,,,,,,
2026-06-11T15:43:52.541Z,REAL,MANUAL,0.0,0.0,0.0,0.0,0.0,237.633,37.768,104.492,-8172.727,M,sensor,0,,,,,,,
2026-06-11T15:43:52.641Z,REAL,MANUAL,0.0,0.0,0.0,0.0,0.0,237.6,37.768,104.492,-8172.727,M,sensor,0,,,,,,,
2026-06-11T15:43:52.741Z,REAL,MANUAL,0.0,0.0,0.0,0.0,0.0,237.514,37.768,104.492,-8172.727,M,sensor,0,,,,,,,
2026-06-11T15:43:52.841Z,REAL,MANUAL,0.0,0.0,0.0,0.0,0.0,237.484,37.768,104.492,-8172.727,M,sensor,0,,,,,,,
2026-06-11T15:43:52.941Z,REAL,MANUAL,0.0,0.0,0.0,0.0,0.0,237.647,37.768,104.492,-8172.727,M,sensor,0,,,,,,,
2026-06-11T15:43:53.041Z,REAL,MANUAL,0.0,0.0,0.0,0.0,0.0,237.683,37.768,104.492,-8172.727,M,sensor,0,,,,,,,
2026-06-11T15:43:53.141Z,REAL,MANUAL,0.0,0.0,0.0,0.0,0.0,237.454,37.768,104.177,-8172.727,M,sensor,0,,,,,,,
2026-06-11T15:43:53.241Z,REAL,MANUAL,0.0,0.0,0.0,0.0,0.0,237.459,37.768,104.177,-8172.727,M,sensor,0,,,,,,,
2026-06-11T15:43:53.341Z,REAL,MANUAL,0.0,0.0,0.0,0.0,0.0,237.624,37.768,104.177,-8172.727,M,sensor,0,,,,,,,
2026-06-11T15:43:53.441Z,REAL,MANUAL,0.0,0.0,0.0,0.0,0.0,237.551,37.768,104.492,-8172.727,M,sensor,0,,,,,,,
2026-06-11T15:43:53.541Z,REAL,MANUAL,0.0,0.0,0.0,0.0,0.0,237.592,37.768,104.177,-8172.727,M,sensor,0,,,,,,,
2026-06-11T15:43:53.641Z,REAL,MANUAL,0.0,0.0,0.0,0.0,0.0,237.329,37.768,104.177,-8172.727,M,sensor,0,,,,,,,
2026-06-11T15:43:53.741Z,REAL,MANUAL,0.0,0.0,0.0,0.0,0.0,238.029,37.768,104.177,-8172.727,M,sensor,0,,,,,,,
2026-06-11T15:43:53.841Z,REAL,MANUAL,0.0,0.0,0.0,0.0,0.0,237.734,37.768,104.177,-8172.727,M,sensor,0,,,,,,,
2026-06-11T15:43:53.941Z,REAL,MANUAL,0.0,0.0,0.0,0.0,0.0,237.554,37.768,104.492,-8172.727,M,sensor,0,,,,,,,
2026-06-11T15:43:54.041Z,REAL,MANUAL,0.0,0.0,0.0,0.0,0.0,237.803,37.768,104.492,-8172.727,M,sensor,0,,,,,,,
2026-06-11T15:43:54.141Z,REAL,MANUAL,0.0,0.0,0.0,0.0,0.0,237.768,37.768,104.177,-8172.727,M,sensor,0,,,,,,,
2026-06-11T15:43:54.241Z,REAL,MANUAL,0.0,0.0,0.0,0.0,0.0,237.474,37.768,104.177,-8172.727,M,sensor,0,,,,,,,
2026-06-11T15:43:54.341Z,REAL,MANUAL,0.0,0.0,0.0,0.0,0.0,237.407,37.768,104.177,-8172.727,M,sensor,0,,,,,,,
2026-06-11T15:43:54.441Z,REAL,MANUAL,0.0,0.0,0.0,0.0,0.0,237.738,37.768,104.177,-8172.727,M,sensor,0,,,,,,,
2026-06-11T15:43:54.541Z,REAL,MANUAL,0.0,0.0,0.0,0.0,0.0,237.792,37.768,104.177,-8172.727,M,sensor,0,,,,,,,
2026-06-11T15:43:54.642Z,REAL,MANUAL,0.0,0.0,0.0,0.0,0.0,237.79,37.768,104.177,-8172.727,M,sensor,0,,,,,,,
2026-06-11T15:43:54.741Z,REAL,MANUAL,0.0,0.0,0.0,0.0,0.0,237.754,37.453,104.177,-8172.727,M,sensor,0,,,,,,,
2026-06-11T15:43:54.841Z,REAL,MANUAL,0.0,0.0,0.0,0.0,0.0,237.709,37.453,104.177,-8172.727,M,sensor,0,,,,,,,
2026-06-11T15:43:54.941Z,REAL,MANUAL,0.0,0.0,0.0,0.0,0.0,237.552,37.453,104.492,-8172.727,M,sensor,0,,,,,,,
2026-06-11T15:43:55.041Z,REAL,MANUAL,0.0,0.0,0.0,0.0,0.0,237.678,37.453,104.492,-8172.727,M,sensor,0,,,,,,,
2026-06-11T15:43:55.142Z,REAL,MANUAL,0.0,0.0,0.0,0.0,0.0,237.659,37.453,104.492,-8172.727,M,sensor,0,,,,,,,
2026-06-11T15:43:55.241Z,REAL,MANUAL,0.0,0.0,0.0,0.0,0.0,237.745,37.453,104.492,-8172.727,M,sensor,0,,,,,,,
2026-06-11T15:43:55.342Z,REAL,MANUAL,0.0,0.0,0.0,0.0,0.0,237.84,37.453,104.492,-8172.727,M,sensor,0,,,,,,,
2026-06-11T15:43:55.441Z,REAL,MANUAL,0.0,0.0,0.0,0.0,0.0,237.897,37.453,104.492,-8172.727,M,sensor,0,,,,,,,
2026-06-11T15:43:55.541Z,REAL,MANUAL,0.0,0.0,0.0,0.0,0.0,237.978,37.453,104.492,-8172.727,M,sensor,0,,,,,,,
2026-06-11T15:43:55.641Z,REAL,MANUAL,0.0,0.0,0.0,0.0,0.0,237.946,37.453,104.492,-8172.727,M,sensor,0,,,,,,,
2026-06-11T15:43:55.741Z,REAL,MANUAL,0.0,0.0,0.0,0.0,0.0,237.817,37.453,104.492,-8172.727,M,sensor,0,,,,,,,
2026-06-11T15:43:55.841Z,REAL,MANUAL,0.0,0.0,0.0,0.0,0.0,237.93,37.453,104.492,-8172.727,M,sensor,0,,,,,,,
2026-06-11T15:43:55.942Z,REAL,MANUAL,0.0,0.0,0.0,0.0,0.0,237.738,37.768,104.492,-8172.727,M,sensor,0,,,,,,,
2026-06-11T15:43:56.041Z,REAL,MANUAL,0.0,0.0,0.0,0.0,0.0,237.665,37.768,104.492,-8172.727,M,sensor,0,,,,,,,
2026-06-11T15:43:56.141Z,REAL,MANUAL,0.0,0.0,0.0,0.0,0.0,237.851,37.768,104.492,-8172.727,M,sensor,0,,,,,,,
2026-06-11T15:43:56.242Z,REAL,MANUAL,0.0,0.0,0.0,0.0,0.0,237.736,37.768,104.492,-8172.727,M,sensor,0,,,,,,,
2026-06-11T15:43:56.341Z,REAL,MANUAL,0.0,0.0,0.0,0.0,0.0,237.69,37.768,104.492,-8172.727,M,sensor,0,,,,,,,
2026-06-11T15:43:56.441Z,REAL,MANUAL,0.0,0.0,0.0,0.0,0.0,237.905,37.768,104.492,-8172.727,M,sensor,0,,,,,,,
2026-06-11T15:43:56.541Z,REAL,MANUAL,0.0,0.0,0.0,0.0,0.0,237.678,37.768,104.492,-8172.727,M,sensor,0,,,,,,,
2026-06-11T15:43:56.641Z,REAL,MANUAL,0.0,0.0,0.0,0.0,0.0,237.502,37.768,104.177,-8172.727,M,sensor,0,,,,,,,
2026-06-11T15:43:56.741Z,REAL,MANUAL,0.0,0.0,0.0,0.0,0.0,237.714,37.768,104.177,-8172.727,M,sensor,0,,,,,,,
2026-06-11T15:43:56.841Z,REAL,MANUAL,0.0,0.0,0.0,0.0,0.0,237.687,37.768,104.177,-8172.727,M,sensor,0,,,,,,,
2026-06-11T15:43:56.941Z,REAL,MANUAL,0.0,0.0,0.0,0.0,0.0,237.645,37.768,104.177,-8172.727,M,sensor,0,,,,,,,
2026-06-11T15:43:57.041Z,REAL,MANUAL,0.0,0.0,0.0,0.0,0.0,237.659,37.768,104.177,-8172.727,M,sensor,0,,,,,,,
2026-06-11T15:43:57.141Z,REAL,MANUAL,0.0,0.0,0.0,0.0,0.0,237.509,37.768,104.177,-8172.727,M,sensor,0,,,,,,,
2026-06-11T15:43:57.241Z,REAL,MANUAL,0.0,0.0,0.0,0.0,0.0,237.642,37.768,104.177,-8172.727,M,sensor,0,,,,,,,
2026-06-11T15:43:57.341Z,REAL,MANUAL,0.0,0.0,0.0,0.0,0.0,237.665,37.768,104.177,-8172.727,M,sensor,0,,,,,,,
2026-06-11T15:43:57.441Z,REAL,MANUAL,0.0,0.0,0.0,0.0,0.0,237.783,37.768,104.177,-8172.727,M,sensor,0,,,,,,,
2026-06-11T15:43:57.541Z,REAL,MANUAL,0.0,0.0,0.0,0.0,0.0,237.836,37.768,104.177,-8172.727,M,sensor,0,,,,,,,
2026-06-11T15:43:57.641Z,REAL,MANUAL,0.0,0.0,0.0,0.0,0.0,237.65,37.768,104.177,-8172.727,M,sensor,0,,,,,,,
2026-06-11T15:43:57.741Z,REAL,MANUAL,0.0,0.0,0.0,0.0,0.0,237.525,37.768,104.177,-8172.727,M,sensor,0,,,,,,,
2026-06-11T15:43:57.841Z,REAL,MANUAL,0.0,0.0,0.0,0.0,0.0,237.495,37.768,104.177,-8172.727,M,sensor,0,,,,,,,
2026-06-11T15:43:57.941Z,REAL,MANUAL,0.0,0.0,0.0,0.0,0.0,237.697,37.768,104.177,-8172.727,M,sensor,0,,,,,,,
2026-06-11T15:43:58.041Z,REAL,MANUAL,0.0,0.0,0.0,0.0,0.0,237.238,37.768,104.177,-8172.727,M,sensor,0,,,,,,,
2026-06-11T15:43:58.141Z,REAL,MANUAL,0.0,0.0,0.0,0.0,0.0,237.494,37.768,104.177,-8172.727,M,sensor,0,,,,,,,
2026-06-11T15:43:58.241Z,REAL,MANUAL,0.0,0.0,0.0,0.0,0.0,237.629,37.768,104.177,-8172.727,M,sensor,0,,,,,,,
2026-06-11T15:43:58.341Z,REAL,MANUAL,0.0,0.0,0.0,0.0,0.0,237.658,37.768,104.177,-8172.727,M,sensor,0,,,,,,,
2026-06-11T15:43:58.441Z,REAL,MANUAL,0.0,0.0,0.0,0.0,0.0,237.721,37.768,104.177,-8172.727,M,sensor,0,,,,,,,
2026-06-11T15:43:58.541Z,REAL,MANUAL,0.0,0.0,0.0,0.0,0.0,237.841,37.768,104.177,-8172.727,M,sensor,0,,,,,,,
2026-06-11T15:43:58.641Z,REAL,MANUAL,0.0,0.0,0.0,0.0,0.0,237.765,37.768,104.177,-8172.727,M,sensor,0,,,,,,,
2026-06-11T15:43:58.741Z,REAL,MANUAL,0.0,0.0,0.0,0.0,0.0,237.654,37.768,104.177,-8172.727,M,sensor,0,,,,,,,
2026-06-11T15:43:58.841Z,REAL,MANUAL,0.0,0.0,0.0,0.0,0.0,237.585,37.768,104.177,-8172.727,M,sensor,0,,,,,,,
2026-06-11T15:43:58.941Z,REAL,MANUAL,0.0,0.0,0.0,0.0,0.0,237.458,37.768,103.863,-8172.727,M,sensor,0,,,,,,,
2026-06-11T15:43:59.041Z,REAL,MANUAL,0.0,0.0,0.0,0.0,0.0,237.601,37.768,103.863,-8172.727,M,sensor,0,,,,,,,
2026-06-11T15:43:59.141Z,REAL,MANUAL,0.0,0.0,0.0,0.0,0.0,237.662,37.768,103.863,-8172.727,M,sensor,0,,,,,,,
2026-06-11T15:43:59.241Z,REAL,MANUAL,0.0,0.0,0.0,0.0,0.0,237.603,37.768,103.863,-8172.727,M,sensor,0,,,,,,,
2026-06-11T15:43:59.341Z,REAL,MANUAL,0.0,0.0,0.0,0.0,0.0,237.534,37.768,103.863,-8172.727,M,sensor,0,,,,,,,
2026-06-11T15:43:59.441Z,REAL,MANUAL,0.0,0.0,0.0,0.0,0.0,237.579,37.768,103.863,-8172.727,M,sensor,0,,,,,,,
2026-06-11T15:43:59.541Z,REAL,MANUAL,0.0,0.0,0.0,0.0,0.0,237.541,37.768,103.863,-8172.727,M,sensor,0,,,,,,,
2026-06-11T15:43:59.642Z,REAL,MANUAL,0.0,0.0,0.0,0.0,0.0,237.551,37.768,103.863,-8172.727,M,sensor,0,,,,,,,
2026-06-11T15:43:59.741Z,REAL,MANUAL,0.0,0.0,0.0,0.0,0.0,237.592,37.768,103.863,-8172.727,M,sensor,0,,,,,,,
2026-06-11T15:43:59.841Z,REAL,MANUAL,0.0,0.0,0.0,0.0,0.0,237.453,37.768,103.863,-8172.727,M,sensor,0,,,,,,,
2026-06-11T15:43:59.941Z,REAL,MANUAL,0.0,0.0,0.0,0.0,0.0,237.641,37.768,103.863,-8172.727,M,sensor,0,,,,,,,
2026-06-11T15:44:00.041Z,REAL,MANUAL,0.0,0.0,0.0,0.0,0.0,237.648,37.768,103.863,-8172.727,M,sensor,0,,,,,,,
2026-06-11T15:44:00.141Z,REAL,MANUAL,0.0,0.0,0.0,0.0,0.0,237.779,37.768,103.863,-8172.727,M,sensor,0,,,,,,,
2026-06-11T15:44:00.241Z,REAL,MANUAL,0.0,0.0,0.0,0.0,0.0,237.578,37.768,103.863,-8172.727,M,sensor,0,,,,,,,
2026-06-11T15:44:00.341Z,REAL,MANUAL,0.0,0.0,0.0,0.0,0.0,237.581,37.768,103.863,-8172.727,M,sensor,0,,,,,,,
2026-06-11T15:44:00.441Z,REAL,MANUAL,0.0,0.0,0.0,0.0,0.0,237.554,37.768,103.863,-8172.727,M,sensor,0,,,,,,,
2026-06-11T15:44:00.541Z,REAL,MANUAL,0.0,0.0,0.0,0.0,0.0,237.833,37.768,103.863,-8172.727,M,sensor,0,,,,,,,
2026-06-11T15:44:00.641Z,REAL,MANUAL,0.0,0.0,0.0,0.0,0.0,237.523,37.768,103.863,-8172.727,M,sensor,0,,,,,,,
2026-06-11T15:44:00.741Z,REAL,MANUAL,0.0,0.0,0.0,0.0,0.0,237.61,37.768,104.177,-8172.727,M,sensor,0,,,,,,,
2026-06-11T15:44:00.841Z,REAL,MANUAL,0.0,0.0,0.0,0.0,0.0,237.567,37.768,104.177,-8172.727,M,sensor,0,,,,,,,
2026-06-11T15:44:00.941Z,REAL,MANUAL,0.0,0.0,0.0,0.0,0.0,237.638,37.768,104.177,-8172.727,M,sensor,0,,,,,,,
2026-06-11T15:44:01.041Z,REAL,MANUAL,0.0,0.0,0.0,0.0,0.0,237.405,37.453,104.177,-8172.727,M,sensor,0,,,,,,,
2026-06-11T15:44:01.141Z,REAL,MANUAL,0.0,0.0,0.0,0.0,0.0,237.753,37.453,104.177,-8172.727,M,sensor,0,,,,,,,
2026-06-11T15:44:01.241Z,REAL,MANUAL,0.0,0.0,0.0,0.0,0.0,237.533,37.453,104.177,-8172.727,M,sensor,0,,,,,,,
2026-06-11T15:44:01.341Z,REAL,MANUAL,0.0,0.0,0.0,0.0,0.0,237.677,37.453,104.177,-8172.727,M,sensor,0,,,,,,,
2026-06-11T15:44:01.441Z,REAL,MANUAL,0.0,0.0,0.0,0.0,0.0,237.51,37.453,104.177,-8172.727,M,sensor,0,,,,,,,
2026-06-11T15:44:01.541Z,REAL,MANUAL,0.0,0.0,0.0,0.0,0.0,237.437,37.453,104.177,-8172.727,M,sensor,0,,,,,,,
2026-06-11T15:44:01.641Z,REAL,MANUAL,0.0,0.0,0.0,0.0,0.0,237.563,37.453,104.177,-8172.727,M,sensor,0,,,,,,,
2026-06-11T15:44:01.741Z,REAL,MANUAL,0.0,0.0,0.0,0.0,0.0,237.654,37.453,104.177,-8172.727,M,sensor,0,,,,,,,
2026-06-11T15:44:01.841Z,REAL,MANUAL,0.0,0.0,0.0,0.0,0.0,237.534,37.453,104.177,-8172.727,M,sensor,0,,,,,,,
2026-06-11T15:44:01.941Z,REAL,MANUAL,0.0,0.0,0.0,0.0,0.0,237.51,37.453,104.177,-8172.727,M,sensor,0,,,,,,,
2026-06-11T15:44:02.041Z,REAL,MANUAL,0.0,0.0,0.0,0.0,0.0,237.313,37.453,104.177,-8172.727,M,sensor,0,,,,,,,
2026-06-11T15:44:02.141Z,REAL,MANUAL,0.0,0.0,0.0,0.0,0.0,237.778,37.453,104.177,-8172.727,M,sensor,0,,,,,,,
2026-06-11T15:44:02.241Z,REAL,MANUAL,0.0,0.0,0.0,0.0,0.0,237.697,37.453,104.177,-8172.727,M,sensor,0,,,,,,,
2026-06-11T15:44:02.341Z,REAL,MANUAL,0.0,0.0,0.0,0.0,0.0,237.546,37.453,104.177,-8172.727,M,sensor,0,,,,,,,
2026-06-11T15:44:02.441Z,REAL,MANUAL,0.0,0.0,0.0,0.0,0.0,237.537,37.453,104.177,-8172.727,M,sensor,0,,,,,,,
2026-06-11T15:44:02.541Z,REAL,MANUAL,0.0,0.0,0.0,0.0,0.0,237.519,37.453,104.177,-8172.727,M,sensor,0,,,,,,,
2026-06-11T15:44:02.641Z,REAL,MANUAL,0.0,0.0,0.0,0.0,0.0,237.449,37.453,104.177,-8172.727,M,sensor,0,,,,,,,
2026-06-11T15:44:02.741Z,REAL,MANUAL,0.0,0.0,0.0,0.0,0.0,237.511,37.453,104.177,-8172.727,M,sensor,0,,,,,,,
2026-06-11T15:44:02.841Z,REAL,MANUAL,0.0,0.0,0.0,0.0,0.0,237.718,37.453,104.177,-8172.727,M,sensor,0,,,,,,,
2026-06-11T15:44:02.941Z,REAL,MANUAL,0.0,0.0,0.0,0.0,0.0,237.438,37.453,104.177,-8172.727,M,sensor,0,,,,,,,
2026-06-11T15:44:03.041Z,REAL,MANUAL,0.0,0.0,0.0,0.0,0.0,237.596,37.453,104.177,-8172.727,M,sensor,0,,,,,,,
2026-06-11T15:44:03.141Z,REAL,MANUAL,0.0,0.0,0.0,0.0,0.0,237.57,37.453,104.177,-8172.727,M,sensor,0,,,,,,,
2026-06-11T15:44:03.242Z,REAL,MANUAL,0.0,0.0,0.0,0.0,0.0,237.639,37.453,104.177,-8172.727,M,sensor,0,,,,,,,
2026-06-11T15:44:03.341Z,REAL,MANUAL,0.0,0.0,0.0,0.0,0.0,237.595,37.453,104.177,-8172.727,M,sensor,0,,,,,,,
2026-06-11T15:44:03.441Z,REAL,MANUAL,0.0,0.0,0.0,0.0,0.0,237.768,37.453,104.177,-8172.727,M,sensor,0,,,,,,,
2026-06-11T15:44:03.541Z,REAL,MANUAL,0.0,0.0,0.0,0.0,0.0,237.666,37.453,104.177,-8172.727,M,sensor,0,,,,,,,
2026-06-11T15:44:03.641Z,REAL,MANUAL,0.0,0.0,0.0,0.0,0.0,237.354,37.453,104.177,-8172.727,M,sensor,0,,,,,,,
2026-06-11T15:44:03.741Z,REAL,MANUAL,0.0,0.0,0.0,0.0,0.0,237.481,37.453,104.177,-8172.727,M,sensor,0,,,,,,,
2026-06-11T15:44:03.841Z,REAL,MANUAL,0.0,0.0,0.0,0.0,0.0,237.574,37.453,104.177,-8172.727,M,sensor,0,,,,,,,
2026-06-11T15:44:03.941Z,REAL,MANUAL,0.0,0.0,0.0,0.0,0.0,237.547,37.768,104.177,-8172.727,M,sensor,0,,,,,,,
2026-06-11T15:44:04.041Z,REAL,MANUAL,0.0,0.0,0.0,0.0,0.0,237.736,37.768,104.177,-8172.727,M,sensor,0,,,,,,,
2026-06-11T15:44:04.141Z,REAL,MANUAL,0.0,0.0,0.0,0.0,0.0,237.741,37.768,104.177,-8172.727,M,sensor,0,,,,,,,
2026-06-11T15:44:04.243Z,REAL,MANUAL,0.0,0.0,0.0,0.0,0.0,237.617,37.768,104.177,-8172.727,M,sensor,0,,,,,,,
2026-06-11T15:44:04.341Z,REAL,MANUAL,0.0,0.0,0.0,0.0,0.0,237.707,37.768,104.177,-8172.727,M,sensor,0,,,,,,,
2026-06-11T15:44:04.441Z,REAL,MANUAL,0.0,0.0,0.0,0.0,0.0,237.87,37.768,104.177,-8172.727,M,sensor,0,,,,,,,
2026-06-11T15:44:04.541Z,REAL,MANUAL,0.0,0.0,0.0,0.0,0.0,237.822,37.768,104.177,-8172.727,M,sensor,0,,,,,,,
2026-06-11T15:44:04.641Z,REAL,MANUAL,0.0,0.0,0.0,0.0,0.0,237.645,37.768,104.177,-8172.727,M,sensor,0,,,,,,,
2026-06-11T15:44:04.741Z,REAL,MANUAL,0.0,0.0,0.0,0.0,0.0,237.558,37.768,104.177,-8172.727,M,sensor,0,,,,,,,
2026-06-11T15:44:04.841Z,REAL,MANUAL,0.0,0.0,0.0,0.0,0.0,237.612,37.768,104.177,-8172.727,M,sensor,0,,,,,,,
2026-06-11T15:44:04.941Z,REAL,MANUAL,0.0,0.0,0.0,0.0,0.0,237.442,37.768,104.177,-8172.727,M,sensor,0,,,,,,,
2026-06-11T15:44:05.041Z,REAL,MANUAL,0.0,0.0,0.0,0.0,0.0,237.454,37.768,104.177,-8172.727,M,sensor,0,,,,,,,
2026-06-11T15:44:05.141Z,REAL,MANUAL,0.0,0.0,0.0,0.0,0.0,237.328,37.768,104.177,-8172.727,M,sensor,0,,,,,,,
2026-06-11T15:44:05.241Z,REAL,MANUAL,0.0,0.0,0.0,0.0,0.0,237.497,37.768,104.177,-8172.727,M,sensor,0,,,,,,,
2026-06-11T15:44:05.341Z,REAL,MANUAL,0.0,0.0,0.0,0.0,0.0,237.564,37.768,104.177,-8172.727,M,sensor,0,,,,,,,
2026-06-11T15:44:05.441Z,REAL,MANUAL,0.0,0.0,0.0,0.0,0.0,237.567,37.768,104.177,-8172.727,M,sensor,0,,,,,,,
2026-06-11T15:44:05.541Z,REAL,MANUAL,0.0,0.0,0.0,0.0,0.0,237.448,37.768,104.177,-8172.727,M,sensor,0,,,,,,,
2026-06-11T15:44:05.641Z,REAL,MANUAL,0.0,0.0,0.0,0.0,0.0,237.709,37.768,104.177,-8172.727,M,sensor,0,,,,,,,
2026-06-11T15:44:05.741Z,REAL,MANUAL,0.0,0.0,0.0,0.0,0.0,237.528,37.768,104.177,-8172.727,M,sensor,0,,,,,,,
2026-06-11T15:44:05.841Z,REAL,MANUAL,0.0,0.0,0.0,0.0,0.0,237.409,37.768,104.177,-8172.727,M,sensor,0,,,,,,,
2026-06-11T15:44:05.941Z,REAL,MANUAL,0.0,0.0,0.0,0.0,0.0,237.729,37.768,104.177,-8172.727,M,sensor,0,,,,,,,
2026-06-11T15:44:06.041Z,REAL,MANUAL,0.0,0.0,0.0,0.0,0.0,237.584,37.768,104.177,-8172.727,M,sensor,0,,,,,,,
2026-06-11T15:44:06.141Z,REAL,MANUAL,0.0,0.0,0.0,0.0,0.0,237.785,37.453,104.177,-8172.727,M,sensor,0,,,,,,,
2026-06-11T15:44:06.241Z,REAL,MANUAL,0.0,0.0,0.0,0.0,0.0,237.65,37.453,104.177,-8172.727,M,sensor,0,,,,,,,
2026-06-11T15:44:06.341Z,REAL,MANUAL,0.0,0.0,0.0,0.0,0.0,237.585,37.453,104.177,-8172.727,M,sensor,0,,,,,,,
2026-06-11T15:44:06.441Z,REAL,MANUAL,0.0,0.0,0.0,0.0,0.0,237.474,37.453,104.177,-8172.727,M,sensor,0,,,,,,,
2026-06-11T15:44:06.541Z,REAL,MANUAL,0.0,0.0,0.0,0.0,0.0,237.447,37.453,104.177,-8172.727,M,sensor,0,,,,,,,
2026-06-11T15:44:06.641Z,REAL,MANUAL,0.0,0.0,0.0,0.0,0.0,237.539,37.453,104.177,-8172.727,M,sensor,0,,,,,,,
2026-06-11T15:44:06.741Z,REAL,MANUAL,0.0,0.0,0.0,0.0,0.0,237.389,37.453,104.177,-8172.727,M,sensor,0,,,,,,,
2026-06-11T15:44:06.841Z,REAL,MANUAL,0.0,0.0,0.0,0.0,0.0,237.679,37.453,104.177,-8172.727,M,sensor,0,,,,,,,
2026-06-11T15:44:06.941Z,REAL,MANUAL,0.0,0.0,0.0,0.0,0.0,237.635,37.453,104.177,-8172.727,M,sensor,0,,,,,,,
2026-06-11T15:44:07.041Z,REAL,MANUAL,0.0,0.0,0.0,0.0,0.0,237.675,37.453,104.177,-8172.727,M,sensor,0,,,,,,,
2026-06-11T15:44:07.141Z,REAL,MANUAL,0.0,0.0,0.0,0.0,0.0,237.559,37.453,104.177,-8172.727,M,sensor,0,,,,,,,
2026-06-11T15:44:07.241Z,REAL,MANUAL,0.0,0.0,0.0,0.0,0.0,237.694,37.453,104.177,-8172.727,M,sensor,0,,,,,,,
2026-06-11T15:44:07.341Z,REAL,MANUAL,0.0,0.0,0.0,0.0,0.0,237.683,37.453,104.177,-8172.727,M,sensor,0,,,,,,,
2026-06-11T15:44:07.441Z,REAL,MANUAL,0.0,0.0,0.0,0.0,0.0,237.425,37.453,104.177,-8172.727,M,sensor,0,,,,,,,
2026-06-11T15:44:07.541Z,REAL,MANUAL,0.0,0.0,0.0,0.0,0.0,237.499,37.453,104.177,-8172.727,M,sensor,0,,,,,,,
2026-06-11T15:44:07.641Z,REAL,MANUAL,0.0,0.0,0.0,0.0,0.0,237.626,37.453,104.177,-8172.727,M,sensor,0,,,,,,,
2026-06-11T15:44:07.741Z,REAL,MANUAL,0.0,0.0,0.0,0.0,0.0,237.533,37.453,103.863,-8172.727,M,sensor,0,,,,,,,
2026-06-11T15:44:07.841Z,REAL,MANUAL,0.0,0.0,0.0,0.0,0.0,237.653,37.453,103.863,-8172.727,M,sensor,0,,,,,,,
2026-06-11T15:44:07.941Z,REAL,MANUAL,0.0,0.0,0.0,0.0,0.0,237.715,37.453,103.863,-8172.727,M,sensor,0,,,,,,,
2026-06-11T15:44:08.041Z,REAL,MANUAL,0.0,0.0,0.0,0.0,0.0,237.586,37.453,103.863,-8172.727,M,sensor,0,,,,,,,
2026-06-11T15:44:08.141Z,REAL,MANUAL,0.0,0.0,0.0,0.0,0.0,237.549,37.453,103.863,-8172.727,M,sensor,0,,,,,,,
2026-06-11T15:44:08.241Z,REAL,MANUAL,0.0,0.0,0.0,0.0,0.0,237.764,37.453,103.863,-8172.727,M,sensor,0,,,,,,,
2026-06-11T15:44:08.341Z,REAL,MANUAL,0.0,0.0,0.0,0.0,0.0,237.435,37.453,103.863,-8172.727,M,sensor,0,,,,,,,
2026-06-11T15:44:08.441Z,REAL,MANUAL,0.0,0.0,0.0,0.0,0.0,237.608,37.453,103.863,-8172.727,M,sensor,0,,,,,,,
2026-06-11T15:44:08.541Z,REAL,MANUAL,0.0,0.0,0.0,0.0,0.0,237.651,37.453,103.863,-8172.727,M,sensor,0,,,,,,,
2026-06-11T15:44:08.641Z,REAL,MANUAL,0.0,0.0,0.0,0.0,0.0,237.496,37.453,103.863,-8172.727,M,sensor,0,,,,,,,
2026-06-11T15:44:08.741Z,REAL,MANUAL,0.0,0.0,0.0,0.0,0.0,237.569,37.453,103.863,-8172.727,M,sensor,0,,,,,,,
2026-06-11T15:44:08.841Z,REAL,MANUAL,0.0,0.0,0.0,0.0,0.0,237.693,37.453,103.863,-8172.727,M,sensor,0,,,,,,,
2026-06-11T15:44:08.941Z,REAL,MANUAL,0.0,0.0,0.0,0.0,0.0,237.676,37.768,103.863,-8172.727,M,sensor,0,,,,,,,
2026-06-11T15:44:09.041Z,REAL,MANUAL,0.0,0.0,0.0,0.0,0.0,237.62,37.768,103.863,-8172.727,M,sensor,0,,,,,,,
2026-06-11T15:44:09.141Z,REAL,MANUAL,0.0,0.0,0.0,0.0,0.0,237.546,37.768,103.863,-8172.727,M,sensor,0,,,,,,,
2026-06-11T15:44:09.241Z,REAL,MANUAL,0.0,0.0,0.0,0.0,0.0,237.569,37.768,103.863,-8172.727,M,sensor,0,,,,,,,
2026-06-11T15:44:09.341Z,REAL,MANUAL,0.0,0.0,0.0,0.0,0.0,237.535,37.768,103.863,-8172.727,M,sensor,0,,,,,,,
2026-06-11T15:44:09.441Z,REAL,MANUAL,0.0,0.0,0.0,0.0,0.0,237.7,37.768,103.863,-8172.727,M,sensor,0,,,,,,,
2026-06-11T15:44:09.541Z,REAL,MANUAL,0.0,0.0,0.0,0.0,0.0,237.669,37.768,103.863,-8172.727,M,sensor,0,,,,,,,
2026-06-11T15:44:09.641Z,REAL,MANUAL,0.0,0.0,0.0,0.0,0.0,237.621,37.768,103.863,-8172.727,M,sensor,0,,,,,,,
2026-06-11T15:44:09.741Z,REAL,MANUAL,0.0,0.0,0.0,0.0,0.0,237.616,37.768,103.863,-8172.727,M,sensor,0,,,,,,,
2026-06-11T15:44:09.841Z,REAL,MANUAL,0.0,0.0,0.0,0.0,0.0,237.642,37.768,103.863,-8172.727,M,sensor,0,,,,,,,
2026-06-11T15:44:09.941Z,REAL,MANUAL,0.0,0.0,0.0,0.0,0.0,237.478,37.768,103.863,-8172.727,M,sensor,0,,,,,,,
2026-06-11T15:44:10.041Z,REAL,MANUAL,0.0,0.0,0.0,0.0,0.0,237.396,37.768,103.863,-8172.727,M,sensor,0,,,,,,,
2026-06-11T15:44:10.141Z,REAL,MANUAL,0.0,0.0,0.0,0.0,0.0,237.501,37.768,103.863,-8172.727,M,sensor,0,,,,,,,
2026-06-11T15:44:10.241Z,REAL,MANUAL,0.0,0.0,0.0,0.0,0.0,237.585,37.768,103.863,-8172.727,M,sensor,0,,,,,,,
2026-06-11T15:44:10.341Z,REAL,MANUAL,0.0,0.0,0.0,0.0,0.0,237.678,37.768,103.863,-8172.727,M,sensor,0,,,,,,,
2026-06-11T15:44:10.441Z,REAL,MANUAL,0.0,0.0,0.0,0.0,0.0,237.614,37.768,103.863,-8172.727,M,sensor,0,,,,,,,
2026-06-11T15:44:10.541Z,REAL,MANUAL,0.0,0.0,0.0,0.0,0.0,237.62,37.768,103.863,-8172.727,M,sensor,0,,,,,,,
2026-06-11T15:44:10.641Z,REAL,MANUAL,0.0,0.0,0.0,0.0,0.0,237.596,37.768,103.863,-8172.727,M,sensor,0,,,,,,,
2026-06-11T15:44:10.741Z,REAL,MANUAL,0.0,0.0,0.0,0.0,0.0,237.488,37.768,103.863,-8172.727,M,sensor,0,,,,,,,
2026-06-11T15:44:10.841Z,REAL,MANUAL,0.0,0.0,0.0,0.0,0.0,237.524,37.768,103.863,-8172.727,M,sensor,0,,,,,,,
2026-06-11T15:44:10.941Z,REAL,MANUAL,0.0,0.0,0.0,0.0,0.0,237.553,37.768,103.863,-8172.727,M,sensor,0,,,,,,,
2026-06-11T15:44:11.042Z,REAL,MANUAL,0.0,0.0,0.0,0.0,0.0,237.74,37.768,103.863,-8172.727,M,sensor,0,,,,,,,
2026-06-11T15:44:11.141Z,REAL,MANUAL,0.0,0.0,0.0,0.0,0.0,237.71,37.768,103.863,-8172.727,M,sensor,0,,,,,,,
2026-06-11T15:44:11.241Z,REAL,MANUAL,0.0,0.0,0.0,0.0,0.0,237.597,37.768,103.863,-8172.727,M,sensor,0,,,,,,,
2026-06-11T15:44:11.341Z,REAL,MANUAL,0.0,0.0,0.0,0.0,0.0,237.757,37.768,103.863,-8172.727,M,sensor,0,,,,,,,
2026-06-11T15:44:11.441Z,REAL,MANUAL,0.0,0.0,0.0,0.0,0.0,237.749,37.768,103.863,-8172.727,M,sensor,0,,,,,,,
2026-06-11T15:44:11.541Z,REAL,MANUAL,0.0,0.0,0.0,0.0,0.0,237.758,37.768,103.863,-8172.727,M,sensor,0,,,,,,,
2026-06-11T15:44:11.641Z,REAL,MANUAL,0.0,0.0,0.0,0.0,0.0,237.694,37.768,103.863,-8172.727,M,sensor,0,,,,,,,
2026-06-11T15:44:11.741Z,REAL,MANUAL,0.0,0.0,0.0,0.0,0.0,237.825,37.768,103.863,-8172.727,M,sensor,0,,,,,,,
2026-06-11T15:44:11.841Z,REAL,MANUAL,0.0,0.0,0.0,0.0,0.0,237.62,37.768,103.863,-8172.727,M,sensor,0,,,,,,,
2026-06-11T15:44:11.941Z,REAL,MANUAL,0.0,0.0,0.0,0.0,0.0,237.473,37.768,103.863,-8172.727,M,sensor,0,,,,,,,
2026-06-11T15:44:12.041Z,REAL,MANUAL,0.0,0.0,0.0,0.0,0.0,237.655,37.768,103.863,-8172.727,M,sensor,0,,,,,,,
2026-06-11T15:44:12.141Z,REAL,MANUAL,0.0,0.0,0.0,0.0,0.0,237.585,37.768,103.863,-8172.727,M,sensor,0,,,,,,,
2026-06-11T15:44:12.241Z,REAL,MANUAL,0.0,0.0,0.0,0.0,0.0,237.541,37.768,103.863,-8172.727,M,sensor,0,,,,,,,
2026-06-11T15:44:12.341Z,REAL,MANUAL,0.0,0.0,0.0,0.0,0.0,237.385,37.768,103.863,-8172.727,M,sensor,0,,,,,,,
2026-06-11T15:44:12.441Z,REAL,MANUAL,0.0,0.0,0.0,0.0,0.0,237.472,37.768,103.863,-8172.727,M,sensor,0,,,,,,,
2026-06-11T15:44:12.541Z,REAL,MANUAL,0.0,0.0,0.0,0.0,0.0,237.487,37.768,103.863,-8172.727,M,sensor,0,,,,,,,
2026-06-11T15:44:12.641Z,REAL,MANUAL,0.0,0.0,0.0,0.0,0.0,237.876,37.768,103.863,-8172.727,M,sensor,0,,,,,,,
2026-06-11T15:44:12.741Z,REAL,MANUAL,0.0,0.0,0.0,0.0,0.0,237.783,37.768,103.863,-8172.727,M,sensor,0,,,,,,,
2026-06-11T15:44:12.841Z,REAL,MANUAL,0.0,0.0,0.0,0.0,0.0,237.58,37.768,103.863,-8172.727,M,sensor,0,,,,,,,
2026-06-11T15:44:12.941Z,REAL,MANUAL,0.0,0.0,0.0,0.0,0.0,237.505,37.768,103.863,-8172.727,M,sensor,0,,,,,,,
2026-06-11T15:44:13.041Z,REAL,MANUAL,0.0,0.0,0.0,0.0,0.0,237.462,37.768,103.863,-8172.727,M,sensor,0,,,,,,,
2026-06-11T15:44:13.141Z,REAL,MANUAL,0.0,0.0,0.0,0.0,0.0,237.477,37.768,103.863,-8172.727,M,sensor,0,,,,,,,
2026-06-11T15:44:13.241Z,REAL,MANUAL,0.0,0.0,0.0,0.0,0.0,237.577,37.768,103.863,-8172.727,M,sensor,0,,,,,,,
2026-06-11T15:44:13.341Z,REAL,MANUAL,0.0,0.0,0.0,0.0,0.0,237.81,37.768,103.863,-8172.727,M,sensor,0,,,,,,,
2026-06-11T15:44:13.441Z,REAL,MANUAL,0.0,0.0,0.0,0.0,0.0,237.511,37.768,103.863,-8172.727,M,sensor,0,,,,,,,
2026-06-11T15:44:13.541Z,REAL,MANUAL,0.0,0.0,0.0,0.0,0.0,237.651,37.768,103.863,-8172.727,M,sensor,0,,,,,,,
2026-06-11T15:44:13.641Z,REAL,MANUAL,0.0,0.0,0.0,0.0,0.0,237.543,37.768,103.863,-8172.727,M,sensor,0,,,,,,,
2026-06-11T15:44:13.741Z,REAL,MANUAL,0.0,0.0,0.0,0.0,0.0,237.8,37.768,103.863,-8172.727,M,sensor,0,,,,,,,
2026-06-11T15:44:13.842Z,REAL,MANUAL,0.0,0.0,0.0,0.0,0.0,237.613,37.768,103.863,-8172.727,M,sensor,0,,,,,,,
2026-06-11T15:44:13.941Z,REAL,MANUAL,0.0,0.0,0.0,0.0,0.0,237.485,37.768,103.863,-8172.727,M,sensor,0,,,,,,,
