timestamp_utc,Sim/Real Mode,Vehicle Mode,Latitude [deg],Longitude [deg],Altitude [m],Speed [m/s],Course [deg],Heading [deg],Roll [deg],Pitch [deg],Yaw [deg],Heading Status,Source,GNSS Fix Type (sys),Target Heading [deg],Cross-Track Error [m],Heading Error [deg],KP (chainage) [m],Motor Port [%],Motor Starboard [%],Distance to WP [m]
2026-06-11T15:53:13.702Z,,,,,,,,,,,,,,,,,,,,,
2026-06-11T15:53:13.799Z,REAL,MANUAL,,,,,,,,,,,,0,,,,,,,
2026-06-11T15:53:13.899Z,REAL,MANUAL,0.0,0.0,0.0,0.0,0.0,237.67,36.824,103.863,-8172.727,M,sensor,0,,,,,,,
2026-06-11T15:53:13.999Z,REAL,MANUAL,0.0,0.0,0.0,0.0,0.0,237.772,36.824,103.863,-8172.727,M,sensor,0,,,,,,,
2026-06-11T15:53:14.099Z,REAL,MANUAL,0.0,0.0,0.0,0.0,0.0,237.605,36.824,103.863,-8172.727,M,sensor,0,,,,,,,
2026-06-11T15:53:14.199Z,REAL,MANUAL,0.0,0.0,0.0,0.0,0.0,237.708,36.824,103.863,-8172.727,M,sensor,0,,,,,,,
2026-06-11T15:53:14.299Z,REAL,MANUAL,0.0,0.0,0.0,0.0,0.0,237.616,37.139,103.863,-8172.727,M,sensor,0,,,,,,,
2026-06-11T15:53:14.399Z,REAL,MANUAL,0.0,0.0,0.0,0.0,0.0,237.601,37.139,103.863,-8172.727,M,sensor,0,,,,,,,
2026-06-11T15:53:14.499Z,REAL,MANUAL,0.0,0.0,0.0,0.0,0.0,237.484,37.139,103.863,-8172.727,M,sensor,0,,,,,,,
2026-06-11T15:53:14.599Z,REAL,MANUAL,0.0,0.0,0.0,0.0,0.0,237.462,37.139,103.863,-8172.727,M,sensor,0,,,,,,,
2026-06-11T15:53:14.699Z,REAL,MANUAL,0.0,0.0,0.0,0.0,0.0,237.631,37.139,103.863,-8172.727,M,sensor,0,,,,,,,
2026-06-11T15:53:14.799Z,REAL,MANUAL,0.0,0.0,0.0,0.0,0.0,237.574,37.139,103.863,-8172.727,M,sensor,0,,,,,,,
2026-06-11T15:53:14.899Z,REAL,MANUAL,0.0,0.0,0.0,0.0,0.0,237.635,37.139,103.863,-8172.727,M,sensor,0,,,,,,,
2026-06-11T15:53:14.999Z,REAL,MANUAL,0.0,0.0,0.0,0.0,0.0,237.663,37.139,104.177,-8172.727,M,sensor,0,,,,,,,
2026-06-11T15:53:15.099Z,REAL,MANUAL,0.0,0.0,0.0,0.0,0.0,237.6,37.139,104.177,-8172.727,M,sensor,0,,,,,,,
2026-06-11T15:53:15.199Z,REAL,MANUAL,0.0,0.0,0.0,0.0,0.0,237.492,37.139,103.863,-8172.727,M,sensor,0,,,,,,,
2026-06-11T15:53:15.299Z,REAL,MANUAL,0.0,0.0,0.0,0.0,0.0,237.632,37.139,103.863,-8172.727,M,sensor,0,,,,,,,
2026-06-11T15:53:15.399Z,REAL,MANUAL,0.0,0.0,0.0,0.0,0.0,237.499,37.139,103.863,-8172.727,M,sensor,0,,,,,,,
2026-06-11T15:53:15.499Z,REAL,MANUAL,0.0,0.0,0.0,0.0,0.0,237.861,37.139,103.863,-8172.727,M,sensor,0,,,,,,,
2026-06-11T15:53:15.599Z,REAL,MANUAL,0.0,0.0,0.0,0.0,0.0,237.737,37.139,103.863,-8172.727,M,sensor,0,,,,,,,
2026-06-11T15:53:15.699Z,REAL,MANUAL,0.0,0.0,0.0,0.0,0.0,237.674,37.139,103.863,-8172.727,M,sensor,0,,,,,,,
2026-06-11T15:53:15.799Z,REAL,MANUAL,0.0,0.0,0.0,0.0,0.0,237.628,37.139,103.863,-8172.727,M,sensor,0,,,,,,,
2026-06-11T15:53:15.899Z,REAL,MANUAL,0.0,0.0,0.0,0.0,0.0,237.783,37.139,103.863,-8172.727,M,sensor,0,,,,,,,
2026-06-11T15:53:15.999Z,REAL,MANUAL,0.0,0.0,0.0,0.0,0.0,237.662,37.139,103.863,-8172.727,M,sensor,0,,,,,,,
2026-06-11T15:53:16.099Z,REAL,MANUAL,0.0,0.0,0.0,0.0,0.0,237.551,37.139,103.863,-8172.727,M,sensor,0,,,,,,,
2026-06-11T15:53:16.199Z,REAL,MANUAL,0.0,0.0,0.0,0.0,0.0,237.784,37.139,103.863,-8172.727,M,sensor,0,,,,,,,
2026-06-11T15:53:16.299Z,REAL,MANUAL,0.0,0.0,0.0,0.0,0.0,237.601,37.139,103.863,-8172.727,M,sensor,0,,,,,,,
2026-06-11T15:53:16.399Z,REAL,MANUAL,0.0,0.0,0.0,0.0,0.0,237.45,37.139,103.863,-8172.727,M,sensor,0,,,,,,,
2026-06-11T15:53:16.499Z,REAL,MANUAL,0.0,0.0,0.0,0.0,0.0,237.555,37.139,103.863,-8172.727,M,sensor,0,,,,,,,
2026-06-11T15:53:16.599Z,REAL,MANUAL,0.0,0.0,0.0,0.0,0.0,237.707,37.139,103.863,-8172.727,M,sensor,0,,,,,,,
2026-06-11T15:53:16.699Z,REAL,MANUAL,0.0,0.0,0.0,0.0,0.0,237.563,37.139,103.863,-8172.727,M,sensor,0,,,,,,,
2026-06-11T15:53:16.799Z,REAL,MANUAL,0.0,0.0,0.0,0.0,0.0,237.442,37.139,103.863,-8172.727,M,sensor,0,,,,,,,
2026-06-11T15:53:16.899Z,REAL,MANUAL,0.0,0.0,0.0,0.0,0.0,237.469,37.139,103.863,-8172.727,M,sensor,0,,,,,,,
2026-06-11T15:53:16.999Z,REAL,MANUAL,0.0,0.0,0.0,0.0,0.0,237.598,37.139,103.863,-8172.727,M,sensor,0,,,,,,,
2026-06-11T15:53:17.099Z,REAL,MANUAL,0.0,0.0,0.0,0.0,0.0,237.448,36.824,103.863,-8172.727,M,sensor,0,,,,,,,
2026-06-11T15:53:17.199Z,REAL,MANUAL,0.0,0.0,0.0,0.0,0.0,237.636,36.824,103.863,-8172.727,M,sensor,0,,,,,,,
2026-06-11T15:53:17.299Z,REAL,MANUAL,0.0,0.0,0.0,0.0,0.0,237.561,36.824,103.863,-8172.727,M,sensor,0,,,,,,,
2026-06-11T15:53:17.399Z,REAL,MANUAL,0.0,0.0,0.0,0.0,0.0,237.63,36.824,103.863,-8172.727,M,sensor,0,,,,,,,
2026-06-11T15:53:17.499Z,REAL,MANUAL,0.0,0.0,0.0,0.0,0.0,237.81,36.824,103.863,-8172.727,M,sensor,0,,,,,,,
2026-06-11T15:53:17.599Z,REAL,MANUAL,0.0,0.0,0.0,0.0,0.0,237.842,36.824,103.863,-8172.727,M,sensor,0,,,,,,,
2026-06-11T15:53:17.699Z,REAL,MANUAL,0.0,0.0,0.0,0.0,0.0,237.784,36.824,103.863,-8172.727,M,sensor,0,,,,,,,
2026-06-11T15:53:17.799Z,REAL,MANUAL,0.0,0.0,0.0,0.0,0.0,237.759,37.139,103.863,-8172.727,M,sensor,0,,,,,,,
2026-06-11T15:53:17.899Z,REAL,MANUAL,0.0,0.0,0.0,0.0,0.0,237.592,37.139,103.863,-8172.727,M,sensor,0,,,,,,,
2026-06-11T15:53:17.999Z,REAL,MANUAL,0.0,0.0,0.0,0.0,0.0,237.744,37.139,103.863,-8172.727,M,sensor,0,,,,,,,
2026-06-11T15:53:18.099Z,REAL,MANUAL,0.0,0.0,0.0,0.0,0.0,237.628,37.139,103.863,-8172.727,M,sensor,0,,,,,,,
2026-06-11T15:53:18.199Z,REAL,MANUAL,0.0,0.0,0.0,0.0,0.0,237.757,37.139,103.863,-8172.727,M,sensor,0,,,,,,,
2026-06-11T15:53:18.299Z,REAL,MANUAL,0.0,0.0,0.0,0.0,0.0,237.559,37.139,103.863,-8172.727,M,sensor,0,,,,,,,
2026-06-11T15:53:18.399Z,REAL,MANUAL,0.0,0.0,0.0,0.0,0.0,237.773,37.139,103.863,-8172.727,M,sensor,0,,,,,,,
2026-06-11T15:53:18.499Z,REAL,MANUAL,0.0,0.0,0.0,0.0,0.0,237.56,37.139,103.863,-8172.727,M,sensor,0,,,,,,,
2026-06-11T15:53:18.599Z,REAL,MANUAL,0.0,0.0,0.0,0.0,0.0,237.469,37.139,103.863,-8172.727,M,sensor,0,,,,,,,
2026-06-11T15:53:18.699Z,REAL,MANUAL,0.0,0.0,0.0,0.0,0.0,237.364,37.139,103.863,-8172.727,M,sensor,0,,,,,,,
2026-06-11T15:53:18.799Z,REAL,MANUAL,0.0,0.0,0.0,0.0,0.0,237.46,37.139,103.863,-8172.727,M,sensor,0,,,,,,,
2026-06-11T15:53:18.899Z,REAL,MANUAL,0.0,0.0,0.0,0.0,0.0,237.529,37.139,103.863,-8172.727,M,sensor,0,,,,,,,
2026-06-11T15:53:18.999Z,REAL,MANUAL,0.0,0.0,0.0,0.0,0.0,237.554,37.139,103.863,-8172.727,M,sensor,0,,,,,,,
2026-06-11T15:53:19.099Z,REAL,MANUAL,0.0,0.0,0.0,0.0,0.0,237.534,37.139,103.863,-8172.727,M,sensor,0,,,,,,,
2026-06-11T15:53:19.199Z,REAL,MANUAL,0.0,0.0,0.0,0.0,0.0,237.675,37.139,103.863,-8172.727,M,sensor,0,,,,,,,
2026-06-11T15:53:19.299Z,REAL,MANUAL,0.0,0.0,0.0,0.0,0.0,237.573,37.139,103.863,-8172.727,M,sensor,0,,,,,,,
2026-06-11T15:53:19.399Z,REAL,MANUAL,0.0,0.0,0.0,0.0,0.0,237.539,37.139,103.863,-8172.727,M,sensor,0,,,,,,,
2026-06-11T15:53:19.499Z,REAL,MANUAL,0.0,0.0,0.0,0.0,0.0,237.811,37.139,103.863,-8172.727,M,sensor,0,,,,,,,
2026-06-11T15:53:19.599Z,REAL,MANUAL,0.0,0.0,0.0,0.0,0.0,237.875,37.139,103.863,-8172.727,M,sensor,0,,,,,,,
2026-06-11T15:53:19.699Z,REAL,MANUAL,0.0,0.0,0.0,0.0,0.0,237.777,37.139,103.863,-8172.727,M,sensor,0,,,,,,,
2026-06-11T15:53:19.799Z,REAL,MANUAL,0.0,0.0,0.0,0.0,0.0,237.817,37.139,103.863,-8172.727,M,sensor,0,,,,,,,
2026-06-11T15:53:19.899Z,REAL,MANUAL,0.0,0.0,0.0,0.0,0.0,237.631,37.139,103.863,-8172.727,M,sensor,0,,,,,,,
2026-06-11T15:53:19.999Z,REAL,MANUAL,0.0,0.0,0.0,0.0,0.0,237.574,37.139,103.863,-8172.727,M,sensor,0,,,,,,,
2026-06-11T15:53:20.099Z,REAL,MANUAL,0.0,0.0,0.0,0.0,0.0,237.716,37.139,103.863,-8172.727,M,sensor,0,,,,,,,
2026-06-11T15:53:20.199Z,REAL,MANUAL,0.0,0.0,0.0,0.0,0.0,237.702,37.139,103.863,-8172.727,M,sensor,0,,,,,,,
2026-06-11T15:53:20.299Z,REAL,MANUAL,0.0,0.0,0.0,0.0,0.0,237.616,37.139,103.863,-8172.727,M,sensor,0,,,,,,,
2026-06-11T15:53:20.399Z,REAL,MANUAL,0.0,0.0,0.0,0.0,0.0,237.674,37.139,103.863,-8172.727,M,sensor,0,,,,,,,
2026-06-11T15:53:20.499Z,REAL,MANUAL,0.0,0.0,0.0,0.0,0.0,237.646,37.139,103.863,-8172.727,M,sensor,0,,,,,,,
2026-06-11T15:53:20.599Z,REAL,MANUAL,0.0,0.0,0.0,0.0,0.0,237.583,37.139,103.863,-8172.727,M,sensor,0,,,,,,,
2026-06-11T15:53:20.699Z,REAL,MANUAL,0.0,0.0,0.0,0.0,0.0,237.725,37.139,103.863,-8172.727,M,sensor,0,,,,,,,
2026-06-11T15:53:20.799Z,REAL,MANUAL,0.0,0.0,0.0,0.0,0.0,237.438,37.139,103.863,-8172.727,M,sensor,0,,,,,,,
2026-06-11T15:53:20.899Z,REAL,MANUAL,0.0,0.0,0.0,0.0,0.0,237.752,37.139,103.863,-8172.727,M,sensor,0,,,,,,,
2026-06-11T15:53:20.999Z,REAL,MANUAL,0.0,0.0,0.0,0.0,0.0,237.732,37.139,103.863,-8172.727,M,sensor,0,,,,,,,
2026-06-11T15:53:21.099Z,REAL,MANUAL,0.0,0.0,0.0,0.0,0.0,237.496,37.139,103.863,-8172.727,M,sensor,0,,,,,,,
2026-06-11T15:53:21.199Z,REAL,MANUAL,0.0,0.0,0.0,0.0,0.0,237.477,37.139,103.863,-8172.727,M,sensor,0,,,,,,,
2026-06-11T15:53:21.299Z,REAL,MANUAL,0.0,0.0,0.0,0.0,0.0,237.632,37.139,104.177,-8172.727,M,sensor,0,,,,,,,
2026-06-11T15:53:21.399Z,REAL,MANUAL,0.0,0.0,0.0,0.0,0.0,237.823,37.139,104.177,-8172.727,M,sensor,0,,,,,,,
2026-06-11T15:53:21.499Z,REAL,MANUAL,0.0,0.0,0.0,0.0,0.0,237.538,37.139,104.177,-8172.727,M,sensor,0,,,,,,,
2026-06-11T15:53:21.599Z,REAL,MANUAL,0.0,0.0,0.0,0.0,0.0,237.647,37.139,104.177,-8172.727,M,sensor,0,,,,,,,
2026-06-11T15:53:21.699Z,REAL,MANUAL,0.0,0.0,0.0,0.0,0.0,237.771,37.139,104.177,-8172.727,M,sensor,0,,,,,,,
2026-06-11T15:53:21.799Z,REAL,MANUAL,0.0,0.0,0.0,0.0,0.0,237.705,37.139,104.177,-8172.727,M,sensor,0,,,,,,,
2026-06-11T15:53:21.899Z,REAL,MANUAL,0.0,0.0,0.0,0.0,0.0,237.839,37.139,104.177,-8172.727,M,sensor,0,,,,,,,
2026-06-11T15:53:21.999Z,REAL,MANUAL,0.0,0.0,0.0,0.0,0.0,237.766,37.139,104.177,-8172.727,M,sensor,0,,,,,,,
2026-06-11T15:53:22.099Z,REAL,MANUAL,0.0,0.0,0.0,0.0,0.0,237.494,37.139,104.177,-8172.727,M,sensor,0,,,,,,,
2026-06-11T15:53:22.199Z,REAL,MANUAL,0.0,0.0,0.0,0.0,0.0,237.657,37.139,104.177,-8172.727,M,sensor,0,,,,,,,
2026-06-11T15:53:22.299Z,REAL,MANUAL,0.0,0.0,0.0,0.0,0.0,237.69,37.139,104.177,-8172.727,M,sensor,0,,,,,,,
2026-06-11T15:53:22.399Z,REAL,MANUAL,0.0,0.0,0.0,0.0,0.0,237.408,37.139,104.177,-8172.727,M,sensor,0,,,,,,,
2026-06-11T15:53:22.499Z,REAL,MANUAL,0.0,0.0,0.0,0.0,0.0,237.859,37.139,104.177,-8172.727,M,sensor,0,,,,,,,
2026-06-11T15:53:22.599Z,REAL,MANUAL,0.0,0.0,0.0,0.0,0.0,237.694,37.139,104.177,-8172.727,M,sensor,0,,,,,,,
2026-06-11T15:53:22.699Z,REAL,MANUAL,0.0,0.0,0.0,0.0,0.0,237.628,37.139,104.177,-8172.727,M,sensor,0,,,,,,,
2026-06-11T15:53:22.799Z,REAL,MANUAL,0.0,0.0,0.0,0.0,0.0,237.618,37.139,104.177,-8172.727,M,sensor,0,,,,,,,
2026-06-11T15:53:22.899Z,REAL,MANUAL,0.0,0.0,0.0,0.0,0.0,237.781,37.139,104.177,-8172.727,M,sensor,0,,,,,,,
2026-06-11T15:53:22.999Z,REAL,MANUAL,0.0,0.0,0.0,0.0,0.0,237.728,37.139,104.177,-8172.727,M,sensor,0,,,,,,,
2026-06-11T15:53:23.099Z,REAL,MANUAL,0.0,0.0,0.0,0.0,0.0,237.744,37.139,104.177,-8172.727,M,sensor,0,,,,,,,
2026-06-11T15:53:23.199Z,REAL,MANUAL,0.0,0.0,0.0,0.0,0.0,237.771,37.139,104.177,-8172.727,M,sensor,0,,,,,,,
2026-06-11T15:53:23.299Z,REAL,MANUAL,0.0,0.0,0.0,0.0,0.0,237.702,37.139,104.177,-8172.727,M,sensor,0,,,,,,,
2026-06-11T15:53:23.399Z,REAL,MANUAL,0.0,0.0,0.0,0.0,0.0,237.702,37.139,104.177,-8172.727,M,sensor,0,,,,,,,
2026-06-11T15:53:23.499Z,REAL,MANUAL,0.0,0.0,0.0,0.0,0.0,237.697,37.139,104.177,-8172.727,M,sensor,0,,,,,,,
2026-06-11T15:53:23.599Z,REAL,MANUAL,0.0,0.0,0.0,0.0,0.0,237.659,37.139,104.177,-8172.727,M,sensor,0,,,,,,,
2026-06-11T15:53:23.699Z,REAL,MANUAL,0.0,0.0,0.0,0.0,0.0,237.782,37.139,104.177,-8172.727,M,sensor,0,,,,,,,
2026-06-11T15:53:23.799Z,REAL,MANUAL,0.0,0.0,0.0,0.0,0.0,237.742,37.139,104.177,-8172.727,M,sensor,0,,,,,,,
2026-06-11T15:53:23.899Z,REAL,MANUAL,0.0,0.0,0.0,0.0,0.0,237.715,37.139,104.177,-8172.727,M,sensor,0,,,,,,,
2026-06-11T15:53:23.999Z,REAL,MANUAL,0.0,0.0,0.0,0.0,0.0,237.658,37.139,104.177,-8172.727,M,sensor,0,,,,,,,
2026-06-11T15:53:24.099Z,REAL,MANUAL,0.0,0.0,0.0,0.0,0.0,237.728,37.139,104.177,-8172.727,M,sensor,0,,,,,,,
2026-06-11T15:53:24.199Z,REAL,MANUAL,0.0,0.0,0.0,0.0,0.0,237.856,37.139,104.177,-8172.727,M,sensor,0,,,,,,,
2026-06-11T15:53:24.299Z,REAL,MANUAL,0.0,0.0,0.0,0.0,0.0,237.704,37.139,104.177,-8172.727,M,sensor,0,,,,,,,
2026-06-11T15:53:24.399Z,REAL,MANUAL,0.0,0.0,0.0,0.0,0.0,237.639,37.139,104.177,-8172.727,M,sensor,0,,,,,,,
2026-06-11T15:53:24.499Z,REAL,MANUAL,0.0,0.0,0.0,0.0,0.0,237.66,37.139,104.177,-8172.727,M,sensor,0,,,,,,,
2026-06-11T15:53:24.599Z,REAL,MANUAL,0.0,0.0,0.0,0.0,0.0,237.723,37.139,104.177,-8172.727,M,sensor,0,,,,,,,
2026-06-11T15:53:24.699Z,REAL,MANUAL,0.0,0.0,0.0,0.0,0.0,237.825,37.139,104.177,-8172.727,M,sensor,0,,,,,,,
2026-06-11T15:53:24.799Z,REAL,MANUAL,0.0,0.0,0.0,0.0,0.0,237.657,37.139,104.177,-8172.727,M,sensor,0,,,,,,,
2026-06-11T15:53:24.899Z,REAL,MANUAL,0.0,0.0,0.0,0.0,0.0,237.683,37.139,104.177,-8172.727,M,sensor,0,,,,,,,
2026-06-11T15:53:24.999Z,REAL,MANUAL,0.0,0.0,0.0,0.0,0.0,237.537,37.139,104.177,-8172.727,M,sensor,0,,,,,,,
2026-06-11T15:53:25.099Z,REAL,MANUAL,0.0,0.0,0.0,0.0,0.0,237.669,37.139,104.177,-8172.727,M,sensor,0,,,,,,,
2026-06-11T15:53:25.199Z,REAL,MANUAL,0.0,0.0,0.0,0.0,0.0,237.573,37.139,104.177,-8172.727,M,sensor,0,,,,,,,
2026-06-11T15:53:25.299Z,REAL,MANUAL,0.0,0.0,0.0,0.0,0.0,237.598,37.139,104.177,-8172.727,M,sensor,0,,,,,,,
2026-06-11T15:53:25.399Z,REAL,MANUAL,0.0,0.0,0.0,0.0,0.0,237.702,37.139,104.177,-8172.727,M,sensor,0,,,,,,,
2026-06-11T15:53:25.499Z,REAL,MANUAL,0.0,0.0,0.0,0.0,0.0,237.702,37.139,104.177,-8172.727,M,sensor,0,,,,,,,
2026-06-11T15:53:25.599Z,REAL,MANUAL,0.0,0.0,0.0,0.0,0.0,237.706,37.139,104.177,-8172.727,M,sensor,0,,,,,,,
2026-06-11T15:53:25.699Z,REAL,MANUAL,0.0,0.0,0.0,0.0,0.0,237.643,37.139,104.177,-8172.727,M,sensor,0,,,,,,,
2026-06-11T15:53:25.799Z,REAL,MANUAL,0.0,0.0,0.0,0.0,0.0,237.713,37.139,104.177,-8172.727,M,sensor,0,,,,,,,
2026-06-11T15:53:25.899Z,REAL,MANUAL,0.0,0.0,0.0,0.0,0.0,237.763,37.139,104.177,-8172.727,M,sensor,0,,,,,,,
2026-06-11T15:53:25.999Z,REAL,MANUAL,0.0,0.0,0.0,0.0,0.0,237.718,37.139,104.177,-8172.727,M,sensor,0,,,,,,,
2026-06-11T15:53:26.099Z,REAL,MANUAL,0.0,0.0,0.0,0.0,0.0,237.474,37.139,104.177,-8172.727,M,sensor,0,,,,,,,
2026-06-11T15:53:26.199Z,REAL,MANUAL,0.0,0.0,0.0,0.0,0.0,237.385,37.139,104.177,-8172.727,M,sensor,0,,,,,,,
2026-06-11T15:53:26.299Z,REAL,MANUAL,0.0,0.0,0.0,0.0,0.0,237.608,37.139,104.177,-8172.727,M,sensor,0,,,,,,,
2026-06-11T15:53:26.399Z,REAL,MANUAL,0.0,0.0,0.0,0.0,0.0,237.531,37.139,104.177,-8172.727,M,sensor,0,,,,,,,
2026-06-11T15:53:26.499Z,REAL,MANUAL,0.0,0.0,0.0,0.0,0.0,237.62,37.139,104.177,-8172.727,M,sensor,0,,,,,,,
2026-06-11T15:53:26.599Z,REAL,MANUAL,0.0,0.0,0.0,0.0,0.0,237.579,37.139,104.177,-8172.727,M,sensor,0,,,,,,,
2026-06-11T15:53:26.699Z,REAL,MANUAL,0.0,0.0,0.0,0.0,0.0,237.663,37.139,104.177,-8172.727,M,sensor,0,,,,,,,
2026-06-11T15:53:26.799Z,REAL,MANUAL,0.0,0.0,0.0,0.0,0.0,237.647,37.139,104.177,-8172.727,M,sensor,0,,,,,,,
2026-06-11T15:53:26.899Z,REAL,MANUAL,0.0,0.0,0.0,0.0,0.0,237.664,37.139,104.177,-8172.727,M,sensor,0,,,,,,,
2026-06-11T15:53:26.999Z,REAL,MANUAL,0.0,0.0,0.0,0.0,0.0,237.482,37.139,104.177,-8172.727,M,sensor,0,,,,,,,
2026-06-11T15:53:27.099Z,REAL,MANUAL,0.0,0.0,0.0,0.0,0.0,237.596,37.139,104.177,-8172.727,M,sensor,0,,,,,,,
2026-06-11T15:53:27.199Z,REAL,MANUAL,0.0,0.0,0.0,0.0,0.0,237.617,36.824,104.177,-8172.727,M,sensor,0,,,,,,,
2026-06-11T15:53:27.299Z,REAL,MANUAL,0.0,0.0,0.0,0.0,0.0,237.672,37.139,104.177,-8172.727,M,sensor,0,,,,,,,
2026-06-11T15:53:27.399Z,REAL,MANUAL,0.0,0.0,0.0,0.0,0.0,237.762,37.139,104.177,-8172.727,M,sensor,0,,,,,,,
2026-06-11T15:53:27.499Z,REAL,MANUAL,0.0,0.0,0.0,0.0,0.0,237.529,37.139,104.177,-8172.727,M,sensor,0,,,,,,,
2026-06-11T15:53:27.599Z,REAL,MANUAL,0.0,0.0,0.0,0.0,0.0,237.686,37.139,104.177,-8172.727,M,sensor,0,,,,,,,
2026-06-11T15:53:27.699Z,REAL,MANUAL,0.0,0.0,0.0,0.0,0.0,237.453,37.139,104.177,-8172.727,M,sensor,0,,,,,,,
2026-06-11T15:53:27.799Z,REAL,MANUAL,0.0,0.0,0.0,0.0,0.0,237.693,37.139,104.177,-8172.727,M,sensor,0,,,,,,,
2026-06-11T15:53:27.899Z,REAL,MANUAL,0.0,0.0,0.0,0.0,0.0,237.842,37.139,104.177,-8172.727,M,sensor,0,,,,,,,
2026-06-11T15:53:27.999Z,REAL,MANUAL,0.0,0.0,0.0,0.0,0.0,237.66,37.139,104.177,-8172.727,M,sensor,0,,,,,,,
2026-06-11T15:53:28.099Z,REAL,MANUAL,0.0,0.0,0.0,0.0,0.0,237.663,37.139,104.177,-8172.727,M,sensor,0,,,,,,,
2026-06-11T15:53:28.199Z,REAL,MANUAL,0.0,0.0,0.0,0.0,0.0,237.569,37.139,104.177,-8172.727,M,sensor,0,,,,,,,
2026-06-11T15:53:28.299Z,REAL,MANUAL,0.0,0.0,0.0,0.0,0.0,237.562,37.139,104.177,-8172.727,M,sensor,0,,,,,,,
2026-06-11T15:53:28.399Z,REAL,MANUAL,0.0,0.0,0.0,0.0,0.0,237.813,37.139,104.177,-8172.727,M,sensor,0,,,,,,,
2026-06-11T15:53:28.499Z,REAL,MANUAL,0.0,0.0,0.0,0.0,0.0,237.665,37.139,104.177,-8172.727,M,sensor,0,,,,,,,
2026-06-11T15:53:28.599Z,REAL,MANUAL,0.0,0.0,0.0,0.0,0.0,237.851,37.139,104.177,-8172.727,M,sensor,0,,,,,,,
2026-06-11T15:53:28.699Z,REAL,MANUAL,0.0,0.0,0.0,0.0,0.0,237.639,37.139,104.177,-8172.727,M,sensor,0,,,,,,,
2026-06-11T15:53:28.799Z,REAL,MANUAL,0.0,0.0,0.0,0.0,0.0,237.647,37.139,104.177,-8172.727,M,sensor,0,,,,,,,
2026-06-11T15:53:28.899Z,REAL,MANUAL,0.0,0.0,0.0,0.0,0.0,237.765,37.139,104.177,-8172.727,M,sensor,0,,,,,,,
2026-06-11T15:53:28.999Z,REAL,MANUAL,0.0,0.0,0.0,0.0,0.0,237.713,37.139,104.177,-8172.727,M,sensor,0,,,,,,,
2026-06-11T15:53:29.099Z,REAL,MANUAL,0.0,0.0,0.0,0.0,0.0,237.674,37.139,104.177,-8172.727,M,sensor,0,,,,,,,
2026-06-11T15:53:29.199Z,REAL,MANUAL,0.0,0.0,0.0,0.0,0.0,237.606,37.139,104.177,-8172.727,M,sensor,0,,,,,,,
2026-06-11T15:53:29.299Z,REAL,MANUAL,0.0,0.0,0.0,0.0,0.0,237.536,37.139,104.177,-8172.727,M,sensor,0,,,,,,,
2026-06-11T15:53:29.399Z,REAL,MANUAL,0.0,0.0,0.0,0.0,0.0,237.588,37.139,104.177,-8172.727,M,sensor,0,,,,,,,
2026-06-11T15:53:29.499Z,REAL,MANUAL,0.0,0.0,0.0,0.0,0.0,237.713,37.139,104.177,-8172.727,M,sensor,0,,,,,,,
2026-06-11T15:53:29.599Z,REAL,MANUAL,0.0,0.0,0.0,0.0,0.0,237.62,37.139,104.177,-8172.727,M,sensor,0,,,,,,,
2026-06-11T15:53:29.699Z,REAL,MANUAL,0.0,0.0,0.0,0.0,0.0,237.728,37.139,104.177,-8172.727,M,sensor,0,,,,,,,
2026-06-11T15:53:29.799Z,REAL,MANUAL,0.0,0.0,0.0,0.0,0.0,237.847,37.139,104.177,-8172.727,M,sensor,0,,,,,,,
2026-06-11T15:53:29.899Z,REAL,MANUAL,0.0,0.0,0.0,0.0,0.0,237.565,37.139,104.177,-8172.727,M,sensor,0,,,,,,,
2026-06-11T15:53:29.999Z,REAL,MANUAL,0.0,0.0,0.0,0.0,0.0,237.673,37.139,104.177,-8172.727,M,sensor,0,,,,,,,
2026-06-11T15:53:30.099Z,REAL,MANUAL,0.0,0.0,0.0,0.0,0.0,237.756,37.139,104.177,-8172.727,M,sensor,0,,,,,,,
2026-06-11T15:53:30.199Z,REAL,MANUAL,0.0,0.0,0.0,0.0,0.0,237.744,37.139,104.177,-8172.727,M,sensor,0,,,,,,,
2026-06-11T15:53:30.299Z,REAL,MANUAL,0.0,0.0,0.0,0.0,0.0,237.473,37.139,104.177,-8172.727,M,sensor,0,,,,,,,
2026-06-11T15:53:30.399Z,REAL,MANUAL,0.0,0.0,0.0,0.0,0.0,237.542,37.139,104.177,-8172.727,M,sensor,0,,,,,,,
2026-06-11T15:53:30.499Z,REAL,MANUAL,0.0,0.0,0.0,0.0,0.0,237.596,37.139,104.177,-8172.727,M,sensor,0,,,,,,,
2026-06-11T15:53:30.599Z,REAL,MANUAL,0.0,0.0,0.0,0.0,0.0,237.722,37.139,104.177,-8172.727,M,sensor,0,,,,,,,
2026-06-11T15:53:30.699Z,REAL,MANUAL,0.0,0.0,0.0,0.0,0.0,237.721,37.139,104.177,-8172.727,M,sensor,0,,,,,,,
2026-06-11T15:53:30.799Z,REAL,MANUAL,0.0,0.0,0.0,0.0,0.0,237.592,37.139,104.177,-8172.727,M,sensor,0,,,,,,,
2026-06-11T15:53:30.899Z,REAL,MANUAL,0.0,0.0,0.0,0.0,0.0,237.527,37.139,104.177,-8172.727,M,sensor,0,,,,,,,
2026-06-11T15:53:30.999Z,REAL,MANUAL,0.0,0.0,0.0,0.0,0.0,237.923,37.139,104.177,-8172.727,M,sensor,0,,,,,,,
2026-06-11T15:53:31.099Z,REAL,MANUAL,0.0,0.0,0.0,0.0,0.0,237.71,37.139,104.177,-8172.727,M,sensor,0,,,,,,,
2026-06-11T15:53:31.199Z,REAL,MANUAL,0.0,0.0,0.0,0.0,0.0,237.639,37.139,104.177,-8172.727,M,sensor,0,,,,,,,
2026-06-11T15:53:31.299Z,REAL,MANUAL,0.0,0.0,0.0,0.0,0.0,237.522,37.139,104.177,-8172.727,M,sensor,0,,,,,,,
2026-06-11T15:53:31.399Z,REAL,MANUAL,0.0,0.0,0.0,0.0,0.0,237.448,37.139,104.177,-8172.727,M,sensor,0,,,,,,,
2026-06-11T15:53:31.499Z,REAL,MANUAL,0.0,0.0,0.0,0.0,0.0,237.717,37.139,104.177,-8172.727,M,sensor,0,,,,,,,
2026-06-11T15:53:31.599Z,REAL,MANUAL,0.0,0.0,0.0,0.0,0.0,237.474,37.139,104.177,-8172.727,M,sensor,0,,,,,,,
2026-06-11T15:53:31.699Z,REAL,MANUAL,0.0,0.0,0.0,0.0,0.0,237.619,37.139,104.177,-8172.727,M,sensor,0,,,,,,,
2026-06-11T15:53:31.799Z,REAL,MANUAL,0.0,0.0,0.0,0.0,0.0,237.452,37.139,104.177,-8172.727,M,sensor,0,,,,,,,
2026-06-11T15:53:31.899Z,REAL,MANUAL,0.0,0.0,0.0,0.0,0.0,237.497,37.139,104.177,-8172.727,M,sensor,0,,,,,,,
2026-06-11T15:53:31.999Z,REAL,MANUAL,0.0,0.0,0.0,0.0,0.0,237.666,37.139,104.177,-8172.727,M,sensor,0,,,,,,,
2026-06-11T15:53:32.099Z,REAL,MANUAL,0.0,0.0,0.0,0.0,0.0,237.619,37.139,104.177,-8172.727,M,sensor,0,,,,,,,
2026-06-11T15:53:32.199Z,REAL,MANUAL,0.0,0.0,0.0,0.0,0.0,237.593,37.139,104.177,-8172.727,M,sensor,0,,,,,,,
2026-06-11T15:53:32.299Z,REAL,MANUAL,0.0,0.0,0.0,0.0,0.0,237.855,37.139,103.863,-8172.727,M,sensor,0,,,,,,,
2026-06-11T15:53:32.399Z,REAL,MANUAL,0.0,0.0,0.0,0.0,0.0,237.814,37.139,104.177,-8172.727,M,sensor,0,,,,,,,
2026-06-11T15:53:32.499Z,REAL,MANUAL,0.0,0.0,0.0,0.0,0.0,237.55,37.139,104.177,-8172.727,M,sensor,0,,,,,,,
2026-06-11T15:53:32.599Z,REAL,MANUAL,0.0,0.0,0.0,0.0,0.0,237.758,37.139,104.177,-8172.727,M,sensor,0,,,,,,,
2026-06-11T15:53:32.699Z,REAL,MANUAL,0.0,0.0,0.0,0.0,0.0,237.56,37.139,104.177,-8172.727,M,sensor,0,,,,,,,
2026-06-11T15:53:32.799Z,REAL,MANUAL,0.0,0.0,0.0,0.0,0.0,237.621,37.139,103.863,-8172.727,M,sensor,0,,,,,,,
2026-06-11T15:53:32.899Z,REAL,MANUAL,0.0,0.0,0.0,0.0,0.0,237.573,37.139,103.863,-8172.727,M,sensor,0,,,,,,,
2026-06-11T15:53:32.999Z,REAL,MANUAL,0.0,0.0,0.0,0.0,0.0,237.622,37.139,103.863,-8172.727,M,sensor,0,,,,,,,
2026-06-11T15:53:33.099Z,REAL,MANUAL,0.0,0.0,0.0,0.0,0.0,237.791,37.139,103.863,-8172.727,M,sensor,0,,,,,,,
2026-06-11T15:53:33.199Z,REAL,MANUAL,0.0,0.0,0.0,0.0,0.0,237.702,37.139,103.863,-8172.727,M,sensor,0,,,,,,,
2026-06-11T15:53:33.299Z,REAL,MANUAL,0.0,0.0,0.0,0.0,0.0,237.716,37.139,103.863,-8172.727,M,sensor,0,,,,,,,
2026-06-11T15:53:33.399Z,REAL,MANUAL,0.0,0.0,0.0,0.0,0.0,237.728,37.139,103.863,-8172.727,M,sensor,0,,,,,,,
2026-06-11T15:53:33.499Z,REAL,MANUAL,0.0,0.0,0.0,0.0,0.0,237.459,37.139,103.863,-8172.727,M,sensor,0,,,,,,,
2026-06-11T15:53:33.599Z,REAL,MANUAL,0.0,0.0,0.0,0.0,0.0,237.718,36.824,103.863,-8172.727,M,sensor,0,,,,,,,
2026-06-11T15:53:33.699Z,REAL,MANUAL,0.0,0.0,0.0,0.0,0.0,237.593,36.824,103.863,-8172.727,M,sensor,0,,,,,,,
2026-06-11T15:53:33.799Z,REAL,MANUAL,0.0,0.0,0.0,0.0,0.0,237.711,36.824,103.863,-8172.727,M,sensor,0,,,,,,,
2026-06-11T15:53:33.899Z,REAL,MANUAL,0.0,0.0,0.0,0.0,0.0,237.702,36.824,103.863,-8172.727,M,sensor,0,,,,,,,
2026-06-11T15:53:33.999Z,REAL,MANUAL,0.0,0.0,0.0,0.0,0.0,237.61,37.139,103.863,-8172.727,M,sensor,0,,,,,,,
2026-06-11T15:53:34.099Z,REAL,MANUAL,0.0,0.0,0.0,0.0,0.0,237.929,37.139,103.863,-8172.727,M,sensor,0,,,,,,,
2026-06-11T15:53:34.199Z,REAL,MANUAL,0.0,0.0,0.0,0.0,0.0,237.615,37.139,103.863,-8172.727,M,sensor,0,,,,,,,
2026-06-11T15:53:34.299Z,REAL,MANUAL,0.0,0.0,0.0,0.0,0.0,237.838,37.139,103.863,-8172.727,M,sensor,0,,,,,,,
2026-06-11T15:53:34.399Z,REAL,MANUAL,0.0,0.0,0.0,0.0,0.0,237.604,37.139,103.863,-8172.727,M,sensor,0,,,,,,,
2026-06-11T15:53:34.499Z,REAL,MANUAL,0.0,0.0,0.0,0.0,0.0,237.695,37.139,103.863,-8172.727,M,sensor,0,,,,,,,
2026-06-11T15:53:34.599Z,REAL,MANUAL,0.0,0.0,0.0,0.0,0.0,237.594,37.139,104.177,-8172.727,M,sensor,0,,,,,,,
2026-06-11T15:53:34.699Z,REAL,MANUAL,0.0,0.0,0.0,0.0,0.0,237.685,37.139,104.177,-8172.727,M,sensor,0,,,,,,,
2026-06-11T15:53:34.799Z,REAL,MANUAL,0.0,0.0,0.0,0.0,0.0,237.835,37.139,104.177,-8172.727,M,sensor,0,,,,,,,
2026-06-11T15:53:34.899Z,REAL,MANUAL,0.0,0.0,0.0,0.0,0.0,237.707,37.139,104.177,-8172.727,M,sensor,0,,,,,,,
2026-06-11T15:53:34.999Z,REAL,MANUAL,0.0,0.0,0.0,0.0,0.0,237.79,37.139,104.177,-8172.727,M,sensor,0,,,,,,,
2026-06-11T15:53:35.099Z,REAL,MANUAL,0.0,0.0,0.0,0.0,0.0,237.668,37.139,104.177,-8172.727,M,sensor,0,,,,,,,
2026-06-11T15:53:35.199Z,REAL,MANUAL,0.0,0.0,0.0,0.0,0.0,237.521,37.139,104.177,-8172.727,M,sensor,0,,,,,,,
2026-06-11T15:53:35.299Z,REAL,MANUAL,0.0,0.0,0.0,0.0,0.0,237.494,37.139,104.177,-8172.727,M,sensor,0,,,,,,,
2026-06-11T15:53:35.399Z,REAL,MANUAL,0.0,0.0,0.0,0.0,0.0,237.424,37.139,104.177,-8172.727,M,sensor,0,,,,,,,
2026-06-11T15:53:35.499Z,REAL,MANUAL,0.0,0.0,0.0,0.0,0.0,237.459,37.139,104.177,-8172.727,M,sensor,0,,,,,,,
2026-06-11T15:53:35.599Z,REAL,MANUAL,0.0,0.0,0.0,0.0,0.0,237.605,37.139,104.177,-8172.727,M,sensor,0,,,,,,,
2026-06-11T15:53:35.699Z,REAL,MANUAL,0.0,0.0,0.0,0.0,0.0,237.657,37.139,104.177,-8172.727,M,sensor,0,,,,,,,
2026-06-11T15:53:35.799Z,REAL,MANUAL,0.0,0.0,0.0,0.0,0.0,237.847,37.139,104.177,-8172.727,M,sensor,0,,,,,,,
2026-06-11T15:53:35.899Z,REAL,MANUAL,0.0,0.0,0.0,0.0,0.0,237.678,37.139,104.177,-8172.727,M,sensor,0,,,,,,,
2026-06-11T15:53:35.999Z,REAL,MANUAL,0.0,0.0,0.0,0.0,0.0,237.981,37.139,103.863,-8172.727,M,sensor,0,,,,,,,
2026-06-11T15:53:36.099Z,REAL,MANUAL,0.0,0.0,0.0,0.0,0.0,237.666,37.139,103.863,-8172.727,M,sensor,0,,,,,,,
2026-06-11T15:53:36.199Z,REAL,MANUAL,0.0,0.0,0.0,0.0,0.0,237.559,37.139,103.863,-8172.727,M,sensor,0,,,,,,,
2026-06-11T15:53:36.299Z,REAL,MANUAL,0.0,0.0,0.0,0.0,0.0,237.823,37.139,103.863,-8172.727,M,sensor,0,,,,,,,
2026-06-11T15:53:36.399Z,REAL,MANUAL,0.0,0.0,0.0,0.0,0.0,237.499,37.139,103.863,-8172.727,M,sensor,0,,,,,,,
2026-06-11T15:53:36.499Z,REAL,MANUAL,0.0,0.0,0.0,0.0,0.0,237.481,37.139,103.863,-8172.727,M,sensor,0,,,,,,,
2026-06-11T15:53:36.599Z,REAL,MANUAL,0.0,0.0,0.0,0.0,0.0,237.71,37.139,103.863,-8172.727,M,sensor,0,,,,,,,
2026-06-11T15:53:36.699Z,REAL,MANUAL,0.0,0.0,0.0,0.0,0.0,237.681,37.139,103.863,-8172.727,M,sensor,0,,,,,,,
2026-06-11T15:53:36.799Z,REAL,MANUAL,0.0,0.0,0.0,0.0,0.0,237.548,37.139,103.863,-8172.727,M,sensor,0,,,,,,,
2026-06-11T15:53:36.899Z,REAL,MANUAL,0.0,0.0,0.0,0.0,0.0,237.674,37.139,103.863,-8172.727,M,sensor,0,,,,,,,
2026-06-11T15:53:36.999Z,REAL,MANUAL,0.0,0.0,0.0,0.0,0.0,237.73,37.139,103.863,-8172.727,M,sensor,0,,,,,,,
2026-06-11T15:53:37.099Z,REAL,MANUAL,0.0,0.0,0.0,0.0,0.0,237.605,37.139,103.863,-8172.727,M,sensor,0,,,,,,,
2026-06-11T15:53:37.199Z,REAL,MANUAL,0.0,0.0,0.0,0.0,0.0,237.473,37.139,103.863,-8172.727,M,sensor,0,,,,,,,
2026-06-11T15:53:37.299Z,REAL,MANUAL,0.0,0.0,0.0,0.0,0.0,237.61,37.139,103.863,-8172.727,M,sensor,0,,,,,,,
2026-06-11T15:53:37.399Z,REAL,MANUAL,0.0,0.0,0.0,0.0,0.0,237.518,37.139,103.863,-8172.727,M,sensor,0,,,,,,,
2026-06-11T15:53:37.499Z,REAL,MANUAL,0.0,0.0,0.0,0.0,0.0,237.401,37.139,103.863,-8172.727,M,sensor,0,,,,,,,
2026-06-11T15:53:37.599Z,REAL,MANUAL,0.0,0.0,0.0,0.0,0.0,237.466,37.139,103.863,-8172.727,M,sensor,0,,,,,,,
2026-06-11T15:53:37.699Z,REAL,MANUAL,0.0,0.0,0.0,0.0,0.0,237.207,37.139,103.863,-8172.727,M,sensor,0,,,,,,,
2026-06-11T15:53:37.799Z,REAL,MANUAL,0.0,0.0,0.0,0.0,0.0,237.293,37.139,103.863,-8172.727,M,sensor,0,,,,,,,
2026-06-11T15:53:37.899Z,REAL,MANUAL,0.0,0.0,0.0,0.0,0.0,237.366,37.139,103.863,-8172.727,M,sensor,0,,,,,,,
2026-06-11T15:53:37.999Z,REAL,MANUAL,0.0,0.0,0.0,0.0,0.0,237.392,37.139,103.863,-8172.727,M,sensor,0,,,,,,,
2026-06-11T15:53:38.099Z,REAL,MANUAL,0.0,0.0,0.0,0.0,0.0,237.394,37.139,103.863,-8172.727,M,sensor,0,,,,,,,
2026-06-11T15:53:38.199Z,REAL,MANUAL,0.0,0.0,0.0,0.0,0.0,237.615,37.139,103.863,-8172.727,M,sensor,0,,,,,,,
2026-06-11T15:53:38.299Z,REAL,MANUAL,0.0,0.0,0.0,0.0,0.0,237.447,37.139,103.863,-8172.727,M,sensor,0,,,,,,,
2026-06-11T15:53:38.399Z,REAL,MANUAL,0.0,0.0,0.0,0.0,0.0,237.396,37.139,103.863,-8172.727,M,sensor,0,,,,,,,
2026-06-11T15:53:38.499Z,REAL,MANUAL,0.0,0.0,0.0,0.0,0.0,237.545,37.139,103.863,-8172.727,M,sensor,0,,,,,,,
2026-06-11T15:53:38.599Z,REAL,MANUAL,0.0,0.0,0.0,0.0,0.0,237.444,37.139,103.863,-8172.727,M,sensor,0,,,,,,,
2026-06-11T15:53:38.699Z,REAL,MANUAL,0.0,0.0,0.0,0.0,0.0,237.187,37.139,103.863,-8172.727,M,sensor,0,,,,,,,
2026-06-11T15:53:38.799Z,REAL,MANUAL,0.0,0.0,0.0,0.0,0.0,237.179,37.139,103.863,-8172.727,M,sensor,0,,,,,,,
2026-06-11T15:53:38.899Z,REAL,MANUAL,0.0,0.0,0.0,0.0,0.0,237.323,37.139,103.863,-8172.727,M,sensor,0,,,,,,,
2026-06-11T15:53:38.999Z,REAL,MANUAL,0.0,0.0,0.0,0.0,0.0,237.37,37.139,103.863,-8172.727,M,sensor,0,,,,,,,
2026-06-11T15:53:39.099Z,REAL,MANUAL,0.0,0.0,0.0,0.0,0.0,237.398,37.139,103.863,-8172.727,M,sensor,0,,,,,,,
2026-06-11T15:53:39.199Z,REAL,MANUAL,0.0,0.0,0.0,0.0,0.0,237.393,36.824,103.863,-8172.727,M,sensor,0,,,,,,,
2026-06-11T15:53:39.299Z,REAL,MANUAL,0.0,0.0,0.0,0.0,0.0,237.407,36.824,104.177,-8172.727,M,sensor,0,,,,,,,
2026-06-11T15:53:39.399Z,REAL,MANUAL,0.0,0.0,0.0,0.0,0.0,237.357,36.824,104.177,-8172.727,M,sensor,0,,,,,,,
2026-06-11T15:53:39.499Z,REAL,MANUAL,0.0,0.0,0.0,0.0,0.0,237.571,36.824,104.177,-8172.727,M,sensor,0,,,,,,,
2026-06-11T15:53:39.599Z,REAL,MANUAL,0.0,0.0,0.0,0.0,0.0,237.241,36.824,104.177,-8172.727,M,sensor,0,,,,,,,
2026-06-11T15:53:39.699Z,REAL,MANUAL,0.0,0.0,0.0,0.0,0.0,237.365,36.824,104.177,-8172.727,M,sensor,0,,,,,,,
2026-06-11T15:53:39.799Z,REAL,MANUAL,0.0,0.0,0.0,0.0,0.0,237.224,36.824,104.177,-8172.727,M,sensor,0,,,,,,,
2026-06-11T15:53:39.899Z,REAL,MANUAL,0.0,0.0,0.0,0.0,0.0,237.556,36.824,104.177,-8172.727,M,sensor,0,,,,,,,
2026-06-11T15:53:39.999Z,REAL,MANUAL,0.0,0.0,0.0,0.0,0.0,237.519,36.824,104.177,-8172.727,M,sensor,0,,,,,,,
2026-06-11T15:53:40.099Z,REAL,MANUAL,0.0,0.0,0.0,0.0,0.0,237.451,36.824,104.177,-8172.727,M,sensor,0,,,,,,,
2026-06-11T15:53:40.199Z,REAL,MANUAL,0.0,0.0,0.0,0.0,0.0,237.478,36.824,104.177,-8172.727,M,sensor,0,,,,,,,
2026-06-11T15:53:40.299Z,REAL,MANUAL,0.0,0.0,0.0,0.0,0.0,237.319,36.824,104.177,-8172.727,M,sensor,0,,,,,,,
2026-06-11T15:53:40.399Z,REAL,MANUAL,0.0,0.0,0.0,0.0,0.0,237.63,36.824,104.177,-8172.727,M,sensor,0,,,,,,,
2026-06-11T15:53:40.499Z,REAL,MANUAL,0.0,0.0,0.0,0.0,0.0,237.434,36.824,104.177,-8172.727,M,sensor,0,,,,,,,
2026-06-11T15:53:40.599Z,REAL,MANUAL,0.0,0.0,0.0,0.0,0.0,237.495,36.824,104.177,-8172.727,M,sensor,0,,,,,,,
2026-06-11T15:53:40.699Z,REAL,MANUAL,0.0,0.0,0.0,0.0,0.0,237.536,36.824,104.177,-8172.727,M,sensor,0,,,,,,,
2026-06-11T15:53:40.799Z,REAL,MANUAL,0.0,0.0,0.0,0.0,0.0,237.39,36.824,104.177,-8172.727,M,sensor,0,,,,,,,
2026-06-11T15:53:40.899Z,REAL,MANUAL,0.0,0.0,0.0,0.0,0.0,237.365,36.824,104.177,-8172.727,M,sensor,0,,,,,,,
2026-06-11T15:53:40.999Z,REAL,MANUAL,0.0,0.0,0.0,0.0,0.0,237.28,36.824,104.177,-8172.727,M,sensor,0,,,,,,,
2026-06-11T15:53:41.099Z,REAL,MANUAL,0.0,0.0,0.0,0.0,0.0,237.323,36.824,104.177,-8172.727,M,sensor,0,,,,,,,
2026-06-11T15:53:41.199Z,REAL,MANUAL,0.0,0.0,0.0,0.0,0.0,237.452,36.824,104.177,-8172.727,M,sensor,0,,,,,,,
2026-06-11T15:53:41.299Z,REAL,MANUAL,0.0,0.0,0.0,0.0,0.0,237.432,37.139,104.177,-8172.727,M,sensor,0,,,,,,,
2026-06-11T15:53:41.399Z,REAL,MANUAL,0.0,0.0,0.0,0.0,0.0,237.43,37.139,104.177,-8172.727,M,sensor,0,,,,,,,
2026-06-11T15:53:41.499Z,REAL,MANUAL,0.0,0.0,0.0,0.0,0.0,237.603,37.139,104.177,-8172.727,M,sensor,0,,,,,,,
2026-06-11T15:53:41.599Z,REAL,MANUAL,0.0,0.0,0.0,0.0,0.0,237.165,36.824,104.177,-8172.727,M,sensor,0,,,,,,,
2026-06-11T15:53:41.699Z,REAL,MANUAL,0.0,0.0,0.0,0.0,0.0,237.374,36.824,104.177,-8172.727,M,sensor,0,,,,,,,
2026-06-11T15:53:41.799Z,REAL,MANUAL,0.0,0.0,0.0,0.0,0.0,237.534,36.824,104.177,-8172.727,M,sensor,0,,,,,,,
2026-06-11T15:53:41.899Z,REAL,MANUAL,0.0,0.0,0.0,0.0,0.0,237.257,36.824,104.177,-8172.727,M,sensor,0,,,,,,,
2026-06-11T15:53:41.999Z,REAL,MANUAL,0.0,0.0,0.0,0.0,0.0,237.673,36.824,104.177,-8172.727,M,sensor,0,,,,,,,
2026-06-11T15:53:42.099Z,REAL,MANUAL,0.0,0.0,0.0,0.0,0.0,237.637,36.824,104.177,-8172.727,M,sensor,0,,,,,,,
2026-06-11T15:53:42.199Z,REAL,MANUAL,0.0,0.0,0.0,0.0,0.0,237.518,36.824,104.177,-8172.727,M,sensor,0,,,,,,,
2026-06-11T15:53:42.299Z,REAL,MANUAL,0.0,0.0,0.0,0.0,0.0,237.293,36.824,104.177,-8172.727,M,sensor,0,,,,,,,
2026-06-11T15:53:42.399Z,REAL,MANUAL,0.0,0.0,0.0,0.0,0.0,237.577,36.824,104.177,-8172.727,M,sensor,0,,,,,,,
2026-06-11T15:53:42.499Z,REAL,MANUAL,0.0,0.0,0.0,0.0,0.0,237.56,36.824,104.177,-8172.727,M,sensor,0,,,,,,,
2026-06-11T15:53:42.599Z,REAL,MANUAL,0.0,0.0,0.0,0.0,0.0,237.3,37.768,103.548,-8179.336,M,sensor,0,,,,,,,
2026-06-11T15:53:42.699Z,REAL,MANUAL,0.0,0.0,0.0,0.0,0.0,237.195,37.453,103.863,-8179.966,M,sensor,0,,,,,,,
2026-06-11T15:53:42.799Z,REAL,MANUAL,0.0,0.0,0.0,0.0,0.0,237.253,36.824,104.177,-8179.966,M,sensor,0,,,,,,,
2026-06-11T15:53:42.899Z,REAL,MANUAL,0.0,0.0,0.0,0.0,0.0,237.38,37.139,104.177,-8183.113,M,sensor,0,,,,,,,
2026-06-11T15:53:42.999Z,REAL,MANUAL,0.0,0.0,0.0,0.0,0.0,237.317,37.139,104.492,-8184.372,M,sensor,0,,,,,,,
2026-06-11T15:53:43.099Z,REAL,MANUAL,0.0,0.0,0.0,0.0,0.0,237.224,36.824,104.492,-8185.631,M,sensor,0,,,,,,,
2026-06-11T15:53:43.199Z,REAL,MANUAL,0.0,0.0,0.0,0.0,0.0,237.08,36.509,104.492,-8185.946,M,sensor,0,,,,,,,
2026-06-11T15:53:43.299Z,REAL,MANUAL,0.0,0.0,0.0,0.0,0.0,237.166,36.509,104.492,-8185.631,M,sensor,0,,,,,,,
2026-06-11T15:53:43.399Z,REAL,MANUAL,0.0,0.0,0.0,0.0,0.0,237.177,36.509,104.492,-8184.687,M,sensor,0,,,,,,,
2026-06-11T15:53:43.499Z,REAL,MANUAL,0.0,0.0,0.0,0.0,0.0,237.156,36.824,104.807,-8183.428,M,sensor,0,,,,,,,
2026-06-11T15:53:43.599Z,REAL,MANUAL,0.0,0.0,0.0,0.0,0.0,237.154,37.768,105.751,-8166.747,M,sensor,0,,,,,,,
2026-06-11T15:53:43.699Z,REAL,MANUAL,0.0,0.0,0.0,0.0,0.0,237.848,41.545,105.436,-8138.421,M,sensor,0,,,,,,,
2026-06-11T15:53:43.799Z,REAL,MANUAL,0.0,0.0,0.0,0.0,0.0,238.046,47.84,105.436,-8108.521,M,sensor,0,,,,,,,
2026-06-11T15:53:43.899Z,REAL,MANUAL,0.0,0.0,0.0,0.0,0.0,238.458,46.896,100.086,-8105.373,M,sensor,0,,,,,,,
2026-06-11T15:53:43.999Z,REAL,MANUAL,0.0,0.0,0.0,0.0,0.0,238.492,48.154,100.715,-8115.445,M,sensor,0,,,,,,,
2026-06-11T15:53:44.099Z,REAL,MANUAL,0.0,0.0,0.0,0.0,0.0,238.887,46.266,97.883,-8130.238,M,sensor,0,,,,,,,
2026-06-11T15:53:44.199Z,REAL,MANUAL,0.0,0.0,0.0,0.0,0.0,238.868,48.784,98.512,-8151.954,M,sensor,0,,,,,,,
2026-06-11T15:53:44.299Z,REAL,MANUAL,0.0,0.0,0.0,0.0,0.0,238.884,53.19,101.345,-8183.428,M,sensor,0,,,,,,,
2026-06-11T15:53:44.399Z,REAL,MANUAL,0.0,0.0,0.0,0.0,0.0,238.354,50.043,100.715,-8206.403,M,sensor,0,,,,,,,
2026-06-11T15:53:44.499Z,REAL,MANUAL,0.0,0.0,0.0,0.0,0.0,238.372,41.23,101.659,-8199.794,M,sensor,0,,,,,,,
2026-06-11T15:53:44.599Z,REAL,MANUAL,0.0,0.0,0.0,0.0,0.0,238.506,33.362,103.863,-8189.722,M,sensor,0,,,,,,,
2026-06-11T15:53:44.699Z,REAL,MANUAL,0.0,0.0,0.0,0.0,0.0,238.601,27.067,103.233,-8197.591,M,sensor,0,,,,,,,
2026-06-11T15:53:44.799Z,REAL,MANUAL,0.0,0.0,0.0,0.0,0.0,238.797,24.864,103.233,-8206.403,M,sensor,0,,,,,,,
2026-06-11T15:53:44.899Z,REAL,MANUAL,0.0,0.0,0.0,0.0,0.0,238.749,24.864,103.548,-8210.18,M,sensor,0,,,,,,,
2026-06-11T15:53:44.999Z,REAL,MANUAL,0.0,0.0,0.0,0.0,0.0,238.49,25.179,103.548,-8213.013,M,sensor,0,,,,,,,
2026-06-11T15:53:45.099Z,REAL,MANUAL,0.0,0.0,0.0,0.0,0.0,238.752,25.494,103.548,-8216.475,M,sensor,0,,,,,,,
2026-06-11T15:53:45.199Z,REAL,MANUAL,0.0,0.0,0.0,0.0,0.0,238.774,26.123,103.548,-8219.622,M,sensor,0,,,,,,,
2026-06-11T15:53:45.299Z,REAL,MANUAL,0.0,0.0,0.0,0.0,0.0,238.765,26.438,103.548,-8222.455,M,sensor,0,,,,,,,
2026-06-11T15:53:45.399Z,REAL,MANUAL,0.0,0.0,0.0,0.0,0.0,238.674,26.752,103.233,-8224.973,M,sensor,0,,,,,,,
2026-06-11T15:53:45.499Z,REAL,MANUAL,0.0,0.0,0.0,0.0,0.0,238.774,27.067,103.548,-8227.491,M,sensor,0,,,,,,,
2026-06-11T15:53:45.599Z,REAL,MANUAL,0.0,0.0,0.0,0.0,0.0,238.881,27.382,103.548,-8230.323,M,sensor,0,,,,,,,
2026-06-11T15:53:45.699Z,REAL,MANUAL,0.0,0.0,0.0,0.0,0.0,238.72,28.011,103.233,-8234.1,M,sensor,0,,,,,,,
2026-06-11T15:53:45.799Z,REAL,MANUAL,0.0,0.0,0.0,0.0,0.0,238.551,28.326,103.233,-8236.303,M,sensor,0,,,,,,,
2026-06-11T15:53:45.899Z,REAL,MANUAL,0.0,0.0,0.0,0.0,0.0,238.613,28.641,103.233,-8238.506,M,sensor,0,,,,,,,
2026-06-11T15:53:45.999Z,REAL,MANUAL,0.0,0.0,0.0,0.0,0.0,238.746,28.956,103.233,-8240.71,M,sensor,0,,,,,,,
2026-06-11T15:53:46.099Z,REAL,MANUAL,0.0,0.0,0.0,0.0,0.0,238.861,28.956,103.233,-8242.598,M,sensor,0,,,,,,,
2026-06-11T15:53:46.199Z,REAL,MANUAL,0.0,0.0,0.0,0.0,0.0,238.745,29.27,102.918,-8244.486,M,sensor,0,,,,,,,
2026-06-11T15:53:46.299Z,REAL,MANUAL,0.0,0.0,0.0,0.0,0.0,238.836,29.27,102.918,-8246.06,M,sensor,0,,,,,,,
2026-06-11T15:53:46.399Z,REAL,MANUAL,0.0,0.0,0.0,0.0,0.0,238.784,29.585,102.918,-8247.634,M,sensor,0,,,,,,,
2026-06-11T15:53:46.499Z,REAL,MANUAL,0.0,0.0,0.0,0.0,0.0,238.671,29.9,102.918,-8249.207,M,sensor,0,,,,,,,
2026-06-11T15:53:46.599Z,REAL,MANUAL,0.0,0.0,0.0,0.0,0.0,238.603,29.9,102.918,-8250.152,M,sensor,0,,,,,,,
2026-06-11T15:53:46.699Z,REAL,MANUAL,0.0,0.0,0.0,0.0,0.0,238.401,30.215,102.604,-8251.411,M,sensor,0,,,,,,,
2026-06-11T15:53:46.799Z,REAL,MANUAL,0.0,0.0,0.0,0.0,0.0,238.662,30.215,102.604,-8252.67,M,sensor,0,,,,,,,
2026-06-11T15:53:46.899Z,REAL,MANUAL,0.0,0.0,0.0,0.0,0.0,238.707,30.529,102.604,-8253.928,M,sensor,0,,,,,,,
2026-06-11T15:53:46.999Z,REAL,MANUAL,0.0,0.0,0.0,0.0,0.0,238.584,30.529,102.604,-8255.187,M,sensor,0,,,,,,,
2026-06-11T15:53:47.099Z,REAL,MANUAL,0.0,0.0,0.0,0.0,0.0,238.707,30.529,102.604,-8256.132,M,sensor,0,,,,,,,
2026-06-11T15:53:47.199Z,REAL,MANUAL,0.0,0.0,0.0,0.0,0.0,238.72,30.844,102.289,-8257.076,M,sensor,0,,,,,,,
2026-06-11T15:53:47.299Z,REAL,MANUAL,0.0,0.0,0.0,0.0,0.0,238.849,30.844,102.289,-8258.335,M,sensor,0,,,,,,,
2026-06-11T15:53:47.399Z,REAL,MANUAL,0.0,0.0,0.0,0.0,0.0,238.71,31.159,102.289,-8258.964,M,sensor,0,,,,,,,
2026-06-11T15:53:47.499Z,REAL,MANUAL,0.0,0.0,0.0,0.0,0.0,238.674,31.159,102.289,-8259.908,M,sensor,0,,,,,,,
2026-06-11T15:53:47.599Z,REAL,MANUAL,0.0,0.0,0.0,0.0,0.0,238.852,31.159,102.289,-8260.853,M,sensor,0,,,,,,,
2026-06-11T15:53:47.699Z,REAL,MANUAL,0.0,0.0,0.0,0.0,0.0,238.604,31.474,102.289,-8261.482,M,sensor,0,,,,,,,
2026-06-11T15:53:47.799Z,REAL,MANUAL,0.0,0.0,0.0,0.0,0.0,238.597,31.474,102.289,-8262.112,M,sensor,0,,,,,,,
2026-06-11T15:53:47.899Z,REAL,MANUAL,0.0,0.0,0.0,0.0,0.0,238.797,31.788,101.974,-8263.056,M,sensor,0,,,,,,,
2026-06-11T15:53:47.999Z,REAL,MANUAL,0.0,0.0,0.0,0.0,0.0,238.749,31.788,101.974,-8263.685,M,sensor,0,,,,,,,
2026-06-11T15:53:48.099Z,REAL,MANUAL,0.0,0.0,0.0,0.0,0.0,238.784,31.788,101.974,-8264.315,M,sensor,0,,,,,,,
2026-06-11T15:53:48.199Z,REAL,MANUAL,0.0,0.0,0.0,0.0,0.0,238.745,32.103,101.974,-8264.629,M,sensor,0,,,,,,,
2026-06-11T15:53:48.299Z,REAL,MANUAL,0.0,0.0,0.0,0.0,0.0,238.548,32.103,101.974,-8265.259,M,sensor,0,,,,,,,
2026-06-11T15:53:48.399Z,REAL,MANUAL,0.0,0.0,0.0,0.0,0.0,238.794,32.103,101.974,-8265.888,M,sensor,0,,,,,,,
2026-06-11T15:53:48.499Z,REAL,MANUAL,0.0,0.0,0.0,0.0,0.0,238.678,32.103,101.974,-8266.203,M,sensor,0,,,,,,,
2026-06-11T15:53:48.599Z,REAL,MANUAL,0.0,0.0,0.0,0.0,0.0,238.803,32.103,101.974,-8266.833,M,sensor,0,,,,,,,
2026-06-11T15:53:48.699Z,REAL,MANUAL,0.0,0.0,0.0,0.0,0.0,238.823,32.418,101.974,-8267.147,M,sensor,0,,,,,,,
2026-06-11T15:53:48.799Z,REAL,MANUAL,0.0,0.0,0.0,0.0,0.0,238.758,32.418,101.659,-8267.462,M,sensor,0,,,,,,,
2026-06-11T15:53:48.899Z,REAL,MANUAL,0.0,0.0,0.0,0.0,0.0,238.967,32.418,101.659,-8267.777,M,sensor,0,,,,,,,
2026-06-11T15:53:48.999Z,REAL,MANUAL,0.0,0.0,0.0,0.0,0.0,239.006,32.418,101.659,-8268.092,M,sensor,0,,,,,,,
2026-06-11T15:53:49.099Z,REAL,MANUAL,0.0,0.0,0.0,0.0,0.0,238.932,32.732,101.974,-8268.721,M,sensor,0,,,,,,,
2026-06-11T15:53:49.199Z,REAL,MANUAL,0.0,0.0,0.0,0.0,0.0,238.716,33.047,101.974,-8269.036,M,sensor,0,,,,,,,
2026-06-11T15:53:49.299Z,REAL,MANUAL,0.0,0.0,0.0,0.0,0.0,238.752,33.362,101.974,-8269.036,M,sensor,0,,,,,,,
2026-06-11T15:53:49.399Z,REAL,MANUAL,0.0,0.0,0.0,0.0,0.0,238.89,34.936,102.289,-8269.35,M,sensor,0,,,,,,,
2026-06-11T15:53:49.499Z,REAL,MANUAL,0.0,0.0,0.0,0.0,0.0,238.613,34.621,101.974,-8269.665,M,sensor,0,,,,,,,
2026-06-11T15:53:49.599Z,REAL,MANUAL,0.0,0.0,0.0,0.0,0.0,238.749,35.25,101.974,-8269.98,M,sensor,0,,,,,,,
2026-06-11T15:53:49.699Z,REAL,MANUAL,0.0,0.0,0.0,0.0,0.0,238.444,34.306,101.03,-8270.295,M,sensor,0,,,,,,,
2026-06-11T15:53:49.799Z,REAL,MANUAL,0.0,0.0,0.0,0.0,0.0,238.971,34.621,100.715,-8270.295,M,sensor,0,,,,,,,
2026-06-11T15:53:49.899Z,REAL,MANUAL,0.0,0.0,0.0,0.0,0.0,238.829,34.621,100.715,-8270.609,M,sensor,0,,,,,,,
2026-06-11T15:53:49.999Z,REAL,MANUAL,0.0,0.0,0.0,0.0,0.0,238.558,37.453,102.604,-8270.609,M,sensor,0,,,,,,,
2026-06-11T15:53:50.099Z,REAL,MANUAL,0.0,0.0,0.0,0.0,0.0,238.564,35.88,101.974,-8269.665,M,sensor,0,,,,,,,
2026-06-11T15:53:50.199Z,REAL,MANUAL,0.0,0.0,0.0,0.0,0.0,238.409,37.139,101.974,-8268.406,M,sensor,0,,,,,,,
2026-06-11T15:53:50.299Z,REAL,MANUAL,0.0,0.0,0.0,0.0,0.0,238.733,37.453,102.289,-8268.092,M,sensor,0,,,,,,,
2026-06-11T15:53:50.399Z,REAL,MANUAL,0.0,0.0,0.0,0.0,0.0,238.81,39.027,107.01,-8268.092,M,sensor,0,,,,,,,
2026-06-11T15:53:50.499Z,REAL,MANUAL,0.0,0.0,0.0,0.0,0.0,238.594,37.453,106.695,-8267.147,M,sensor,0,,,,,,,
2026-06-11T15:53:50.599Z,REAL,MANUAL,0.0,0.0,0.0,0.0,0.0,238.436,34.936,104.807,-8265.888,M,sensor,0,,,,,,,
2026-06-11T15:53:50.699Z,REAL,MANUAL,0.0,0.0,0.0,0.0,0.0,238.488,35.25,105.122,-8264.629,M,sensor,0,,,,,,,
2026-06-11T15:53:50.799Z,REAL,MANUAL,0.0,0.0,0.0,0.0,0.0,238.432,35.25,104.807,-8263.37,M,sensor,0,,,,,,,
2026-06-11T15:53:50.899Z,REAL,MANUAL,0.0,0.0,0.0,0.0,0.0,238.416,35.565,105.122,-8262.426,M,sensor,0,,,,,,,
2026-06-11T15:53:50.999Z,REAL,MANUAL,0.0,0.0,0.0,0.0,0.0,238.449,35.565,104.807,-8261.482,M,sensor,0,,,,,,,
2026-06-11T15:53:51.099Z,REAL,MANUAL,0.0,0.0,0.0,0.0,0.0,238.434,36.824,105.751,-8260.538,M,sensor,0,,,,,,,
2026-06-11T15:53:51.199Z,REAL,MANUAL,0.0,0.0,0.0,0.0,0.0,238.395,35.565,104.807,-8259.594,M,sensor,0,,,,,,,
2026-06-11T15:53:51.299Z,REAL,MANUAL,0.0,0.0,0.0,0.0,0.0,238.474,35.565,104.807,-8258.964,M,sensor,0,,,,,,,
2026-06-11T15:53:51.399Z,REAL,MANUAL,0.0,0.0,0.0,0.0,0.0,238.477,35.565,104.807,-8258.335,M,sensor,0,,,,,,,
2026-06-11T15:53:51.499Z,REAL,MANUAL,0.0,0.0,0.0,0.0,0.0,238.495,35.25,104.807,-8257.705,M,sensor,0,,,,,,,
2026-06-11T15:53:51.599Z,REAL,MANUAL,0.0,0.0,0.0,0.0,0.0,238.492,35.565,105.122,-8257.076,M,sensor,0,,,,,,,
2026-06-11T15:53:51.699Z,REAL,MANUAL,0.0,0.0,0.0,0.0,0.0,238.389,35.25,105.122,-8256.446,M,sensor,0,,,,,,,
2026-06-11T15:53:51.799Z,REAL,MANUAL,0.0,0.0,0.0,0.0,0.0,238.454,35.25,105.122,-8255.502,M,sensor,0,,,,,,,
2026-06-11T15:53:51.899Z,REAL,MANUAL,0.0,0.0,0.0,0.0,0.0,238.678,35.25,104.807,-8254.873,M,sensor,0,,,,,,,
2026-06-11T15:53:51.999Z,REAL,MANUAL,0.0,0.0,0.0,0.0,0.0,238.523,35.25,104.807,-8254.243,M,sensor,0,,,,,,,
2026-06-11T15:53:52.099Z,REAL,MANUAL,0.0,0.0,0.0,0.0,0.0,238.54,35.25,104.807,-8253.614,M,sensor,0,,,,,,,
2026-06-11T15:53:52.199Z,REAL,MANUAL,0.0,0.0,0.0,0.0,0.0,238.717,35.25,104.807,-8252.984,M,sensor,0,,,,,,,
2026-06-11T15:53:52.299Z,REAL,MANUAL,0.0,0.0,0.0,0.0,0.0,238.585,35.25,104.807,-8252.67,M,sensor,0,,,,,,,
2026-06-11T15:53:52.399Z,REAL,MANUAL,0.0,0.0,0.0,0.0,0.0,238.739,35.25,105.122,-8252.04,M,sensor,0,,,,,,,
2026-06-11T15:53:52.499Z,REAL,MANUAL,0.0,0.0,0.0,0.0,0.0,238.63,35.25,105.122,-8251.725,M,sensor,0,,,,,,,
2026-06-11T15:53:52.599Z,REAL,MANUAL,0.0,0.0,0.0,0.0,0.0,238.372,34.621,104.807,-8251.096,M,sensor,0,,,,,,,
2026-06-11T15:53:52.699Z,REAL,MANUAL,0.0,0.0,0.0,0.0,0.0,238.399,35.25,105.122,-8250.781,M,sensor,0,,,,,,,
2026-06-11T15:53:52.799Z,REAL,MANUAL,0.0,0.0,0.0,0.0,0.0,238.302,35.25,105.122,-8250.152,M,sensor,0,,,,,,,
2026-06-11T15:53:52.899Z,REAL,MANUAL,0.0,0.0,0.0,0.0,0.0,238.568,35.25,105.122,-8249.837,M,sensor,0,,,,,,,
2026-06-11T15:53:52.999Z,REAL,MANUAL,0.0,0.0,0.0,0.0,0.0,238.501,35.25,104.807,-8249.522,M,sensor,0,,,,,,,
2026-06-11T15:53:53.099Z,REAL,MANUAL,0.0,0.0,0.0,0.0,0.0,238.604,35.25,104.807,-8249.207,M,sensor,0,,,,,,,
2026-06-11T15:53:53.199Z,REAL,MANUAL,0.0,0.0,0.0,0.0,0.0,238.51,35.25,104.807,-8248.893,M,sensor,0,,,,,,,
2026-06-11T15:53:53.299Z,REAL,MANUAL,0.0,0.0,0.0,0.0,0.0,238.627,35.88,105.122,-8248.578,M,sensor,0,,,,,,,
2026-06-11T15:53:53.399Z,REAL,MANUAL,0.0,0.0,0.0,0.0,0.0,238.458,36.195,105.122,-8248.263,M,sensor,0,,,,,,,
2026-06-11T15:53:53.499Z,REAL,MANUAL,0.0,0.0,0.0,0.0,0.0,238.588,35.565,105.122,-8247.948,M,sensor,0,,,,,,,
2026-06-11T15:53:53.599Z,REAL,MANUAL,0.0,0.0,0.0,0.0,0.0,238.258,35.565,105.436,-8247.948,M,sensor,0,,,,,,,
2026-06-11T15:53:53.699Z,REAL,MANUAL,0.0,0.0,0.0,0.0,0.0,238.375,35.88,105.436,-8247.634,M,sensor,0,,,,,,,
2026-06-11T15:53:53.799Z,REAL,MANUAL,0.0,0.0,0.0,0.0,0.0,238.633,35.88,105.436,-8247.319,M,sensor,0,,,,,,,
2026-06-11T15:53:53.899Z,REAL,MANUAL,0.0,0.0,0.0,0.0,0.0,238.974,35.88,105.751,-8247.004,M,sensor,0,,,,,,,
2026-06-11T15:53:53.999Z,REAL,MANUAL,0.0,0.0,0.0,0.0,0.0,239.175,35.25,105.436,-8247.004,M,sensor,0,,,,,,,
2026-06-11T15:53:54.099Z,REAL,MANUAL,0.0,0.0,0.0,0.0,0.0,238.865,35.88,105.436,-8246.69,M,sensor,0,,,,,,,
2026-06-11T15:53:54.199Z,REAL,MANUAL,0.0,0.0,0.0,0.0,0.0,239.202,35.88,105.751,-8246.69,M,sensor,0,,,,,,,
2026-06-11T15:53:54.299Z,REAL,MANUAL,0.0,0.0,0.0,0.0,0.0,239.223,35.565,105.436,-8246.375,M,sensor,0,,,,,,,
2026-06-11T15:53:54.399Z,REAL,MANUAL,0.0,0.0,0.0,0.0,0.0,239.184,35.565,105.122,-8246.375,M,sensor,0,,,,,,,
2026-06-11T15:53:54.499Z,REAL,MANUAL,0.0,0.0,0.0,0.0,0.0,239.083,36.509,105.751,-8246.06,M,sensor,0,,,,,,,
2026-06-11T15:53:54.599Z,REAL,MANUAL,0.0,0.0,0.0,0.0,0.0,238.907,35.88,105.122,-8246.06,M,sensor,0,,,,,,,
2026-06-11T15:53:54.699Z,REAL,MANUAL,0.0,0.0,0.0,0.0,0.0,238.962,34.936,104.492,-8245.745,M,sensor,0,,,,,,,
2026-06-11T15:53:54.799Z,REAL,MANUAL,0.0,0.0,0.0,0.0,0.0,238.909,35.25,104.492,-8245.745,M,sensor,0,,,,,,,
2026-06-11T15:53:54.899Z,REAL,MANUAL,0.0,0.0,0.0,0.0,0.0,238.826,35.25,104.492,-8245.745,M,sensor,0,,,,,,,
2026-06-11T15:53:54.999Z,REAL,MANUAL,0.0,0.0,0.0,0.0,0.0,238.975,35.25,104.492,-8245.431,M,sensor,0,,,,,,,
2026-06-11T15:53:55.099Z,REAL,MANUAL,0.0,0.0,0.0,0.0,0.0,238.874,34.936,104.492,-8245.431,M,sensor,0,,,,,,,
2026-06-11T15:53:55.199Z,REAL,MANUAL,0.0,0.0,0.0,0.0,0.0,239.1,34.936,104.492,-8245.431,M,sensor,0,,,,,,,
2026-06-11T15:53:55.299Z,REAL,MANUAL,0.0,0.0,0.0,0.0,0.0,239.032,34.936,104.807,-8245.116,M,sensor,0,,,,,,,
2026-06-11T15:53:55.399Z,REAL,MANUAL,0.0,0.0,0.0,0.0,0.0,239.013,34.936,104.807,-8245.116,M,sensor,0,,,,,,,
2026-06-11T15:53:55.499Z,REAL,MANUAL,0.0,0.0,0.0,0.0,0.0,238.942,34.936,104.807,-8245.116,M,sensor,0,,,,,,,
2026-06-11T15:53:55.599Z,REAL,MANUAL,0.0,0.0,0.0,0.0,0.0,238.955,34.936,104.807,-8245.116,M,sensor,0,,,,,,,
2026-06-11T15:53:55.699Z,REAL,MANUAL,0.0,0.0,0.0,0.0,0.0,238.875,34.936,104.807,-8244.801,M,sensor,0,,,,,,,
2026-06-11T15:53:55.799Z,REAL,MANUAL,0.0,0.0,0.0,0.0,0.0,239.192,34.936,105.122,-8244.801,M,sensor,0,,,,,,,
2026-06-11T15:53:55.899Z,REAL,MANUAL,0.0,0.0,0.0,0.0,0.0,238.965,34.936,105.122,-8244.801,M,sensor,0,,,,,,,
2026-06-11T15:53:55.999Z,REAL,MANUAL,0.0,0.0,0.0,0.0,0.0,238.726,39.027,107.01,-8245.431,M,sensor,0,,,,,,,
2026-06-11T15:53:56.099Z,REAL,MANUAL,0.0,0.0,0.0,0.0,0.0,238.771,35.565,105.122,-8246.375,M,sensor,0,,,,,,,
2026-06-11T15:53:56.199Z,REAL,MANUAL,0.0,0.0,0.0,0.0,0.0,238.858,36.195,105.436,-8247.634,M,sensor,0,,,,,,,
2026-06-11T15:53:56.299Z,REAL,MANUAL,0.0,0.0,0.0,0.0,0.0,238.868,35.565,105.436,-8248.893,M,sensor,0,,,,,,,
2026-06-11T15:53:56.399Z,REAL,MANUAL,0.0,0.0,0.0,0.0,0.0,238.958,35.565,105.436,-8250.466,M,sensor,0,,,,,,,
2026-06-11T15:53:56.499Z,REAL,MANUAL,0.0,0.0,0.0,0.0,0.0,238.962,35.88,105.751,-8251.725,M,sensor,0,,,,,,,
2026-06-11T15:53:56.599Z,REAL,MANUAL,0.0,0.0,0.0,0.0,0.0,238.875,36.195,106.066,-8252.67,M,sensor,0,,,,,,,
2026-06-11T15:53:56.699Z,REAL,MANUAL,0.0,0.0,0.0,0.0,0.0,238.913,35.88,105.751,-8259.279,M,sensor,0,,,,,,,
2026-06-11T15:53:56.799Z,REAL,MANUAL,0.0,0.0,0.0,0.0,0.0,238.751,34.936,104.807,-8266.203,M,sensor,0,,,,,,,
2026-06-11T15:53:56.899Z,REAL,MANUAL,0.0,0.0,0.0,0.0,0.0,238.625,35.565,105.751,-8265.574,M,sensor,0,,,,,,,
2026-06-11T15:53:56.999Z,REAL,MANUAL,0.0,0.0,0.0,0.0,0.0,238.855,35.25,106.066,-8265.259,M,sensor,0,,,,,,,
2026-06-11T15:53:57.099Z,REAL,MANUAL,0.0,0.0,0.0,0.0,0.0,238.991,35.565,106.38,-8265.574,M,sensor,0,,,,,,,
2026-06-11T15:53:57.199Z,REAL,MANUAL,0.0,0.0,0.0,0.0,0.0,238.897,34.936,105.751,-8265.574,M,sensor,0,,,,,,,
2026-06-11T15:53:57.299Z,REAL,MANUAL,0.0,0.0,0.0,0.0,0.0,238.966,34.621,105.436,-8266.203,M,sensor,0,,,,,,,
2026-06-11T15:53:57.399Z,REAL,MANUAL,0.0,0.0,0.0,0.0,0.0,238.978,34.936,105.751,-8266.518,M,sensor,0,,,,,,,
2026-06-11T15:53:57.499Z,REAL,MANUAL,0.0,0.0,0.0,0.0,0.0,238.917,33.677,105.122,-8266.833,M,sensor,0,,,,,,,
2026-06-11T15:53:57.599Z,REAL,MANUAL,0.0,0.0,0.0,0.0,0.0,238.949,34.621,105.751,-8266.833,M,sensor,0,,,,,,,
2026-06-11T15:53:57.699Z,REAL,MANUAL,0.0,0.0,0.0,0.0,0.0,238.758,34.936,105.751,-8266.833,M,sensor,0,,,,,,,
2026-06-11T15:53:57.799Z,REAL,MANUAL,0.0,0.0,0.0,0.0,0.0,238.969,31.159,101.345,-8267.147,M,sensor,0,,,,,,,
2026-06-11T15:53:57.899Z,REAL,MANUAL,0.0,0.0,0.0,0.0,0.0,238.881,31.159,100.715,-8267.462,M,sensor,0,,,,,,,
2026-06-11T15:53:57.999Z,REAL,MANUAL,0.0,0.0,0.0,0.0,0.0,238.704,31.159,101.03,-8267.462,M,sensor,0,,,,,,,
2026-06-11T15:53:58.099Z,REAL,MANUAL,0.0,0.0,0.0,0.0,0.0,238.985,33.677,101.345,-8268.092,M,sensor,0,,,,,,,
2026-06-11T15:53:58.199Z,REAL,MANUAL,0.0,0.0,0.0,0.0,0.0,238.43,33.991,97.568,-8267.462,M,sensor,0,,,,,,,
2026-06-11T15:53:58.299Z,REAL,MANUAL,0.0,0.0,0.0,0.0,0.0,238.376,39.971,101.03,-8265.888,M,sensor,0,,,,,,,
2026-06-11T15:53:58.399Z,REAL,MANUAL,0.0,0.0,0.0,0.0,0.0,238.959,37.453,98.827,-8266.518,M,sensor,0,,,,,,,
2026-06-11T15:53:58.499Z,REAL,MANUAL,0.0,0.0,0.0,0.0,0.0,238.91,37.453,98.512,-8267.147,M,sensor,0,,,,,,,
2026-06-11T15:53:58.599Z,REAL,MANUAL,0.0,0.0,0.0,0.0,0.0,239.246,35.25,96.309,-8268.721,M,sensor,0,,,,,,,
2026-06-11T15:53:58.699Z,REAL,MANUAL,0.0,0.0,0.0,0.0,0.0,239.115,31.474,92.847,-8269.036,M,sensor,0,,,,,,,
2026-06-11T15:53:58.799Z,REAL,MANUAL,0.0,0.0,0.0,0.0,0.0,238.829,31.474,92.532,-8269.665,M,sensor,0,,,,,,,
2026-06-11T15:53:58.899Z,REAL,MANUAL,0.0,0.0,0.0,0.0,0.0,237.488,33.991,94.421,-8268.092,M,sensor,0,,,,,,,
2026-06-11T15:53:58.999Z,REAL,MANUAL,0.0,0.0,0.0,0.0,0.0,238.755,33.991,94.735,-8267.147,M,sensor,0,,,,,,,
2026-06-11T15:53:59.099Z,REAL,MANUAL,0.0,0.0,0.0,0.0,0.0,239.007,34.306,95.365,-8267.147,M,sensor,0,,,,,,,
2026-06-11T15:53:59.199Z,REAL,MANUAL,0.0,0.0,0.0,0.0,0.0,239.123,32.418,94.421,-8267.777,M,sensor,0,,,,,,,
2026-06-11T15:53:59.299Z,REAL,MANUAL,0.0,0.0,0.0,0.0,0.0,238.359,31.474,93.791,-8266.518,M,sensor,0,,,,,,,
2026-06-11T15:53:59.399Z,REAL,MANUAL,0.0,0.0,0.0,0.0,0.0,237.521,28.956,90.958,-8262.426,M,sensor,0,,,,,,,
2026-06-11T15:53:59.499Z,REAL,MANUAL,0.0,0.0,0.0,0.0,0.0,238.131,29.585,90.329,-8258.649,M,sensor,0,,,,,,,
2026-06-11T15:53:59.599Z,REAL,MANUAL,0.0,0.0,0.0,0.0,0.0,236.458,29.27,90.014,-8252.355,M,sensor,0,,,,,,,
2026-06-11T15:53:59.699Z,REAL,MANUAL,0.0,0.0,0.0,0.0,0.0,236.743,29.27,90.329,-8245.116,M,sensor,0,,,,,,,
2026-06-11T15:53:59.799Z,REAL,MANUAL,0.0,0.0,0.0,0.0,0.0,236.49,28.326,89.385,-8241.654,M,sensor,0,,,,,,,
2026-06-11T15:53:59.899Z,REAL,MANUAL,0.0,0.0,0.0,0.0,0.0,235.528,28.011,88.441,-8233.785,M,sensor,0,,,,,,,
2026-06-11T15:53:59.999Z,REAL,MANUAL,0.0,0.0,0.0,0.0,0.0,236.227,28.326,87.496,-8229.694,M,sensor,0,,,,,,,
2026-06-11T15:54:00.099Z,REAL,MANUAL,0.0,0.0,0.0,0.0,0.0,235.902,29.9,88.126,-8224.343,M,sensor,0,,,,,,,
2026-06-11T15:54:00.199Z,REAL,MANUAL,0.0,0.0,0.0,0.0,0.0,235.163,30.529,88.441,-8215.845,M,sensor,0,,,,,,,
2026-06-11T15:54:00.299Z,REAL,MANUAL,0.0,0.0,0.0,0.0,0.0,235.884,30.215,88.441,-8211.439,M,sensor,0,,,,,,,
2026-06-11T15:54:00.399Z,REAL,MANUAL,0.0,0.0,0.0,0.0,0.0,236.071,30.529,88.441,-8208.607,M,sensor,0,,,,,,,
2026-06-11T15:54:00.499Z,REAL,MANUAL,0.0,0.0,0.0,0.0,0.0,238.265,30.529,88.441,-8208.607,M,sensor,0,,,,,,,
2026-06-11T15:54:00.599Z,REAL,MANUAL,0.0,0.0,0.0,0.0,0.0,236.562,30.529,88.441,-8206.089,M,sensor,0,,,,,,,
2026-06-11T15:54:00.699Z,REAL,MANUAL,0.0,0.0,0.0,0.0,0.0,235.585,30.529,88.441,-8200.738,M,sensor,0,,,,,,,
2026-06-11T15:54:00.799Z,REAL,MANUAL,0.0,0.0,0.0,0.0,0.0,235.496,30.529,88.441,-8195.073,M,sensor,0,,,,,,,
2026-06-11T15:54:00.899Z,REAL,MANUAL,0.0,0.0,0.0,0.0,0.0,236.707,30.215,88.441,-8193.814,M,sensor,0,,,,,,,
2026-06-11T15:54:00.999Z,REAL,MANUAL,0.0,0.0,0.0,0.0,0.0,236.684,30.215,88.755,-8194.444,M,sensor,0,,,,,,,
2026-06-11T15:54:01.099Z,REAL,MANUAL,0.0,0.0,0.0,0.0,0.0,237.125,30.215,88.755,-8197.591,M,sensor,0,,,,,,,
2026-06-11T15:54:01.199Z,REAL,MANUAL,0.0,0.0,0.0,0.0,0.0,235.583,30.215,88.755,-8199.794,M,sensor,0,,,,,,,
2026-06-11T15:54:01.299Z,REAL,MANUAL,0.0,0.0,0.0,0.0,0.0,236.196,30.215,88.755,-8202.312,M,sensor,0,,,,,,,
2026-06-11T15:54:01.399Z,REAL,MANUAL,0.0,0.0,0.0,0.0,0.0,236.948,29.9,89.07,-8204.2,M,sensor,0,,,,,,,
2026-06-11T15:54:01.499Z,REAL,MANUAL,0.0,0.0,0.0,0.0,0.0,237.368,29.9,89.07,-8206.403,M,sensor,0,,,,,,,
2026-06-11T15:54:01.599Z,REAL,MANUAL,0.0,0.0,0.0,0.0,0.0,236.195,29.9,89.07,-8208.292,M,sensor,0,,,,,,,
2026-06-11T15:54:01.699Z,REAL,MANUAL,0.0,0.0,0.0,0.0,0.0,235.971,29.9,89.07,-8210.18,M,sensor,0,,,,,,,
2026-06-11T15:54:01.799Z,REAL,MANUAL,0.0,0.0,0.0,0.0,0.0,235.576,29.9,89.07,-8211.754,M,sensor,0,,,,,,,
2026-06-11T15:54:01.899Z,REAL,MANUAL,0.0,0.0,0.0,0.0,0.0,235.913,29.9,89.07,-8213.328,M,sensor,0,,,,,,,
2026-06-11T15:54:01.999Z,REAL,MANUAL,0.0,0.0,0.0,0.0,0.0,235.787,29.9,89.385,-8214.901,M,sensor,0,,,,,,,
2026-06-11T15:54:02.099Z,REAL,MANUAL,0.0,0.0,0.0,0.0,0.0,236.177,29.9,89.385,-8216.16,M,sensor,0,,,,,,,
2026-06-11T15:54:02.199Z,REAL,MANUAL,0.0,0.0,0.0,0.0,0.0,238.135,29.585,89.385,-8217.419,M,sensor,0,,,,,,,
2026-06-11T15:54:02.299Z,REAL,MANUAL,0.0,0.0,0.0,0.0,0.0,237.06,29.585,89.385,-8218.678,M,sensor,0,,,,,,,
2026-06-11T15:54:02.399Z,REAL,MANUAL,0.0,0.0,0.0,0.0,0.0,235.699,29.585,89.385,-8219.937,M,sensor,0,,,,,,,
2026-06-11T15:54:02.499Z,REAL,MANUAL,0.0,0.0,0.0,0.0,0.0,236.237,29.585,89.385,-8221.196,M,sensor,0,,,,,,,
2026-06-11T15:54:02.599Z,REAL,MANUAL,0.0,0.0,0.0,0.0,0.0,235.414,29.585,89.385,-8222.14,M,sensor,0,,,,,,,
2026-06-11T15:54:02.699Z,REAL,MANUAL,0.0,0.0,0.0,0.0,0.0,237.989,29.585,89.385,-8223.084,M,sensor,0,,,,,,,
2026-06-11T15:54:02.799Z,REAL,MANUAL,0.0,0.0,0.0,0.0,0.0,236.829,29.585,89.385,-8224.029,M,sensor,0,,,,,,,
2026-06-11T15:54:02.899Z,REAL,MANUAL,0.0,0.0,0.0,0.0,0.0,237.608,29.585,89.385,-8224.973,M,sensor,0,,,,,,,
2026-06-11T15:54:02.999Z,REAL,MANUAL,0.0,0.0,0.0,0.0,0.0,238.022,29.585,89.385,-8225.602,M,sensor,0,,,,,,,
2026-06-11T15:54:03.099Z,REAL,MANUAL,0.0,0.0,0.0,0.0,0.0,236.936,29.585,89.7,-8226.546,M,sensor,0,,,,,,,
2026-06-11T15:54:03.199Z,REAL,MANUAL,0.0,0.0,0.0,0.0,0.0,235.335,29.585,89.7,-8227.176,M,sensor,0,,,,,,,
2026-06-11T15:54:03.299Z,REAL,MANUAL,0.0,0.0,0.0,0.0,0.0,237.462,29.27,89.7,-8227.805,M,sensor,0,,,,,,,
2026-06-11T15:54:03.399Z,REAL,MANUAL,0.0,0.0,0.0,0.0,0.0,236.268,29.27,89.7,-8228.435,M,sensor,0,,,,,,,
2026-06-11T15:54:03.499Z,REAL,MANUAL,0.0,0.0,0.0,0.0,0.0,236.003,29.27,89.7,-8229.064,M,sensor,0,,,,,,,
2026-06-11T15:54:03.599Z,REAL,MANUAL,0.0,0.0,0.0,0.0,0.0,235.925,29.27,89.7,-8229.694,M,sensor,0,,,,,,,
2026-06-11T15:54:03.699Z,REAL,MANUAL,0.0,0.0,0.0,0.0,0.0,236.54,29.27,89.7,-8230.323,M,sensor,0,,,,,,,
2026-06-11T15:54:03.799Z,REAL,MANUAL,0.0,0.0,0.0,0.0,0.0,235.099,29.27,89.7,-8230.953,M,sensor,0,,,,,,,
2026-06-11T15:54:03.899Z,REAL,MANUAL,0.0,0.0,0.0,0.0,0.0,236.037,29.27,89.7,-8231.268,M,sensor,0,,,,,,,
2026-06-11T15:54:03.999Z,REAL,MANUAL,0.0,0.0,0.0,0.0,0.0,236.259,29.27,89.7,-8231.582,M,sensor,0,,,,,,,
2026-06-11T15:54:04.099Z,REAL,MANUAL,0.0,0.0,0.0,0.0,0.0,236.814,29.27,89.7,-8232.212,M,sensor,0,,,,,,,
2026-06-11T15:54:04.199Z,REAL,MANUAL,0.0,0.0,0.0,0.0,0.0,236.551,29.27,89.7,-8232.526,M,sensor,0,,,,,,,
2026-06-11T15:54:04.299Z,REAL,MANUAL,0.0,0.0,0.0,0.0,0.0,237.334,29.27,89.7,-8232.841,M,sensor,0,,,,,,,
2026-06-11T15:54:04.399Z,REAL,MANUAL,0.0,0.0,0.0,0.0,0.0,235.362,29.27,90.014,-8233.156,M,sensor,0,,,,,,,
2026-06-11T15:54:04.499Z,REAL,MANUAL,0.0,0.0,0.0,0.0,0.0,236.558,29.27,90.014,-8233.471,M,sensor,0,,,,,,,
2026-06-11T15:54:04.599Z,REAL,MANUAL,0.0,0.0,0.0,0.0,0.0,237.44,29.27,90.014,-8233.785,M,sensor,0,,,,,,,
2026-06-11T15:54:04.699Z,REAL,MANUAL,0.0,0.0,0.0,0.0,0.0,237.253,29.27,90.014,-8234.1,M,sensor,0,,,,,,,
2026-06-11T15:54:04.799Z,REAL,MANUAL,0.0,0.0,0.0,0.0,0.0,235.194,29.27,90.014,-8234.415,M,sensor,0,,,,,,,
2026-06-11T15:54:04.899Z,REAL,MANUAL,0.0,0.0,0.0,0.0,0.0,236.599,29.27,90.014,-8235.044,M,sensor,0,,,,,,,
2026-06-11T15:54:04.999Z,REAL,MANUAL,0.0,0.0,0.0,0.0,0.0,236.529,29.27,90.014,-8235.044,M,sensor,0,,,,,,,
2026-06-11T15:54:05.099Z,REAL,MANUAL,0.0,0.0,0.0,0.0,0.0,237.906,29.27,90.014,-8235.359,M,sensor,0,,,,,,,
2026-06-11T15:54:05.199Z,REAL,MANUAL,0.0,0.0,0.0,0.0,0.0,238.605,29.27,90.014,-8235.674,M,sensor,0,,,,,,,
2026-06-11T15:54:05.299Z,REAL,MANUAL,0.0,0.0,0.0,0.0,0.0,238.29,29.27,90.014,-8235.674,M,sensor,0,,,,,,,
2026-06-11T15:54:05.399Z,REAL,MANUAL,0.0,0.0,0.0,0.0,0.0,237.362,29.27,90.014,-8235.989,M,sensor,0,,,,,,,
2026-06-11T15:54:05.499Z,REAL,MANUAL,0.0,0.0,0.0,0.0,0.0,236.11,29.585,90.014,-8235.989,M,sensor,0,,,,,,,
2026-06-11T15:54:05.599Z,REAL,MANUAL,0.0,0.0,0.0,0.0,0.0,236.761,29.585,90.014,-8236.303,M,sensor,0,,,,,,,
2026-06-11T15:54:05.699Z,REAL,MANUAL,0.0,0.0,0.0,0.0,0.0,237.827,29.585,90.014,-8236.303,M,sensor,0,,,,,,,
2026-06-11T15:54:05.799Z,REAL,MANUAL,0.0,0.0,0.0,0.0,0.0,235.401,29.585,90.014,-8236.618,M,sensor,0,,,,,,,
2026-06-11T15:54:05.899Z,REAL,MANUAL,0.0,0.0,0.0,0.0,0.0,236.721,29.585,90.014,-8236.618,M,sensor,0,,,,,,,
2026-06-11T15:54:05.999Z,REAL,MANUAL,0.0,0.0,0.0,0.0,0.0,238.242,29.585,90.014,-8236.933,M,sensor,0,,,,,,,
2026-06-11T15:54:06.099Z,REAL,MANUAL,0.0,0.0,0.0,0.0,0.0,237.062,29.585,90.014,-8236.933,M,sensor,0,,,,,,,
2026-06-11T15:54:06.199Z,REAL,MANUAL,0.0,0.0,0.0,0.0,0.0,237.929,29.585,90.014,-8236.933,M,sensor,0,,,,,,,
2026-06-11T15:54:06.299Z,REAL,MANUAL,0.0,0.0,0.0,0.0,0.0,236.171,29.585,90.014,-8237.247,M,sensor,0,,,,,,,
2026-06-11T15:54:06.399Z,REAL,MANUAL,0.0,0.0,0.0,0.0,0.0,236.763,29.585,90.014,-8237.247,M,sensor,0,,,,,,,
2026-06-11T15:54:06.499Z,REAL,MANUAL,0.0,0.0,0.0,0.0,0.0,238.121,29.585,90.014,-8237.247,M,sensor,0,,,,,,,
2026-06-11T15:54:06.599Z,REAL,MANUAL,0.0,0.0,0.0,0.0,0.0,236.892,29.585,90.014,-8237.562,M,sensor,0,,,,,,,
2026-06-11T15:54:06.699Z,REAL,MANUAL,0.0,0.0,0.0,0.0,0.0,238.064,29.585,90.014,-8237.562,M,sensor,0,,,,,,,
2026-06-11T15:54:06.799Z,REAL,MANUAL,0.0,0.0,0.0,0.0,0.0,236.823,29.585,90.014,-8237.562,M,sensor,0,,,,,,,
2026-06-11T15:54:06.899Z,REAL,MANUAL,0.0,0.0,0.0,0.0,0.0,237.899,29.585,90.014,-8237.877,M,sensor,0,,,,,,,
2026-06-11T15:54:06.999Z,REAL,MANUAL,0.0,0.0,0.0,0.0,0.0,238.951,29.585,90.014,-8237.877,M,sensor,0,,,,,,,
2026-06-11T15:54:07.099Z,REAL,MANUAL,0.0,0.0,0.0,0.0,0.0,236.842,29.585,90.014,-8237.877,M,sensor,0,,,,,,,
2026-06-11T15:54:07.199Z,REAL,MANUAL,0.0,0.0,0.0,0.0,0.0,237.571,29.585,90.014,-8237.877,M,sensor,0,,,,,,,
2026-06-11T15:54:07.299Z,REAL,MANUAL,0.0,0.0,0.0,0.0,0.0,237.112,29.585,90.014,-8237.877,M,sensor,0,,,,,,,
2026-06-11T15:54:07.399Z,REAL,MANUAL,0.0,0.0,0.0,0.0,0.0,237.368,29.585,90.014,-8238.192,M,sensor,0,,,,,,,
2026-06-11T15:54:07.499Z,REAL,MANUAL,0.0,0.0,0.0,0.0,0.0,238.006,29.585,90.014,-8238.192,M,sensor,0,,,,,,,
2026-06-11T15:54:07.599Z,REAL,MANUAL,0.0,0.0,0.0,0.0,0.0,238.498,29.585,90.014,-8238.192,M,sensor,0,,,,,,,
2026-06-11T15:54:07.699Z,REAL,MANUAL,0.0,0.0,0.0,0.0,0.0,237.092,29.585,90.014,-8238.192,M,sensor,0,,,,,,,
2026-06-11T15:54:07.799Z,REAL,MANUAL,0.0,0.0,0.0,0.0,0.0,237.132,29.585,90.014,-8238.192,M,sensor,0,,,,,,,
2026-06-11T15:54:07.899Z,REAL,MANUAL,0.0,0.0,0.0,0.0,0.0,238.262,29.585,90.014,-8238.192,M,sensor,0,,,,,,,
2026-06-11T15:54:07.999Z,REAL,MANUAL,0.0,0.0,0.0,0.0,0.0,236.843,29.585,90.014,-8238.506,M,sensor,0,,,,,,,
2026-06-11T15:54:08.099Z,REAL,MANUAL,0.0,0.0,0.0,0.0,0.0,237.896,29.585,90.014,-8238.506,M,sensor,0,,,,,,,
2026-06-11T15:54:08.199Z,REAL,MANUAL,0.0,0.0,0.0,0.0,0.0,236.923,29.585,90.014,-8238.506,M,sensor,0,,,,,,,
2026-06-11T15:54:08.299Z,REAL,MANUAL,0.0,0.0,0.0,0.0,0.0,237.909,29.585,90.014,-8238.506,M,sensor,0,,,,,,,
2026-06-11T15:54:08.399Z,REAL,MANUAL,0.0,0.0,0.0,0.0,0.0,236.633,29.585,90.014,-8238.506,M,sensor,0,,,,,,,
2026-06-11T15:54:08.499Z,REAL,MANUAL,0.0,0.0,0.0,0.0,0.0,237.314,29.585,90.014,-8238.506,M,sensor,0,,,,,,,
2026-06-11T15:54:08.599Z,REAL,MANUAL,0.0,0.0,0.0,0.0,0.0,238.128,29.585,90.014,-8238.506,M,sensor,0,,,,,,,
2026-06-11T15:54:08.699Z,REAL,MANUAL,0.0,0.0,0.0,0.0,0.0,237.79,29.585,90.014,-8238.506,M,sensor,0,,,,,,,
2026-06-11T15:54:08.799Z,REAL,MANUAL,0.0,0.0,0.0,0.0,0.0,238.454,29.585,90.014,-8238.506,M,sensor,0,,,,,,,
2026-06-11T15:54:08.899Z,REAL,MANUAL,0.0,0.0,0.0,0.0,0.0,236.499,29.585,90.014,-8238.506,M,sensor,0,,,,,,,
2026-06-11T15:54:08.999Z,REAL,MANUAL,0.0,0.0,0.0,0.0,0.0,237.01,29.585,90.014,-8238.506,M,sensor,0,,,,,,,
2026-06-11T15:54:09.100Z,REAL,MANUAL,0.0,0.0,0.0,0.0,0.0,237.212,29.585,90.014,-8238.506,M,sensor,0,,,,,,,
2026-06-11T15:54:09.199Z,REAL,MANUAL,0.0,0.0,0.0,0.0,0.0,238.004,29.585,90.014,-8238.821,M,sensor,0,,,,,,,
2026-06-11T15:54:09.299Z,REAL,MANUAL,0.0,0.0,0.0,0.0,0.0,235.49,29.585,90.014,-8238.821,M,sensor,0,,,,,,,
2026-06-11T15:54:09.399Z,REAL,MANUAL,0.0,0.0,0.0,0.0,0.0,236.929,29.585,90.014,-8238.821,M,sensor,0,,,,,,,
2026-06-11T15:54:09.499Z,REAL,MANUAL,0.0,0.0,0.0,0.0,0.0,236.064,29.27,90.014,-8238.821,M,sensor,0,,,,,,,
2026-06-11T15:54:09.599Z,REAL,MANUAL,0.0,0.0,0.0,0.0,0.0,235.702,29.27,90.014,-8238.821,M,sensor,0,,,,,,,
2026-06-11T15:54:09.699Z,REAL,MANUAL,0.0,0.0,0.0,0.0,0.0,235.641,29.27,90.014,-8238.821,M,sensor,0,,,,,,,
2026-06-11T15:54:09.799Z,REAL,MANUAL,0.0,0.0,0.0,0.0,0.0,236.867,29.27,90.014,-8238.821,M,sensor,0,,,,,,,
2026-06-11T15:54:09.899Z,REAL,MANUAL,0.0,0.0,0.0,0.0,0.0,235.978,29.585,90.014,-8238.821,M,sensor,0,,,,,,,
2026-06-11T15:54:09.999Z,REAL,MANUAL,0.0,0.0,0.0,0.0,0.0,235.65,29.585,90.014,-8238.821,M,sensor,0,,,,,,,
2026-06-11T15:54:10.099Z,REAL,MANUAL,0.0,0.0,0.0,0.0,0.0,235.708,29.585,90.014,-8238.821,M,sensor,0,,,,,,,
2026-06-11T15:54:10.199Z,REAL,MANUAL,0.0,0.0,0.0,0.0,0.0,237.767,29.585,89.7,-8238.821,M,sensor,0,,,,,,,
2026-06-11T15:54:10.299Z,REAL,MANUAL,0.0,0.0,0.0,0.0,0.0,237.312,29.585,90.014,-8238.821,M,sensor,0,,,,,,,
2026-06-11T15:54:10.399Z,REAL,MANUAL,0.0,0.0,0.0,0.0,0.0,235.876,29.585,90.014,-8238.821,M,sensor,0,,,,,,,
2026-06-11T15:54:10.499Z,REAL,MANUAL,0.0,0.0,0.0,0.0,0.0,237.758,29.585,90.014,-8238.821,M,sensor,0,,,,,,,
2026-06-11T15:54:10.599Z,REAL,MANUAL,0.0,0.0,0.0,0.0,0.0,237.7,29.27,89.7,-8238.821,M,sensor,0,,,,,,,
2026-06-11T15:54:10.699Z,REAL,MANUAL,0.0,0.0,0.0,0.0,0.0,237.948,29.27,89.7,-8238.821,M,sensor,0,,,,,,,
2026-06-11T15:54:10.799Z,REAL,MANUAL,0.0,0.0,0.0,0.0,0.0,237.107,29.27,89.7,-8238.821,M,sensor,0,,,,,,,
2026-06-11T15:54:10.899Z,REAL,MANUAL,0.0,0.0,0.0,0.0,0.0,236.806,29.27,89.7,-8238.821,M,sensor,0,,,,,,,
2026-06-11T15:54:10.999Z,REAL,MANUAL,0.0,0.0,0.0,0.0,0.0,237.377,29.27,89.7,-8238.821,M,sensor,0,,,,,,,
2026-06-11T15:54:11.099Z,REAL,MANUAL,0.0,0.0,0.0,0.0,0.0,237.15,29.27,89.7,-8238.821,M,sensor,0,,,,,,,
2026-06-11T15:54:11.199Z,REAL,MANUAL,0.0,0.0,0.0,0.0,0.0,238.334,29.27,90.014,-8238.821,M,sensor,0,,,,,,,
2026-06-11T15:54:11.299Z,REAL,MANUAL,0.0,0.0,0.0,0.0,0.0,236.616,29.27,90.014,-8238.821,M,sensor,0,,,,,,,
2026-06-11T15:54:11.399Z,REAL,MANUAL,0.0,0.0,0.0,0.0,0.0,237.379,29.27,89.7,-8238.821,M,sensor,0,,,,,,,
2026-06-11T15:54:11.499Z,REAL,MANUAL,0.0,0.0,0.0,0.0,0.0,235.507,29.585,89.7,-8238.821,M,sensor,0,,,,,,,
2026-06-11T15:54:11.599Z,REAL,MANUAL,0.0,0.0,0.0,0.0,0.0,235.091,29.585,90.014,-8238.821,M,sensor,0,,,,,,,
2026-06-11T15:54:11.699Z,REAL,MANUAL,0.0,0.0,0.0,0.0,0.0,236.122,29.585,90.014,-8238.821,M,sensor,0,,,,,,,
2026-06-11T15:54:11.799Z,REAL,MANUAL,0.0,0.0,0.0,0.0,0.0,236.473,29.585,90.014,-8238.821,M,sensor,0,,,,,,,
2026-06-11T15:54:11.899Z,REAL,MANUAL,0.0,0.0,0.0,0.0,0.0,237.328,29.585,90.014,-8238.821,M,sensor,0,,,,,,,
2026-06-11T15:54:11.999Z,REAL,MANUAL,0.0,0.0,0.0,0.0,0.0,238.742,29.585,90.014,-8238.821,M,sensor,0,,,,,,,
2026-06-11T15:54:12.099Z,REAL,MANUAL,0.0,0.0,0.0,0.0,0.0,237.489,29.585,90.014,-8238.821,M,sensor,0,,,,,,,
2026-06-11T15:54:12.199Z,REAL,MANUAL,0.0,0.0,0.0,0.0,0.0,236.388,29.585,90.014,-8238.821,M,sensor,0,,,,,,,
2026-06-11T15:54:12.299Z,REAL,MANUAL,0.0,0.0,0.0,0.0,0.0,236.547,29.27,90.014,-8238.821,M,sensor,0,,,,,,,
2026-06-11T15:54:12.399Z,REAL,MANUAL,0.0,0.0,0.0,0.0,0.0,237.322,29.9,90.329,-8238.821,M,sensor,0,,,,,,,
2026-06-11T15:54:12.499Z,REAL,MANUAL,0.0,0.0,0.0,0.0,0.0,235.452,29.585,90.014,-8238.821,M,sensor,0,,,,,,,
2026-06-11T15:54:12.599Z,REAL,MANUAL,0.0,0.0,0.0,0.0,0.0,237.464,34.306,94.735,-8238.192,M,sensor,0,,,,,,,
2026-06-11T15:54:12.699Z,REAL,MANUAL,0.0,0.0,0.0,0.0,0.0,236.735,33.677,94.735,-8234.73,M,sensor,0,,,,,,,
2026-06-11T15:54:12.799Z,REAL,MANUAL,0.0,0.0,0.0,0.0,0.0,238.471,30.844,92.847,-8233.156,M,sensor,0,,,,,,,
2026-06-11T15:54:12.899Z,REAL,MANUAL,0.0,0.0,0.0,0.0,0.0,236.838,29.27,91.588,-8228.75,M,sensor,0,,,,,,,
2026-06-11T15:54:12.999Z,REAL,MANUAL,0.0,0.0,0.0,0.0,0.0,235.88,28.956,90.644,-8223.084,M,sensor,0,,,,,,,
2026-06-11T15:54:13.099Z,REAL,MANUAL,0.0,0.0,0.0,0.0,0.0,236.964,28.641,90.958,-8220.881,M,sensor,0,,,,,,,
2026-06-11T15:54:13.199Z,REAL,MANUAL,0.0,0.0,0.0,0.0,0.0,236.165,28.326,90.958,-8215.845,M,sensor,0,,,,,,,
2026-06-11T15:54:13.299Z,REAL,MANUAL,0.0,0.0,0.0,0.0,0.0,235.517,28.011,90.644,-8209.866,M,sensor,0,,,,,,,
2026-06-11T15:54:13.399Z,REAL,MANUAL,0.0,0.0,0.0,0.0,0.0,237.387,28.326,90.644,-8207.977,M,sensor,0,,,,,,,
2026-06-11T15:54:13.499Z,REAL,MANUAL,0.0,0.0,0.0,0.0,0.0,236.002,28.011,90.644,-8203.256,M,sensor,0,,,,,,,
2026-06-11T15:54:13.599Z,REAL,MANUAL,0.0,0.0,0.0,0.0,0.0,236.831,28.326,90.958,-8199.479,M,sensor,0,,,,,,,
2026-06-11T15:54:13.699Z,REAL,MANUAL,0.0,0.0,0.0,0.0,0.0,236.55,28.326,89.7,-8195.388,M,sensor,0,,,,,,,
2026-06-11T15:54:13.799Z,REAL,MANUAL,0.0,0.0,0.0,0.0,0.0,235.818,27.697,90.014,-8185.631,M,sensor,0,,,,,,,
2026-06-11T15:54:13.899Z,REAL,MANUAL,0.0,0.0,0.0,0.0,0.0,235.96,28.011,89.07,-8180.595,M,sensor,0,,,,,,,
2026-06-11T15:54:13.999Z,REAL,MANUAL,0.0,0.0,0.0,0.0,0.0,234.783,27.067,86.552,-8174.93,M,sensor,0,,,,,,,
2026-06-11T15:54:14.099Z,REAL,MANUAL,0.0,0.0,0.0,0.0,0.0,234.687,27.697,85.923,-8169.894,M,sensor,0,,,,,,,
2026-06-11T15:54:14.199Z,REAL,MANUAL,0.0,0.0,0.0,0.0,0.0,236.231,31.788,89.07,-8167.062,M,sensor,0,,,,,,,
2026-06-11T15:54:14.299Z,REAL,MANUAL,0.0,0.0,0.0,0.0,0.0,235.058,31.474,89.07,-8163.285,M,sensor,0,,,,,,,
2026-06-11T15:54:14.399Z,REAL,MANUAL,0.0,0.0,0.0,0.0,0.0,235.93,33.991,91.903,-8162.341,M,sensor,0,,,,,,,
2026-06-11T15:54:14.499Z,REAL,MANUAL,0.0,0.0,0.0,0.0,0.0,235.612,33.362,92.217,-8159.193,M,sensor,0,,,,,,,
2026-06-11T15:54:14.599Z,REAL,MANUAL,0.0,0.0,0.0,0.0,0.0,235.957,29.585,90.329,-8156.99,M,sensor,0,,,,,,,
2026-06-11T15:54:14.699Z,REAL,MANUAL,0.0,0.0,0.0,0.0,0.0,235.246,28.011,89.7,-8153.843,M,sensor,0,,,,,,,
2026-06-11T15:54:14.799Z,REAL,MANUAL,0.0,0.0,0.0,0.0,0.0,234.913,28.326,90.014,-8148.807,M,sensor,0,,,,,,,
2026-06-11T15:54:14.899Z,REAL,MANUAL,0.0,0.0,0.0,0.0,0.0,236.452,28.641,90.329,-8148.492,M,sensor,0,,,,,,,
2026-06-11T15:54:14.999Z,REAL,MANUAL,0.0,0.0,0.0,0.0,0.0,237.519,29.9,91.588,-8151.325,M,sensor,0,,,,,,,
2026-06-11T15:54:15.099Z,REAL,MANUAL,0.0,0.0,0.0,0.0,0.0,235.508,29.27,91.588,-8150.066,M,sensor,0,,,,,,,
2026-06-11T15:54:15.199Z,REAL,MANUAL,0.0,0.0,0.0,0.0,0.0,235.976,28.641,91.273,-8148.492,M,sensor,0,,,,,,,
2026-06-11T15:54:15.299Z,REAL,MANUAL,0.0,0.0,0.0,0.0,0.0,237.813,28.326,91.273,-8148.177,M,sensor,0,,,,,,,
2026-06-11T15:54:15.399Z,REAL,MANUAL,0.0,0.0,0.0,0.0,0.0,236.514,28.326,91.588,-8145.974,M,sensor,0,,,,,,,
2026-06-11T15:54:15.499Z,REAL,MANUAL,0.0,0.0,0.0,0.0,0.0,235.643,28.011,90.958,-8142.827,M,sensor,0,,,,,,,
2026-06-11T15:54:15.599Z,REAL,MANUAL,0.0,0.0,0.0,0.0,0.0,238.276,27.697,90.644,-8139.68,M,sensor,0,,,,,,,
2026-06-11T15:54:15.699Z,REAL,MANUAL,0.0,0.0,0.0,0.0,0.0,235.476,27.697,90.329,-8136.532,M,sensor,0,,,,,,,
2026-06-11T15:54:15.799Z,REAL,MANUAL,0.0,0.0,0.0,0.0,0.0,237.231,27.697,90.958,-8131.182,M,sensor,0,,,,,,,
2026-06-11T15:54:15.899Z,REAL,MANUAL,0.0,0.0,0.0,0.0,0.0,235.973,27.382,90.644,-8125.202,M,sensor,0,,,,,,,
2026-06-11T15:54:15.999Z,REAL,MANUAL,0.0,0.0,0.0,0.0,0.0,235.12,27.067,88.126,-8117.963,M,sensor,0,,,,,,,
2026-06-11T15:54:16.099Z,REAL,MANUAL,0.0,0.0,0.0,0.0,0.0,234.783,26.752,86.552,-8114.186,M,sensor,0,,,,,,,
2026-06-11T15:54:16.199Z,REAL,MANUAL,0.0,0.0,0.0,0.0,0.0,235.244,25.179,83.72,-8112.927,M,sensor,0,,,,,,,
2026-06-11T15:54:16.299Z,REAL,MANUAL,0.0,0.0,0.0,0.0,0.0,235.34,25.494,83.72,-8112.298,M,sensor,0,,,,,,,
2026-06-11T15:54:16.399Z,REAL,MANUAL,0.0,0.0,0.0,0.0,0.0,235.004,25.808,84.034,-8110.724,M,sensor,0,,,,,,,
2026-06-11T15:54:16.499Z,REAL,MANUAL,0.0,0.0,0.0,0.0,0.0,235.098,25.808,83.72,-8108.836,M,sensor,0,,,,,,,
2026-06-11T15:54:16.599Z,REAL,MANUAL,0.0,0.0,0.0,0.0,0.0,234.918,26.438,83.72,-8106.947,M,sensor,0,,,,,,,
2026-06-11T15:54:16.699Z,REAL,MANUAL,0.0,0.0,0.0,0.0,0.0,235.085,28.011,84.349,-8105.688,M,sensor,0,,,,,,,
2026-06-11T15:54:16.799Z,REAL,MANUAL,0.0,0.0,0.0,0.0,0.0,235.102,28.956,85.293,-8104.429,M,sensor,0,,,,,,,
2026-06-11T15:54:16.899Z,REAL,MANUAL,0.0,0.0,0.0,0.0,0.0,234.561,28.641,85.293,-8101.597,M,sensor,0,,,,,,,
2026-06-11T15:54:16.999Z,REAL,MANUAL,0.0,0.0,0.0,0.0,0.0,235.536,28.641,85.293,-8100.967,M,sensor,0,,,,,,,
2026-06-11T15:54:17.099Z,REAL,MANUAL,0.0,0.0,0.0,0.0,0.0,235.407,28.956,85.293,-8100.652,M,sensor,0,,,,,,,
2026-06-11T15:54:17.199Z,REAL,MANUAL,0.0,0.0,0.0,0.0,0.0,234.819,28.641,85.293,-8100.338,M,sensor,0,,,,,,,
2026-06-11T15:54:17.299Z,REAL,MANUAL,0.0,0.0,0.0,0.0,0.0,234.957,28.956,85.293,-8099.708,M,sensor,0,,,,,,,
2026-06-11T15:54:17.399Z,REAL,MANUAL,0.0,0.0,0.0,0.0,0.0,235.119,28.641,85.608,-8099.393,M,sensor,0,,,,,,,
2026-06-11T15:54:17.499Z,REAL,MANUAL,0.0,0.0,0.0,0.0,0.0,235.302,28.956,85.608,-8099.079,M,sensor,0,,,,,,,
2026-06-11T15:54:17.599Z,REAL,MANUAL,0.0,0.0,0.0,0.0,0.0,234.979,28.641,85.608,-8098.764,M,sensor,0,,,,,,,
2026-06-11T15:54:17.699Z,REAL,MANUAL,0.0,0.0,0.0,0.0,0.0,235.105,32.103,89.07,-8098.135,M,sensor,0,,,,,,,
2026-06-11T15:54:17.799Z,REAL,MANUAL,0.0,0.0,0.0,0.0,0.0,235.09,32.418,89.7,-8098.135,M,sensor,0,,,,,,,
2026-06-11T15:54:17.899Z,REAL,MANUAL,0.0,0.0,0.0,0.0,0.0,235.906,31.788,89.385,-8098.764,M,sensor,0,,,,,,,
2026-06-11T15:54:17.999Z,REAL,MANUAL,0.0,0.0,0.0,0.0,0.0,235.134,32.103,89.385,-8098.135,M,sensor,0,,,,,,,
2026-06-11T15:54:18.099Z,REAL,MANUAL,0.0,0.0,0.0,0.0,0.0,235.209,33.047,90.329,-8097.505,M,sensor,0,,,,,,,
2026-06-11T15:54:18.199Z,REAL,MANUAL,0.0,0.0,0.0,0.0,0.0,235.288,33.362,90.329,-8096.876,M,sensor,0,,,,,,,
2026-06-11T15:54:18.299Z,REAL,MANUAL,0.0,0.0,0.0,0.0,0.0,235.424,33.991,90.329,-8098.135,M,sensor,0,,,,,,,
2026-06-11T15:54:18.399Z,REAL,MANUAL,0.0,0.0,0.0,0.0,0.0,235.468,35.88,92.217,-8098.135,M,sensor,0,,,,,,,
2026-06-11T15:54:18.499Z,REAL,MANUAL,0.0,0.0,0.0,0.0,0.0,236.663,35.565,92.217,-8101.282,M,sensor,0,,,,,,,
2026-06-11T15:54:18.599Z,REAL,MANUAL,0.0,0.0,0.0,0.0,0.0,235.492,36.509,92.217,-8100.652,M,sensor,0,,,,,,,
2026-06-11T15:54:18.699Z,REAL,MANUAL,0.0,0.0,0.0,0.0,0.0,235.193,38.712,93.162,-8099.393,M,sensor,0,,,,,,,
2026-06-11T15:54:18.799Z,REAL,MANUAL,0.0,0.0,0.0,0.0,0.0,235.593,42.175,96.938,-8099.079,M,sensor,0,,,,,,,
2026-06-11T15:54:18.899Z,REAL,MANUAL,0.0,0.0,0.0,0.0,0.0,235.572,39.971,96.309,-8098.449,M,sensor,0,,,,,,,
2026-06-11T15:54:18.999Z,REAL,MANUAL,0.0,0.0,0.0,0.0,0.0,235.543,36.824,94.106,-8097.82,M,sensor,0,,,,,,,
2026-06-11T15:54:19.099Z,REAL,MANUAL,0.0,0.0,0.0,0.0,0.0,235.213,33.362,92.532,-8096.876,M,sensor,0,,,,,,,
2026-06-11T15:54:19.199Z,REAL,MANUAL,0.0,0.0,0.0,0.0,0.0,235.296,33.362,92.532,-8096.246,M,sensor,0,,,,,,,
2026-06-11T15:54:19.299Z,REAL,MANUAL,0.0,0.0,0.0,0.0,0.0,235.511,34.936,94.106,-8095.931,M,sensor,0,,,,,,,
2026-06-11T15:54:19.399Z,REAL,MANUAL,0.0,0.0,0.0,0.0,0.0,235.395,35.565,94.421,-8095.302,M,sensor,0,,,,,,,
2026-06-11T15:54:19.499Z,REAL,MANUAL,0.0,0.0,0.0,0.0,0.0,237.543,34.936,94.421,-8100.967,M,sensor,0,,,,,,,
2026-06-11T15:54:19.599Z,REAL,MANUAL,0.0,0.0,0.0,0.0,0.0,238.787,35.25,94.735,-8110.724,M,sensor,0,,,,,,,
2026-06-11T15:54:19.699Z,REAL,MANUAL,0.0,0.0,0.0,0.0,0.0,238.871,35.565,95.679,-8120.481,M,sensor,0,,,,,,,
2026-06-11T15:54:19.799Z,REAL,MANUAL,0.0,0.0,0.0,0.0,0.0,239.009,35.25,95.994,-8130.238,M,sensor,0,,,,,,,
2026-06-11T15:54:19.899Z,REAL,MANUAL,0.0,0.0,0.0,0.0,0.0,239.119,34.936,95.679,-8139.68,M,sensor,0,,,,,,,
2026-06-11T15:54:19.999Z,REAL,MANUAL,0.0,0.0,0.0,0.0,0.0,239.293,34.306,95.365,-8149.122,M,sensor,0,,,,,,,
2026-06-11T15:54:20.099Z,REAL,MANUAL,0.0,0.0,0.0,0.0,0.0,239.296,33.677,95.05,-8157.619,M,sensor,0,,,,,,,
2026-06-11T15:54:20.199Z,REAL,MANUAL,0.0,0.0,0.0,0.0,0.0,237.782,32.418,94.421,-8165.803,M,sensor,0,,,,,,,
2026-06-11T15:54:20.299Z,REAL,MANUAL,0.0,0.0,0.0,0.0,0.0,236.269,32.732,94.421,-8173.671,M,sensor,0,,,,,,,
2026-06-11T15:54:20.399Z,REAL,MANUAL,0.0,0.0,0.0,0.0,0.0,235.105,32.418,94.421,-8180.91,M,sensor,0,,,,,,,
2026-06-11T15:54:20.499Z,REAL,MANUAL,0.0,0.0,0.0,0.0,0.0,235.151,32.418,94.106,-8187.834,M,sensor,0,,,,,,,
2026-06-11T15:54:20.599Z,REAL,MANUAL,0.0,0.0,0.0,0.0,0.0,235.34,32.103,94.106,-8194.129,M,sensor,0,,,,,,,
2026-06-11T15:54:20.699Z,REAL,MANUAL,0.0,0.0,0.0,0.0,0.0,235.559,32.103,94.421,-8200.423,M,sensor,0,,,,,,,
2026-06-11T15:54:20.799Z,REAL,MANUAL,0.0,0.0,0.0,0.0,0.0,235.212,32.732,95.05,-8206.089,M,sensor,0,,,,,,,
2026-06-11T15:54:20.899Z,REAL,MANUAL,0.0,0.0,0.0,0.0,0.0,235.351,32.418,95.05,-8211.439,M,sensor,0,,,,,,,
2026-06-11T15:54:20.999Z,REAL,MANUAL,0.0,0.0,0.0,0.0,0.0,234.992,32.418,95.365,-8216.475,M,sensor,0,,,,,,,
2026-06-11T15:54:21.099Z,REAL,MANUAL,0.0,0.0,0.0,0.0,0.0,235.884,32.418,95.679,-8221.196,M,sensor,0,,,,,,,
2026-06-11T15:54:21.199Z,REAL,MANUAL,0.0,0.0,0.0,0.0,0.0,235.881,32.418,95.679,-8225.602,M,sensor,0,,,,,,,
2026-06-11T15:54:21.299Z,REAL,MANUAL,0.0,0.0,0.0,0.0,0.0,238.019,31.788,95.365,-8230.009,M,sensor,0,,,,,,,
2026-06-11T15:54:21.399Z,REAL,MANUAL,0.0,0.0,0.0,0.0,0.0,237.953,31.788,95.679,-8234.1,M,sensor,0,,,,,,,
2026-06-11T15:54:21.499Z,REAL,MANUAL,0.0,0.0,0.0,0.0,0.0,237.563,32.103,95.679,-8237.877,M,sensor,0,,,,,,,
2026-06-11T15:54:21.599Z,REAL,MANUAL,0.0,0.0,0.0,0.0,0.0,237.622,32.418,95.994,-8241.339,M,sensor,0,,,,,,,
2026-06-11T15:54:21.699Z,REAL,MANUAL,0.0,0.0,0.0,0.0,0.0,236.817,32.103,95.679,-8244.486,M,sensor,0,,,,,,,
2026-06-11T15:54:21.799Z,REAL,MANUAL,0.0,0.0,0.0,0.0,0.0,237.493,32.103,95.679,-8247.634,M,sensor,0,,,,,,,
2026-06-11T15:54:21.899Z,REAL,MANUAL,0.0,0.0,0.0,0.0,0.0,235.75,32.418,95.994,-8250.781,M,sensor,0,,,,,,,
2026-06-11T15:54:21.999Z,REAL,MANUAL,0.0,0.0,0.0,0.0,0.0,235.513,32.418,95.994,-8253.614,M,sensor,0,,,,,,,
2026-06-11T15:54:22.099Z,REAL,MANUAL,0.0,0.0,0.0,0.0,0.0,235.431,32.103,95.365,-8256.132,M,sensor,0,,,,,,,
2026-06-11T15:54:22.199Z,REAL,MANUAL,0.0,0.0,0.0,0.0,0.0,235.407,31.788,94.735,-8258.649,M,sensor,0,,,,,,,
2026-06-11T15:54:22.299Z,REAL,MANUAL,0.0,0.0,0.0,0.0,0.0,235.219,31.474,94.421,-8260.853,M,sensor,0,,,,,,,
2026-06-11T15:54:22.399Z,REAL,MANUAL,0.0,0.0,0.0,0.0,0.0,235.181,31.788,94.735,-8263.056,M,sensor,0,,,,,,,
2026-06-11T15:54:22.499Z,REAL,MANUAL,0.0,0.0,0.0,0.0,0.0,234.478,32.418,95.05,-8265.259,M,sensor,0,,,,,,,
2026-06-11T15:54:22.599Z,REAL,MANUAL,0.0,0.0,0.0,0.0,0.0,235.282,32.732,94.735,-8267.147,M,sensor,0,,,,,,,
2026-06-11T15:54:22.699Z,REAL,MANUAL,0.0,0.0,0.0,0.0,0.0,235.181,32.732,94.735,-8269.036,M,sensor,0,,,,,,,
2026-06-11T15:54:22.799Z,REAL,MANUAL,0.0,0.0,0.0,0.0,0.0,235.274,32.418,94.106,-8270.609,M,sensor,0,,,,,,,
2026-06-11T15:54:22.899Z,REAL,MANUAL,0.0,0.0,0.0,0.0,0.0,234.737,32.732,94.106,-8272.183,M,sensor,0,,,,,,,
2026-06-11T15:54:22.999Z,REAL,MANUAL,0.0,0.0,0.0,0.0,0.0,235.045,32.732,94.106,-8273.757,M,sensor,0,,,,,,,
2026-06-11T15:54:23.099Z,REAL,MANUAL,0.0,0.0,0.0,0.0,0.0,235.047,32.732,94.106,-8275.33,M,sensor,0,,,,,,,
2026-06-11T15:54:23.199Z,REAL,MANUAL,0.0,0.0,0.0,0.0,0.0,235.161,32.418,93.791,-8276.589,M,sensor,0,,,,,,,
2026-06-11T15:54:23.299Z,REAL,MANUAL,0.0,0.0,0.0,0.0,0.0,235.05,32.732,93.476,-8277.848,M,sensor,0,,,,,,,
2026-06-11T15:54:23.399Z,REAL,MANUAL,0.0,0.0,0.0,0.0,0.0,235.191,32.418,92.847,-8279.107,M,sensor,0,,,,,,,
2026-06-11T15:54:23.499Z,REAL,MANUAL,0.0,0.0,0.0,0.0,0.0,235.112,32.418,92.847,-8280.051,M,sensor,0,,,,,,,
2026-06-11T15:54:23.599Z,REAL,MANUAL,0.0,0.0,0.0,0.0,0.0,234.665,32.418,92.847,-8281.31,M,sensor,0,,,,,,,
2026-06-11T15:54:23.699Z,REAL,MANUAL,0.0,0.0,0.0,0.0,0.0,235.128,32.418,92.847,-8282.255,M,sensor,0,,,,,,,
2026-06-11T15:54:23.799Z,REAL,MANUAL,0.0,0.0,0.0,0.0,0.0,234.966,32.418,92.847,-8283.199,M,sensor,0,,,,,,,
2026-06-11T15:54:23.899Z,REAL,MANUAL,0.0,0.0,0.0,0.0,0.0,234.889,32.418,92.847,-8284.143,M,sensor,0,,,,,,,
2026-06-11T15:54:23.999Z,REAL,MANUAL,0.0,0.0,0.0,0.0,0.0,235.033,32.418,93.162,-8284.772,M,sensor,0,,,,,,,
2026-06-11T15:54:24.099Z,REAL,MANUAL,0.0,0.0,0.0,0.0,0.0,235.368,32.418,93.162,-8285.717,M,sensor,0,,,,,,,
2026-06-11T15:54:24.199Z,REAL,MANUAL,0.0,0.0,0.0,0.0,0.0,235.272,32.103,93.162,-8286.661,M,sensor,0,,,,,,,
2026-06-11T15:54:24.299Z,REAL,MANUAL,0.0,0.0,0.0,0.0,0.0,235.374,32.103,93.476,-8287.29,M,sensor,0,,,,,,,
2026-06-11T15:54:24.399Z,REAL,MANUAL,0.0,0.0,0.0,0.0,0.0,235.077,32.103,93.476,-8288.235,M,sensor,0,,,,,,,
2026-06-11T15:54:24.499Z,REAL,MANUAL,0.0,0.0,0.0,0.0,0.0,235.28,32.103,93.476,-8288.549,M,sensor,0,,,,,,,
2026-06-11T15:54:24.599Z,REAL,MANUAL,0.0,0.0,0.0,0.0,0.0,235.034,32.103,93.476,-8289.179,M,sensor,0,,,,,,,
2026-06-11T15:54:24.699Z,REAL,MANUAL,0.0,0.0,0.0,0.0,0.0,236.053,32.103,93.476,-8289.808,M,sensor,0,,,,,,,
2026-06-11T15:54:24.799Z,REAL,MANUAL,0.0,0.0,0.0,0.0,0.0,236.436,32.103,93.476,-8290.123,M,sensor,0,,,,,,,
2026-06-11T15:54:24.899Z,REAL,MANUAL,0.0,0.0,0.0,0.0,0.0,236.643,32.103,93.791,-8290.752,M,sensor,0,,,,,,,
2026-06-11T15:54:24.999Z,REAL,MANUAL,0.0,0.0,0.0,0.0,0.0,236.061,31.788,93.791,-8291.067,M,sensor,0,,,,,,,
2026-06-11T15:54:25.099Z,REAL,MANUAL,0.0,0.0,0.0,0.0,0.0,235.475,31.788,93.791,-8291.697,M,sensor,0,,,,,,,
2026-06-11T15:54:25.199Z,REAL,MANUAL,0.0,0.0,0.0,0.0,0.0,235.491,31.788,93.791,-8292.011,M,sensor,0,,,,,,,
2026-06-11T15:54:25.299Z,REAL,MANUAL,0.0,0.0,0.0,0.0,0.0,235.179,31.788,93.791,-8292.326,M,sensor,0,,,,,,,
2026-06-11T15:54:25.399Z,REAL,MANUAL,0.0,0.0,0.0,0.0,0.0,235.632,31.788,93.791,-8292.641,M,sensor,0,,,,,,,
2026-06-11T15:54:25.499Z,REAL,MANUAL,0.0,0.0,0.0,0.0,0.0,236.295,31.788,93.791,-8292.956,M,sensor,0,,,,,,,
2026-06-11T15:54:25.599Z,REAL,MANUAL,0.0,0.0,0.0,0.0,0.0,236.073,31.788,93.791,-8293.27,M,sensor,0,,,,,,,
2026-06-11T15:54:25.699Z,REAL,MANUAL,0.0,0.0,0.0,0.0,0.0,236.338,31.788,93.791,-8293.585,M,sensor,0,,,,,,,
2026-06-11T15:54:25.799Z,REAL,MANUAL,0.0,0.0,0.0,0.0,0.0,237.847,31.788,94.106,-8293.9,M,sensor,0,,,,,,,
2026-06-11T15:54:25.899Z,REAL,MANUAL,0.0,0.0,0.0,0.0,0.0,236.63,31.788,94.106,-8294.215,M,sensor,0,,,,,,,
2026-06-11T15:54:25.999Z,REAL,MANUAL,0.0,0.0,0.0,0.0,0.0,237.267,31.788,94.106,-8294.529,M,sensor,0,,,,,,,
2026-06-11T15:54:26.099Z,REAL,MANUAL,0.0,0.0,0.0,0.0,0.0,235.788,31.788,94.106,-8294.529,M,sensor,0,,,,,,,
2026-06-11T15:54:26.199Z,REAL,MANUAL,0.0,0.0,0.0,0.0,0.0,236.347,31.788,94.106,-8294.844,M,sensor,0,,,,,,,
2026-06-11T15:54:26.299Z,REAL,MANUAL,0.0,0.0,0.0,0.0,0.0,238.861,31.788,94.106,-8295.159,M,sensor,0,,,,,,,
2026-06-11T15:54:26.399Z,REAL,MANUAL,0.0,0.0,0.0,0.0,0.0,237.254,31.788,94.106,-8295.159,M,sensor,0,,,,,,,
2026-06-11T15:54:26.499Z,REAL,MANUAL,0.0,0.0,0.0,0.0,0.0,236.595,31.788,94.106,-8295.473,M,sensor,0,,,,,,,
2026-06-11T15:54:26.599Z,REAL,MANUAL,0.0,0.0,0.0,0.0,0.0,238.033,31.788,94.106,-8295.473,M,sensor,0,,,,,,,
2026-06-11T15:54:26.699Z,REAL,MANUAL,0.0,0.0,0.0,0.0,0.0,236.829,31.788,94.106,-8295.788,M,sensor,0,,,,,,,
2026-06-11T15:54:26.799Z,REAL,MANUAL,0.0,0.0,0.0,0.0,0.0,236.569,31.788,94.106,-8295.788,M,sensor,0,,,,,,,
2026-06-11T15:54:26.899Z,REAL,MANUAL,0.0,0.0,0.0,0.0,0.0,235.384,31.788,94.106,-8296.103,M,sensor,0,,,,,,,
2026-06-11T15:54:26.999Z,REAL,MANUAL,0.0,0.0,0.0,0.0,0.0,235.55,31.788,94.106,-8296.103,M,sensor,0,,,,,,,
2026-06-11T15:54:27.099Z,REAL,MANUAL,0.0,0.0,0.0,0.0,0.0,235.468,31.788,94.106,-8296.418,M,sensor,0,,,,,,,
2026-06-11T15:54:27.199Z,REAL,MANUAL,0.0,0.0,0.0,0.0,0.0,235.177,31.788,94.106,-8296.418,M,sensor,0,,,,,,,
2026-06-11T15:54:27.299Z,REAL,MANUAL,0.0,0.0,0.0,0.0,0.0,235.978,31.788,94.106,-8296.418,M,sensor,0,,,,,,,
2026-06-11T15:54:27.399Z,REAL,MANUAL,0.0,0.0,0.0,0.0,0.0,237.03,31.788,94.106,-8296.732,M,sensor,0,,,,,,,
2026-06-11T15:54:27.499Z,REAL,MANUAL,0.0,0.0,0.0,0.0,0.0,236.224,31.474,94.106,-8296.732,M,sensor,0,,,,,,,
2026-06-11T15:54:27.599Z,REAL,MANUAL,0.0,0.0,0.0,0.0,0.0,235.338,31.474,94.106,-8296.732,M,sensor,0,,,,,,,
2026-06-11T15:54:27.699Z,REAL,MANUAL,0.0,0.0,0.0,0.0,0.0,235.451,31.474,94.421,-8297.047,M,sensor,0,,,,,,,
2026-06-11T15:54:27.799Z,REAL,MANUAL,0.0,0.0,0.0,0.0,0.0,237.231,31.474,94.421,-8297.047,M,sensor,0,,,,,,,
2026-06-11T15:54:27.899Z,REAL,MANUAL,0.0,0.0,0.0,0.0,0.0,237.693,31.474,94.421,-8297.047,M,sensor,0,,,,,,,
2026-06-11T15:54:27.999Z,REAL,MANUAL,0.0,0.0,0.0,0.0,0.0,236.832,31.474,94.106,-8297.047,M,sensor,0,,,,,,,
2026-06-11T15:54:28.099Z,REAL,MANUAL,0.0,0.0,0.0,0.0,0.0,236.379,31.474,94.421,-8297.362,M,sensor,0,,,,,,,
2026-06-11T15:54:28.199Z,REAL,MANUAL,0.0,0.0,0.0,0.0,0.0,237.227,31.474,94.421,-8297.362,M,sensor,0,,,,,,,
2026-06-11T15:54:28.299Z,REAL,MANUAL,0.0,0.0,0.0,0.0,0.0,235.877,31.474,94.421,-8297.362,M,sensor,0,,,,,,,
2026-06-11T15:54:28.399Z,REAL,MANUAL,0.0,0.0,0.0,0.0,0.0,236.246,31.474,94.421,-8297.362,M,sensor,0,,,,,,,
2026-06-11T15:54:28.499Z,REAL,MANUAL,0.0,0.0,0.0,0.0,0.0,238.705,31.474,94.421,-8297.362,M,sensor,0,,,,,,,
2026-06-11T15:54:28.599Z,REAL,MANUAL,0.0,0.0,0.0,0.0,0.0,236.592,31.474,94.421,-8297.362,M,sensor,0,,,,,,,
2026-06-11T15:54:28.699Z,REAL,MANUAL,0.0,0.0,0.0,0.0,0.0,236.867,31.474,94.421,-8297.677,M,sensor,0,,,,,,,
2026-06-11T15:54:28.799Z,REAL,MANUAL,0.0,0.0,0.0,0.0,0.0,237.383,31.474,94.421,-8297.677,M,sensor,0,,,,,,,
2026-06-11T15:54:28.899Z,REAL,MANUAL,0.0,0.0,0.0,0.0,0.0,235.426,31.474,94.421,-8297.677,M,sensor,0,,,,,,,
2026-06-11T15:54:28.999Z,REAL,MANUAL,0.0,0.0,0.0,0.0,0.0,236.689,31.474,94.421,-8297.677,M,sensor,0,,,,,,,
2026-06-11T15:54:29.099Z,REAL,MANUAL,0.0,0.0,0.0,0.0,0.0,236.888,31.474,94.421,-8297.677,M,sensor,0,,,,,,,
2026-06-11T15:54:29.199Z,REAL,MANUAL,0.0,0.0,0.0,0.0,0.0,235.971,31.474,94.421,-8297.677,M,sensor,0,,,,,,,
2026-06-11T15:54:29.299Z,REAL,MANUAL,0.0,0.0,0.0,0.0,0.0,235.869,31.474,94.421,-8297.677,M,sensor,0,,,,,,,
2026-06-11T15:54:29.399Z,REAL,MANUAL,0.0,0.0,0.0,0.0,0.0,236.502,31.474,94.421,-8297.991,M,sensor,0,,,,,,,
2026-06-11T15:54:29.499Z,REAL,MANUAL,0.0,0.0,0.0,0.0,0.0,235.723,31.474,94.421,-8297.991,M,sensor,0,,,,,,,
2026-06-11T15:54:29.599Z,REAL,MANUAL,0.0,0.0,0.0,0.0,0.0,236.431,31.474,94.421,-8297.991,M,sensor,0,,,,,,,
2026-06-11T15:54:29.699Z,REAL,MANUAL,0.0,0.0,0.0,0.0,0.0,237.555,31.474,94.421,-8297.991,M,sensor,0,,,,,,,
2026-06-11T15:54:29.799Z,REAL,MANUAL,0.0,0.0,0.0,0.0,0.0,238.078,31.474,94.421,-8297.991,M,sensor,0,,,,,,,
2026-06-11T15:54:29.899Z,REAL,MANUAL,0.0,0.0,0.0,0.0,0.0,235.694,31.474,94.421,-8297.991,M,sensor,0,,,,,,,
2026-06-11T15:54:29.999Z,REAL,MANUAL,0.0,0.0,0.0,0.0,0.0,237.78,31.474,94.421,-8297.991,M,sensor,0,,,,,,,
2026-06-11T15:54:30.099Z,REAL,MANUAL,0.0,0.0,0.0,0.0,0.0,238.0,31.474,94.421,-8297.991,M,sensor,0,,,,,,,
2026-06-11T15:54:30.199Z,REAL,MANUAL,0.0,0.0,0.0,0.0,0.0,237.206,31.474,94.421,-8297.991,M,sensor,0,,,,,,,
2026-06-11T15:54:30.299Z,REAL,MANUAL,0.0,0.0,0.0,0.0,0.0,237.126,31.474,94.421,-8297.991,M,sensor,0,,,,,,,
2026-06-11T15:54:30.399Z,REAL,MANUAL,0.0,0.0,0.0,0.0,0.0,235.964,31.474,94.421,-8297.991,M,sensor,0,,,,,,,
2026-06-11T15:54:30.499Z,REAL,MANUAL,0.0,0.0,0.0,0.0,0.0,236.007,31.474,94.421,-8297.991,M,sensor,0,,,,,,,
2026-06-11T15:54:30.599Z,REAL,MANUAL,0.0,0.0,0.0,0.0,0.0,235.77,31.474,94.421,-8297.991,M,sensor,0,,,,,,,
2026-06-11T15:54:30.699Z,REAL,MANUAL,0.0,0.0,0.0,0.0,0.0,236.358,31.474,94.421,-8297.991,M,sensor,0,,,,,,,
2026-06-11T15:54:30.799Z,REAL,MANUAL,0.0,0.0,0.0,0.0,0.0,238.826,31.474,94.421,-8297.991,M,sensor,0,,,,,,,
2026-06-11T15:54:30.899Z,REAL,MANUAL,0.0,0.0,0.0,0.0,0.0,237.548,31.474,94.421,-8297.991,M,sensor,0,,,,,,,
2026-06-11T15:54:30.999Z,REAL,MANUAL,0.0,0.0,0.0,0.0,0.0,237.692,31.474,94.421,-8298.306,M,sensor,0,,,,,,,
2026-06-11T15:54:31.099Z,REAL,MANUAL,0.0,0.0,0.0,0.0,0.0,237.922,31.474,94.421,-8298.306,M,sensor,0,,,,,,,
2026-06-11T15:54:31.199Z,REAL,MANUAL,0.0,0.0,0.0,0.0,0.0,236.931,31.474,94.421,-8298.306,M,sensor,0,,,,,,,
2026-06-11T15:54:31.299Z,REAL,MANUAL,0.0,0.0,0.0,0.0,0.0,238.243,31.474,94.421,-8298.306,M,sensor,0,,,,,,,
2026-06-11T15:54:31.399Z,REAL,MANUAL,0.0,0.0,0.0,0.0,0.0,236.486,31.474,94.735,-8298.306,M,sensor,0,,,,,,,
2026-06-11T15:54:31.499Z,REAL,MANUAL,0.0,0.0,0.0,0.0,0.0,236.76,31.474,94.735,-8298.306,M,sensor,0,,,,,,,
2026-06-11T15:54:31.599Z,REAL,MANUAL,0.0,0.0,0.0,0.0,0.0,235.681,31.474,94.735,-8298.306,M,sensor,0,,,,,,,
2026-06-11T15:54:31.699Z,REAL,MANUAL,0.0,0.0,0.0,0.0,0.0,237.482,31.474,94.735,-8298.306,M,sensor,0,,,,,,,
2026-06-11T15:54:31.799Z,REAL,MANUAL,0.0,0.0,0.0,0.0,0.0,238.194,31.474,94.735,-8298.306,M,sensor,0,,,,,,,
2026-06-11T15:54:31.899Z,REAL,MANUAL,0.0,0.0,0.0,0.0,0.0,236.522,31.474,94.421,-8298.306,M,sensor,0,,,,,,,
2026-06-11T15:54:31.999Z,REAL,MANUAL,0.0,0.0,0.0,0.0,0.0,235.867,31.474,94.421,-8298.306,M,sensor,0,,,,,,,
2026-06-11T15:54:32.099Z,REAL,MANUAL,0.0,0.0,0.0,0.0,0.0,235.325,31.474,94.421,-8298.306,M,sensor,0,,,,,,,
2026-06-11T15:54:32.199Z,REAL,MANUAL,0.0,0.0,0.0,0.0,0.0,235.833,31.474,94.421,-8298.306,M,sensor,0,,,,,,,
2026-06-11T15:54:32.299Z,REAL,MANUAL,0.0,0.0,0.0,0.0,0.0,235.628,31.474,94.421,-8298.306,M,sensor,0,,,,,,,
2026-06-11T15:54:32.399Z,REAL,MANUAL,0.0,0.0,0.0,0.0,0.0,236.414,31.474,94.421,-8298.306,M,sensor,0,,,,,,,
2026-06-11T15:54:32.499Z,REAL,MANUAL,0.0,0.0,0.0,0.0,0.0,235.395,31.474,94.421,-8298.306,M,sensor,0,,,,,,,
2026-06-11T15:54:32.599Z,REAL,MANUAL,0.0,0.0,0.0,0.0,0.0,236.961,31.474,94.421,-8298.306,M,sensor,0,,,,,,,
2026-06-11T15:54:32.699Z,REAL,MANUAL,0.0,0.0,0.0,0.0,0.0,235.612,31.474,94.421,-8298.306,M,sensor,0,,,,,,,
2026-06-11T15:54:32.799Z,REAL,MANUAL,0.0,0.0,0.0,0.0,0.0,236.191,31.474,94.421,-8298.306,M,sensor,0,,,,,,,
2026-06-11T15:54:32.899Z,REAL,MANUAL,0.0,0.0,0.0,0.0,0.0,237.155,31.474,94.421,-8298.306,M,sensor,0,,,,,,,
2026-06-11T15:54:32.999Z,REAL,MANUAL,0.0,0.0,0.0,0.0,0.0,235.329,31.474,94.421,-8298.306,M,sensor,0,,,,,,,
2026-06-11T15:54:33.099Z,REAL,MANUAL,0.0,0.0,0.0,0.0,0.0,235.775,31.474,94.421,-8298.306,M,sensor,0,,,,,,,
2026-06-11T15:54:33.199Z,REAL,MANUAL,0.0,0.0,0.0,0.0,0.0,235.666,31.474,94.421,-8298.306,M,sensor,0,,,,,,,
2026-06-11T15:54:33.299Z,REAL,MANUAL,0.0,0.0,0.0,0.0,0.0,235.155,31.474,94.421,-8298.306,M,sensor,0,,,,,,,
2026-06-11T15:54:33.399Z,REAL,MANUAL,0.0,0.0,0.0,0.0,0.0,235.862,31.474,94.106,-8298.306,M,sensor,0,,,,,,,
2026-06-11T15:54:33.499Z,REAL,MANUAL,0.0,0.0,0.0,0.0,0.0,235.44,31.474,94.106,-8298.306,M,sensor,0,,,,,,,
2026-06-11T15:54:33.599Z,REAL,MANUAL,0.0,0.0,0.0,0.0,0.0,236.549,31.474,94.106,-8298.306,M,sensor,0,,,,,,,
2026-06-11T15:54:33.699Z,REAL,MANUAL,0.0,0.0,0.0,0.0,0.0,236.21,31.474,94.106,-8298.306,M,sensor,0,,,,,,,
2026-06-11T15:54:33.799Z,REAL,MANUAL,0.0,0.0,0.0,0.0,0.0,235.442,31.474,94.106,-8298.306,M,sensor,0,,,,,,,
2026-06-11T15:54:33.899Z,REAL,MANUAL,0.0,0.0,0.0,0.0,0.0,237.051,31.474,94.106,-8298.306,M,sensor,0,,,,,,,
2026-06-11T15:54:33.999Z,REAL,MANUAL,0.0,0.0,0.0,0.0,0.0,237.16,31.474,94.106,-8298.306,M,sensor,0,,,,,,,
2026-06-11T15:54:34.099Z,REAL,MANUAL,0.0,0.0,0.0,0.0,0.0,235.635,31.474,94.106,-8298.306,M,sensor,0,,,,,,,
2026-06-11T15:54:34.199Z,REAL,MANUAL,0.0,0.0,0.0,0.0,0.0,236.584,31.788,94.106,-8298.306,M,sensor,0,,,,,,,
2026-06-11T15:54:34.299Z,REAL,MANUAL,0.0,0.0,0.0,0.0,0.0,238.495,31.788,93.791,-8298.306,M,sensor,0,,,,,,,
2026-06-11T15:54:34.399Z,REAL,MANUAL,0.0,0.0,0.0,0.0,0.0,235.704,32.732,93.791,-8298.306,M,sensor,0,,,,,,,
2026-06-11T15:54:34.499Z,REAL,MANUAL,0.0,0.0,0.0,0.0,0.0,235.105,30.844,92.217,-8298.306,M,sensor,0,,,,,,,
2026-06-11T15:54:34.599Z,REAL,MANUAL,0.0,0.0,0.0,0.0,0.0,235.424,31.474,92.217,-8298.306,M,sensor,0,,,,,,,
2026-06-11T15:54:34.699Z,REAL,MANUAL,0.0,0.0,0.0,0.0,0.0,236.005,32.418,92.532,-8298.306,M,sensor,0,,,,,,,
2026-06-11T15:54:34.799Z,REAL,MANUAL,0.0,0.0,0.0,0.0,0.0,235.621,31.474,92.847,-8298.306,M,sensor,0,,,,,,,
2026-06-11T15:54:34.899Z,REAL,MANUAL,0.0,0.0,0.0,0.0,0.0,238.129,34.306,96.938,-8297.047,M,sensor,0,,,,,,,
2026-06-11T15:54:34.999Z,REAL,MANUAL,0.0,0.0,0.0,0.0,0.0,237.222,31.159,94.106,-8290.438,M,sensor,0,,,,,,,
2026-06-11T15:54:35.099Z,REAL,MANUAL,0.0,0.0,0.0,0.0,0.0,235.425,27.697,91.588,-8279.107,M,sensor,0,,,,,,,
2026-06-11T15:54:35.199Z,REAL,MANUAL,0.0,0.0,0.0,0.0,0.0,235.934,29.27,93.476,-8270.609,M,sensor,0,,,,,,,
2026-06-11T15:54:35.299Z,REAL,MANUAL,0.0,0.0,0.0,0.0,0.0,235.73,29.27,93.162,-8261.797,M,sensor,0,,,,,,,
2026-06-11T15:54:35.399Z,REAL,MANUAL,0.0,0.0,0.0,0.0,0.0,237.799,29.9,93.791,-8259.279,M,sensor,0,,,,,,,
2026-06-11T15:54:35.499Z,REAL,MANUAL,0.0,0.0,0.0,0.0,0.0,236.781,29.9,94.106,-8255.187,M,sensor,0,,,,,,,
2026-06-11T15:54:35.599Z,REAL,MANUAL,0.0,0.0,0.0,0.0,0.0,235.81,29.585,93.476,-8247.004,M,sensor,0,,,,,,,
2026-06-11T15:54:35.699Z,REAL,MANUAL,0.0,0.0,0.0,0.0,0.0,236.549,30.215,93.791,-8240.395,M,sensor,0,,,,,,,
2026-06-11T15:54:35.799Z,REAL,MANUAL,0.0,0.0,0.0,0.0,0.0,236.092,30.844,95.05,-8234.73,M,sensor,0,,,,,,,
2026-06-11T15:54:35.899Z,REAL,MANUAL,0.0,0.0,0.0,0.0,0.0,236.685,28.326,93.476,-8230.323,M,sensor,0,,,,,,,
2026-06-11T15:54:35.999Z,REAL,MANUAL,0.0,0.0,0.0,0.0,0.0,235.475,25.494,92.847,-8224.029,M,sensor,0,,,,,,,
2026-06-11T15:54:36.099Z,REAL,MANUAL,0.0,0.0,0.0,0.0,0.0,235.072,23.605,92.847,-8215.531,M,sensor,0,,,,,,,
2026-06-11T15:54:36.199Z,REAL,MANUAL,0.0,0.0,0.0,0.0,0.0,236.25,24.864,94.106,-8207.348,M,sensor,0,,,,,,,
2026-06-11T15:54:36.299Z,REAL,MANUAL,0.0,0.0,0.0,0.0,0.0,238.452,26.438,96.309,-8199.794,M,sensor,0,,,,,,,
2026-06-11T15:54:36.399Z,REAL,MANUAL,0.0,0.0,0.0,0.0,0.0,237.334,27.382,96.309,-8192.555,M,sensor,0,,,,,,,
2026-06-11T15:54:36.499Z,REAL,MANUAL,0.0,0.0,0.0,0.0,0.0,238.329,26.752,95.994,-8185.631,M,sensor,0,,,,,,,
2026-06-11T15:54:36.599Z,REAL,MANUAL,0.0,0.0,0.0,0.0,0.0,236.734,30.529,98.827,-8184.687,M,sensor,0,,,,,,,
2026-06-11T15:54:36.699Z,REAL,MANUAL,0.0,0.0,0.0,0.0,0.0,237.818,28.011,97.568,-8186.575,M,sensor,0,,,,,,,
2026-06-11T15:54:36.799Z,REAL,MANUAL,0.0,0.0,0.0,0.0,0.0,239.106,27.697,97.253,-8191.296,M,sensor,0,,,,,,,
2026-06-11T15:54:36.899Z,REAL,MANUAL,0.0,0.0,0.0,0.0,0.0,238.836,27.067,96.938,-8196.017,M,sensor,0,,,,,,,
2026-06-11T15:54:36.999Z,REAL,MANUAL,0.0,0.0,0.0,0.0,0.0,239.216,27.067,97.253,-8201.368,M,sensor,0,,,,,,,
2026-06-11T15:54:37.099Z,REAL,MANUAL,0.0,0.0,0.0,0.0,0.0,236.546,25.808,95.994,-8199.794,M,sensor,0,,,,,,,
2026-06-11T15:54:37.199Z,REAL,MANUAL,0.0,0.0,0.0,0.0,0.0,237.287,29.27,99.142,-8198.85,M,sensor,0,,,,,,,
2026-06-11T15:54:37.299Z,REAL,MANUAL,0.0,0.0,0.0,0.0,0.0,238.239,27.067,97.568,-8207.033,M,sensor,0,,,,,,,
2026-06-11T15:54:37.399Z,REAL,MANUAL,0.0,0.0,0.0,0.0,0.0,238.493,27.067,97.883,-8211.439,M,sensor,0,,,,,,,
2026-06-11T15:54:37.499Z,REAL,MANUAL,0.0,0.0,0.0,0.0,0.0,237.505,28.641,99.771,-8213.013,M,sensor,0,,,,,,,
2026-06-11T15:54:37.599Z,REAL,MANUAL,0.0,0.0,0.0,0.0,0.0,238.977,30.529,102.289,-8217.734,M,sensor,0,,,,,,,
2026-06-11T15:54:37.699Z,REAL,MANUAL,0.0,0.0,0.0,0.0,0.0,239.152,28.956,101.03,-8221.511,M,sensor,0,,,,,,,
2026-06-11T15:54:37.799Z,REAL,MANUAL,0.0,0.0,0.0,0.0,0.0,239.052,25.494,101.974,-8225.917,M,sensor,0,,,,,,,
2026-06-11T15:54:37.899Z,REAL,MANUAL,0.0,0.0,0.0,0.0,0.0,239.058,26.438,102.289,-8229.379,M,sensor,0,,,,,,,
2026-06-11T15:54:37.999Z,REAL,MANUAL,0.0,0.0,0.0,0.0,0.0,239.125,26.438,102.289,-8233.156,M,sensor,0,,,,,,,
2026-06-11T15:54:38.099Z,REAL,MANUAL,0.0,0.0,0.0,0.0,0.0,239.262,26.438,102.604,-8237.247,M,sensor,0,,,,,,,
2026-06-11T15:54:38.199Z,REAL,MANUAL,0.0,0.0,0.0,0.0,0.0,239.085,28.326,103.548,-8240.395,M,sensor,0,,,,,,,
2026-06-11T15:54:38.299Z,REAL,MANUAL,0.0,0.0,0.0,0.0,0.0,239.099,27.697,102.918,-8242.598,M,sensor,0,,,,,,,
2026-06-11T15:54:38.399Z,REAL,MANUAL,0.0,0.0,0.0,0.0,0.0,238.884,28.956,103.863,-8245.745,M,sensor,0,,,,,,,
2026-06-11T15:54:38.499Z,REAL,MANUAL,0.0,0.0,0.0,0.0,0.0,239.19,30.215,105.122,-8247.634,M,sensor,0,,,,,,,
2026-06-11T15:54:38.599Z,REAL,MANUAL,0.0,0.0,0.0,0.0,0.0,239.077,33.362,107.325,-8249.207,M,sensor,0,,,,,,,
2026-06-11T15:54:38.699Z,REAL,MANUAL,0.0,0.0,0.0,0.0,0.0,238.955,31.159,105.436,-8250.466,M,sensor,0,,,,,,,
2026-06-11T15:54:38.799Z,REAL,MANUAL,0.0,0.0,0.0,0.0,0.0,238.939,31.788,106.066,-8252.04,M,sensor,0,,,,,,,
2026-06-11T15:54:38.899Z,REAL,MANUAL,0.0,0.0,0.0,0.0,0.0,239.061,31.788,106.066,-8253.614,M,sensor,0,,,,,,,
2026-06-11T15:54:38.999Z,REAL,MANUAL,0.0,0.0,0.0,0.0,0.0,238.971,31.788,106.066,-8254.558,M,sensor,0,,,,,,,
2026-06-11T15:54:39.099Z,REAL,MANUAL,0.0,0.0,0.0,0.0,0.0,238.887,31.474,106.066,-8255.817,M,sensor,0,,,,,,,
2026-06-11T15:54:39.199Z,REAL,MANUAL,0.0,0.0,0.0,0.0,0.0,239.01,31.474,106.066,-8257.076,M,sensor,0,,,,,,,
2026-06-11T15:54:39.299Z,REAL,MANUAL,0.0,0.0,0.0,0.0,0.0,238.991,31.474,106.066,-8258.335,M,sensor,0,,,,,,,
2026-06-11T15:54:39.399Z,REAL,MANUAL,0.0,0.0,0.0,0.0,0.0,238.697,31.474,106.066,-8258.649,M,sensor,0,,,,,,,
2026-06-11T15:54:39.499Z,REAL,MANUAL,0.0,0.0,0.0,0.0,0.0,238.761,31.474,106.066,-8258.964,M,sensor,0,,,,,,,
2026-06-11T15:54:39.599Z,REAL,MANUAL,0.0,0.0,0.0,0.0,0.0,238.985,31.474,106.38,-8259.908,M,sensor,0,,,,,,,
2026-06-11T15:54:39.699Z,REAL,MANUAL,0.0,0.0,0.0,0.0,0.0,238.959,31.474,106.38,-8260.853,M,sensor,0,,,,,,,
2026-06-11T15:54:39.799Z,REAL,MANUAL,0.0,0.0,0.0,0.0,0.0,239.052,31.474,106.38,-8261.482,M,sensor,0,,,,,,,
2026-06-11T15:54:39.899Z,REAL,MANUAL,0.0,0.0,0.0,0.0,0.0,239.097,31.474,106.38,-8262.426,M,sensor,0,,,,,,,
2026-06-11T15:54:39.999Z,REAL,MANUAL,0.0,0.0,0.0,0.0,0.0,238.971,31.474,106.695,-8263.056,M,sensor,0,,,,,,,
2026-06-11T15:54:40.099Z,REAL,MANUAL,0.0,0.0,0.0,0.0,0.0,238.777,31.474,106.695,-8263.685,M,sensor,0,,,,,,,
2026-06-11T15:54:40.199Z,REAL,MANUAL,0.0,0.0,0.0,0.0,0.0,238.794,31.474,107.01,-8264.315,M,sensor,0,,,,,,,
2026-06-11T15:54:40.299Z,REAL,MANUAL,0.0,0.0,0.0,0.0,0.0,238.965,31.474,107.01,-8264.944,M,sensor,0,,,,,,,
2026-06-11T15:54:40.399Z,REAL,MANUAL,0.0,0.0,0.0,0.0,0.0,238.639,31.474,107.01,-8265.574,M,sensor,0,,,,,,,
2026-06-11T15:54:40.499Z,REAL,MANUAL,0.0,0.0,0.0,0.0,0.0,238.972,31.474,107.325,-8266.203,M,sensor,0,,,,,,,
2026-06-11T15:54:40.599Z,REAL,MANUAL,0.0,0.0,0.0,0.0,0.0,238.971,31.474,107.325,-8266.518,M,sensor,0,,,,,,,
2026-06-11T15:54:40.699Z,REAL,MANUAL,0.0,0.0,0.0,0.0,0.0,239.051,31.474,107.325,-8267.147,M,sensor,0,,,,,,,
2026-06-11T15:54:40.799Z,REAL,MANUAL,0.0,0.0,0.0,0.0,0.0,238.868,31.474,107.325,-8267.462,M,sensor,0,,,,,,,
2026-06-11T15:54:40.899Z,REAL,MANUAL,0.0,0.0,0.0,0.0,0.0,239.105,31.474,107.639,-8268.092,M,sensor,0,,,,,,,
2026-06-11T15:54:40.999Z,REAL,MANUAL,0.0,0.0,0.0,0.0,0.0,238.674,31.474,107.639,-8268.406,M,sensor,0,,,,,,,
2026-06-11T15:54:41.099Z,REAL,MANUAL,0.0,0.0,0.0,0.0,0.0,238.881,31.474,107.639,-8268.721,M,sensor,0,,,,,,,
2026-06-11T15:54:41.199Z,REAL,MANUAL,0.0,0.0,0.0,0.0,0.0,239.035,31.474,107.639,-8269.036,M,sensor,0,,,,,,,
2026-06-11T15:54:41.299Z,REAL,MANUAL,0.0,0.0,0.0,0.0,0.0,238.878,31.474,107.954,-8269.35,M,sensor,0,,,,,,,
2026-06-11T15:54:41.399Z,REAL,MANUAL,0.0,0.0,0.0,0.0,0.0,238.9,31.474,107.954,-8269.665,M,sensor,0,,,,,,,
2026-06-11T15:54:41.499Z,REAL,MANUAL,0.0,0.0,0.0,0.0,0.0,238.697,31.474,107.954,-8269.98,M,sensor,0,,,,,,,
2026-06-11T15:54:41.599Z,REAL,MANUAL,0.0,0.0,0.0,0.0,0.0,238.781,31.474,107.954,-8270.295,M,sensor,0,,,,,,,
2026-06-11T15:54:41.699Z,REAL,MANUAL,0.0,0.0,0.0,0.0,0.0,238.907,31.474,107.954,-8270.609,M,sensor,0,,,,,,,
2026-06-11T15:54:41.799Z,REAL,MANUAL,0.0,0.0,0.0,0.0,0.0,238.916,31.474,107.954,-8270.924,M,sensor,0,,,,,,,
2026-06-11T15:54:41.899Z,REAL,MANUAL,0.0,0.0,0.0,0.0,0.0,238.755,31.474,108.269,-8271.239,M,sensor,0,,,,,,,
2026-06-11T15:54:41.999Z,REAL,MANUAL,0.0,0.0,0.0,0.0,0.0,238.9,31.474,108.269,-8271.239,M,sensor,0,,,,,,,
2026-06-11T15:54:42.099Z,REAL,MANUAL,0.0,0.0,0.0,0.0,0.0,239.123,31.474,108.269,-8271.554,M,sensor,0,,,,,,,
2026-06-11T15:54:42.199Z,REAL,MANUAL,0.0,0.0,0.0,0.0,0.0,239.003,31.474,108.269,-8271.868,M,sensor,0,,,,,,,
2026-06-11T15:54:42.299Z,REAL,MANUAL,0.0,0.0,0.0,0.0,0.0,238.997,31.474,108.269,-8271.868,M,sensor,0,,,,,,,
2026-06-11T15:54:42.399Z,REAL,MANUAL,0.0,0.0,0.0,0.0,0.0,238.952,31.474,108.269,-8272.183,M,sensor,0,,,,,,,
2026-06-11T15:54:42.499Z,REAL,MANUAL,0.0,0.0,0.0,0.0,0.0,238.687,31.474,108.269,-8272.183,M,sensor,0,,,,,,,
2026-06-11T15:54:42.599Z,REAL,MANUAL,0.0,0.0,0.0,0.0,0.0,238.919,31.159,108.269,-8272.498,M,sensor,0,,,,,,,
2026-06-11T15:54:42.699Z,REAL,MANUAL,0.0,0.0,0.0,0.0,0.0,239.048,31.159,108.269,-8272.498,M,sensor,0,,,,,,,
2026-06-11T15:54:42.799Z,REAL,MANUAL,0.0,0.0,0.0,0.0,0.0,238.755,31.159,108.584,-8272.813,M,sensor,0,,,,,,,
2026-06-11T15:54:42.899Z,REAL,MANUAL,0.0,0.0,0.0,0.0,0.0,238.852,31.159,108.269,-8272.813,M,sensor,0,,,,,,,
2026-06-11T15:54:42.999Z,REAL,MANUAL,0.0,0.0,0.0,0.0,0.0,238.803,31.159,108.269,-8272.813,M,sensor,0,,,,,,,
2026-06-11T15:54:43.099Z,REAL,MANUAL,0.0,0.0,0.0,0.0,0.0,238.583,31.159,108.269,-8273.127,M,sensor,0,,,,,,,
2026-06-11T15:54:43.199Z,REAL,MANUAL,0.0,0.0,0.0,0.0,0.0,238.981,31.159,108.269,-8273.127,M,sensor,0,,,,,,,
2026-06-11T15:54:43.299Z,REAL,MANUAL,0.0,0.0,0.0,0.0,0.0,238.919,31.159,108.584,-8273.127,M,sensor,0,,,,,,,
2026-06-11T15:54:43.399Z,REAL,MANUAL,0.0,0.0,0.0,0.0,0.0,238.904,31.159,108.584,-8273.442,M,sensor,0,,,,,,,
2026-06-11T15:54:43.499Z,REAL,MANUAL,0.0,0.0,0.0,0.0,0.0,239.125,31.474,108.584,-8273.442,M,sensor,0,,,,,,,
2026-06-11T15:54:43.599Z,REAL,MANUAL,0.0,0.0,0.0,0.0,0.0,238.858,31.474,108.584,-8273.442,M,sensor,0,,,,,,,
2026-06-11T15:54:43.699Z,REAL,MANUAL,0.0,0.0,0.0,0.0,0.0,238.758,31.159,108.584,-8273.757,M,sensor,0,,,,,,,
2026-06-11T15:54:43.799Z,REAL,MANUAL,0.0,0.0,0.0,0.0,0.0,238.681,31.159,108.584,-8273.757,M,sensor,0,,,,,,,
2026-06-11T15:54:43.899Z,REAL,MANUAL,0.0,0.0,0.0,0.0,0.0,238.9,31.159,108.584,-8273.757,M,sensor,0,,,,,,,
2026-06-11T15:54:43.999Z,REAL,MANUAL,0.0,0.0,0.0,0.0,0.0,238.778,31.159,108.584,-8273.757,M,sensor,0,,,,,,,
2026-06-11T15:54:44.099Z,REAL,MANUAL,0.0,0.0,0.0,0.0,0.0,238.639,31.159,108.584,-8274.071,M,sensor,0,,,,,,,
2026-06-11T15:54:44.199Z,REAL,MANUAL,0.0,0.0,0.0,0.0,0.0,238.8,31.159,108.584,-8274.071,M,sensor,0,,,,,,,
2026-06-11T15:54:44.299Z,REAL,MANUAL,0.0,0.0,0.0,0.0,0.0,238.81,31.159,108.584,-8274.071,M,sensor,0,,,,,,,
2026-06-11T15:54:44.399Z,REAL,MANUAL,0.0,0.0,0.0,0.0,0.0,238.8,31.159,108.584,-8274.071,M,sensor,0,,,,,,,
2026-06-11T15:54:44.499Z,REAL,MANUAL,0.0,0.0,0.0,0.0,0.0,238.768,31.159,108.584,-8274.071,M,sensor,0,,,,,,,
2026-06-11T15:54:44.599Z,REAL,MANUAL,0.0,0.0,0.0,0.0,0.0,238.82,31.159,108.584,-8274.071,M,sensor,0,,,,,,,
2026-06-11T15:54:44.699Z,REAL,MANUAL,0.0,0.0,0.0,0.0,0.0,238.961,31.159,108.584,-8274.071,M,sensor,0,,,,,,,
2026-06-11T15:54:44.799Z,REAL,MANUAL,0.0,0.0,0.0,0.0,0.0,238.916,31.159,108.584,-8274.386,M,sensor,0,,,,,,,
2026-06-11T15:54:44.899Z,REAL,MANUAL,0.0,0.0,0.0,0.0,0.0,238.61,31.159,108.584,-8274.386,M,sensor,0,,,,,,,
2026-06-11T15:54:44.999Z,REAL,MANUAL,0.0,0.0,0.0,0.0,0.0,238.739,31.159,108.584,-8274.386,M,sensor,0,,,,,,,
2026-06-11T15:54:45.099Z,REAL,MANUAL,0.0,0.0,0.0,0.0,0.0,238.745,31.159,108.269,-8274.386,M,sensor,0,,,,,,,
2026-06-11T15:54:45.199Z,REAL,MANUAL,0.0,0.0,0.0,0.0,0.0,238.813,31.159,108.584,-8274.386,M,sensor,0,,,,,,,
2026-06-11T15:54:45.299Z,REAL,MANUAL,0.0,0.0,0.0,0.0,0.0,238.839,31.159,108.584,-8274.386,M,sensor,0,,,,,,,
2026-06-11T15:54:45.399Z,REAL,MANUAL,0.0,0.0,0.0,0.0,0.0,238.787,31.159,108.584,-8274.386,M,sensor,0,,,,,,,
2026-06-11T15:54:45.499Z,REAL,MANUAL,0.0,0.0,0.0,0.0,0.0,238.716,31.159,108.584,-8274.386,M,sensor,0,,,,,,,
2026-06-11T15:54:45.599Z,REAL,MANUAL,0.0,0.0,0.0,0.0,0.0,238.826,31.159,108.584,-8274.386,M,sensor,0,,,,,,,
2026-06-11T15:54:45.699Z,REAL,MANUAL,0.0,0.0,0.0,0.0,0.0,238.612,31.159,108.584,-8274.386,M,sensor,0,,,,,,,
2026-06-11T15:54:45.799Z,REAL,MANUAL,0.0,0.0,0.0,0.0,0.0,239.079,31.159,108.584,-8274.701,M,sensor,0,,,,,,,
2026-06-11T15:54:45.899Z,REAL,MANUAL,0.0,0.0,0.0,0.0,0.0,238.784,31.159,108.584,-8274.701,M,sensor,0,,,,,,,
2026-06-11T15:54:45.999Z,REAL,MANUAL,0.0,0.0,0.0,0.0,0.0,238.739,31.159,108.584,-8274.701,M,sensor,0,,,,,,,
2026-06-11T15:54:46.099Z,REAL,MANUAL,0.0,0.0,0.0,0.0,0.0,238.832,31.159,108.584,-8274.701,M,sensor,0,,,,,,,
2026-06-11T15:54:46.199Z,REAL,MANUAL,0.0,0.0,0.0,0.0,0.0,239.07,31.159,108.584,-8274.701,M,sensor,0,,,,,,,
2026-06-11T15:54:46.299Z,REAL,MANUAL,0.0,0.0,0.0,0.0,0.0,238.749,30.844,108.584,-8274.701,M,sensor,0,,,,,,,
2026-06-11T15:54:46.399Z,REAL,MANUAL,0.0,0.0,0.0,0.0,0.0,238.652,30.844,108.584,-8274.701,M,sensor,0,,,,,,,
2026-06-11T15:54:46.499Z,REAL,MANUAL,0.0,0.0,0.0,0.0,0.0,238.803,31.159,108.584,-8274.701,M,sensor,0,,,,,,,
2026-06-11T15:54:46.599Z,REAL,MANUAL,0.0,0.0,0.0,0.0,0.0,238.587,31.159,108.584,-8274.701,M,sensor,0,,,,,,,
2026-06-11T15:54:46.699Z,REAL,MANUAL,0.0,0.0,0.0,0.0,0.0,238.768,31.159,108.584,-8274.701,M,sensor,0,,,,,,,
2026-06-11T15:54:46.799Z,REAL,MANUAL,0.0,0.0,0.0,0.0,0.0,238.884,31.159,108.584,-8274.701,M,sensor,0,,,,,,,
2026-06-11T15:54:46.899Z,REAL,MANUAL,0.0,0.0,0.0,0.0,0.0,238.939,31.159,108.584,-8274.701,M,sensor,0,,,,,,,
2026-06-11T15:54:46.999Z,REAL,MANUAL,0.0,0.0,0.0,0.0,0.0,238.949,31.159,108.584,-8274.701,M,sensor,0,,,,,,,
2026-06-11T15:54:47.099Z,REAL,MANUAL,0.0,0.0,0.0,0.0,0.0,239.077,31.159,108.584,-8274.701,M,sensor,0,,,,,,,
2026-06-11T15:54:47.199Z,REAL,MANUAL,0.0,0.0,0.0,0.0,0.0,238.816,31.159,108.584,-8274.701,M,sensor,0,,,,,,,
2026-06-11T15:54:47.299Z,REAL,MANUAL,0.0,0.0,0.0,0.0,0.0,238.887,31.159,108.584,-8274.701,M,sensor,0,,,,,,,
2026-06-11T15:54:47.399Z,REAL,MANUAL,0.0,0.0,0.0,0.0,0.0,238.945,31.159,108.584,-8274.701,M,sensor,0,,,,,,,
2026-06-11T15:54:47.499Z,REAL,MANUAL,0.0,0.0,0.0,0.0,0.0,238.89,31.159,108.584,-8274.701,M,sensor,0,,,,,,,
2026-06-11T15:54:47.599Z,REAL,MANUAL,0.0,0.0,0.0,0.0,0.0,238.9,30.844,108.584,-8274.701,M,sensor,0,,,,,,,
2026-06-11T15:54:47.699Z,REAL,MANUAL,0.0,0.0,0.0,0.0,0.0,238.923,30.844,108.584,-8274.701,M,sensor,0,,,,,,,
2026-06-11T15:54:47.799Z,REAL,MANUAL,0.0,0.0,0.0,0.0,0.0,238.901,30.844,108.584,-8274.701,M,sensor,0,,,,,,,
2026-06-11T15:54:47.899Z,REAL,MANUAL,0.0,0.0,0.0,0.0,0.0,238.933,30.844,108.584,-8274.701,M,sensor,0,,,,,,,
2026-06-11T15:54:47.999Z,REAL,MANUAL,0.0,0.0,0.0,0.0,0.0,238.82,30.844,108.584,-8274.701,M,sensor,0,,,,,,,
2026-06-11T15:54:48.099Z,REAL,MANUAL,0.0,0.0,0.0,0.0,0.0,238.593,30.844,108.584,-8274.701,M,sensor,0,,,,,,,
2026-06-11T15:54:48.199Z,REAL,MANUAL,0.0,0.0,0.0,0.0,0.0,238.719,31.159,108.584,-8274.701,M,sensor,0,,,,,,,
2026-06-11T15:54:48.299Z,REAL,MANUAL,0.0,0.0,0.0,0.0,0.0,238.826,31.159,108.269,-8274.701,M,sensor,0,,,,,,,
2026-06-11T15:54:48.399Z,REAL,MANUAL,0.0,0.0,0.0,0.0,0.0,239.087,31.159,108.269,-8274.701,M,sensor,0,,,,,,,
2026-06-11T15:54:48.499Z,REAL,MANUAL,0.0,0.0,0.0,0.0,0.0,239.096,31.159,108.269,-8274.701,M,sensor,0,,,,,,,
2026-06-11T15:54:48.599Z,REAL,MANUAL,0.0,0.0,0.0,0.0,0.0,238.984,31.159,108.584,-8274.701,M,sensor,0,,,,,,,
2026-06-11T15:54:48.699Z,REAL,MANUAL,0.0,0.0,0.0,0.0,0.0,238.649,31.159,108.584,-8274.701,M,sensor,0,,,,,,,
2026-06-11T15:54:48.799Z,REAL,MANUAL,0.0,0.0,0.0,0.0,0.0,238.904,31.159,108.584,-8274.701,M,sensor,0,,,,,,,
2026-06-11T15:54:48.899Z,REAL,MANUAL,0.0,0.0,0.0,0.0,0.0,238.68,31.159,108.584,-8274.701,M,sensor,0,,,,,,,
2026-06-11T15:54:48.999Z,REAL,MANUAL,0.0,0.0,0.0,0.0,0.0,238.839,31.159,108.584,-8274.701,M,sensor,0,,,,,,,
2026-06-11T15:54:49.099Z,REAL,MANUAL,0.0,0.0,0.0,0.0,0.0,238.8,31.159,108.584,-8275.016,M,sensor,0,,,,,,,
2026-06-11T15:54:49.199Z,REAL,MANUAL,0.0,0.0,0.0,0.0,0.0,238.932,31.159,108.584,-8275.016,M,sensor,0,,,,,,,
2026-06-11T15:54:49.299Z,REAL,MANUAL,0.0,0.0,0.0,0.0,0.0,238.842,31.159,108.584,-8275.016,M,sensor,0,,,,,,,
2026-06-11T15:54:49.399Z,REAL,MANUAL,0.0,0.0,0.0,0.0,0.0,238.877,31.159,108.584,-8275.016,M,sensor,0,,,,,,,
2026-06-11T15:54:49.499Z,REAL,MANUAL,0.0,0.0,0.0,0.0,0.0,238.623,31.159,108.584,-8275.016,M,sensor,0,,,,,,,
2026-06-11T15:54:49.599Z,REAL,MANUAL,0.0,0.0,0.0,0.0,0.0,238.855,31.159,108.584,-8275.016,M,sensor,0,,,,,,,
2026-06-11T15:54:49.699Z,REAL,MANUAL,0.0,0.0,0.0,0.0,0.0,238.855,31.159,108.584,-8275.016,M,sensor,0,,,,,,,
2026-06-11T15:54:49.799Z,REAL,MANUAL,0.0,0.0,0.0,0.0,0.0,238.729,31.159,108.584,-8275.016,M,sensor,0,,,,,,,
2026-06-11T15:54:49.899Z,REAL,MANUAL,0.0,0.0,0.0,0.0,0.0,238.771,31.159,108.584,-8275.016,M,sensor,0,,,,,,,
2026-06-11T15:54:49.999Z,REAL,MANUAL,0.0,0.0,0.0,0.0,0.0,238.842,31.159,108.584,-8275.016,M,sensor,0,,,,,,,
2026-06-11T15:54:50.099Z,REAL,MANUAL,0.0,0.0,0.0,0.0,0.0,238.823,31.159,108.584,-8275.016,M,sensor,0,,,,,,,
2026-06-11T15:54:50.199Z,REAL,MANUAL,0.0,0.0,0.0,0.0,0.0,238.926,31.159,108.584,-8275.016,M,sensor,0,,,,,,,
2026-06-11T15:54:50.299Z,REAL,MANUAL,0.0,0.0,0.0,0.0,0.0,238.82,31.159,108.584,-8275.016,M,sensor,0,,,,,,,
2026-06-11T15:54:50.399Z,REAL,MANUAL,0.0,0.0,0.0,0.0,0.0,238.849,31.159,108.584,-8275.016,M,sensor,0,,,,,,,
2026-06-11T15:54:50.499Z,REAL,MANUAL,0.0,0.0,0.0,0.0,0.0,238.952,31.159,108.584,-8275.016,M,sensor,0,,,,,,,
2026-06-11T15:54:50.599Z,REAL,MANUAL,0.0,0.0,0.0,0.0,0.0,238.816,31.159,108.584,-8275.016,M,sensor,0,,,,,,,
2026-06-11T15:54:50.699Z,REAL,MANUAL,0.0,0.0,0.0,0.0,0.0,238.515,31.159,108.584,-8275.016,M,sensor,0,,,,,,,
2026-06-11T15:54:50.799Z,REAL,MANUAL,0.0,0.0,0.0,0.0,0.0,238.897,31.159,108.584,-8275.016,M,sensor,0,,,,,,,
2026-06-11T15:54:50.899Z,REAL,MANUAL,0.0,0.0,0.0,0.0,0.0,238.72,31.159,108.584,-8275.016,M,sensor,0,,,,,,,
2026-06-11T15:54:50.999Z,REAL,MANUAL,0.0,0.0,0.0,0.0,0.0,238.749,31.159,108.584,-8275.016,M,sensor,0,,,,,,,
2026-06-11T15:54:51.099Z,REAL,MANUAL,0.0,0.0,0.0,0.0,0.0,238.965,31.159,108.584,-8275.016,M,sensor,0,,,,,,,
2026-06-11T15:54:51.199Z,REAL,MANUAL,0.0,0.0,0.0,0.0,0.0,239.174,31.159,108.584,-8275.016,M,sensor,0,,,,,,,
2026-06-11T15:54:51.299Z,REAL,MANUAL,0.0,0.0,0.0,0.0,0.0,238.942,31.159,108.584,-8275.016,M,sensor,0,,,,,,,
2026-06-11T15:54:51.399Z,REAL,MANUAL,0.0,0.0,0.0,0.0,0.0,238.997,31.159,108.584,-8275.016,M,sensor,0,,,,,,,
2026-06-11T15:54:51.499Z,REAL,MANUAL,0.0,0.0,0.0,0.0,0.0,239.058,31.159,108.584,-8275.016,M,sensor,0,,,,,,,
2026-06-11T15:54:51.599Z,REAL,MANUAL,0.0,0.0,0.0,0.0,0.0,238.949,31.159,108.584,-8275.016,M,sensor,0,,,,,,,
2026-06-11T15:54:51.699Z,REAL,MANUAL,0.0,0.0,0.0,0.0,0.0,238.903,31.159,108.584,-8275.016,M,sensor,0,,,,,,,
2026-06-11T15:54:51.799Z,REAL,MANUAL,0.0,0.0,0.0,0.0,0.0,239.01,31.159,108.584,-8275.016,M,sensor,0,,,,,,,
2026-06-11T15:54:51.899Z,REAL,MANUAL,0.0,0.0,0.0,0.0,0.0,239.017,31.159,108.584,-8275.016,M,sensor,0,,,,,,,
2026-06-11T15:54:51.999Z,REAL,MANUAL,0.0,0.0,0.0,0.0,0.0,238.975,31.159,108.584,-8275.016,M,sensor,0,,,,,,,
2026-06-11T15:54:52.099Z,REAL,MANUAL,0.0,0.0,0.0,0.0,0.0,238.858,31.159,108.584,-8275.016,M,sensor,0,,,,,,,
2026-06-11T15:54:52.199Z,REAL,MANUAL,0.0,0.0,0.0,0.0,0.0,238.881,31.159,108.584,-8275.016,M,sensor,0,,,,,,,
2026-06-11T15:54:52.299Z,REAL,MANUAL,0.0,0.0,0.0,0.0,0.0,239.052,31.159,108.584,-8275.016,M,sensor,0,,,,,,,
2026-06-11T15:54:52.399Z,REAL,MANUAL,0.0,0.0,0.0,0.0,0.0,239.023,31.159,108.584,-8275.016,M,sensor,0,,,,,,,
2026-06-11T15:54:52.499Z,REAL,MANUAL,0.0,0.0,0.0,0.0,0.0,239.003,31.159,108.584,-8275.016,M,sensor,0,,,,,,,
2026-06-11T15:54:52.599Z,REAL,MANUAL,0.0,0.0,0.0,0.0,0.0,238.81,31.159,108.584,-8275.016,M,sensor,0,,,,,,,
2026-06-11T15:54:52.699Z,REAL,MANUAL,0.0,0.0,0.0,0.0,0.0,238.832,31.159,108.584,-8275.016,M,sensor,0,,,,,,,
2026-06-11T15:54:52.799Z,REAL,MANUAL,0.0,0.0,0.0,0.0,0.0,238.736,31.159,108.584,-8275.016,M,sensor,0,,,,,,,
2026-06-11T15:54:52.899Z,REAL,MANUAL,0.0,0.0,0.0,0.0,0.0,238.951,31.159,108.584,-8275.016,M,sensor,0,,,,,,,
2026-06-11T15:54:52.999Z,REAL,MANUAL,0.0,0.0,0.0,0.0,0.0,238.929,31.159,108.584,-8275.016,M,sensor,0,,,,,,,
2026-06-11T15:54:53.099Z,REAL,MANUAL,0.0,0.0,0.0,0.0,0.0,238.791,31.159,108.584,-8275.016,M,sensor,0,,,,,,,
2026-06-11T15:54:53.199Z,REAL,MANUAL,0.0,0.0,0.0,0.0,0.0,238.98,31.159,108.898,-8275.016,M,sensor,0,,,,,,,
2026-06-11T15:54:53.299Z,REAL,MANUAL,0.0,0.0,0.0,0.0,0.0,238.926,31.159,108.898,-8275.016,M,sensor,0,,,,,,,
2026-06-11T15:54:53.399Z,REAL,MANUAL,0.0,0.0,0.0,0.0,0.0,238.842,31.159,108.898,-8275.016,M,sensor,0,,,,,,,
2026-06-11T15:54:53.499Z,REAL,MANUAL,0.0,0.0,0.0,0.0,0.0,239.0,31.159,108.898,-8275.016,M,sensor,0,,,,,,,
2026-06-11T15:54:53.599Z,REAL,MANUAL,0.0,0.0,0.0,0.0,0.0,238.98,31.159,108.898,-8275.016,M,sensor,0,,,,,,,
2026-06-11T15:54:53.699Z,REAL,MANUAL,0.0,0.0,0.0,0.0,0.0,238.729,31.159,108.898,-8275.016,M,sensor,0,,,,,,,
2026-06-11T15:54:53.799Z,REAL,MANUAL,0.0,0.0,0.0,0.0,0.0,238.794,31.159,108.898,-8275.016,M,sensor,0,,,,,,,
2026-06-11T15:54:53.899Z,REAL,MANUAL,0.0,0.0,0.0,0.0,0.0,238.778,31.159,108.898,-8275.016,M,sensor,0,,,,,,,
2026-06-11T15:54:53.999Z,REAL,MANUAL,0.0,0.0,0.0,0.0,0.0,238.948,31.159,108.898,-8275.016,M,sensor,0,,,,,,,
2026-06-11T15:54:54.099Z,REAL,MANUAL,0.0,0.0,0.0,0.0,0.0,238.881,31.159,108.898,-8275.016,M,sensor,0,,,,,,,
2026-06-11T15:54:54.199Z,REAL,MANUAL,0.0,0.0,0.0,0.0,0.0,238.916,31.159,108.898,-8275.016,M,sensor,0,,,,,,,
2026-06-11T15:54:54.299Z,REAL,MANUAL,0.0,0.0,0.0,0.0,0.0,238.8,31.159,108.898,-8275.016,M,sensor,0,,,,,,,
2026-06-11T15:54:54.399Z,REAL,MANUAL,0.0,0.0,0.0,0.0,0.0,238.784,31.159,108.898,-8275.016,M,sensor,0,,,,,,,
2026-06-11T15:54:54.499Z,REAL,MANUAL,0.0,0.0,0.0,0.0,0.0,238.904,31.159,108.898,-8275.016,M,sensor,0,,,,,,,
2026-06-11T15:54:54.599Z,REAL,MANUAL,0.0,0.0,0.0,0.0,0.0,238.668,31.159,108.898,-8275.016,M,sensor,0,,,,,,,
2026-06-11T15:54:54.699Z,REAL,MANUAL,0.0,0.0,0.0,0.0,0.0,238.82,31.159,108.898,-8275.016,M,sensor,0,,,,,,,
2026-06-11T15:54:54.799Z,REAL,MANUAL,0.0,0.0,0.0,0.0,0.0,238.894,31.159,108.898,-8275.016,M,sensor,0,,,,,,,
2026-06-11T15:54:54.899Z,REAL,MANUAL,0.0,0.0,0.0,0.0,0.0,239.012,31.159,108.898,-8275.016,M,sensor,0,,,,,,,
2026-06-11T15:54:54.999Z,REAL,MANUAL,0.0,0.0,0.0,0.0,0.0,239.003,31.159,108.898,-8275.016,M,sensor,0,,,,,,,
2026-06-11T15:54:55.099Z,REAL,MANUAL,0.0,0.0,0.0,0.0,0.0,238.813,31.159,108.898,-8275.016,M,sensor,0,,,,,,,
2026-06-11T15:54:55.199Z,REAL,MANUAL,0.0,0.0,0.0,0.0,0.0,238.72,31.159,108.898,-8275.016,M,sensor,0,,,,,,,
2026-06-11T15:54:55.299Z,REAL,MANUAL,0.0,0.0,0.0,0.0,0.0,238.758,31.159,108.898,-8275.016,M,sensor,0,,,,,,,
2026-06-11T15:54:55.399Z,REAL,MANUAL,0.0,0.0,0.0,0.0,0.0,238.823,31.159,108.898,-8275.016,M,sensor,0,,,,,,,
2026-06-11T15:54:55.499Z,REAL,MANUAL,0.0,0.0,0.0,0.0,0.0,238.881,31.159,108.898,-8275.016,M,sensor,0,,,,,,,
2026-06-11T15:54:55.599Z,REAL,MANUAL,0.0,0.0,0.0,0.0,0.0,238.965,31.159,108.898,-8275.016,M,sensor,0,,,,,,,
2026-06-11T15:54:55.699Z,REAL,MANUAL,0.0,0.0,0.0,0.0,0.0,238.926,31.159,108.898,-8275.016,M,sensor,0,,,,,,,
2026-06-11T15:54:55.799Z,REAL,MANUAL,0.0,0.0,0.0,0.0,0.0,238.774,31.159,108.898,-8275.016,M,sensor,0,,,,,,,
2026-06-11T15:54:55.899Z,REAL,MANUAL,0.0,0.0,0.0,0.0,0.0,238.794,31.159,108.898,-8275.016,M,sensor,0,,,,,,,
2026-06-11T15:54:55.999Z,REAL,MANUAL,0.0,0.0,0.0,0.0,0.0,238.704,31.159,108.898,-8275.016,M,sensor,0,,,,,,,
2026-06-11T15:54:56.099Z,REAL,MANUAL,0.0,0.0,0.0,0.0,0.0,238.803,31.159,108.584,-8275.016,M,sensor,0,,,,,,,
2026-06-11T15:54:56.199Z,REAL,MANUAL,0.0,0.0,0.0,0.0,0.0,238.671,31.159,108.898,-8275.016,M,sensor,0,,,,,,,
2026-06-11T15:54:56.299Z,REAL,MANUAL,0.0,0.0,0.0,0.0,0.0,238.881,31.159,108.898,-8275.016,M,sensor,0,,,,,,,
2026-06-11T15:54:56.399Z,REAL,MANUAL,0.0,0.0,0.0,0.0,0.0,238.916,31.474,108.898,-8275.016,M,sensor,0,,,,,,,
2026-06-11T15:54:56.499Z,REAL,MANUAL,0.0,0.0,0.0,0.0,0.0,238.82,31.159,108.584,-8275.016,M,sensor,0,,,,,,,
2026-06-11T15:54:56.599Z,REAL,MANUAL,0.0,0.0,0.0,0.0,0.0,238.768,31.159,108.584,-8275.016,M,sensor,0,,,,,,,
2026-06-11T15:54:56.699Z,REAL,MANUAL,0.0,0.0,0.0,0.0,0.0,238.861,31.159,108.584,-8275.016,M,sensor,0,,,,,,,
2026-06-11T15:54:56.798Z,REAL,MANUAL,0.0,0.0,0.0,0.0,0.0,238.884,31.159,108.584,-8275.016,M,sensor,0,,,,,,,
2026-06-11T15:54:56.899Z,REAL,MANUAL,0.0,0.0,0.0,0.0,0.0,238.985,31.159,108.584,-8275.016,M,sensor,0,,,,,,,
2026-06-11T15:54:56.999Z,REAL,MANUAL,0.0,0.0,0.0,0.0,0.0,238.839,31.159,108.584,-8275.016,M,sensor,0,,,,,,,
2026-06-11T15:54:57.099Z,REAL,MANUAL,0.0,0.0,0.0,0.0,0.0,238.871,31.159,108.584,-8275.016,M,sensor,0,,,,,,,
2026-06-11T15:54:57.199Z,REAL,MANUAL,0.0,0.0,0.0,0.0,0.0,238.871,31.159,108.584,-8275.016,M,sensor,0,,,,,,,
2026-06-11T15:54:57.299Z,REAL,MANUAL,0.0,0.0,0.0,0.0,0.0,239.074,31.159,108.584,-8275.016,M,sensor,0,,,,,,,
2026-06-11T15:54:57.399Z,REAL,MANUAL,0.0,0.0,0.0,0.0,0.0,238.997,31.159,108.584,-8275.016,M,sensor,0,,,,,,,
2026-06-11T15:54:57.499Z,REAL,MANUAL,0.0,0.0,0.0,0.0,0.0,239.052,31.159,108.584,-8275.016,M,sensor,0,,,,,,,
2026-06-11T15:54:57.599Z,REAL,MANUAL,0.0,0.0,0.0,0.0,0.0,238.787,31.159,108.584,-8275.016,M,sensor,0,,,,,,,
2026-06-11T15:54:57.699Z,REAL,MANUAL,0.0,0.0,0.0,0.0,0.0,238.855,31.159,108.584,-8275.016,M,sensor,0,,,,,,,
2026-06-11T15:54:57.799Z,REAL,MANUAL,0.0,0.0,0.0,0.0,0.0,238.839,31.159,108.584,-8275.016,M,sensor,0,,,,,,,
2026-06-11T15:54:57.899Z,REAL,MANUAL,0.0,0.0,0.0,0.0,0.0,238.778,31.159,108.584,-8275.016,M,sensor,0,,,,,,,
2026-06-11T15:54:57.998Z,REAL,MANUAL,0.0,0.0,0.0,0.0,0.0,238.765,31.159,108.584,-8275.016,M,sensor,0,,,,,,,
2026-06-11T15:54:58.099Z,REAL,MANUAL,0.0,0.0,0.0,0.0,0.0,238.897,31.159,108.584,-8275.016,M,sensor,0,,,,,,,
2026-06-11T15:54:58.199Z,REAL,MANUAL,0.0,0.0,0.0,0.0,0.0,238.942,31.159,108.584,-8275.016,M,sensor,0,,,,,,,
2026-06-11T15:54:58.298Z,REAL,MANUAL,0.0,0.0,0.0,0.0,0.0,238.813,31.159,108.584,-8275.016,M,sensor,0,,,,,,,
2026-06-11T15:54:58.398Z,REAL,MANUAL,0.0,0.0,0.0,0.0,0.0,238.955,31.159,108.584,-8275.016,M,sensor,0,,,,,,,
2026-06-11T15:54:58.499Z,REAL,MANUAL,0.0,0.0,0.0,0.0,0.0,238.862,31.159,108.584,-8275.016,M,sensor,0,,,,,,,
2026-06-11T15:54:58.598Z,REAL,MANUAL,0.0,0.0,0.0,0.0,0.0,238.942,31.159,108.584,-8275.016,M,sensor,0,,,,,,,
2026-06-11T15:54:58.698Z,REAL,MANUAL,0.0,0.0,0.0,0.0,0.0,238.726,30.844,108.584,-8275.016,M,sensor,0,,,,,,,
2026-06-11T15:54:58.798Z,REAL,MANUAL,0.0,0.0,0.0,0.0,0.0,238.765,30.844,108.584,-8275.016,M,sensor,0,,,,,,,
2026-06-11T15:54:58.898Z,REAL,MANUAL,0.0,0.0,0.0,0.0,0.0,238.874,30.844,108.584,-8275.016,M,sensor,0,,,,,,,
2026-06-11T15:54:58.998Z,REAL,MANUAL,0.0,0.0,0.0,0.0,0.0,238.823,30.844,108.584,-8275.016,M,sensor,0,,,,,,,
2026-06-11T15:54:59.098Z,REAL,MANUAL,0.0,0.0,0.0,0.0,0.0,238.964,30.844,108.584,-8275.016,M,sensor,0,,,,,,,
2026-06-11T15:54:59.198Z,REAL,MANUAL,0.0,0.0,0.0,0.0,0.0,238.765,30.844,108.584,-8275.016,M,sensor,0,,,,,,,
2026-06-11T15:54:59.298Z,REAL,MANUAL,0.0,0.0,0.0,0.0,0.0,239.009,30.844,108.584,-8275.016,M,sensor,0,,,,,,,
2026-06-11T15:54:59.398Z,REAL,MANUAL,0.0,0.0,0.0,0.0,0.0,238.865,30.844,108.584,-8275.016,M,sensor,0,,,,,,,
2026-06-11T15:54:59.498Z,REAL,MANUAL,0.0,0.0,0.0,0.0,0.0,238.884,30.844,108.584,-8275.016,M,sensor,0,,,,,,,
2026-06-11T15:54:59.598Z,REAL,MANUAL,0.0,0.0,0.0,0.0,0.0,238.91,30.844,108.584,-8275.016,M,sensor,0,,,,,,,
2026-06-11T15:54:59.698Z,REAL,MANUAL,0.0,0.0,0.0,0.0,0.0,238.736,30.844,108.584,-8275.016,M,sensor,0,,,,,,,
2026-06-11T15:54:59.798Z,REAL,MANUAL,0.0,0.0,0.0,0.0,0.0,238.904,30.844,108.584,-8275.016,M,sensor,0,,,,,,,
2026-06-11T15:54:59.898Z,REAL,MANUAL,0.0,0.0,0.0,0.0,0.0,238.871,30.844,108.584,-8275.016,M,sensor,0,,,,,,,
2026-06-11T15:54:59.999Z,REAL,MANUAL,0.0,0.0,0.0,0.0,0.0,238.89,30.844,108.584,-8275.016,M,sensor,0,,,,,,,
2026-06-11T15:55:00.098Z,REAL,MANUAL,0.0,0.0,0.0,0.0,0.0,238.954,30.844,108.584,-8275.016,M,sensor,0,,,,,,,
2026-06-11T15:55:00.198Z,REAL,MANUAL,0.0,0.0,0.0,0.0,0.0,238.881,30.844,108.584,-8275.016,M,sensor,0,,,,,,,
2026-06-11T15:55:00.298Z,REAL,MANUAL,0.0,0.0,0.0,0.0,0.0,238.951,30.844,108.584,-8275.016,M,sensor,0,,,,,,,
2026-06-11T15:55:00.398Z,REAL,MANUAL,0.0,0.0,0.0,0.0,0.0,239.015,30.844,108.584,-8275.016,M,sensor,0,,,,,,,
2026-06-11T15:55:00.498Z,REAL,MANUAL,0.0,0.0,0.0,0.0,0.0,238.961,30.844,108.584,-8275.016,M,sensor,0,,,,,,,
2026-06-11T15:55:00.598Z,REAL,MANUAL,0.0,0.0,0.0,0.0,0.0,238.878,30.844,108.584,-8275.016,M,sensor,0,,,,,,,
2026-06-11T15:55:00.699Z,REAL,MANUAL,0.0,0.0,0.0,0.0,0.0,238.716,30.844,108.584,-8275.016,M,sensor,0,,,,,,,
2026-06-11T15:55:00.798Z,REAL,MANUAL,0.0,0.0,0.0,0.0,0.0,238.858,30.844,108.584,-8275.016,M,sensor,0,,,,,,,
2026-06-11T15:55:00.899Z,REAL,MANUAL,0.0,0.0,0.0,0.0,0.0,238.832,30.844,108.584,-8275.016,M,sensor,0,,,,,,,
2026-06-11T15:55:00.999Z,REAL,MANUAL,0.0,0.0,0.0,0.0,0.0,238.778,30.844,108.584,-8275.016,M,sensor,0,,,,,,,
2026-06-11T15:55:01.099Z,REAL,MANUAL,0.0,0.0,0.0,0.0,0.0,238.794,30.844,108.584,-8275.016,M,sensor,0,,,,,,,
2026-06-11T15:55:01.199Z,REAL,MANUAL,0.0,0.0,0.0,0.0,0.0,238.871,30.844,108.584,-8275.016,M,sensor,0,,,,,,,
2026-06-11T15:55:01.299Z,REAL,MANUAL,0.0,0.0,0.0,0.0,0.0,238.784,30.844,108.584,-8275.016,M,sensor,0,,,,,,,
2026-06-11T15:55:01.399Z,REAL,MANUAL,0.0,0.0,0.0,0.0,0.0,238.787,30.844,108.584,-8275.016,M,sensor,0,,,,,,,
2026-06-11T15:55:01.498Z,REAL,MANUAL,0.0,0.0,0.0,0.0,0.0,238.936,30.844,108.584,-8275.016,M,sensor,0,,,,,,,
2026-06-11T15:55:01.599Z,REAL,MANUAL,0.0,0.0,0.0,0.0,0.0,238.884,30.844,108.584,-8275.016,M,sensor,0,,,,,,,
2026-06-11T15:55:01.699Z,REAL,MANUAL,0.0,0.0,0.0,0.0,0.0,238.716,30.844,108.584,-8275.016,M,sensor,0,,,,,,,
2026-06-11T15:55:01.799Z,REAL,MANUAL,0.0,0.0,0.0,0.0,0.0,238.862,30.844,108.584,-8275.016,M,sensor,0,,,,,,,
2026-06-11T15:55:01.898Z,REAL,MANUAL,0.0,0.0,0.0,0.0,0.0,239.033,30.844,108.584,-8275.016,M,sensor,0,,,,,,,
2026-06-11T15:55:01.998Z,REAL,MANUAL,0.0,0.0,0.0,0.0,0.0,238.929,30.844,108.584,-8275.016,M,sensor,0,,,,,,,
2026-06-11T15:55:02.099Z,REAL,MANUAL,0.0,0.0,0.0,0.0,0.0,239.019,30.844,108.584,-8275.016,M,sensor,0,,,,,,,
2026-06-11T15:55:02.198Z,REAL,MANUAL,0.0,0.0,0.0,0.0,0.0,239.047,30.844,108.584,-8275.016,M,sensor,0,,,,,,,
2026-06-11T15:55:02.298Z,REAL,MANUAL,0.0,0.0,0.0,0.0,0.0,238.887,30.844,108.584,-8275.016,M,sensor,0,,,,,,,
2026-06-11T15:55:02.398Z,REAL,MANUAL,0.0,0.0,0.0,0.0,0.0,238.829,30.844,108.584,-8275.016,M,sensor,0,,,,,,,
2026-06-11T15:55:02.499Z,REAL,MANUAL,0.0,0.0,0.0,0.0,0.0,238.784,30.844,108.584,-8275.016,M,sensor,0,,,,,,,
2026-06-11T15:55:02.598Z,REAL,MANUAL,0.0,0.0,0.0,0.0,0.0,238.938,30.844,108.584,-8275.016,M,sensor,0,,,,,,,
2026-06-11T15:55:02.698Z,REAL,MANUAL,0.0,0.0,0.0,0.0,0.0,238.987,30.844,108.584,-8275.016,M,sensor,0,,,,,,,
2026-06-11T15:55:02.798Z,REAL,MANUAL,0.0,0.0,0.0,0.0,0.0,238.842,30.844,108.584,-8275.016,M,sensor,0,,,,,,,
2026-06-11T15:55:02.899Z,REAL,MANUAL,0.0,0.0,0.0,0.0,0.0,238.691,30.844,108.584,-8275.016,M,sensor,0,,,,,,,
2026-06-11T15:55:02.998Z,REAL,MANUAL,0.0,0.0,0.0,0.0,0.0,238.881,30.844,108.584,-8275.016,M,sensor,0,,,,,,,
2026-06-11T15:55:03.098Z,REAL,MANUAL,0.0,0.0,0.0,0.0,0.0,239.042,30.844,108.584,-8275.016,M,sensor,0,,,,,,,
2026-06-11T15:55:03.198Z,REAL,MANUAL,0.0,0.0,0.0,0.0,0.0,238.903,30.844,108.584,-8275.016,M,sensor,0,,,,,,,
2026-06-11T15:55:03.298Z,REAL,MANUAL,0.0,0.0,0.0,0.0,0.0,238.897,30.844,108.584,-8275.016,M,sensor,0,,,,,,,
2026-06-11T15:55:03.398Z,REAL,MANUAL,0.0,0.0,0.0,0.0,0.0,238.955,30.844,108.584,-8275.016,M,sensor,0,,,,,,,
2026-06-11T15:55:03.498Z,REAL,MANUAL,0.0,0.0,0.0,0.0,0.0,238.696,30.844,108.584,-8275.016,M,sensor,0,,,,,,,
2026-06-11T15:55:03.599Z,REAL,MANUAL,0.0,0.0,0.0,0.0,0.0,238.823,30.844,108.584,-8275.016,M,sensor,0,,,,,,,
2026-06-11T15:55:03.698Z,REAL,MANUAL,0.0,0.0,0.0,0.0,0.0,238.89,30.844,108.584,-8275.016,M,sensor,0,,,,,,,
2026-06-11T15:55:03.798Z,REAL,MANUAL,0.0,0.0,0.0,0.0,0.0,238.671,31.159,108.584,-8275.016,M,sensor,0,,,,,,,
2026-06-11T15:55:03.898Z,REAL,MANUAL,0.0,0.0,0.0,0.0,0.0,238.884,31.159,108.584,-8275.016,M,sensor,0,,,,,,,
2026-06-11T15:55:03.999Z,REAL,MANUAL,0.0,0.0,0.0,0.0,0.0,238.871,31.159,108.584,-8275.016,M,sensor,0,,,,,,,
2026-06-11T15:55:04.098Z,REAL,MANUAL,0.0,0.0,0.0,0.0,0.0,238.787,31.159,108.584,-8275.016,M,sensor,0,,,,,,,
2026-06-11T15:55:04.198Z,REAL,MANUAL,0.0,0.0,0.0,0.0,0.0,238.839,30.844,108.584,-8275.016,M,sensor,0,,,,,,,
2026-06-11T15:55:04.298Z,REAL,MANUAL,0.0,0.0,0.0,0.0,0.0,238.733,30.844,108.584,-8275.016,M,sensor,0,,,,,,,
2026-06-11T15:55:04.398Z,REAL,MANUAL,0.0,0.0,0.0,0.0,0.0,238.852,30.844,108.584,-8275.016,M,sensor,0,,,,,,,
2026-06-11T15:55:04.498Z,REAL,MANUAL,0.0,0.0,0.0,0.0,0.0,238.729,30.844,108.584,-8275.016,M,sensor,0,,,,,,,
2026-06-11T15:55:04.598Z,REAL,MANUAL,0.0,0.0,0.0,0.0,0.0,238.748,31.159,108.584,-8275.016,M,sensor,0,,,,,,,
2026-06-11T15:55:04.698Z,REAL,MANUAL,0.0,0.0,0.0,0.0,0.0,238.752,31.159,108.584,-8275.016,M,sensor,0,,,,,,,
2026-06-11T15:55:04.799Z,REAL,MANUAL,0.0,0.0,0.0,0.0,0.0,238.878,30.844,108.584,-8275.016,M,sensor,0,,,,,,,
2026-06-11T15:55:04.899Z,REAL,MANUAL,0.0,0.0,0.0,0.0,0.0,238.89,30.844,108.584,-8275.016,M,sensor,0,,,,,,,
2026-06-11T15:55:04.999Z,REAL,MANUAL,0.0,0.0,0.0,0.0,0.0,238.7,30.844,108.584,-8275.016,M,sensor,0,,,,,,,
2026-06-11T15:55:05.099Z,REAL,MANUAL,0.0,0.0,0.0,0.0,0.0,238.858,30.844,108.584,-8275.016,M,sensor,0,,,,,,,
2026-06-11T15:55:05.199Z,REAL,MANUAL,0.0,0.0,0.0,0.0,0.0,238.761,30.844,108.584,-8275.016,M,sensor,0,,,,,,,
2026-06-11T15:55:05.299Z,REAL,MANUAL,0.0,0.0,0.0,0.0,0.0,238.787,31.159,108.584,-8275.016,M,sensor,0,,,,,,,
2026-06-11T15:55:05.399Z,REAL,MANUAL,0.0,0.0,0.0,0.0,0.0,238.733,31.159,108.584,-8275.016,M,sensor,0,,,,,,,
2026-06-11T15:55:05.499Z,REAL,MANUAL,0.0,0.0,0.0,0.0,0.0,238.791,31.159,108.584,-8275.016,M,sensor,0,,,,,,,
2026-06-11T15:55:05.599Z,REAL,MANUAL,0.0,0.0,0.0,0.0,0.0,238.91,30.844,108.584,-8275.016,M,sensor,0,,,,,,,
2026-06-11T15:55:05.698Z,REAL,MANUAL,0.0,0.0,0.0,0.0,0.0,238.765,31.159,108.584,-8275.016,M,sensor,0,,,,,,,
2026-06-11T15:55:05.798Z,REAL,MANUAL,0.0,0.0,0.0,0.0,0.0,238.939,31.159,108.584,-8275.016,M,sensor,0,,,,,,,
2026-06-11T15:55:05.898Z,REAL,MANUAL,0.0,0.0,0.0,0.0,0.0,238.736,31.159,108.584,-8275.016,M,sensor,0,,,,,,,
2026-06-11T15:55:05.998Z,REAL,MANUAL,0.0,0.0,0.0,0.0,0.0,238.791,31.159,108.584,-8275.016,M,sensor,0,,,,,,,
2026-06-11T15:55:06.099Z,REAL,MANUAL,0.0,0.0,0.0,0.0,0.0,238.649,31.159,108.584,-8275.016,M,sensor,0,,,,,,,
2026-06-11T15:55:06.199Z,REAL,MANUAL,0.0,0.0,0.0,0.0,0.0,238.803,31.159,108.584,-8275.016,M,sensor,0,,,,,,,
2026-06-11T15:55:06.298Z,REAL,MANUAL,0.0,0.0,0.0,0.0,0.0,238.82,31.159,108.584,-8275.016,M,sensor,0,,,,,,,
2026-06-11T15:55:06.399Z,REAL,MANUAL,0.0,0.0,0.0,0.0,0.0,238.675,31.159,108.584,-8275.016,M,sensor,0,,,,,,,
2026-06-11T15:55:06.499Z,REAL,MANUAL,0.0,0.0,0.0,0.0,0.0,238.726,31.159,108.898,-8275.016,M,sensor,0,,,,,,,
2026-06-11T15:55:06.599Z,REAL,MANUAL,0.0,0.0,0.0,0.0,0.0,238.813,31.474,108.898,-8275.016,M,sensor,0,,,,,,,
2026-06-11T15:55:06.699Z,REAL,MANUAL,0.0,0.0,0.0,0.0,0.0,238.716,31.474,108.898,-8275.016,M,sensor,0,,,,,,,
2026-06-11T15:55:06.798Z,REAL,MANUAL,0.0,0.0,0.0,0.0,0.0,238.881,31.474,108.898,-8275.016,M,sensor,0,,,,,,,
2026-06-11T15:55:06.899Z,REAL,MANUAL,0.0,0.0,0.0,0.0,0.0,238.778,31.474,108.898,-8275.016,M,sensor,0,,,,,,,
2026-06-11T15:55:06.999Z,REAL,MANUAL,0.0,0.0,0.0,0.0,0.0,238.845,31.474,108.898,-8275.016,M,sensor,0,,,,,,,
2026-06-11T15:55:07.098Z,REAL,MANUAL,0.0,0.0,0.0,0.0,0.0,239.158,31.474,109.213,-8275.016,M,sensor,0,,,,,,,
2026-06-11T15:55:07.198Z,REAL,MANUAL,0.0,0.0,0.0,0.0,0.0,238.9,31.474,109.213,-8275.016,M,sensor,0,,,,,,,
2026-06-11T15:55:07.299Z,REAL,MANUAL,0.0,0.0,0.0,0.0,0.0,238.797,31.474,109.213,-8275.016,M,sensor,0,,,,,,,
2026-06-11T15:55:07.398Z,REAL,MANUAL,0.0,0.0,0.0,0.0,0.0,238.758,31.788,109.213,-8275.016,M,sensor,0,,,,,,,
2026-06-11T15:55:07.498Z,REAL,MANUAL,0.0,0.0,0.0,0.0,0.0,238.807,31.788,109.528,-8275.016,M,sensor,0,,,,,,,
2026-06-11T15:55:07.598Z,REAL,MANUAL,0.0,0.0,0.0,0.0,0.0,238.726,31.788,109.528,-8275.016,M,sensor,0,,,,,,,
2026-06-11T15:55:07.698Z,REAL,MANUAL,0.0,0.0,0.0,0.0,0.0,238.903,31.788,109.528,-8275.016,M,sensor,0,,,,,,,
2026-06-11T15:55:07.798Z,REAL,MANUAL,0.0,0.0,0.0,0.0,0.0,238.665,31.788,109.528,-8275.016,M,sensor,0,,,,,,,
2026-06-11T15:55:07.898Z,REAL,MANUAL,0.0,0.0,0.0,0.0,0.0,238.742,31.788,109.528,-8275.016,M,sensor,0,,,,,,,
2026-06-11T15:55:07.998Z,REAL,MANUAL,0.0,0.0,0.0,0.0,0.0,238.91,31.788,109.528,-8275.016,M,sensor,0,,,,,,,
2026-06-11T15:55:08.098Z,REAL,MANUAL,0.0,0.0,0.0,0.0,0.0,238.884,31.788,109.528,-8275.016,M,sensor,0,,,,,,,
2026-06-11T15:55:08.198Z,REAL,MANUAL,0.0,0.0,0.0,0.0,0.0,238.781,31.788,109.528,-8275.016,M,sensor,0,,,,,,,
2026-06-11T15:55:08.298Z,REAL,MANUAL,0.0,0.0,0.0,0.0,0.0,238.775,32.103,109.528,-8275.016,M,sensor,0,,,,,,,
2026-06-11T15:55:08.398Z,REAL,MANUAL,0.0,0.0,0.0,0.0,0.0,238.906,32.103,109.843,-8275.016,M,sensor,0,,,,,,,
2026-06-11T15:55:08.498Z,REAL,MANUAL,0.0,0.0,0.0,0.0,0.0,238.874,32.103,109.843,-8275.016,M,sensor,0,,,,,,,
2026-06-11T15:55:08.599Z,REAL,MANUAL,0.0,0.0,0.0,0.0,0.0,238.745,32.103,109.843,-8275.016,M,sensor,0,,,,,,,
2026-06-11T15:55:08.699Z,REAL,MANUAL,0.0,0.0,0.0,0.0,0.0,238.791,32.103,109.843,-8275.016,M,sensor,0,,,,,,,
2026-06-11T15:55:08.799Z,REAL,MANUAL,0.0,0.0,0.0,0.0,0.0,238.855,32.103,109.843,-8275.016,M,sensor,0,,,,,,,
2026-06-11T15:55:08.899Z,REAL,MANUAL,0.0,0.0,0.0,0.0,0.0,238.719,32.103,109.843,-8275.016,M,sensor,0,,,,,,,
2026-06-11T15:55:08.999Z,REAL,MANUAL,0.0,0.0,0.0,0.0,0.0,238.91,32.103,109.843,-8275.016,M,sensor,0,,,,,,,
2026-06-11T15:55:09.098Z,REAL,MANUAL,0.0,0.0,0.0,0.0,0.0,239.003,32.103,109.843,-8275.016,M,sensor,0,,,,,,,
2026-06-11T15:55:09.199Z,REAL,MANUAL,0.0,0.0,0.0,0.0,0.0,238.775,32.103,109.843,-8275.016,M,sensor,0,,,,,,,
2026-06-11T15:55:09.298Z,REAL,MANUAL,0.0,0.0,0.0,0.0,0.0,238.903,32.103,109.843,-8275.016,M,sensor,0,,,,,,,
2026-06-11T15:55:09.399Z,REAL,MANUAL,0.0,0.0,0.0,0.0,0.0,238.852,31.788,109.843,-8275.016,M,sensor,0,,,,,,,
2026-06-11T15:55:09.499Z,REAL,MANUAL,0.0,0.0,0.0,0.0,0.0,238.887,31.788,109.843,-8275.016,M,sensor,0,,,,,,,
2026-06-11T15:55:09.598Z,REAL,MANUAL,0.0,0.0,0.0,0.0,0.0,238.823,31.788,109.843,-8275.016,M,sensor,0,,,,,,,
2026-06-11T15:55:09.698Z,REAL,MANUAL,0.0,0.0,0.0,0.0,0.0,238.723,31.788,109.843,-8275.016,M,sensor,0,,,,,,,
2026-06-11T15:55:09.798Z,REAL,MANUAL,0.0,0.0,0.0,0.0,0.0,238.971,31.788,109.843,-8275.016,M,sensor,0,,,,,,,
2026-06-11T15:55:09.899Z,REAL,MANUAL,0.0,0.0,0.0,0.0,0.0,238.952,31.788,109.843,-8275.016,M,sensor,0,,,,,,,
2026-06-11T15:55:09.999Z,REAL,MANUAL,0.0,0.0,0.0,0.0,0.0,238.874,31.788,109.843,-8275.016,M,sensor,0,,,,,,,
2026-06-11T15:55:10.099Z,REAL,MANUAL,0.0,0.0,0.0,0.0,0.0,239.058,32.103,109.528,-8275.016,M,sensor,0,,,,,,,
2026-06-11T15:55:10.199Z,REAL,MANUAL,0.0,0.0,0.0,0.0,0.0,239.025,32.103,109.528,-8275.016,M,sensor,0,,,,,,,
2026-06-11T15:55:10.299Z,REAL,MANUAL,0.0,0.0,0.0,0.0,0.0,239.059,32.103,109.528,-8275.016,M,sensor,0,,,,,,,
2026-06-11T15:55:10.399Z,REAL,MANUAL,0.0,0.0,0.0,0.0,0.0,238.733,32.103,109.528,-8275.016,M,sensor,0,,,,,,,
2026-06-11T15:55:10.499Z,REAL,MANUAL,0.0,0.0,0.0,0.0,0.0,238.855,32.103,109.528,-8275.016,M,sensor,0,,,,,,,
2026-06-11T15:55:10.599Z,REAL,MANUAL,0.0,0.0,0.0,0.0,0.0,238.939,32.103,109.528,-8275.016,M,sensor,0,,,,,,,
2026-06-11T15:55:10.698Z,REAL,MANUAL,0.0,0.0,0.0,0.0,0.0,238.988,32.103,109.528,-8275.016,M,sensor,0,,,,,,,
2026-06-11T15:55:10.799Z,REAL,MANUAL,0.0,0.0,0.0,0.0,0.0,238.865,32.103,109.528,-8275.016,M,sensor,0,,,,,,,
2026-06-11T15:55:10.898Z,REAL,MANUAL,0.0,0.0,0.0,0.0,0.0,238.894,32.103,109.528,-8275.016,M,sensor,0,,,,,,,
2026-06-11T15:55:10.998Z,REAL,MANUAL,0.0,0.0,0.0,0.0,0.0,239.016,32.103,109.528,-8275.016,M,sensor,0,,,,,,,
2026-06-11T15:55:11.098Z,REAL,MANUAL,0.0,0.0,0.0,0.0,0.0,238.865,32.103,109.528,-8275.016,M,sensor,0,,,,,,,
2026-06-11T15:55:11.199Z,REAL,MANUAL,0.0,0.0,0.0,0.0,0.0,238.697,32.103,109.843,-8275.016,M,sensor,0,,,,,,,
2026-06-11T15:55:11.298Z,REAL,MANUAL,0.0,0.0,0.0,0.0,0.0,238.907,32.103,109.843,-8275.016,M,sensor,0,,,,,,,
2026-06-11T15:55:11.398Z,REAL,MANUAL,0.0,0.0,0.0,0.0,0.0,238.829,32.103,109.843,-8275.016,M,sensor,0,,,,,,,
2026-06-11T15:55:11.498Z,REAL,MANUAL,0.0,0.0,0.0,0.0,0.0,238.771,31.788,109.843,-8275.016,M,sensor,0,,,,,,,
2026-06-11T15:55:11.599Z,REAL,MANUAL,0.0,0.0,0.0,0.0,0.0,238.694,31.788,109.843,-8275.016,M,sensor,0,,,,,,,
2026-06-11T15:55:11.699Z,REAL,MANUAL,0.0,0.0,0.0,0.0,0.0,238.609,31.788,109.843,-8275.016,M,sensor,0,,,,,,,
2026-06-11T15:55:11.799Z,REAL,MANUAL,0.0,0.0,0.0,0.0,0.0,238.606,31.788,109.843,-8275.016,M,sensor,0,,,,,,,
2026-06-11T15:55:11.898Z,REAL,MANUAL,0.0,0.0,0.0,0.0,0.0,238.664,31.788,109.843,-8275.016,M,sensor,0,,,,,,,
2026-06-11T15:55:11.998Z,REAL,MANUAL,0.0,0.0,0.0,0.0,0.0,238.713,31.788,109.843,-8275.016,M,sensor,0,,,,,,,
2026-06-11T15:55:12.099Z,REAL,MANUAL,0.0,0.0,0.0,0.0,0.0,238.742,31.788,109.843,-8275.016,M,sensor,0,,,,,,,
2026-06-11T15:55:12.199Z,REAL,MANUAL,0.0,0.0,0.0,0.0,0.0,238.684,31.788,109.843,-8275.016,M,sensor,0,,,,,,,
2026-06-11T15:55:12.298Z,REAL,MANUAL,0.0,0.0,0.0,0.0,0.0,238.81,31.788,109.843,-8275.016,M,sensor,0,,,,,,,
2026-06-11T15:55:12.398Z,REAL,MANUAL,0.0,0.0,0.0,0.0,0.0,238.726,31.788,109.843,-8275.016,M,sensor,0,,,,,,,
2026-06-11T15:55:12.498Z,REAL,MANUAL,0.0,0.0,0.0,0.0,0.0,238.993,31.788,109.843,-8275.016,M,sensor,0,,,,,,,
2026-06-11T15:55:12.598Z,REAL,MANUAL,0.0,0.0,0.0,0.0,0.0,238.823,31.788,109.843,-8275.016,M,sensor,0,,,,,,,
2026-06-11T15:55:12.698Z,REAL,MANUAL,0.0,0.0,0.0,0.0,0.0,238.635,31.788,109.843,-8275.016,M,sensor,0,,,,,,,
2026-06-11T15:55:12.798Z,REAL,MANUAL,0.0,0.0,0.0,0.0,0.0,239.1,31.788,109.843,-8275.016,M,sensor,0,,,,,,,
2026-06-11T15:55:12.898Z,REAL,MANUAL,0.0,0.0,0.0,0.0,0.0,238.765,31.788,109.843,-8275.016,M,sensor,0,,,,,,,
2026-06-11T15:55:12.998Z,REAL,MANUAL,0.0,0.0,0.0,0.0,0.0,239.013,31.788,109.843,-8275.016,M,sensor,0,,,,,,,
2026-06-11T15:55:13.098Z,REAL,MANUAL,0.0,0.0,0.0,0.0,0.0,238.887,31.788,109.843,-8275.016,M,sensor,0,,,,,,,
2026-06-11T15:55:13.198Z,REAL,MANUAL,0.0,0.0,0.0,0.0,0.0,238.961,31.788,109.843,-8275.016,M,sensor,0,,,,,,,
2026-06-11T15:55:13.298Z,REAL,MANUAL,0.0,0.0,0.0,0.0,0.0,238.929,31.788,109.843,-8275.016,M,sensor,0,,,,,,,
2026-06-11T15:55:13.398Z,REAL,MANUAL,0.0,0.0,0.0,0.0,0.0,238.897,31.788,109.843,-8275.016,M,sensor,0,,,,,,,
2026-06-11T15:55:13.498Z,REAL,MANUAL,0.0,0.0,0.0,0.0,0.0,238.813,31.788,109.843,-8275.016,M,sensor,0,,,,,,,
2026-06-11T15:55:13.598Z,REAL,MANUAL,0.0,0.0,0.0,0.0,0.0,238.897,31.788,109.843,-8275.016,M,sensor,0,,,,,,,
2026-06-11T15:55:13.698Z,REAL,MANUAL,0.0,0.0,0.0,0.0,0.0,238.868,31.788,109.843,-8275.016,M,sensor,0,,,,,,,
2026-06-11T15:55:13.798Z,REAL,MANUAL,0.0,0.0,0.0,0.0,0.0,239.025,31.788,109.843,-8275.016,M,sensor,0,,,,,,,
2026-06-11T15:55:13.898Z,REAL,MANUAL,0.0,0.0,0.0,0.0,0.0,239.192,31.788,109.843,-8275.016,M,sensor,0,,,,,,,
2026-06-11T15:55:13.998Z,REAL,MANUAL,0.0,0.0,0.0,0.0,0.0,238.9,31.788,109.843,-8275.016,M,sensor,0,,,,,,,
2026-06-11T15:55:14.098Z,REAL,MANUAL,0.0,0.0,0.0,0.0,0.0,238.762,31.788,109.843,-8275.016,M,sensor,0,,,,,,,
2026-06-11T15:55:14.198Z,REAL,MANUAL,0.0,0.0,0.0,0.0,0.0,238.926,31.788,109.843,-8275.016,M,sensor,0,,,,,,,
2026-06-11T15:55:14.298Z,REAL,MANUAL,0.0,0.0,0.0,0.0,0.0,238.862,31.788,109.843,-8275.016,M,sensor,0,,,,,,,
2026-06-11T15:55:14.398Z,REAL,MANUAL,0.0,0.0,0.0,0.0,0.0,238.951,31.788,109.843,-8275.016,M,sensor,0,,,,,,,
2026-06-11T15:55:14.498Z,REAL,MANUAL,0.0,0.0,0.0,0.0,0.0,238.832,31.788,109.843,-8275.016,M,sensor,0,,,,,,,
2026-06-11T15:55:14.598Z,REAL,MANUAL,0.0,0.0,0.0,0.0,0.0,238.742,31.788,110.157,-8275.016,M,sensor,0,,,,,,,
2026-06-11T15:55:14.698Z,REAL,MANUAL,0.0,0.0,0.0,0.0,0.0,238.739,31.788,110.157,-8275.016,M,sensor,0,,,,,,,
2026-06-11T15:55:14.798Z,REAL,MANUAL,0.0,0.0,0.0,0.0,0.0,238.81,31.788,109.528,-8275.016,M,sensor,0,,,,,,,
2026-06-11T15:55:14.898Z,REAL,MANUAL,0.0,0.0,0.0,0.0,0.0,238.668,31.159,108.584,-8275.016,M,sensor,0,,,,,,,
2026-06-11T15:55:14.998Z,REAL,MANUAL,0.0,0.0,0.0,0.0,0.0,238.938,30.844,107.954,-8275.016,M,sensor,0,,,,,,,
2026-06-11T15:55:15.099Z,REAL,MANUAL,0.0,0.0,0.0,0.0,0.0,238.919,30.844,107.639,-8275.016,M,sensor,0,,,,,,,
2026-06-11T15:55:15.199Z,REAL,MANUAL,0.0,0.0,0.0,0.0,0.0,239.051,30.529,107.639,-8275.016,M,sensor,0,,,,,,,
2026-06-11T15:55:15.299Z,REAL,MANUAL,0.0,0.0,0.0,0.0,0.0,238.736,30.215,107.639,-8275.016,M,sensor,0,,,,,,,
2026-06-11T15:55:15.398Z,REAL,MANUAL,0.0,0.0,0.0,0.0,0.0,238.9,29.9,107.325,-8275.016,M,sensor,0,,,,,,,
2026-06-11T15:55:15.498Z,REAL,MANUAL,0.0,0.0,0.0,0.0,0.0,239.012,30.529,109.213,-8275.016,M,sensor,0,,,,,,,
2026-06-11T15:55:15.598Z,REAL,MANUAL,0.0,0.0,0.0,0.0,0.0,238.958,30.844,109.528,-8275.016,M,sensor,0,,,,,,,
2026-06-11T15:55:15.698Z,REAL,MANUAL,0.0,0.0,0.0,0.0,0.0,238.829,30.844,109.843,-8275.016,M,sensor,0,,,,,,,
2026-06-11T15:55:15.799Z,REAL,MANUAL,0.0,0.0,0.0,0.0,0.0,238.81,30.844,109.528,-8275.016,M,sensor,0,,,,,,,
2026-06-11T15:55:15.898Z,REAL,MANUAL,0.0,0.0,0.0,0.0,0.0,238.468,30.844,109.528,-8275.016,M,sensor,0,,,,,,,
2026-06-11T15:55:15.999Z,REAL,MANUAL,0.0,0.0,0.0,0.0,0.0,238.694,30.529,109.528,-8275.016,M,sensor,0,,,,,,,
2026-06-11T15:55:16.099Z,REAL,MANUAL,0.0,0.0,0.0,0.0,0.0,238.635,30.844,109.528,-8275.016,M,sensor,0,,,,,,,
2026-06-11T15:55:16.199Z,REAL,MANUAL,0.0,0.0,0.0,0.0,0.0,238.852,30.844,109.528,-8275.016,M,sensor,0,,,,,,,
2026-06-11T15:55:16.299Z,REAL,MANUAL,0.0,0.0,0.0,0.0,0.0,238.9,30.844,109.213,-8275.016,M,sensor,0,,,,,,,
2026-06-11T15:55:16.399Z,REAL,MANUAL,0.0,0.0,0.0,0.0,0.0,238.981,30.844,109.213,-8275.016,M,sensor,0,,,,,,,
2026-06-11T15:55:16.499Z,REAL,MANUAL,0.0,0.0,0.0,0.0,0.0,238.745,30.844,109.213,-8275.016,M,sensor,0,,,,,,,
2026-06-11T15:55:16.599Z,REAL,MANUAL,0.0,0.0,0.0,0.0,0.0,238.813,30.844,109.213,-8275.016,M,sensor,0,,,,,,,
2026-06-11T15:55:16.698Z,REAL,MANUAL,0.0,0.0,0.0,0.0,0.0,238.697,30.844,108.898,-8275.016,M,sensor,0,,,,,,,
2026-06-11T15:55:16.799Z,REAL,MANUAL,0.0,0.0,0.0,0.0,0.0,238.632,30.844,108.898,-8275.016,M,sensor,0,,,,,,,
2026-06-11T15:55:16.899Z,REAL,MANUAL,0.0,0.0,0.0,0.0,0.0,238.791,30.844,108.898,-8275.016,M,sensor,0,,,,,,,
2026-06-11T15:55:16.999Z,REAL,MANUAL,0.0,0.0,0.0,0.0,0.0,238.91,30.844,108.898,-8275.016,M,sensor,0,,,,,,,
2026-06-11T15:55:17.099Z,REAL,MANUAL,0.0,0.0,0.0,0.0,0.0,238.981,30.844,108.898,-8275.016,M,sensor,0,,,,,,,
2026-06-11T15:55:17.198Z,REAL,MANUAL,0.0,0.0,0.0,0.0,0.0,239.151,30.844,108.898,-8275.016,M,sensor,0,,,,,,,
2026-06-11T15:55:17.298Z,REAL,MANUAL,0.0,0.0,0.0,0.0,0.0,238.868,30.844,108.898,-8275.016,M,sensor,0,,,,,,,
2026-06-11T15:55:17.398Z,REAL,MANUAL,0.0,0.0,0.0,0.0,0.0,238.887,30.844,108.898,-8275.016,M,sensor,0,,,,,,,
2026-06-11T15:55:17.498Z,REAL,MANUAL,0.0,0.0,0.0,0.0,0.0,238.72,30.844,108.898,-8275.016,M,sensor,0,,,,,,,
2026-06-11T15:55:17.598Z,REAL,MANUAL,0.0,0.0,0.0,0.0,0.0,238.72,30.844,108.898,-8275.016,M,sensor,0,,,,,,,
2026-06-11T15:55:17.698Z,REAL,MANUAL,0.0,0.0,0.0,0.0,0.0,238.626,30.844,108.898,-8275.016,M,sensor,0,,,,,,,
2026-06-11T15:55:17.798Z,REAL,MANUAL,0.0,0.0,0.0,0.0,0.0,238.762,30.844,108.584,-8275.016,M,sensor,0,,,,,,,
2026-06-11T15:55:17.898Z,REAL,MANUAL,0.0,0.0,0.0,0.0,0.0,238.858,30.844,108.584,-8275.016,M,sensor,0,,,,,,,
2026-06-11T15:55:17.998Z,REAL,MANUAL,0.0,0.0,0.0,0.0,0.0,238.771,30.844,108.584,-8275.016,M,sensor,0,,,,,,,
2026-06-11T15:55:18.098Z,REAL,MANUAL,0.0,0.0,0.0,0.0,0.0,238.89,30.844,108.584,-8275.016,M,sensor,0,,,,,,,
2026-06-11T15:55:18.198Z,REAL,MANUAL,0.0,0.0,0.0,0.0,0.0,238.813,30.844,108.269,-8275.016,M,sensor,0,,,,,,,
2026-06-11T15:55:18.298Z,REAL,MANUAL,0.0,0.0,0.0,0.0,0.0,238.697,30.844,108.269,-8275.016,M,sensor,0,,,,,,,
2026-06-11T15:55:18.398Z,REAL,MANUAL,0.0,0.0,0.0,0.0,0.0,238.823,30.844,108.269,-8275.016,M,sensor,0,,,,,,,
2026-06-11T15:55:18.498Z,REAL,MANUAL,0.0,0.0,0.0,0.0,0.0,239.032,30.844,108.269,-8275.016,M,sensor,0,,,,,,,
2026-06-11T15:55:18.598Z,REAL,MANUAL,0.0,0.0,0.0,0.0,0.0,238.842,30.844,108.269,-8275.016,M,sensor,0,,,,,,,
2026-06-11T15:55:18.698Z,REAL,MANUAL,0.0,0.0,0.0,0.0,0.0,238.762,30.844,108.269,-8275.016,M,sensor,0,,,,,,,
2026-06-11T15:55:18.798Z,REAL,MANUAL,0.0,0.0,0.0,0.0,0.0,238.7,30.844,108.269,-8275.016,M,sensor,0,,,,,,,
2026-06-11T15:55:18.898Z,REAL,MANUAL,0.0,0.0,0.0,0.0,0.0,238.742,30.844,108.269,-8275.016,M,sensor,0,,,,,,,
2026-06-11T15:55:18.998Z,REAL,MANUAL,0.0,0.0,0.0,0.0,0.0,238.82,30.844,108.269,-8275.016,M,sensor,0,,,,,,,
2026-06-11T15:55:19.098Z,REAL,MANUAL,0.0,0.0,0.0,0.0,0.0,238.807,30.844,108.269,-8275.016,M,sensor,0,,,,,,,
2026-06-11T15:55:19.198Z,REAL,MANUAL,0.0,0.0,0.0,0.0,0.0,238.926,30.844,108.269,-8275.016,M,sensor,0,,,,,,,
2026-06-11T15:55:19.298Z,REAL,MANUAL,0.0,0.0,0.0,0.0,0.0,238.651,30.844,108.269,-8275.016,M,sensor,0,,,,,,,
2026-06-11T15:55:19.398Z,REAL,MANUAL,0.0,0.0,0.0,0.0,0.0,238.691,30.844,108.269,-8275.016,M,sensor,0,,,,,,,
2026-06-11T15:55:19.499Z,REAL,MANUAL,0.0,0.0,0.0,0.0,0.0,238.981,30.844,108.269,-8275.016,M,sensor,0,,,,,,,
2026-06-11T15:55:19.598Z,REAL,MANUAL,0.0,0.0,0.0,0.0,0.0,239.096,30.844,108.269,-8275.016,M,sensor,0,,,,,,,
2026-06-11T15:55:19.698Z,REAL,MANUAL,0.0,0.0,0.0,0.0,0.0,239.057,30.844,108.269,-8275.016,M,sensor,0,,,,,,,
2026-06-11T15:55:19.798Z,REAL,MANUAL,0.0,0.0,0.0,0.0,0.0,238.878,30.844,108.269,-8275.016,M,sensor,0,,,,,,,
2026-06-11T15:55:19.898Z,REAL,MANUAL,0.0,0.0,0.0,0.0,0.0,238.904,30.844,108.269,-8275.016,M,sensor,0,,,,,,,
2026-06-11T15:55:19.998Z,REAL,MANUAL,0.0,0.0,0.0,0.0,0.0,238.881,30.844,107.954,-8275.016,M,sensor,0,,,,,,,
2026-06-11T15:55:20.098Z,REAL,MANUAL,0.0,0.0,0.0,0.0,0.0,238.664,30.844,107.954,-8275.016,M,sensor,0,,,,,,,
2026-06-11T15:55:20.198Z,REAL,MANUAL,0.0,0.0,0.0,0.0,0.0,238.59,30.844,107.954,-8275.016,M,sensor,0,,,,,,,
2026-06-11T15:55:20.298Z,REAL,MANUAL,0.0,0.0,0.0,0.0,0.0,238.681,30.844,108.269,-8275.016,M,sensor,0,,,,,,,
2026-06-11T15:55:20.398Z,REAL,MANUAL,0.0,0.0,0.0,0.0,0.0,238.849,30.844,108.269,-8275.016,M,sensor,0,,,,,,,
2026-06-11T15:55:20.498Z,REAL,MANUAL,0.0,0.0,0.0,0.0,0.0,238.997,30.844,107.954,-8275.016,M,sensor,0,,,,,,,
2026-06-11T15:55:20.598Z,REAL,MANUAL,0.0,0.0,0.0,0.0,0.0,238.794,30.844,107.954,-8275.016,M,sensor,0,,,,,,,
2026-06-11T15:55:20.698Z,REAL,MANUAL,0.0,0.0,0.0,0.0,0.0,238.939,30.844,107.954,-8275.016,M,sensor,0,,,,,,,
2026-06-11T15:55:20.798Z,REAL,MANUAL,0.0,0.0,0.0,0.0,0.0,238.958,30.844,107.954,-8275.016,M,sensor,0,,,,,,,
2026-06-11T15:55:20.898Z,REAL,MANUAL,0.0,0.0,0.0,0.0,0.0,238.807,30.844,107.954,-8275.016,M,sensor,0,,,,,,,
2026-06-11T15:55:20.998Z,REAL,MANUAL,0.0,0.0,0.0,0.0,0.0,238.762,30.844,107.954,-8275.016,M,sensor,0,,,,,,,
2026-06-11T15:55:21.098Z,REAL,MANUAL,0.0,0.0,0.0,0.0,0.0,238.823,30.844,107.954,-8275.016,M,sensor,0,,,,,,,
2026-06-11T15:55:21.198Z,REAL,MANUAL,0.0,0.0,0.0,0.0,0.0,238.919,30.844,107.954,-8275.016,M,sensor,0,,,,,,,
2026-06-11T15:55:21.298Z,REAL,MANUAL,0.0,0.0,0.0,0.0,0.0,238.954,30.844,107.954,-8275.016,M,sensor,0,,,,,,,
2026-06-11T15:55:21.398Z,REAL,MANUAL,0.0,0.0,0.0,0.0,0.0,238.861,30.844,107.954,-8275.016,M,sensor,0,,,,,,,
2026-06-11T15:55:21.498Z,REAL,MANUAL,0.0,0.0,0.0,0.0,0.0,238.668,30.844,107.954,-8275.016,M,sensor,0,,,,,,,
2026-06-11T15:55:21.598Z,REAL,MANUAL,0.0,0.0,0.0,0.0,0.0,238.807,30.844,107.954,-8275.016,M,sensor,0,,,,,,,
2026-06-11T15:55:21.698Z,REAL,MANUAL,0.0,0.0,0.0,0.0,0.0,238.878,30.844,108.269,-8275.016,M,sensor,0,,,,,,,
2026-06-11T15:55:21.798Z,REAL,MANUAL,0.0,0.0,0.0,0.0,0.0,238.868,30.844,108.269,-8275.016,M,sensor,0,,,,,,,
2026-06-11T15:55:21.898Z,REAL,MANUAL,0.0,0.0,0.0,0.0,0.0,238.726,30.844,108.269,-8275.016,M,sensor,0,,,,,,,
2026-06-11T15:55:21.999Z,REAL,MANUAL,0.0,0.0,0.0,0.0,0.0,238.823,30.844,108.269,-8275.016,M,sensor,0,,,,,,,
2026-06-11T15:55:22.099Z,REAL,MANUAL,0.0,0.0,0.0,0.0,0.0,238.791,30.844,108.269,-8275.016,M,sensor,0,,,,,,,
2026-06-11T15:55:22.199Z,REAL,MANUAL,0.0,0.0,0.0,0.0,0.0,238.836,30.844,108.269,-8275.016,M,sensor,0,,,,,,,
2026-06-11T15:55:22.299Z,REAL,MANUAL,0.0,0.0,0.0,0.0,0.0,239.01,30.844,108.269,-8275.016,M,sensor,0,,,,,,,
2026-06-11T15:55:22.398Z,REAL,MANUAL,0.0,0.0,0.0,0.0,0.0,239.051,30.844,108.269,-8275.016,M,sensor,0,,,,,,,
2026-06-11T15:55:22.498Z,REAL,MANUAL,0.0,0.0,0.0,0.0,0.0,238.774,30.844,108.269,-8275.016,M,sensor,0,,,,,,,
2026-06-11T15:55:22.599Z,REAL,MANUAL,0.0,0.0,0.0,0.0,0.0,238.961,30.844,108.269,-8275.016,M,sensor,0,,,,,,,
2026-06-11T15:55:22.699Z,REAL,MANUAL,0.0,0.0,0.0,0.0,0.0,238.893,30.844,108.269,-8275.016,M,sensor,0,,,,,,,
2026-06-11T15:55:22.798Z,REAL,MANUAL,0.0,0.0,0.0,0.0,0.0,238.884,30.529,108.269,-8275.016,M,sensor,0,,,,,,,
2026-06-11T15:55:22.898Z,REAL,MANUAL,0.0,0.0,0.0,0.0,0.0,238.904,30.529,108.269,-8275.016,M,sensor,0,,,,,,,
2026-06-11T15:55:22.998Z,REAL,MANUAL,0.0,0.0,0.0,0.0,0.0,238.871,30.529,108.269,-8275.016,M,sensor,0,,,,,,,
2026-06-11T15:55:23.099Z,REAL,MANUAL,0.0,0.0,0.0,0.0,0.0,238.855,30.844,108.269,-8275.016,M,sensor,0,,,,,,,
2026-06-11T15:55:23.198Z,REAL,MANUAL,0.0,0.0,0.0,0.0,0.0,238.82,30.844,108.269,-8275.016,M,sensor,0,,,,,,,
2026-06-11T15:55:23.298Z,REAL,MANUAL,0.0,0.0,0.0,0.0,0.0,238.729,30.844,107.954,-8275.016,M,sensor,0,,,,,,,
2026-06-11T15:55:23.398Z,REAL,MANUAL,0.0,0.0,0.0,0.0,0.0,238.816,30.844,107.954,-8275.016,M,sensor,0,,,,,,,
2026-06-11T15:55:23.498Z,REAL,MANUAL,0.0,0.0,0.0,0.0,0.0,238.855,30.844,107.954,-8275.016,M,sensor,0,,,,,,,
2026-06-11T15:55:23.598Z,REAL,MANUAL,0.0,0.0,0.0,0.0,0.0,238.816,30.844,107.954,-8275.016,M,sensor,0,,,,,,,
2026-06-11T15:55:23.698Z,REAL,MANUAL,0.0,0.0,0.0,0.0,0.0,238.971,30.844,107.954,-8275.016,M,sensor,0,,,,,,,
2026-06-11T15:55:23.798Z,REAL,MANUAL,0.0,0.0,0.0,0.0,0.0,238.975,30.844,107.954,-8275.016,M,sensor,0,,,,,,,
2026-06-11T15:55:23.898Z,REAL,MANUAL,0.0,0.0,0.0,0.0,0.0,238.891,30.844,107.954,-8275.016,M,sensor,0,,,,,,,
2026-06-11T15:55:23.998Z,REAL,MANUAL,0.0,0.0,0.0,0.0,0.0,238.784,30.844,107.954,-8275.016,M,sensor,0,,,,,,,
2026-06-11T15:55:24.098Z,REAL,MANUAL,0.0,0.0,0.0,0.0,0.0,238.813,30.844,107.954,-8275.016,M,sensor,0,,,,,,,
2026-06-11T15:55:24.198Z,REAL,MANUAL,0.0,0.0,0.0,0.0,0.0,238.839,30.844,107.954,-8275.016,M,sensor,0,,,,,,,
2026-06-11T15:55:24.298Z,REAL,MANUAL,0.0,0.0,0.0,0.0,0.0,238.913,30.844,107.954,-8275.016,M,sensor,0,,,,,,,
2026-06-11T15:55:24.398Z,REAL,MANUAL,0.0,0.0,0.0,0.0,0.0,239.022,30.844,107.954,-8275.016,M,sensor,0,,,,,,,
2026-06-11T15:55:24.498Z,REAL,MANUAL,0.0,0.0,0.0,0.0,0.0,238.816,30.844,107.954,-8275.016,M,sensor,0,,,,,,,
2026-06-11T15:55:24.598Z,REAL,MANUAL,0.0,0.0,0.0,0.0,0.0,239.096,30.844,107.954,-8275.016,M,sensor,0,,,,,,,
2026-06-11T15:55:24.698Z,REAL,MANUAL,0.0,0.0,0.0,0.0,0.0,238.823,30.844,107.954,-8275.016,M,sensor,0,,,,,,,
2026-06-11T15:55:24.798Z,REAL,MANUAL,0.0,0.0,0.0,0.0,0.0,238.797,30.844,107.954,-8275.016,M,sensor,0,,,,,,,
2026-06-11T15:55:24.898Z,REAL,MANUAL,0.0,0.0,0.0,0.0,0.0,239.051,31.159,108.269,-8275.016,M,sensor,0,,,,,,,
2026-06-11T15:55:24.998Z,REAL,MANUAL,0.0,0.0,0.0,0.0,0.0,238.955,30.529,107.954,-8275.016,M,sensor,0,,,,,,,
2026-06-11T15:55:25.098Z,REAL,MANUAL,0.0,0.0,0.0,0.0,0.0,238.996,31.159,107.954,-8275.016,M,sensor,0,,,,,,,
2026-06-11T15:55:25.198Z,REAL,MANUAL,0.0,0.0,0.0,0.0,0.0,238.839,30.844,107.639,-8275.016,M,sensor,0,,,,,,,
2026-06-11T15:55:25.298Z,REAL,MANUAL,0.0,0.0,0.0,0.0,0.0,238.923,30.844,107.639,-8275.016,M,sensor,0,,,,,,,
2026-06-11T15:55:25.398Z,REAL,MANUAL,0.0,0.0,0.0,0.0,0.0,238.842,30.844,107.639,-8275.016,M,sensor,0,,,,,,,
2026-06-11T15:55:25.498Z,REAL,MANUAL,0.0,0.0,0.0,0.0,0.0,238.955,30.844,107.639,-8275.016,M,sensor,0,,,,,,,
2026-06-11T15:55:25.598Z,REAL,MANUAL,0.0,0.0,0.0,0.0,0.0,238.9,30.844,107.954,-8275.016,M,sensor,0,,,,,,,
2026-06-11T15:55:25.698Z,REAL,MANUAL,0.0,0.0,0.0,0.0,0.0,238.884,31.159,107.954,-8275.016,M,sensor,0,,,,,,,
2026-06-11T15:55:25.798Z,REAL,MANUAL,0.0,0.0,0.0,0.0,0.0,238.913,31.159,107.954,-8275.016,M,sensor,0,,,,,,,
2026-06-11T15:55:25.898Z,REAL,MANUAL,0.0,0.0,0.0,0.0,0.0,238.893,31.159,107.954,-8275.016,M,sensor,0,,,,,,,
2026-06-11T15:55:25.998Z,REAL,MANUAL,0.0,0.0,0.0,0.0,0.0,238.99,31.474,107.954,-8275.016,M,sensor,0,,,,,,,
2026-06-11T15:55:26.098Z,REAL,MANUAL,0.0,0.0,0.0,0.0,0.0,238.922,31.474,108.269,-8275.016,M,sensor,0,,,,,,,
2026-06-11T15:55:26.198Z,REAL,MANUAL,0.0,0.0,0.0,0.0,0.0,238.842,31.474,108.269,-8275.016,M,sensor,0,,,,,,,
2026-06-11T15:55:26.298Z,REAL,MANUAL,0.0,0.0,0.0,0.0,0.0,238.794,31.788,108.269,-8275.016,M,sensor,0,,,,,,,
2026-06-11T15:55:26.398Z,REAL,MANUAL,0.0,0.0,0.0,0.0,0.0,238.752,32.103,108.269,-8275.016,M,sensor,0,,,,,,,
2026-06-11T15:55:26.498Z,REAL,MANUAL,0.0,0.0,0.0,0.0,0.0,238.829,32.103,108.584,-8275.016,M,sensor,0,,,,,,,
2026-06-11T15:55:26.598Z,REAL,MANUAL,0.0,0.0,0.0,0.0,0.0,238.399,31.474,107.954,-8276.589,M,sensor,0,,,,,,,
2026-06-11T15:55:26.698Z,REAL,MANUAL,0.0,0.0,0.0,0.0,0.0,238.362,31.788,107.954,-8276.589,M,sensor,0,,,,,,,
2026-06-11T15:55:26.798Z,REAL,MANUAL,0.0,0.0,0.0,0.0,0.0,238.299,31.788,107.954,-8276.589,M,sensor,0,,,,,,,
2026-06-11T15:55:26.898Z,REAL,MANUAL,0.0,0.0,0.0,0.0,0.0,238.387,31.474,107.325,-8276.589,M,sensor,0,,,,,,,
2026-06-11T15:55:26.998Z,REAL,MANUAL,0.0,0.0,0.0,0.0,0.0,238.57,31.474,107.325,-8276.589,M,sensor,0,,,,,,,
2026-06-11T15:55:27.098Z,REAL,MANUAL,0.0,0.0,0.0,0.0,0.0,238.41,31.788,107.639,-8276.589,M,sensor,0,,,,,,,
2026-06-11T15:55:27.199Z,REAL,MANUAL,0.0,0.0,0.0,0.0,0.0,238.485,31.474,107.325,-8276.589,M,sensor,0,,,,,,,
2026-06-11T15:55:27.299Z,REAL,MANUAL,0.0,0.0,0.0,0.0,0.0,238.46,31.474,107.325,-8276.589,M,sensor,0,,,,,,,
2026-06-11T15:55:27.399Z,REAL,MANUAL,0.0,0.0,0.0,0.0,0.0,238.441,31.474,107.325,-8276.589,M,sensor,0,,,,,,,
2026-06-11T15:55:27.498Z,REAL,MANUAL,0.0,0.0,0.0,0.0,0.0,238.556,31.788,107.325,-8276.589,M,sensor,0,,,,,,,
2026-06-11T15:55:27.598Z,REAL,MANUAL,0.0,0.0,0.0,0.0,0.0,238.385,31.788,107.325,-8276.589,M,sensor,0,,,,,,,
2026-06-11T15:55:27.698Z,REAL,MANUAL,0.0,0.0,0.0,0.0,0.0,238.246,31.788,107.325,-8276.589,M,sensor,0,,,,,,,
2026-06-11T15:55:27.798Z,REAL,MANUAL,0.0,0.0,0.0,0.0,0.0,238.428,31.788,107.639,-8276.589,M,sensor,0,,,,,,,
2026-06-11T15:55:27.898Z,REAL,MANUAL,0.0,0.0,0.0,0.0,0.0,238.543,31.788,107.639,-8276.589,M,sensor,0,,,,,,,
2026-06-11T15:55:27.998Z,REAL,MANUAL,0.0,0.0,0.0,0.0,0.0,238.18,32.103,107.639,-8276.589,M,sensor,0,,,,,,,
2026-06-11T15:55:28.099Z,REAL,MANUAL,0.0,0.0,0.0,0.0,0.0,238.307,32.103,107.954,-8276.589,M,sensor,0,,,,,,,
2026-06-11T15:55:28.198Z,REAL,MANUAL,0.0,0.0,0.0,0.0,0.0,238.337,32.103,107.639,-8276.589,M,sensor,0,,,,,,,
2026-06-11T15:55:28.299Z,REAL,MANUAL,0.0,0.0,0.0,0.0,0.0,238.675,32.103,107.639,-8276.589,M,sensor,0,,,,,,,
2026-06-11T15:55:28.399Z,REAL,MANUAL,0.0,0.0,0.0,0.0,0.0,238.382,31.788,107.639,-8276.589,M,sensor,0,,,,,,,
2026-06-11T15:55:28.498Z,REAL,MANUAL,0.0,0.0,0.0,0.0,0.0,238.263,31.788,107.954,-8276.589,M,sensor,0,,,,,,,
2026-06-11T15:55:28.598Z,REAL,MANUAL,0.0,0.0,0.0,0.0,0.0,238.253,31.788,107.954,-8276.589,M,sensor,0,,,,,,,
2026-06-11T15:55:28.698Z,REAL,MANUAL,0.0,0.0,0.0,0.0,0.0,238.284,31.788,107.954,-8276.589,M,sensor,0,,,,,,,
2026-06-11T15:55:28.798Z,REAL,MANUAL,0.0,0.0,0.0,0.0,0.0,238.301,31.788,107.954,-8276.589,M,sensor,0,,,,,,,
2026-06-11T15:55:28.898Z,REAL,MANUAL,0.0,0.0,0.0,0.0,0.0,238.339,31.788,108.269,-8276.589,M,sensor,0,,,,,,,
2026-06-11T15:55:28.998Z,REAL,MANUAL,0.0,0.0,0.0,0.0,0.0,238.241,31.788,108.269,-8276.589,M,sensor,0,,,,,,,
2026-06-11T15:55:29.098Z,REAL,MANUAL,0.0,0.0,0.0,0.0,0.0,238.101,31.788,108.269,-8276.589,M,sensor,0,,,,,,,
2026-06-11T15:55:29.198Z,REAL,MANUAL,0.0,0.0,0.0,0.0,0.0,238.191,31.788,108.269,-8276.589,M,sensor,0,,,,,,,
2026-06-11T15:55:29.298Z,REAL,MANUAL,0.0,0.0,0.0,0.0,0.0,238.267,31.788,108.584,-8276.589,M,sensor,0,,,,,,,
2026-06-11T15:55:29.398Z,REAL,MANUAL,0.0,0.0,0.0,0.0,0.0,238.489,31.788,108.584,-8276.589,M,sensor,0,,,,,,,
2026-06-11T15:55:29.498Z,REAL,MANUAL,0.0,0.0,0.0,0.0,0.0,238.069,31.788,108.584,-8276.589,M,sensor,0,,,,,,,
2026-06-11T15:55:29.599Z,REAL,MANUAL,0.0,0.0,0.0,0.0,0.0,238.338,31.788,108.584,-8276.589,M,sensor,0,,,,,,,
2026-06-11T15:55:29.699Z,REAL,MANUAL,0.0,0.0,0.0,0.0,0.0,238.413,31.788,108.584,-8276.589,M,sensor,0,,,,,,,
2026-06-11T15:55:29.798Z,REAL,MANUAL,0.0,0.0,0.0,0.0,0.0,238.451,31.788,108.584,-8276.589,M,sensor,0,,,,,,,
2026-06-11T15:55:29.898Z,REAL,MANUAL,0.0,0.0,0.0,0.0,0.0,238.261,31.788,108.584,-8276.589,M,sensor,0,,,,,,,
2026-06-11T15:55:29.998Z,REAL,MANUAL,0.0,0.0,0.0,0.0,0.0,238.527,31.788,108.584,-8276.589,M,sensor,0,,,,,,,
2026-06-11T15:55:30.098Z,REAL,MANUAL,0.0,0.0,0.0,0.0,0.0,238.5,31.788,108.584,-8276.589,M,sensor,0,,,,,,,
2026-06-11T15:55:30.199Z,REAL,MANUAL,0.0,0.0,0.0,0.0,0.0,238.396,31.788,108.898,-8276.589,M,sensor,0,,,,,,,
2026-06-11T15:55:30.299Z,REAL,MANUAL,0.0,0.0,0.0,0.0,0.0,238.386,31.788,108.898,-8276.589,M,sensor,0,,,,,,,
2026-06-11T15:55:30.398Z,REAL,MANUAL,0.0,0.0,0.0,0.0,0.0,238.518,31.788,108.898,-8276.589,M,sensor,0,,,,,,,
2026-06-11T15:55:30.498Z,REAL,MANUAL,0.0,0.0,0.0,0.0,0.0,238.466,31.788,108.584,-8276.589,M,sensor,0,,,,,,,
2026-06-11T15:55:30.598Z,REAL,MANUAL,0.0,0.0,0.0,0.0,0.0,238.516,31.474,108.584,-8276.589,M,sensor,0,,,,,,,
2026-06-11T15:55:30.698Z,REAL,MANUAL,0.0,0.0,0.0,0.0,0.0,238.398,31.474,108.898,-8276.589,M,sensor,0,,,,,,,
2026-06-11T15:55:30.798Z,REAL,MANUAL,0.0,0.0,0.0,0.0,0.0,238.295,31.474,108.898,-8276.589,M,sensor,0,,,,,,,
2026-06-11T15:55:30.898Z,REAL,MANUAL,0.0,0.0,0.0,0.0,0.0,238.498,31.474,108.898,-8276.589,M,sensor,0,,,,,,,
2026-06-11T15:55:30.999Z,REAL,MANUAL,0.0,0.0,0.0,0.0,0.0,238.396,31.474,108.898,-8276.589,M,sensor,0,,,,,,,
2026-06-11T15:55:31.098Z,REAL,MANUAL,0.0,0.0,0.0,0.0,0.0,238.382,31.474,108.898,-8276.589,M,sensor,0,,,,,,,
2026-06-11T15:55:31.198Z,REAL,MANUAL,0.0,0.0,0.0,0.0,0.0,238.457,31.474,108.898,-8276.589,M,sensor,0,,,,,,,
2026-06-11T15:55:31.298Z,REAL,MANUAL,0.0,0.0,0.0,0.0,0.0,238.31,31.474,108.898,-8276.589,M,sensor,0,,,,,,,
2026-06-11T15:55:31.398Z,REAL,MANUAL,0.0,0.0,0.0,0.0,0.0,238.3,31.474,108.898,-8276.589,M,sensor,0,,,,,,,
2026-06-11T15:55:31.498Z,REAL,MANUAL,0.0,0.0,0.0,0.0,0.0,238.147,31.474,108.898,-8276.589,M,sensor,0,,,,,,,
2026-06-11T15:55:31.598Z,REAL,MANUAL,0.0,0.0,0.0,0.0,0.0,238.429,31.788,108.898,-8276.589,M,sensor,0,,,,,,,
2026-06-11T15:55:31.698Z,REAL,MANUAL,0.0,0.0,0.0,0.0,0.0,238.414,31.788,108.898,-8276.589,M,sensor,0,,,,,,,
2026-06-11T15:55:31.798Z,REAL,MANUAL,0.0,0.0,0.0,0.0,0.0,238.504,31.788,108.898,-8276.589,M,sensor,0,,,,,,,
2026-06-11T15:55:31.898Z,REAL,MANUAL,0.0,0.0,0.0,0.0,0.0,238.492,31.474,109.213,-8276.589,M,sensor,0,,,,,,,
2026-06-11T15:55:31.998Z,REAL,MANUAL,0.0,0.0,0.0,0.0,0.0,238.397,31.474,109.213,-8276.589,M,sensor,0,,,,,,,
2026-06-11T15:55:32.098Z,REAL,MANUAL,0.0,0.0,0.0,0.0,0.0,238.464,31.474,109.213,-8276.589,M,sensor,0,,,,,,,
2026-06-11T15:55:32.198Z,REAL,MANUAL,0.0,0.0,0.0,0.0,0.0,238.211,31.474,109.213,-8276.589,M,sensor,0,,,,,,,
2026-06-11T15:55:32.298Z,REAL,MANUAL,0.0,0.0,0.0,0.0,0.0,238.505,31.474,109.213,-8276.589,M,sensor,0,,,,,,,
2026-06-11T15:55:32.399Z,REAL,MANUAL,0.0,0.0,0.0,0.0,0.0,238.393,31.474,109.213,-8276.589,M,sensor,0,,,,,,,
2026-06-11T15:55:32.499Z,REAL,MANUAL,0.0,0.0,0.0,0.0,0.0,238.387,31.474,109.213,-8276.589,M,sensor,0,,,,,,,
2026-06-11T15:55:32.598Z,REAL,MANUAL,0.0,0.0,0.0,0.0,0.0,238.35,31.474,109.213,-8276.589,M,sensor,0,,,,,,,
2026-06-11T15:55:32.698Z,REAL,MANUAL,0.0,0.0,0.0,0.0,0.0,238.558,31.474,109.213,-8276.589,M,sensor,0,,,,,,,
2026-06-11T15:55:32.798Z,REAL,MANUAL,0.0,0.0,0.0,0.0,0.0,238.639,31.474,109.213,-8276.589,M,sensor,0,,,,,,,
2026-06-11T15:55:32.898Z,REAL,MANUAL,0.0,0.0,0.0,0.0,0.0,238.423,31.788,109.213,-8276.589,M,sensor,0,,,,,,,
2026-06-11T15:55:32.998Z,REAL,MANUAL,0.0,0.0,0.0,0.0,0.0,238.539,31.788,109.213,-8276.589,M,sensor,0,,,,,,,
2026-06-11T15:55:33.099Z,REAL,MANUAL,0.0,0.0,0.0,0.0,0.0,238.612,31.788,109.213,-8276.589,M,sensor,0,,,,,,,
2026-06-11T15:55:33.198Z,REAL,MANUAL,0.0,0.0,0.0,0.0,0.0,238.564,31.788,108.898,-8276.589,M,sensor,0,,,,,,,
2026-06-11T15:55:33.298Z,REAL,MANUAL,0.0,0.0,0.0,0.0,0.0,238.38,31.788,108.584,-8276.589,M,sensor,0,,,,,,,
2026-06-11T15:55:33.398Z,REAL,MANUAL,0.0,0.0,0.0,0.0,0.0,238.624,31.788,108.898,-8276.589,M,sensor,0,,,,,,,
2026-06-11T15:55:33.498Z,REAL,MANUAL,0.0,0.0,0.0,0.0,0.0,238.502,33.362,109.843,-8276.589,M,sensor,0,,,,,,,
2026-06-11T15:55:33.598Z,REAL,MANUAL,0.0,0.0,0.0,0.0,0.0,238.381,33.047,109.843,-8276.589,M,sensor,0,,,,,,,
2026-06-11T15:55:33.698Z,REAL,MANUAL,0.0,0.0,0.0,0.0,0.0,238.633,33.047,109.213,-8276.589,M,sensor,0,,,,,,,
2026-06-11T15:55:33.798Z,REAL,MANUAL,0.0,0.0,0.0,0.0,0.0,238.614,33.677,109.843,-8276.589,M,sensor,0,,,,,,,
2026-06-11T15:55:33.898Z,REAL,MANUAL,0.0,0.0,0.0,0.0,0.0,238.38,35.25,111.101,-8276.589,M,sensor,0,,,,,,,
2026-06-11T15:55:33.998Z,REAL,MANUAL,0.0,0.0,0.0,0.0,0.0,238.523,34.621,110.787,-8276.589,M,sensor,0,,,,,,,
2026-06-11T15:55:34.098Z,REAL,MANUAL,0.0,0.0,0.0,0.0,0.0,238.475,33.991,110.787,-8276.589,M,sensor,0,,,,,,,
2026-06-11T15:55:34.198Z,REAL,MANUAL,0.0,0.0,0.0,0.0,0.0,238.398,35.25,111.731,-8276.589,M,sensor,0,,,,,,,
2026-06-11T15:55:34.298Z,REAL,MANUAL,0.0,0.0,0.0,0.0,0.0,238.524,33.677,110.157,-8276.589,M,sensor,0,,,,,,,
2026-06-11T15:55:34.398Z,REAL,MANUAL,0.0,0.0,0.0,0.0,0.0,238.41,33.362,110.157,-8276.589,M,sensor,0,,,,,,,
2026-06-11T15:55:34.498Z,REAL,MANUAL,0.0,0.0,0.0,0.0,0.0,238.742,32.732,109.843,-8276.589,M,sensor,0,,,,,,,
2026-06-11T15:55:34.598Z,REAL,MANUAL,0.0,0.0,0.0,0.0,0.0,238.627,33.677,110.472,-8276.589,M,sensor,0,,,,,,,
2026-06-11T15:55:34.698Z,REAL,MANUAL,0.0,0.0,0.0,0.0,0.0,238.501,34.936,112.046,-8276.589,M,sensor,0,,,,,,,
2026-06-11T15:55:34.798Z,REAL,MANUAL,0.0,0.0,0.0,0.0,0.0,238.627,33.677,111.416,-8276.589,M,sensor,0,,,,,,,
2026-06-11T15:55:34.898Z,REAL,MANUAL,0.0,0.0,0.0,0.0,0.0,238.511,32.418,109.528,-8276.589,M,sensor,0,,,,,,,
2026-06-11T15:55:34.998Z,REAL,MANUAL,0.0,0.0,0.0,0.0,0.0,238.672,32.103,109.213,-8276.589,M,sensor,0,,,,,,,
2026-06-11T15:55:35.098Z,REAL,MANUAL,0.0,0.0,0.0,0.0,0.0,238.481,34.621,111.416,-8276.589,M,sensor,0,,,,,,,
2026-06-11T15:55:35.198Z,REAL,MANUAL,0.0,0.0,0.0,0.0,0.0,238.479,34.306,111.101,-8276.589,M,sensor,0,,,,,,,
2026-06-11T15:55:35.298Z,REAL,MANUAL,0.0,0.0,0.0,0.0,0.0,238.459,32.103,109.843,-8276.589,M,sensor,0,,,,,,,
2026-06-11T15:55:35.398Z,REAL,MANUAL,0.0,0.0,0.0,0.0,0.0,238.529,31.788,108.898,-8276.589,M,sensor,0,,,,,,,
2026-06-11T15:55:35.498Z,REAL,MANUAL,0.0,0.0,0.0,0.0,0.0,238.479,33.991,111.101,-8276.275,M,sensor,0,,,,,,,
2026-06-11T15:55:35.598Z,REAL,MANUAL,0.0,0.0,0.0,0.0,0.0,238.63,32.732,109.843,-8274.701,M,sensor,0,,,,,,,
2026-06-11T15:55:35.698Z,REAL,MANUAL,0.0,0.0,0.0,0.0,0.0,238.445,31.474,108.269,-8272.813,M,sensor,0,,,,,,,
2026-06-11T15:55:35.798Z,REAL,MANUAL,0.0,0.0,0.0,0.0,0.0,238.681,30.844,107.954,-8271.554,M,sensor,0,,,,,,,
2026-06-11T15:55:35.898Z,REAL,MANUAL,0.0,0.0,0.0,0.0,0.0,238.285,31.788,108.898,-8269.98,M,sensor,0,,,,,,,
2026-06-11T15:55:35.998Z,REAL,MANUAL,0.0,0.0,0.0,0.0,0.0,238.52,33.047,110.157,-8268.406,M,sensor,0,,,,,,,
2026-06-11T15:55:36.098Z,REAL,MANUAL,0.0,0.0,0.0,0.0,0.0,238.456,32.418,108.269,-8266.833,M,sensor,0,,,,,,,
2026-06-11T15:55:36.198Z,REAL,MANUAL,0.0,0.0,0.0,0.0,0.0,238.765,32.103,108.269,-8265.888,M,sensor,0,,,,,,,
2026-06-11T15:55:36.298Z,REAL,MANUAL,0.0,0.0,0.0,0.0,0.0,238.62,32.103,108.269,-8265.259,M,sensor,0,,,,,,,
2026-06-11T15:55:36.398Z,REAL,MANUAL,0.0,0.0,0.0,0.0,0.0,238.556,32.103,108.269,-8264.315,M,sensor,0,,,,,,,
2026-06-11T15:55:36.498Z,REAL,MANUAL,0.0,0.0,0.0,0.0,0.0,238.62,32.103,107.954,-8263.685,M,sensor,0,,,,,,,
2026-06-11T15:55:36.599Z,REAL,MANUAL,0.0,0.0,0.0,0.0,0.0,238.26,32.418,107.954,-8263.37,M,sensor,0,,,,,,,
2026-06-11T15:55:36.698Z,REAL,MANUAL,0.0,0.0,0.0,0.0,0.0,238.469,32.418,108.269,-8263.056,M,sensor,0,,,,,,,
2026-06-11T15:55:36.798Z,REAL,MANUAL,0.0,0.0,0.0,0.0,0.0,238.501,32.103,108.269,-8263.056,M,sensor,0,,,,,,,
2026-06-11T15:55:36.898Z,REAL,MANUAL,0.0,0.0,0.0,0.0,0.0,238.44,32.103,108.269,-8262.741,M,sensor,0,,,,,,,
2026-06-11T15:55:36.998Z,REAL,MANUAL,0.0,0.0,0.0,0.0,0.0,238.424,32.103,108.269,-8262.426,M,sensor,0,,,,,,,
2026-06-11T15:55:37.098Z,REAL,MANUAL,0.0,0.0,0.0,0.0,0.0,238.518,32.103,108.584,-8262.426,M,sensor,0,,,,,,,
2026-06-11T15:55:37.198Z,REAL,MANUAL,0.0,0.0,0.0,0.0,0.0,238.52,32.103,108.584,-8262.112,M,sensor,0,,,,,,,
2026-06-11T15:55:37.298Z,REAL,MANUAL,0.0,0.0,0.0,0.0,0.0,238.639,32.103,108.584,-8262.112,M,sensor,0,,,,,,,
2026-06-11T15:55:37.398Z,REAL,MANUAL,0.0,0.0,0.0,0.0,0.0,238.333,32.418,108.898,-8262.112,M,sensor,0,,,,,,,
2026-06-11T15:55:37.498Z,REAL,MANUAL,0.0,0.0,0.0,0.0,0.0,238.791,34.936,110.472,-8261.797,M,sensor,0,,,,,,,
2026-06-11T15:55:37.599Z,REAL,MANUAL,0.0,0.0,0.0,0.0,0.0,238.642,34.306,110.472,-8261.482,M,sensor,0,,,,,,,
2026-06-11T15:55:37.699Z,REAL,MANUAL,0.0,0.0,0.0,0.0,0.0,238.669,33.991,110.472,-8261.167,M,sensor,0,,,,,,,
2026-06-11T15:55:37.798Z,REAL,MANUAL,0.0,0.0,0.0,0.0,0.0,238.575,33.991,110.787,-8260.223,M,sensor,0,,,,,,,
2026-06-11T15:55:37.898Z,REAL,MANUAL,0.0,0.0,0.0,0.0,0.0,238.426,33.677,110.787,-8259.279,M,sensor,0,,,,,,,
2026-06-11T15:55:37.998Z,REAL,MANUAL,0.0,0.0,0.0,0.0,0.0,238.497,33.362,110.472,-8258.649,M,sensor,0,,,,,,,
2026-06-11T15:55:38.098Z,REAL,MANUAL,0.0,0.0,0.0,0.0,0.0,238.474,33.362,111.101,-8257.705,M,sensor,0,,,,,,,
2026-06-11T15:55:38.198Z,REAL,MANUAL,0.0,0.0,0.0,0.0,0.0,238.597,32.732,110.472,-8257.391,M,sensor,0,,,,,,,
2026-06-11T15:55:38.298Z,REAL,MANUAL,0.0,0.0,0.0,0.0,0.0,238.762,32.732,111.101,-8257.076,M,sensor,0,,,,,,,
2026-06-11T15:55:38.398Z,REAL,MANUAL,0.0,0.0,0.0,0.0,0.0,238.491,33.362,111.731,-8256.761,M,sensor,0,,,,,,,
2026-06-11T15:55:38.498Z,REAL,MANUAL,0.0,0.0,0.0,0.0,0.0,238.416,33.677,112.675,-8255.817,M,sensor,0,,,,,,,
2026-06-11T15:55:38.598Z,REAL,MANUAL,0.0,0.0,0.0,0.0,0.0,238.617,33.677,113.305,-8255.187,M,sensor,0,,,,,,,
2026-06-11T15:55:38.698Z,REAL,MANUAL,0.0,0.0,0.0,0.0,0.0,238.749,33.677,111.731,-8254.558,M,sensor,0,,,,,,,
2026-06-11T15:55:38.798Z,REAL,MANUAL,0.0,0.0,0.0,0.0,0.0,238.623,33.362,105.122,-8255.187,M,sensor,0,,,,,,,
2026-06-11T15:55:38.899Z,REAL,MANUAL,0.0,0.0,0.0,0.0,0.0,237.387,31.788,103.233,-8254.243,M,sensor,0,,,,,,,
2026-06-11T15:55:38.999Z,REAL,MANUAL,0.0,0.0,0.0,0.0,0.0,238.343,32.732,102.918,-8252.355,M,sensor,0,,,,,,,
2026-06-11T15:55:39.099Z,REAL,MANUAL,0.0,0.0,0.0,0.0,0.0,237.706,31.788,103.863,-8238.192,M,sensor,0,,,,,,,
2026-06-11T15:55:39.199Z,REAL,MANUAL,0.0,0.0,0.0,0.0,0.0,236.143,32.732,103.548,-8230.323,M,sensor,0,,,,,,,
2026-06-11T15:55:39.298Z,REAL,MANUAL,0.0,0.0,0.0,0.0,0.0,238.552,34.621,103.548,-8231.268,M,sensor,0,,,,,,,
2026-06-11T15:55:39.399Z,REAL,MANUAL,0.0,0.0,0.0,0.0,0.0,238.491,35.565,103.233,-8231.897,M,sensor,0,,,,,,,
2026-06-11T15:55:39.498Z,REAL,MANUAL,0.0,0.0,0.0,0.0,0.0,236.126,35.88,102.918,-8226.861,M,sensor,0,,,,,,,
2026-06-11T15:55:39.598Z,REAL,MANUAL,0.0,0.0,0.0,0.0,0.0,238.07,33.677,100.715,-8227.176,M,sensor,0,,,,,,,
2026-06-11T15:55:39.698Z,REAL,MANUAL,0.0,0.0,0.0,0.0,0.0,238.797,33.677,100.715,-8229.694,M,sensor,0,,,,,,,
2026-06-11T15:55:39.798Z,REAL,MANUAL,0.0,0.0,0.0,0.0,0.0,238.942,33.677,101.03,-8232.526,M,sensor,0,,,,,,,
2026-06-11T15:55:39.898Z,REAL,MANUAL,0.0,0.0,0.0,0.0,0.0,237.658,33.677,101.03,-8233.785,M,sensor,0,,,,,,,
2026-06-11T15:55:39.998Z,REAL,MANUAL,0.0,0.0,0.0,0.0,0.0,238.679,33.677,101.03,-8235.044,M,sensor,0,,,,,,,
2026-06-11T15:55:40.098Z,REAL,MANUAL,0.0,0.0,0.0,0.0,0.0,238.275,33.362,101.03,-8235.989,M,sensor,0,,,,,,,
2026-06-11T15:55:40.199Z,REAL,MANUAL,0.0,0.0,0.0,0.0,0.0,237.852,33.362,100.715,-8238.821,M,sensor,0,,,,,,,
2026-06-11T15:55:40.298Z,REAL,MANUAL,0.0,0.0,0.0,0.0,0.0,237.057,33.362,100.715,-8241.654,M,sensor,0,,,,,,,
2026-06-11T15:55:40.398Z,REAL,MANUAL,0.0,0.0,0.0,0.0,0.0,236.919,33.362,100.715,-8244.172,M,sensor,0,,,,,,,
2026-06-11T15:55:40.498Z,REAL,MANUAL,0.0,0.0,0.0,0.0,0.0,238.342,33.362,100.715,-8246.69,M,sensor,0,,,,,,,
2026-06-11T15:55:40.598Z,REAL,MANUAL,0.0,0.0,0.0,0.0,0.0,238.262,33.362,100.715,-8248.893,M,sensor,0,,,,,,,
2026-06-11T15:55:40.698Z,REAL,MANUAL,0.0,0.0,0.0,0.0,0.0,238.303,33.362,100.401,-8251.096,M,sensor,0,,,,,,,
2026-06-11T15:55:40.798Z,REAL,MANUAL,0.0,0.0,0.0,0.0,0.0,236.521,33.362,100.401,-8252.984,M,sensor,0,,,,,,,
2026-06-11T15:55:40.898Z,REAL,MANUAL,0.0,0.0,0.0,0.0,0.0,238.781,33.362,100.401,-8254.873,M,sensor,0,,,,,,,
2026-06-11T15:55:40.998Z,REAL,MANUAL,0.0,0.0,0.0,0.0,0.0,236.412,33.362,100.401,-8256.761,M,sensor,0,,,,,,,
2026-06-11T15:55:41.098Z,REAL,MANUAL,0.0,0.0,0.0,0.0,0.0,236.966,33.362,100.401,-8258.335,M,sensor,0,,,,,,,
2026-06-11T15:55:41.199Z,REAL,MANUAL,0.0,0.0,0.0,0.0,0.0,236.842,33.362,100.086,-8260.223,M,sensor,0,,,,,,,
2026-06-11T15:55:41.298Z,REAL,MANUAL,0.0,0.0,0.0,0.0,0.0,237.266,33.362,100.086,-8261.482,M,sensor,0,,,,,,,
2026-06-11T15:55:41.398Z,REAL,MANUAL,0.0,0.0,0.0,0.0,0.0,238.411,33.362,100.086,-8263.056,M,sensor,0,,,,,,,
2026-06-11T15:55:41.498Z,REAL,MANUAL,0.0,0.0,0.0,0.0,0.0,238.102,33.362,100.086,-8264.315,M,sensor,0,,,,,,,
2026-06-11T15:55:41.598Z,REAL,MANUAL,0.0,0.0,0.0,0.0,0.0,237.886,33.362,100.086,-8265.574,M,sensor,0,,,,,,,
2026-06-11T15:55:41.698Z,REAL,MANUAL,0.0,0.0,0.0,0.0,0.0,236.235,33.362,99.771,-8266.833,M,sensor,0,,,,,,,
2026-06-11T15:55:41.798Z,REAL,MANUAL,0.0,0.0,0.0,0.0,0.0,238.602,33.362,99.771,-8267.777,M,sensor,0,,,,,,,
2026-06-11T15:55:41.898Z,REAL,MANUAL,0.0,0.0,0.0,0.0,0.0,237.023,33.362,99.771,-8269.036,M,sensor,0,,,,,,,
2026-06-11T15:55:41.998Z,REAL,MANUAL,0.0,0.0,0.0,0.0,0.0,237.319,33.362,99.771,-8269.98,M,sensor,0,,,,,,,
2026-06-11T15:55:42.098Z,REAL,MANUAL,0.0,0.0,0.0,0.0,0.0,238.481,33.362,99.771,-8270.924,M,sensor,0,,,,,,,
2026-06-11T15:55:42.198Z,REAL,MANUAL,0.0,0.0,0.0,0.0,0.0,238.316,33.362,99.456,-8271.868,M,sensor,0,,,,,,,
2026-06-11T15:55:42.298Z,REAL,MANUAL,0.0,0.0,0.0,0.0,0.0,237.364,33.362,99.456,-8272.498,M,sensor,0,,,,,,,
2026-06-11T15:55:42.398Z,REAL,MANUAL,0.0,0.0,0.0,0.0,0.0,236.16,33.362,99.456,-8273.442,M,sensor,0,,,,,,,
2026-06-11T15:55:42.498Z,REAL,MANUAL,0.0,0.0,0.0,0.0,0.0,236.945,33.362,99.456,-8274.071,M,sensor,0,,,,,,,
2026-06-11T15:55:42.598Z,REAL,MANUAL,0.0,0.0,0.0,0.0,0.0,238.897,33.362,99.456,-8274.701,M,sensor,0,,,,,,,
2026-06-11T15:55:42.698Z,REAL,MANUAL,0.0,0.0,0.0,0.0,0.0,237.704,33.362,99.456,-8275.33,M,sensor,0,,,,,,,
2026-06-11T15:55:42.799Z,REAL,MANUAL,0.0,0.0,0.0,0.0,0.0,238.041,33.362,99.142,-8275.96,M,sensor,0,,,,,,,
2026-06-11T15:55:42.899Z,REAL,MANUAL,0.0,0.0,0.0,0.0,0.0,236.573,33.362,99.142,-8276.904,M,sensor,0,,,,,,,
2026-06-11T15:55:42.999Z,REAL,MANUAL,0.0,0.0,0.0,0.0,0.0,238.186,33.362,99.142,-8277.534,M,sensor,0,,,,,,,
2026-06-11T15:55:43.098Z,REAL,MANUAL,0.0,0.0,0.0,0.0,0.0,236.091,33.362,99.142,-8277.848,M,sensor,0,,,,,,,
2026-06-11T15:55:43.198Z,REAL,MANUAL,0.0,0.0,0.0,0.0,0.0,236.795,33.362,99.142,-8278.478,M,sensor,0,,,,,,,
2026-06-11T15:55:43.298Z,REAL,MANUAL,0.0,0.0,0.0,0.0,0.0,237.414,33.362,99.142,-8278.793,M,sensor,0,,,,,,,
2026-06-11T15:55:43.398Z,REAL,MANUAL,0.0,0.0,0.0,0.0,0.0,238.553,33.362,99.142,-8279.107,M,sensor,0,,,,,,,
2026-06-11T15:55:43.498Z,REAL,MANUAL,0.0,0.0,0.0,0.0,0.0,236.825,33.362,99.142,-8279.737,M,sensor,0,,,,,,,
2026-06-11T15:55:43.598Z,REAL,MANUAL,0.0,0.0,0.0,0.0,0.0,238.887,33.362,99.142,-8280.051,M,sensor,0,,,,,,,
2026-06-11T15:55:43.698Z,REAL,MANUAL,0.0,0.0,0.0,0.0,0.0,238.635,33.362,99.142,-8280.366,M,sensor,0,,,,,,,
2026-06-11T15:55:43.798Z,REAL,MANUAL,0.0,0.0,0.0,0.0,0.0,239.108,33.362,99.142,-8280.681,M,sensor,0,,,,,,,
2026-06-11T15:55:43.898Z,REAL,MANUAL,0.0,0.0,0.0,0.0,0.0,237.963,33.362,99.142,-8280.996,M,sensor,0,,,,,,,
2026-06-11T15:55:43.998Z,REAL,MANUAL,0.0,0.0,0.0,0.0,0.0,237.016,33.362,99.142,-8281.31,M,sensor,0,,,,,,,
2026-06-11T15:55:44.098Z,REAL,MANUAL,0.0,0.0,0.0,0.0,0.0,237.277,33.362,99.142,-8281.625,M,sensor,0,,,,,,,
2026-06-11T15:55:44.198Z,REAL,MANUAL,0.0,0.0,0.0,0.0,0.0,238.926,33.362,99.142,-8281.625,M,sensor,0,,,,,,,
2026-06-11T15:55:44.298Z,REAL,MANUAL,0.0,0.0,0.0,0.0,0.0,237.345,33.362,99.142,-8281.94,M,sensor,0,,,,,,,
2026-06-11T15:55:44.398Z,REAL,MANUAL,0.0,0.0,0.0,0.0,0.0,238.994,33.362,99.142,-8282.255,M,sensor,0,,,,,,,
2026-06-11T15:55:44.498Z,REAL,MANUAL,0.0,0.0,0.0,0.0,0.0,239.137,33.362,99.142,-8282.569,M,sensor,0,,,,,,,
2026-06-11T15:55:44.598Z,REAL,MANUAL,0.0,0.0,0.0,0.0,0.0,238.458,33.362,98.827,-8282.569,M,sensor,0,,,,,,,
2026-06-11T15:55:44.698Z,REAL,MANUAL,0.0,0.0,0.0,0.0,0.0,238.832,33.362,98.827,-8282.884,M,sensor,0,,,,,,,
2026-06-11T15:55:44.798Z,REAL,MANUAL,0.0,0.0,0.0,0.0,0.0,238.794,33.362,98.827,-8282.884,M,sensor,0,,,,,,,
2026-06-11T15:55:44.898Z,REAL,MANUAL,0.0,0.0,0.0,0.0,0.0,237.313,33.362,98.827,-8283.199,M,sensor,0,,,,,,,
2026-06-11T15:55:44.998Z,REAL,MANUAL,0.0,0.0,0.0,0.0,0.0,236.672,33.362,98.827,-8283.199,M,sensor,0,,,,,,,
2026-06-11T15:55:45.098Z,REAL,MANUAL,0.0,0.0,0.0,0.0,0.0,237.805,33.362,99.142,-8283.514,M,sensor,0,,,,,,,
2026-06-11T15:55:45.198Z,REAL,MANUAL,0.0,0.0,0.0,0.0,0.0,238.909,33.362,99.142,-8283.514,M,sensor,0,,,,,,,
2026-06-11T15:55:45.298Z,REAL,MANUAL,0.0,0.0,0.0,0.0,0.0,238.292,33.362,99.142,-8283.828,M,sensor,0,,,,,,,
2026-06-11T15:55:45.398Z,REAL,MANUAL,0.0,0.0,0.0,0.0,0.0,238.89,33.362,99.142,-8283.828,M,sensor,0,,,,,,,
2026-06-11T15:55:45.498Z,REAL,MANUAL,0.0,0.0,0.0,0.0,0.0,238.117,33.047,99.142,-8284.143,M,sensor,0,,,,,,,
2026-06-11T15:55:45.598Z,REAL,MANUAL,0.0,0.0,0.0,0.0,0.0,238.433,33.047,99.142,-8284.143,M,sensor,0,,,,,,,
2026-06-11T15:55:45.698Z,REAL,MANUAL,0.0,0.0,0.0,0.0,0.0,238.05,33.047,99.142,-8284.143,M,sensor,0,,,,,,,
2026-06-11T15:55:45.799Z,REAL,MANUAL,0.0,0.0,0.0,0.0,0.0,239.003,33.047,99.142,-8284.458,M,sensor,0,,,,,,,
2026-06-11T15:55:45.898Z,REAL,MANUAL,0.0,0.0,0.0,0.0,0.0,238.155,33.047,99.142,-8284.458,M,sensor,0,,,,,,,
2026-06-11T15:55:45.998Z,REAL,MANUAL,0.0,0.0,0.0,0.0,0.0,238.537,33.047,99.142,-8284.458,M,sensor,0,,,,,,,
2026-06-11T15:55:46.098Z,REAL,MANUAL,0.0,0.0,0.0,0.0,0.0,238.264,33.047,98.827,-8284.458,M,sensor,0,,,,,,,
2026-06-11T15:55:46.198Z,REAL,MANUAL,0.0,0.0,0.0,0.0,0.0,238.807,33.047,98.827,-8284.772,M,sensor,0,,,,,,,
2026-06-11T15:55:46.298Z,REAL,MANUAL,0.0,0.0,0.0,0.0,0.0,238.089,33.047,98.827,-8284.772,M,sensor,0,,,,,,,
2026-06-11T15:55:46.398Z,REAL,MANUAL,0.0,0.0,0.0,0.0,0.0,238.303,33.047,98.827,-8284.772,M,sensor,0,,,,,,,
2026-06-11T15:55:46.498Z,REAL,MANUAL,0.0,0.0,0.0,0.0,0.0,239.283,33.047,99.142,-8284.772,M,sensor,0,,,,,,,
2026-06-11T15:55:46.598Z,REAL,MANUAL,0.0,0.0,0.0,0.0,0.0,237.613,33.047,99.142,-8284.772,M,sensor,0,,,,,,,
2026-06-11T15:55:46.698Z,REAL,MANUAL,0.0,0.0,0.0,0.0,0.0,238.695,32.732,99.142,-8285.087,M,sensor,0,,,,,,,
2026-06-11T15:55:46.799Z,REAL,MANUAL,0.0,0.0,0.0,0.0,0.0,237.22,33.047,98.827,-8285.087,M,sensor,0,,,,,,,
2026-06-11T15:55:46.898Z,REAL,MANUAL,0.0,0.0,0.0,0.0,0.0,237.519,33.047,98.827,-8285.087,M,sensor,0,,,,,,,
2026-06-11T15:55:46.998Z,REAL,MANUAL,0.0,0.0,0.0,0.0,0.0,239.071,32.732,98.827,-8285.087,M,sensor,0,,,,,,,
2026-06-11T15:55:47.098Z,REAL,MANUAL,0.0,0.0,0.0,0.0,0.0,238.01,32.732,98.827,-8285.087,M,sensor,0,,,,,,,
2026-06-11T15:55:47.198Z,REAL,MANUAL,0.0,0.0,0.0,0.0,0.0,236.52,32.732,98.827,-8285.087,M,sensor,0,,,,,,,
2026-06-11T15:55:47.298Z,REAL,MANUAL,0.0,0.0,0.0,0.0,0.0,237.686,32.732,98.827,-8285.402,M,sensor,0,,,,,,,
2026-06-11T15:55:47.398Z,REAL,MANUAL,0.0,0.0,0.0,0.0,0.0,237.989,32.732,98.827,-8285.402,M,sensor,0,,,,,,,
2026-06-11T15:55:47.498Z,REAL,MANUAL,0.0,0.0,0.0,0.0,0.0,239.194,32.732,98.827,-8285.402,M,sensor,0,,,,,,,
2026-06-11T15:55:47.598Z,REAL,MANUAL,0.0,0.0,0.0,0.0,0.0,238.608,32.732,98.827,-8285.402,M,sensor,0,,,,,,,
2026-06-11T15:55:47.698Z,REAL,MANUAL,0.0,0.0,0.0,0.0,0.0,238.173,32.732,98.827,-8285.402,M,sensor,0,,,,,,,
2026-06-11T15:55:47.798Z,REAL,MANUAL,0.0,0.0,0.0,0.0,0.0,237.188,32.732,98.827,-8285.402,M,sensor,0,,,,,,,
2026-06-11T15:55:47.898Z,REAL,MANUAL,0.0,0.0,0.0,0.0,0.0,238.883,32.732,98.827,-8285.402,M,sensor,0,,,,,,,
2026-06-11T15:55:47.998Z,REAL,MANUAL,0.0,0.0,0.0,0.0,0.0,239.284,32.732,98.827,-8285.402,M,sensor,0,,,,,,,
2026-06-11T15:55:48.099Z,REAL,MANUAL,0.0,0.0,0.0,0.0,0.0,238.794,32.732,98.827,-8285.402,M,sensor,0,,,,,,,
2026-06-11T15:55:48.198Z,REAL,MANUAL,0.0,0.0,0.0,0.0,0.0,237.939,33.047,98.827,-8285.402,M,sensor,0,,,,,,,
2026-06-11T15:55:48.299Z,REAL,MANUAL,0.0,0.0,0.0,0.0,0.0,235.988,33.047,98.827,-8285.402,M,sensor,0,,,,,,,
2026-06-11T15:55:48.398Z,REAL,MANUAL,0.0,0.0,0.0,0.0,0.0,237.327,32.732,98.827,-8285.717,M,sensor,0,,,,,,,
2026-06-11T15:55:48.498Z,REAL,MANUAL,0.0,0.0,0.0,0.0,0.0,237.788,33.047,98.827,-8285.717,M,sensor,0,,,,,,,
2026-06-11T15:55:48.598Z,REAL,MANUAL,0.0,0.0,0.0,0.0,0.0,239.015,33.047,98.827,-8285.717,M,sensor,0,,,,,,,
2026-06-11T15:55:48.698Z,REAL,MANUAL,0.0,0.0,0.0,0.0,0.0,238.209,33.047,98.827,-8285.717,M,sensor,0,,,,,,,
2026-06-11T15:55:48.798Z,REAL,MANUAL,0.0,0.0,0.0,0.0,0.0,238.085,33.047,98.827,-8285.717,M,sensor,0,,,,,,,
2026-06-11T15:55:48.898Z,REAL,MANUAL,0.0,0.0,0.0,0.0,0.0,238.925,33.047,98.827,-8285.717,M,sensor,0,,,,,,,
2026-06-11T15:55:48.998Z,REAL,MANUAL,0.0,0.0,0.0,0.0,0.0,239.353,33.047,98.827,-8285.717,M,sensor,0,,,,,,,
2026-06-11T15:55:49.098Z,REAL,MANUAL,0.0,0.0,0.0,0.0,0.0,237.801,33.047,98.827,-8285.717,M,sensor,0,,,,,,,
2026-06-11T15:55:49.198Z,REAL,MANUAL,0.0,0.0,0.0,0.0,0.0,236.447,33.047,98.827,-8285.717,M,sensor,0,,,,,,,
2026-06-11T15:55:49.298Z,REAL,MANUAL,0.0,0.0,0.0,0.0,0.0,237.899,33.047,98.827,-8285.717,M,sensor,0,,,,,,,
2026-06-11T15:55:49.398Z,REAL,MANUAL,0.0,0.0,0.0,0.0,0.0,237.435,33.047,98.827,-8285.717,M,sensor,0,,,,,,,
2026-06-11T15:55:49.498Z,REAL,MANUAL,0.0,0.0,0.0,0.0,0.0,238.775,33.047,98.827,-8285.717,M,sensor,0,,,,,,,
2026-06-11T15:55:49.598Z,REAL,MANUAL,0.0,0.0,0.0,0.0,0.0,237.14,33.047,98.827,-8285.717,M,sensor,0,,,,,,,
2026-06-11T15:55:49.698Z,REAL,MANUAL,0.0,0.0,0.0,0.0,0.0,237.953,33.047,98.827,-8285.717,M,sensor,0,,,,,,,
2026-06-11T15:55:49.798Z,REAL,MANUAL,0.0,0.0,0.0,0.0,0.0,238.204,33.047,98.827,-8285.717,M,sensor,0,,,,,,,
2026-06-11T15:55:49.898Z,REAL,MANUAL,0.0,0.0,0.0,0.0,0.0,237.764,33.047,98.827,-8285.717,M,sensor,0,,,,,,,
2026-06-11T15:55:49.998Z,REAL,MANUAL,0.0,0.0,0.0,0.0,0.0,238.375,33.047,98.827,-8285.717,M,sensor,0,,,,,,,
2026-06-11T15:55:50.098Z,REAL,MANUAL,0.0,0.0,0.0,0.0,0.0,238.694,33.047,98.827,-8285.717,M,sensor,0,,,,,,,
2026-06-11T15:55:50.198Z,REAL,MANUAL,0.0,0.0,0.0,0.0,0.0,238.717,33.047,98.827,-8285.717,M,sensor,0,,,,,,,
2026-06-11T15:55:50.298Z,REAL,MANUAL,0.0,0.0,0.0,0.0,0.0,239.057,33.047,98.827,-8285.717,M,sensor,0,,,,,,,
2026-06-11T15:55:50.398Z,REAL,MANUAL,0.0,0.0,0.0,0.0,0.0,238.53,33.047,98.827,-8285.717,M,sensor,0,,,,,,,
2026-06-11T15:55:50.498Z,REAL,MANUAL,0.0,0.0,0.0,0.0,0.0,236.977,33.047,98.827,-8285.717,M,sensor,0,,,,,,,
2026-06-11T15:55:50.598Z,REAL,MANUAL,0.0,0.0,0.0,0.0,0.0,238.231,33.047,98.827,-8285.717,M,sensor,0,,,,,,,
2026-06-11T15:55:50.698Z,REAL,MANUAL,0.0,0.0,0.0,0.0,0.0,238.742,33.047,98.827,-8285.717,M,sensor,0,,,,,,,
2026-06-11T15:55:50.798Z,REAL,MANUAL,0.0,0.0,0.0,0.0,0.0,238.593,32.732,98.827,-8285.717,M,sensor,0,,,,,,,
2026-06-11T15:55:50.898Z,REAL,MANUAL,0.0,0.0,0.0,0.0,0.0,238.736,32.732,98.827,-8285.717,M,sensor,0,,,,,,,
2026-06-11T15:55:50.998Z,REAL,MANUAL,0.0,0.0,0.0,0.0,0.0,238.971,33.047,98.827,-8285.717,M,sensor,0,,,,,,,
2026-06-11T15:55:51.098Z,REAL,MANUAL,0.0,0.0,0.0,0.0,0.0,237.69,33.047,98.827,-8285.717,M,sensor,0,,,,,,,
2026-06-11T15:55:51.198Z,REAL,MANUAL,0.0,0.0,0.0,0.0,0.0,238.522,33.047,98.827,-8285.717,M,sensor,0,,,,,,,
2026-06-11T15:55:51.298Z,REAL,MANUAL,0.0,0.0,0.0,0.0,0.0,237.679,33.047,98.827,-8285.717,M,sensor,0,,,,,,,
2026-06-11T15:55:51.398Z,REAL,MANUAL,0.0,0.0,0.0,0.0,0.0,238.423,33.047,98.827,-8285.717,M,sensor,0,,,,,,,
2026-06-11T15:55:51.498Z,REAL,MANUAL,0.0,0.0,0.0,0.0,0.0,238.714,33.047,98.827,-8285.717,M,sensor,0,,,,,,,
2026-06-11T15:55:51.598Z,REAL,MANUAL,0.0,0.0,0.0,0.0,0.0,238.223,33.047,98.827,-8285.717,M,sensor,0,,,,,,,
2026-06-11T15:55:51.698Z,REAL,MANUAL,0.0,0.0,0.0,0.0,0.0,239.054,33.047,98.827,-8285.717,M,sensor,0,,,,,,,
2026-06-11T15:55:51.798Z,REAL,MANUAL,0.0,0.0,0.0,0.0,0.0,238.095,33.047,98.827,-8285.717,M,sensor,0,,,,,,,
2026-06-11T15:55:51.898Z,REAL,MANUAL,0.0,0.0,0.0,0.0,0.0,238.445,33.047,98.827,-8285.717,M,sensor,0,,,,,,,
2026-06-11T15:55:51.999Z,REAL,MANUAL,0.0,0.0,0.0,0.0,0.0,238.907,33.047,98.827,-8285.717,M,sensor,0,,,,,,,
2026-06-11T15:55:52.098Z,REAL,MANUAL,0.0,0.0,0.0,0.0,0.0,238.305,33.047,98.827,-8285.717,M,sensor,0,,,,,,,
2026-06-11T15:55:52.198Z,REAL,MANUAL,0.0,0.0,0.0,0.0,0.0,237.433,33.047,98.827,-8285.717,M,sensor,0,,,,,,,
2026-06-11T15:55:52.298Z,REAL,MANUAL,0.0,0.0,0.0,0.0,0.0,238.679,33.047,98.827,-8285.717,M,sensor,0,,,,,,,
2026-06-11T15:55:52.398Z,REAL,MANUAL,0.0,0.0,0.0,0.0,0.0,238.82,33.047,98.827,-8285.717,M,sensor,0,,,,,,,
2026-06-11T15:55:52.498Z,REAL,MANUAL,0.0,0.0,0.0,0.0,0.0,239.071,33.047,98.827,-8285.717,M,sensor,0,,,,,,,
2026-06-11T15:55:52.598Z,REAL,MANUAL,0.0,0.0,0.0,0.0,0.0,238.09,33.047,98.827,-8285.717,M,sensor,0,,,,,,,
2026-06-11T15:55:52.698Z,REAL,MANUAL,0.0,0.0,0.0,0.0,0.0,237.683,33.047,98.827,-8285.717,M,sensor,0,,,,,,,
2026-06-11T15:55:52.798Z,REAL,MANUAL,0.0,0.0,0.0,0.0,0.0,236.303,33.047,98.827,-8285.717,M,sensor,0,,,,,,,
2026-06-11T15:55:52.898Z,REAL,MANUAL,0.0,0.0,0.0,0.0,0.0,238.803,33.047,98.827,-8285.717,M,sensor,0,,,,,,,
2026-06-11T15:55:52.998Z,REAL,MANUAL,0.0,0.0,0.0,0.0,0.0,239.331,33.047,98.827,-8285.717,M,sensor,0,,,,,,,
2026-06-11T15:55:53.098Z,REAL,MANUAL,0.0,0.0,0.0,0.0,0.0,238.933,33.047,98.827,-8285.717,M,sensor,0,,,,,,,
2026-06-11T15:55:53.199Z,REAL,MANUAL,0.0,0.0,0.0,0.0,0.0,237.659,33.047,98.827,-8285.717,M,sensor,0,,,,,,,
2026-06-11T15:55:53.299Z,REAL,MANUAL,0.0,0.0,0.0,0.0,0.0,237.656,33.047,98.827,-8285.717,M,sensor,0,,,,,,,
2026-06-11T15:55:53.398Z,REAL,MANUAL,0.0,0.0,0.0,0.0,0.0,236.658,33.362,98.827,-8285.717,M,sensor,0,,,,,,,
2026-06-11T15:55:53.498Z,REAL,MANUAL,0.0,0.0,0.0,0.0,0.0,237.795,33.362,98.827,-8285.717,M,sensor,0,,,,,,,
2026-06-11T15:55:53.598Z,REAL,MANUAL,0.0,0.0,0.0,0.0,0.0,238.313,33.362,98.827,-8285.717,M,sensor,0,,,,,,,
2026-06-11T15:55:53.699Z,REAL,MANUAL,0.0,0.0,0.0,0.0,0.0,237.627,33.362,98.827,-8285.717,M,sensor,0,,,,,,,
2026-06-11T15:55:53.798Z,REAL,MANUAL,0.0,0.0,0.0,0.0,0.0,238.127,33.047,98.827,-8285.717,M,sensor,0,,,,,,,
2026-06-11T15:55:53.898Z,REAL,MANUAL,0.0,0.0,0.0,0.0,0.0,236.771,33.047,98.827,-8285.717,M,sensor,0,,,,,,,
2026-06-11T15:55:53.998Z,REAL,MANUAL,0.0,0.0,0.0,0.0,0.0,238.926,33.047,98.827,-8285.717,M,sensor,0,,,,,,,
2026-06-11T15:55:54.098Z,REAL,MANUAL,0.0,0.0,0.0,0.0,0.0,237.855,33.047,98.827,-8285.717,M,sensor,0,,,,,,,
2026-06-11T15:55:54.198Z,REAL,MANUAL,0.0,0.0,0.0,0.0,0.0,238.22,33.047,98.827,-8285.717,M,sensor,0,,,,,,,
2026-06-11T15:55:54.298Z,REAL,MANUAL,0.0,0.0,0.0,0.0,0.0,237.417,33.047,98.827,-8285.717,M,sensor,0,,,,,,,
2026-06-11T15:55:54.398Z,REAL,MANUAL,0.0,0.0,0.0,0.0,0.0,238.8,33.047,98.827,-8285.717,M,sensor,0,,,,,,,
2026-06-11T15:55:54.498Z,REAL,MANUAL,0.0,0.0,0.0,0.0,0.0,238.264,33.047,98.827,-8285.717,M,sensor,0,,,,,,,
2026-06-11T15:55:54.598Z,REAL,MANUAL,0.0,0.0,0.0,0.0,0.0,238.96,33.047,98.827,-8286.031,M,sensor,0,,,,,,,
2026-06-11T15:55:54.698Z,REAL,MANUAL,0.0,0.0,0.0,0.0,0.0,238.272,33.047,98.827,-8286.031,M,sensor,0,,,,,,,
2026-06-11T15:55:54.798Z,REAL,MANUAL,0.0,0.0,0.0,0.0,0.0,239.338,33.047,98.827,-8286.031,M,sensor,0,,,,,,,
2026-06-11T15:55:54.898Z,REAL,MANUAL,0.0,0.0,0.0,0.0,0.0,237.655,33.047,98.827,-8286.031,M,sensor,0,,,,,,,
2026-06-11T15:55:54.998Z,REAL,MANUAL,0.0,0.0,0.0,0.0,0.0,237.315,33.047,98.827,-8286.031,M,sensor,0,,,,,,,
2026-06-11T15:55:55.098Z,REAL,MANUAL,0.0,0.0,0.0,0.0,0.0,238.632,33.047,98.827,-8285.717,M,sensor,0,,,,,,,
2026-06-11T15:55:55.198Z,REAL,MANUAL,0.0,0.0,0.0,0.0,0.0,238.842,33.047,98.827,-8285.717,M,sensor,0,,,,,,,
2026-06-11T15:55:55.298Z,REAL,MANUAL,0.0,0.0,0.0,0.0,0.0,237.941,33.047,98.827,-8285.717,M,sensor,0,,,,,,,
2026-06-11T15:55:55.398Z,REAL,MANUAL,0.0,0.0,0.0,0.0,0.0,238.621,33.047,98.827,-8285.717,M,sensor,0,,,,,,,
2026-06-11T15:55:55.498Z,REAL,MANUAL,0.0,0.0,0.0,0.0,0.0,239.254,33.047,98.827,-8285.717,M,sensor,0,,,,,,,
2026-06-11T15:55:55.599Z,REAL,MANUAL,0.0,0.0,0.0,0.0,0.0,239.379,33.047,98.827,-8285.717,M,sensor,0,,,,,,,
2026-06-11T15:55:55.698Z,REAL,MANUAL,0.0,0.0,0.0,0.0,0.0,239.497,33.047,98.827,-8285.717,M,sensor,0,,,,,,,
2026-06-11T15:55:55.798Z,REAL,MANUAL,0.0,0.0,0.0,0.0,0.0,238.528,33.047,98.827,-8285.717,M,sensor,0,,,,,,,
2026-06-11T15:55:55.898Z,REAL,MANUAL,0.0,0.0,0.0,0.0,0.0,239.096,33.047,99.142,-8285.717,M,sensor,0,,,,,,,
2026-06-11T15:55:55.998Z,REAL,MANUAL,0.0,0.0,0.0,0.0,0.0,238.237,33.047,99.142,-8285.717,M,sensor,0,,,,,,,
2026-06-11T15:55:56.098Z,REAL,MANUAL,0.0,0.0,0.0,0.0,0.0,238.189,33.047,99.142,-8285.717,M,sensor,0,,,,,,,
2026-06-11T15:55:56.198Z,REAL,MANUAL,0.0,0.0,0.0,0.0,0.0,237.225,33.362,99.142,-8285.717,M,sensor,0,,,,,,,
2026-06-11T15:55:56.298Z,REAL,MANUAL,0.0,0.0,0.0,0.0,0.0,237.894,33.362,98.827,-8285.717,M,sensor,0,,,,,,,
2026-06-11T15:55:56.398Z,REAL,MANUAL,0.0,0.0,0.0,0.0,0.0,238.839,33.362,98.827,-8285.717,M,sensor,0,,,,,,,
2026-06-11T15:55:56.498Z,REAL,MANUAL,0.0,0.0,0.0,0.0,0.0,238.746,33.362,98.827,-8285.717,M,sensor,0,,,,,,,
2026-06-11T15:55:56.598Z,REAL,MANUAL,0.0,0.0,0.0,0.0,0.0,238.678,33.362,98.827,-8285.717,M,sensor,0,,,,,,,
2026-06-11T15:55:56.698Z,REAL,MANUAL,0.0,0.0,0.0,0.0,0.0,237.189,33.362,98.827,-8285.717,M,sensor,0,,,,,,,
2026-06-11T15:55:56.798Z,REAL,MANUAL,0.0,0.0,0.0,0.0,0.0,238.668,33.362,98.827,-8285.717,M,sensor,0,,,,,,,
2026-06-11T15:55:56.898Z,REAL,MANUAL,0.0,0.0,0.0,0.0,0.0,237.031,33.047,98.512,-8286.031,M,sensor,0,,,,,,,
2026-06-11T15:55:56.998Z,REAL,MANUAL,0.0,0.0,0.0,0.0,0.0,237.424,33.047,98.512,-8286.031,M,sensor,0,,,,,,,
2026-06-11T15:55:57.098Z,REAL,MANUAL,0.0,0.0,0.0,0.0,0.0,237.63,33.047,98.512,-8286.031,M,sensor,0,,,,,,,
2026-06-11T15:55:57.198Z,REAL,MANUAL,0.0,0.0,0.0,0.0,0.0,238.167,33.047,98.197,-8286.031,M,sensor,0,,,,,,,
2026-06-11T15:55:57.298Z,REAL,MANUAL,0.0,0.0,0.0,0.0,0.0,238.714,33.047,98.197,-8286.031,M,sensor,0,,,,,,,
2026-06-11T15:55:57.398Z,REAL,MANUAL,0.0,0.0,0.0,0.0,0.0,239.168,33.047,98.197,-8286.031,M,sensor,0,,,,,,,
2026-06-11T15:55:57.498Z,REAL,MANUAL,0.0,0.0,0.0,0.0,0.0,237.901,33.047,98.197,-8286.031,M,sensor,0,,,,,,,
2026-06-11T15:55:57.598Z,REAL,MANUAL,0.0,0.0,0.0,0.0,0.0,238.407,33.047,98.197,-8286.031,M,sensor,0,,,,,,,
2026-06-11T15:55:57.698Z,REAL,MANUAL,0.0,0.0,0.0,0.0,0.0,238.621,33.047,97.883,-8286.031,M,sensor,0,,,,,,,
2026-06-11T15:55:57.798Z,REAL,MANUAL,0.0,0.0,0.0,0.0,0.0,238.439,33.047,97.883,-8286.031,M,sensor,0,,,,,,,
2026-06-11T15:55:57.898Z,REAL,MANUAL,0.0,0.0,0.0,0.0,0.0,237.514,33.047,97.883,-8286.031,M,sensor,0,,,,,,,
2026-06-11T15:55:57.998Z,REAL,MANUAL,0.0,0.0,0.0,0.0,0.0,236.001,32.732,97.883,-8286.031,M,sensor,0,,,,,,,
2026-06-11T15:55:58.098Z,REAL,MANUAL,0.0,0.0,0.0,0.0,0.0,238.566,32.732,97.883,-8286.031,M,sensor,0,,,,,,,
2026-06-11T15:55:58.198Z,REAL,MANUAL,0.0,0.0,0.0,0.0,0.0,238.438,32.732,97.883,-8286.031,M,sensor,0,,,,,,,
2026-06-11T15:55:58.298Z,REAL,MANUAL,0.0,0.0,0.0,0.0,0.0,238.354,32.732,97.883,-8286.031,M,sensor,0,,,,,,,
2026-06-11T15:55:58.399Z,REAL,MANUAL,0.0,0.0,0.0,0.0,0.0,238.983,32.732,97.883,-8286.031,M,sensor,0,,,,,,,
2026-06-11T15:55:58.498Z,REAL,MANUAL,0.0,0.0,0.0,0.0,0.0,239.386,32.732,97.883,-8286.031,M,sensor,0,,,,,,,
2026-06-11T15:55:58.598Z,REAL,MANUAL,0.0,0.0,0.0,0.0,0.0,237.63,32.732,97.883,-8286.031,M,sensor,0,,,,,,,
2026-06-11T15:55:58.698Z,REAL,MANUAL,0.0,0.0,0.0,0.0,0.0,238.532,32.732,97.883,-8286.031,M,sensor,0,,,,,,,
2026-06-11T15:55:58.798Z,REAL,MANUAL,0.0,0.0,0.0,0.0,0.0,237.569,32.732,97.883,-8286.031,M,sensor,0,,,,,,,
2026-06-11T15:55:58.899Z,REAL,MANUAL,0.0,0.0,0.0,0.0,0.0,237.849,32.732,97.883,-8286.031,M,sensor,0,,,,,,,
2026-06-11T15:55:58.998Z,REAL,MANUAL,0.0,0.0,0.0,0.0,0.0,238.948,32.732,97.883,-8286.031,M,sensor,0,,,,,,,
2026-06-11T15:55:59.099Z,REAL,MANUAL,0.0,0.0,0.0,0.0,0.0,237.102,32.732,97.883,-8286.031,M,sensor,0,,,,,,,
2026-06-11T15:55:59.199Z,REAL,MANUAL,0.0,0.0,0.0,0.0,0.0,236.889,32.732,97.883,-8286.031,M,sensor,0,,,,,,,
2026-06-11T15:55:59.298Z,REAL,MANUAL,0.0,0.0,0.0,0.0,0.0,236.378,32.732,97.883,-8286.031,M,sensor,0,,,,,,,
2026-06-11T15:55:59.398Z,REAL,MANUAL,0.0,0.0,0.0,0.0,0.0,237.014,32.732,98.197,-8286.031,M,sensor,0,,,,,,,
2026-06-11T15:55:59.498Z,REAL,MANUAL,0.0,0.0,0.0,0.0,0.0,238.4,32.732,98.197,-8286.031,M,sensor,0,,,,,,,
2026-06-11T15:55:59.598Z,REAL,MANUAL,0.0,0.0,0.0,0.0,0.0,238.897,32.732,98.197,-8286.031,M,sensor,0,,,,,,,
2026-06-11T15:55:59.698Z,REAL,MANUAL,0.0,0.0,0.0,0.0,0.0,239.249,32.732,98.197,-8286.031,M,sensor,0,,,,,,,
2026-06-11T15:55:59.798Z,REAL,MANUAL,0.0,0.0,0.0,0.0,0.0,239.023,32.732,98.512,-8286.031,M,sensor,0,,,,,,,
2026-06-11T15:55:59.898Z,REAL,MANUAL,0.0,0.0,0.0,0.0,0.0,237.822,32.732,98.512,-8286.031,M,sensor,0,,,,,,,
2026-06-11T15:55:59.998Z,REAL,MANUAL,0.0,0.0,0.0,0.0,0.0,238.173,32.732,98.512,-8286.031,M,sensor,0,,,,,,,
2026-06-11T15:56:00.098Z,REAL,MANUAL,0.0,0.0,0.0,0.0,0.0,238.553,32.732,98.512,-8286.031,M,sensor,0,,,,,,,
2026-06-11T15:56:00.199Z,REAL,MANUAL,0.0,0.0,0.0,0.0,0.0,238.739,32.732,98.512,-8286.031,M,sensor,0,,,,,,,
2026-06-11T15:56:00.298Z,REAL,MANUAL,0.0,0.0,0.0,0.0,0.0,238.964,32.732,98.512,-8286.031,M,sensor,0,,,,,,,
2026-06-11T15:56:00.398Z,REAL,MANUAL,0.0,0.0,0.0,0.0,0.0,237.357,32.732,98.512,-8286.031,M,sensor,0,,,,,,,
2026-06-11T15:56:00.498Z,REAL,MANUAL,0.0,0.0,0.0,0.0,0.0,237.651,33.047,98.512,-8286.031,M,sensor,0,,,,,,,
2026-06-11T15:56:00.598Z,REAL,MANUAL,0.0,0.0,0.0,0.0,0.0,238.328,33.047,98.512,-8286.031,M,sensor,0,,,,,,,
2026-06-11T15:56:00.698Z,REAL,MANUAL,0.0,0.0,0.0,0.0,0.0,236.239,33.047,98.512,-8286.031,M,sensor,0,,,,,,,
2026-06-11T15:56:00.798Z,REAL,MANUAL,0.0,0.0,0.0,0.0,0.0,237.275,33.047,98.512,-8286.031,M,sensor,0,,,,,,,
2026-06-11T15:56:00.898Z,REAL,MANUAL,0.0,0.0,0.0,0.0,0.0,238.941,33.047,98.512,-8286.031,M,sensor,0,,,,,,,
2026-06-11T15:56:00.999Z,REAL,MANUAL,0.0,0.0,0.0,0.0,0.0,238.363,33.047,98.512,-8286.031,M,sensor,0,,,,,,,
2026-06-11T15:56:01.098Z,REAL,MANUAL,0.0,0.0,0.0,0.0,0.0,238.994,33.047,98.512,-8286.031,M,sensor,0,,,,,,,
2026-06-11T15:56:01.198Z,REAL,MANUAL,0.0,0.0,0.0,0.0,0.0,238.958,33.047,98.512,-8286.031,M,sensor,0,,,,,,,
2026-06-11T15:56:01.298Z,REAL,MANUAL,0.0,0.0,0.0,0.0,0.0,238.669,33.047,98.512,-8286.031,M,sensor,0,,,,,,,
2026-06-11T15:56:01.398Z,REAL,MANUAL,0.0,0.0,0.0,0.0,0.0,236.196,33.047,98.512,-8286.031,M,sensor,0,,,,,,,
2026-06-11T15:56:01.498Z,REAL,MANUAL,0.0,0.0,0.0,0.0,0.0,238.733,33.047,98.512,-8286.031,M,sensor,0,,,,,,,
2026-06-11T15:56:01.598Z,REAL,MANUAL,0.0,0.0,0.0,0.0,0.0,238.739,33.047,98.512,-8286.031,M,sensor,0,,,,,,,
2026-06-11T15:56:01.698Z,REAL,MANUAL,0.0,0.0,0.0,0.0,0.0,237.861,33.047,98.512,-8286.031,M,sensor,0,,,,,,,
2026-06-11T15:56:01.798Z,REAL,MANUAL,0.0,0.0,0.0,0.0,0.0,238.554,33.047,98.512,-8286.031,M,sensor,0,,,,,,,
2026-06-11T15:56:01.898Z,REAL,MANUAL,0.0,0.0,0.0,0.0,0.0,236.977,33.047,98.512,-8286.031,M,sensor,0,,,,,,,
2026-06-11T15:56:01.998Z,REAL,MANUAL,0.0,0.0,0.0,0.0,0.0,238.008,33.047,98.512,-8286.031,M,sensor,0,,,,,,,
2026-06-11T15:56:02.098Z,REAL,MANUAL,0.0,0.0,0.0,0.0,0.0,238.781,33.047,98.512,-8286.031,M,sensor,0,,,,,,,
2026-06-11T15:56:02.198Z,REAL,MANUAL,0.0,0.0,0.0,0.0,0.0,237.905,33.047,98.512,-8286.031,M,sensor,0,,,,,,,
2026-06-11T15:56:02.298Z,REAL,MANUAL,0.0,0.0,0.0,0.0,0.0,237.059,33.047,98.512,-8286.031,M,sensor,0,,,,,,,
2026-06-11T15:56:02.398Z,REAL,MANUAL,0.0,0.0,0.0,0.0,0.0,238.63,33.047,98.512,-8286.031,M,sensor,0,,,,,,,
2026-06-11T15:56:02.498Z,REAL,MANUAL,0.0,0.0,0.0,0.0,0.0,238.51,33.047,98.512,-8286.031,M,sensor,0,,,,,,,
2026-06-11T15:56:02.598Z,REAL,MANUAL,0.0,0.0,0.0,0.0,0.0,238.137,33.047,98.512,-8286.031,M,sensor,0,,,,,,,
2026-06-11T15:56:02.698Z,REAL,MANUAL,0.0,0.0,0.0,0.0,0.0,237.841,33.047,98.827,-8286.031,M,sensor,0,,,,,,,
2026-06-11T15:56:02.798Z,REAL,MANUAL,0.0,0.0,0.0,0.0,0.0,239.023,33.047,98.827,-8286.031,M,sensor,0,,,,,,,
2026-06-11T15:56:02.899Z,REAL,MANUAL,0.0,0.0,0.0,0.0,0.0,237.067,33.047,98.827,-8286.031,M,sensor,0,,,,,,,
2026-06-11T15:56:02.998Z,REAL,MANUAL,0.0,0.0,0.0,0.0,0.0,238.723,33.047,98.827,-8286.031,M,sensor,0,,,,,,,
2026-06-11T15:56:03.098Z,REAL,MANUAL,0.0,0.0,0.0,0.0,0.0,238.359,33.047,98.827,-8286.031,M,sensor,0,,,,,,,
2026-06-11T15:56:03.198Z,REAL,MANUAL,0.0,0.0,0.0,0.0,0.0,238.085,33.047,98.827,-8286.031,M,sensor,0,,,,,,,
2026-06-11T15:56:03.298Z,REAL,MANUAL,0.0,0.0,0.0,0.0,0.0,238.042,33.047,98.827,-8286.031,M,sensor,0,,,,,,,
2026-06-11T15:56:03.398Z,REAL,MANUAL,0.0,0.0,0.0,0.0,0.0,237.358,33.047,98.827,-8286.031,M,sensor,0,,,,,,,
2026-06-11T15:56:03.498Z,REAL,MANUAL,0.0,0.0,0.0,0.0,0.0,238.314,33.047,98.827,-8286.031,M,sensor,0,,,,,,,
2026-06-11T15:56:03.599Z,REAL,MANUAL,0.0,0.0,0.0,0.0,0.0,238.829,33.047,98.827,-8285.717,M,sensor,0,,,,,,,
2026-06-11T15:56:03.699Z,REAL,MANUAL,0.0,0.0,0.0,0.0,0.0,239.033,33.047,98.827,-8285.717,M,sensor,0,,,,,,,
2026-06-11T15:56:03.798Z,REAL,MANUAL,0.0,0.0,0.0,0.0,0.0,238.102,33.047,98.827,-8285.717,M,sensor,0,,,,,,,
2026-06-11T15:56:03.898Z,REAL,MANUAL,0.0,0.0,0.0,0.0,0.0,238.88,33.047,98.827,-8286.031,M,sensor,0,,,,,,,
2026-06-11T15:56:03.998Z,REAL,MANUAL,0.0,0.0,0.0,0.0,0.0,239.379,33.047,98.827,-8286.031,M,sensor,0,,,,,,,
2026-06-11T15:56:04.099Z,REAL,MANUAL,0.0,0.0,0.0,0.0,0.0,239.335,33.047,98.827,-8286.031,M,sensor,0,,,,,,,
2026-06-11T15:56:04.198Z,REAL,MANUAL,0.0,0.0,0.0,0.0,0.0,237.174,33.047,98.827,-8286.031,M,sensor,0,,,,,,,
2026-06-11T15:56:04.298Z,REAL,MANUAL,0.0,0.0,0.0,0.0,0.0,237.31,33.047,98.827,-8286.031,M,sensor,0,,,,,,,
2026-06-11T15:56:04.398Z,REAL,MANUAL,0.0,0.0,0.0,0.0,0.0,237.233,33.047,98.827,-8286.031,M,sensor,0,,,,,,,
2026-06-11T15:56:04.498Z,REAL,MANUAL,0.0,0.0,0.0,0.0,0.0,238.574,33.047,98.827,-8286.031,M,sensor,0,,,,,,,
2026-06-11T15:56:04.598Z,REAL,MANUAL,0.0,0.0,0.0,0.0,0.0,238.606,33.047,98.827,-8286.031,M,sensor,0,,,,,,,
2026-06-11T15:56:04.698Z,REAL,MANUAL,0.0,0.0,0.0,0.0,0.0,238.441,33.047,98.827,-8286.031,M,sensor,0,,,,,,,
2026-06-11T15:56:04.798Z,REAL,MANUAL,0.0,0.0,0.0,0.0,0.0,238.595,33.047,98.827,-8286.031,M,sensor,0,,,,,,,
2026-06-11T15:56:04.898Z,REAL,MANUAL,0.0,0.0,0.0,0.0,0.0,237.072,33.047,98.827,-8286.031,M,sensor,0,,,,,,,
2026-06-11T15:56:04.998Z,REAL,MANUAL,0.0,0.0,0.0,0.0,0.0,237.671,33.047,98.827,-8286.031,M,sensor,0,,,,,,,
2026-06-11T15:56:05.098Z,REAL,MANUAL,0.0,0.0,0.0,0.0,0.0,238.694,33.047,98.827,-8286.031,M,sensor,0,,,,,,,
2026-06-11T15:56:05.198Z,REAL,MANUAL,0.0,0.0,0.0,0.0,0.0,236.709,33.047,98.827,-8286.031,M,sensor,0,,,,,,,
2026-06-11T15:56:05.298Z,REAL,MANUAL,0.0,0.0,0.0,0.0,0.0,238.161,33.047,98.827,-8286.031,M,sensor,0,,,,,,,
2026-06-11T15:56:05.398Z,REAL,MANUAL,0.0,0.0,0.0,0.0,0.0,238.656,33.047,98.827,-8286.031,M,sensor,0,,,,,,,
2026-06-11T15:56:05.498Z,REAL,MANUAL,0.0,0.0,0.0,0.0,0.0,239.046,33.047,98.827,-8286.031,M,sensor,0,,,,,,,
2026-06-11T15:56:05.598Z,REAL,MANUAL,0.0,0.0,0.0,0.0,0.0,238.968,33.047,98.827,-8286.031,M,sensor,0,,,,,,,
2026-06-11T15:56:05.698Z,REAL,MANUAL,0.0,0.0,0.0,0.0,0.0,238.729,33.047,98.827,-8286.031,M,sensor,0,,,,,,,
2026-06-11T15:56:05.798Z,REAL,MANUAL,0.0,0.0,0.0,0.0,0.0,237.615,33.047,98.827,-8286.031,M,sensor,0,,,,,,,
2026-06-11T15:56:05.898Z,REAL,MANUAL,0.0,0.0,0.0,0.0,0.0,237.857,33.047,98.827,-8286.031,M,sensor,0,,,,,,,
2026-06-11T15:56:05.998Z,REAL,MANUAL,0.0,0.0,0.0,0.0,0.0,237.509,33.047,98.827,-8285.717,M,sensor,0,,,,,,,
2026-06-11T15:56:06.098Z,REAL,MANUAL,0.0,0.0,0.0,0.0,0.0,237.912,33.047,98.827,-8285.717,M,sensor,0,,,,,,,
2026-06-11T15:56:06.198Z,REAL,MANUAL,0.0,0.0,0.0,0.0,0.0,238.567,33.047,98.827,-8285.717,M,sensor,0,,,,,,,
2026-06-11T15:56:06.298Z,REAL,MANUAL,0.0,0.0,0.0,0.0,0.0,238.634,33.047,98.827,-8285.717,M,sensor,0,,,,,,,
2026-06-11T15:56:06.398Z,REAL,MANUAL,0.0,0.0,0.0,0.0,0.0,239.095,33.047,99.142,-8285.717,M,sensor,0,,,,,,,
2026-06-11T15:56:06.498Z,REAL,MANUAL,0.0,0.0,0.0,0.0,0.0,239.073,33.047,99.142,-8285.717,M,sensor,0,,,,,,,
2026-06-11T15:56:06.598Z,REAL,MANUAL,0.0,0.0,0.0,0.0,0.0,239.431,33.047,98.827,-8285.717,M,sensor,0,,,,,,,
2026-06-11T15:56:06.698Z,REAL,MANUAL,0.0,0.0,0.0,0.0,0.0,238.014,33.047,98.827,-8285.717,M,sensor,0,,,,,,,
2026-06-11T15:56:06.798Z,REAL,MANUAL,0.0,0.0,0.0,0.0,0.0,239.006,33.362,98.827,-8285.717,M,sensor,0,,,,,,,
2026-06-11T15:56:06.898Z,REAL,MANUAL,0.0,0.0,0.0,0.0,0.0,238.017,33.362,98.827,-8285.717,M,sensor,0,,,,,,,
2026-06-11T15:56:06.998Z,REAL,MANUAL,0.0,0.0,0.0,0.0,0.0,238.986,33.362,98.827,-8285.717,M,sensor,0,,,,,,,
2026-06-11T15:56:07.098Z,REAL,MANUAL,0.0,0.0,0.0,0.0,0.0,237.24,33.362,98.827,-8285.717,M,sensor,0,,,,,,,
2026-06-11T15:56:07.198Z,REAL,MANUAL,0.0,0.0,0.0,0.0,0.0,238.262,33.362,98.827,-8285.717,M,sensor,0,,,,,,,
2026-06-11T15:56:07.298Z,REAL,MANUAL,0.0,0.0,0.0,0.0,0.0,239.144,33.362,98.827,-8285.717,M,sensor,0,,,,,,,
2026-06-11T15:56:07.398Z,REAL,MANUAL,0.0,0.0,0.0,0.0,0.0,238.643,33.362,98.827,-8285.717,M,sensor,0,,,,,,,
2026-06-11T15:56:07.498Z,REAL,MANUAL,0.0,0.0,0.0,0.0,0.0,238.366,33.362,98.827,-8285.717,M,sensor,0,,,,,,,
2026-06-11T15:56:07.598Z,REAL,MANUAL,0.0,0.0,0.0,0.0,0.0,238.556,33.362,98.827,-8285.717,M,sensor,0,,,,,,,
2026-06-11T15:56:07.698Z,REAL,MANUAL,0.0,0.0,0.0,0.0,0.0,239.146,33.362,98.827,-8285.717,M,sensor,0,,,,,,,
2026-06-11T15:56:07.798Z,REAL,MANUAL,0.0,0.0,0.0,0.0,0.0,238.89,33.362,98.827,-8285.717,M,sensor,0,,,,,,,
2026-06-11T15:56:07.898Z,REAL,MANUAL,0.0,0.0,0.0,0.0,0.0,236.447,33.362,98.827,-8285.717,M,sensor,0,,,,,,,
2026-06-11T15:56:07.998Z,REAL,MANUAL,0.0,0.0,0.0,0.0,0.0,238.59,33.362,98.827,-8285.717,M,sensor,0,,,,,,,
2026-06-11T15:56:08.098Z,REAL,MANUAL,0.0,0.0,0.0,0.0,0.0,238.743,33.047,98.827,-8285.717,M,sensor,0,,,,,,,
2026-06-11T15:56:08.198Z,REAL,MANUAL,0.0,0.0,0.0,0.0,0.0,239.139,33.047,98.827,-8285.717,M,sensor,0,,,,,,,
2026-06-11T15:56:08.298Z,REAL,MANUAL,0.0,0.0,0.0,0.0,0.0,237.892,33.047,98.827,-8285.717,M,sensor,0,,,,,,,
2026-06-11T15:56:08.398Z,REAL,MANUAL,0.0,0.0,0.0,0.0,0.0,236.76,33.047,98.827,-8285.717,M,sensor,0,,,,,,,
2026-06-11T15:56:08.498Z,REAL,MANUAL,0.0,0.0,0.0,0.0,0.0,238.922,33.047,98.827,-8285.717,M,sensor,0,,,,,,,
2026-06-11T15:56:08.598Z,REAL,MANUAL,0.0,0.0,0.0,0.0,0.0,239.168,33.047,98.827,-8285.717,M,sensor,0,,,,,,,
2026-06-11T15:56:08.698Z,REAL,MANUAL,0.0,0.0,0.0,0.0,0.0,239.126,33.047,98.827,-8285.717,M,sensor,0,,,,,,,
2026-06-11T15:56:08.798Z,REAL,MANUAL,0.0,0.0,0.0,0.0,0.0,237.838,33.047,98.827,-8286.031,M,sensor,0,,,,,,,
2026-06-11T15:56:08.898Z,REAL,MANUAL,0.0,0.0,0.0,0.0,0.0,239.025,33.047,98.827,-8286.031,M,sensor,0,,,,,,,
2026-06-11T15:56:08.998Z,REAL,MANUAL,0.0,0.0,0.0,0.0,0.0,237.771,33.047,98.827,-8286.031,M,sensor,0,,,,,,,
2026-06-11T15:56:09.099Z,REAL,MANUAL,0.0,0.0,0.0,0.0,0.0,237.916,33.047,98.827,-8286.031,M,sensor,0,,,,,,,
2026-06-11T15:56:09.198Z,REAL,MANUAL,0.0,0.0,0.0,0.0,0.0,238.331,33.047,98.827,-8286.031,M,sensor,0,,,,,,,
2026-06-11T15:56:09.299Z,REAL,MANUAL,0.0,0.0,0.0,0.0,0.0,237.008,33.047,98.827,-8286.031,M,sensor,0,,,,,,,
2026-06-11T15:56:09.398Z,REAL,MANUAL,0.0,0.0,0.0,0.0,0.0,237.27,33.047,98.827,-8286.031,M,sensor,0,,,,,,,
2026-06-11T15:56:09.498Z,REAL,MANUAL,0.0,0.0,0.0,0.0,0.0,236.26,33.047,98.827,-8286.031,M,sensor,0,,,,,,,
2026-06-11T15:56:09.598Z,REAL,MANUAL,0.0,0.0,0.0,0.0,0.0,238.788,33.047,98.827,-8286.031,M,sensor,0,,,,,,,
2026-06-11T15:56:09.698Z,REAL,MANUAL,0.0,0.0,0.0,0.0,0.0,239.252,33.047,98.827,-8286.031,M,sensor,0,,,,,,,
2026-06-11T15:56:09.798Z,REAL,MANUAL,0.0,0.0,0.0,0.0,0.0,238.73,32.732,98.827,-8286.031,M,sensor,0,,,,,,,
2026-06-11T15:56:09.898Z,REAL,MANUAL,0.0,0.0,0.0,0.0,0.0,238.224,32.732,98.827,-8286.031,M,sensor,0,,,,,,,
2026-06-11T15:56:09.998Z,REAL,MANUAL,0.0,0.0,0.0,0.0,0.0,238.328,32.732,98.827,-8286.031,M,sensor,0,,,,,,,
2026-06-11T15:56:10.098Z,REAL,MANUAL,0.0,0.0,0.0,0.0,0.0,238.663,32.732,98.827,-8286.031,M,sensor,0,,,,,,,
2026-06-11T15:56:10.198Z,REAL,MANUAL,0.0,0.0,0.0,0.0,0.0,238.73,33.047,98.827,-8286.031,M,sensor,0,,,,,,,
2026-06-11T15:56:10.298Z,REAL,MANUAL,0.0,0.0,0.0,0.0,0.0,237.197,33.047,98.827,-8286.031,M,sensor,0,,,,,,,
2026-06-11T15:56:10.398Z,REAL,MANUAL,0.0,0.0,0.0,0.0,0.0,237.583,33.047,98.827,-8286.031,M,sensor,0,,,,,,,
2026-06-11T15:56:10.498Z,REAL,MANUAL,0.0,0.0,0.0,0.0,0.0,238.928,33.047,98.827,-8286.031,M,sensor,0,,,,,,,
2026-06-11T15:56:10.598Z,REAL,MANUAL,0.0,0.0,0.0,0.0,0.0,238.082,33.047,98.827,-8286.031,M,sensor,0,,,,,,,
2026-06-11T15:56:10.698Z,REAL,MANUAL,0.0,0.0,0.0,0.0,0.0,237.506,33.047,98.827,-8286.031,M,sensor,0,,,,,,,
2026-06-11T15:56:10.798Z,REAL,MANUAL,0.0,0.0,0.0,0.0,0.0,237.385,33.047,98.827,-8286.031,M,sensor,0,,,,,,,
2026-06-11T15:56:10.898Z,REAL,MANUAL,0.0,0.0,0.0,0.0,0.0,238.67,33.047,98.827,-8286.031,M,sensor,0,,,,,,,
2026-06-11T15:56:10.998Z,REAL,MANUAL,0.0,0.0,0.0,0.0,0.0,237.236,33.047,98.827,-8286.031,M,sensor,0,,,,,,,
2026-06-11T15:56:11.098Z,REAL,MANUAL,0.0,0.0,0.0,0.0,0.0,236.964,33.047,98.827,-8286.031,M,sensor,0,,,,,,,
2026-06-11T15:56:11.198Z,REAL,MANUAL,0.0,0.0,0.0,0.0,0.0,236.264,33.047,98.827,-8286.031,M,sensor,0,,,,,,,
2026-06-11T15:56:11.298Z,REAL,MANUAL,0.0,0.0,0.0,0.0,0.0,238.431,33.047,98.827,-8286.031,M,sensor,0,,,,,,,
2026-06-11T15:56:11.398Z,REAL,MANUAL,0.0,0.0,0.0,0.0,0.0,237.958,33.047,98.512,-8286.031,M,sensor,0,,,,,,,
2026-06-11T15:56:11.498Z,REAL,MANUAL,0.0,0.0,0.0,0.0,0.0,238.695,33.047,98.512,-8286.031,M,sensor,0,,,,,,,
2026-06-11T15:56:11.598Z,REAL,MANUAL,0.0,0.0,0.0,0.0,0.0,237.219,33.047,98.512,-8286.031,M,sensor,0,,,,,,,
2026-06-11T15:56:11.698Z,REAL,MANUAL,0.0,0.0,0.0,0.0,0.0,237.304,33.047,98.512,-8286.031,M,sensor,0,,,,,,,
2026-06-11T15:56:11.798Z,REAL,MANUAL,0.0,0.0,0.0,0.0,0.0,239.099,33.047,98.512,-8286.031,M,sensor,0,,,,,,,
2026-06-11T15:56:11.898Z,REAL,MANUAL,0.0,0.0,0.0,0.0,0.0,237.458,33.047,98.512,-8286.031,M,sensor,0,,,,,,,
2026-06-11T15:56:11.998Z,REAL,MANUAL,0.0,0.0,0.0,0.0,0.0,238.698,33.362,98.512,-8286.031,M,sensor,0,,,,,,,
2026-06-11T15:56:12.098Z,REAL,MANUAL,0.0,0.0,0.0,0.0,0.0,238.765,33.047,98.512,-8286.031,M,sensor,0,,,,,,,
2026-06-11T15:56:12.198Z,REAL,MANUAL,0.0,0.0,0.0,0.0,0.0,237.25,33.047,98.512,-8286.031,M,sensor,0,,,,,,,
2026-06-11T15:56:12.298Z,REAL,MANUAL,0.0,0.0,0.0,0.0,0.0,238.57,33.047,98.827,-8286.031,M,sensor,0,,,,,,,
2026-06-11T15:56:12.398Z,REAL,MANUAL,0.0,0.0,0.0,0.0,0.0,236.508,33.047,98.827,-8286.031,M,sensor,0,,,,,,,
2026-06-11T15:56:12.498Z,REAL,MANUAL,0.0,0.0,0.0,0.0,0.0,237.537,33.047,98.827,-8286.031,M,sensor,0,,,,,,,
2026-06-11T15:56:12.598Z,REAL,MANUAL,0.0,0.0,0.0,0.0,0.0,238.679,33.047,98.827,-8286.031,M,sensor,0,,,,,,,
2026-06-11T15:56:12.698Z,REAL,MANUAL,0.0,0.0,0.0,0.0,0.0,238.718,33.047,98.827,-8286.031,M,sensor,0,,,,,,,
2026-06-11T15:56:12.798Z,REAL,MANUAL,0.0,0.0,0.0,0.0,0.0,238.276,33.047,98.827,-8286.031,M,sensor,0,,,,,,,
2026-06-11T15:56:12.898Z,REAL,MANUAL,0.0,0.0,0.0,0.0,0.0,238.051,33.047,98.512,-8286.031,M,sensor,0,,,,,,,
2026-06-11T15:56:12.998Z,REAL,MANUAL,0.0,0.0,0.0,0.0,0.0,238.919,33.047,98.512,-8286.031,M,sensor,0,,,,,,,
2026-06-11T15:56:13.098Z,REAL,MANUAL,0.0,0.0,0.0,0.0,0.0,239.07,33.047,98.512,-8286.031,M,sensor,0,,,,,,,
2026-06-11T15:56:13.198Z,REAL,MANUAL,0.0,0.0,0.0,0.0,0.0,238.823,33.362,98.512,-8286.031,M,sensor,0,,,,,,,
2026-06-11T15:56:13.298Z,REAL,MANUAL,0.0,0.0,0.0,0.0,0.0,239.064,33.677,98.197,-8286.031,M,sensor,0,,,,,,,
2026-06-11T15:56:13.398Z,REAL,MANUAL,0.0,0.0,0.0,0.0,0.0,238.891,33.362,98.197,-8286.031,M,sensor,0,,,,,,,
2026-06-11T15:56:13.498Z,REAL,MANUAL,0.0,0.0,0.0,0.0,0.0,239.214,33.677,98.197,-8286.031,M,sensor,0,,,,,,,
2026-06-11T15:56:13.598Z,REAL,MANUAL,0.0,0.0,0.0,0.0,0.0,239.227,33.362,98.197,-8286.031,M,sensor,0,,,,,,,
2026-06-11T15:56:13.698Z,REAL,MANUAL,0.0,0.0,0.0,0.0,0.0,238.778,33.677,98.197,-8286.031,M,sensor,0,,,,,,,
2026-06-11T15:56:13.798Z,REAL,MANUAL,0.0,0.0,0.0,0.0,0.0,239.017,33.677,98.197,-8286.031,M,sensor,0,,,,,,,
2026-06-11T15:56:13.898Z,REAL,MANUAL,0.0,0.0,0.0,0.0,0.0,238.569,33.677,98.197,-8286.031,M,sensor,0,,,,,,,
2026-06-11T15:56:13.999Z,REAL,MANUAL,0.0,0.0,0.0,0.0,0.0,237.119,33.362,98.197,-8286.031,M,sensor,0,,,,,,,
2026-06-11T15:56:14.099Z,REAL,MANUAL,0.0,0.0,0.0,0.0,0.0,236.246,33.362,98.197,-8286.031,M,sensor,0,,,,,,,
2026-06-11T15:56:14.198Z,REAL,MANUAL,0.0,0.0,0.0,0.0,0.0,237.485,33.362,98.197,-8286.031,M,sensor,0,,,,,,,
2026-06-11T15:56:14.299Z,REAL,MANUAL,0.0,0.0,0.0,0.0,0.0,237.605,33.362,98.197,-8286.031,M,sensor,0,,,,,,,
2026-06-11T15:56:14.398Z,REAL,MANUAL,0.0,0.0,0.0,0.0,0.0,238.519,33.362,98.512,-8286.031,M,sensor,0,,,,,,,
2026-06-11T15:56:14.498Z,REAL,MANUAL,0.0,0.0,0.0,0.0,0.0,238.511,33.362,98.512,-8286.031,M,sensor,0,,,,,,,
2026-06-11T15:56:14.598Z,REAL,MANUAL,0.0,0.0,0.0,0.0,0.0,236.321,33.362,98.512,-8286.031,M,sensor,0,,,,,,,
2026-06-11T15:56:14.698Z,REAL,MANUAL,0.0,0.0,0.0,0.0,0.0,238.595,33.362,98.512,-8286.031,M,sensor,0,,,,,,,
2026-06-11T15:56:14.799Z,REAL,MANUAL,0.0,0.0,0.0,0.0,0.0,239.114,33.362,98.512,-8286.031,M,sensor,0,,,,,,,
2026-06-11T15:56:14.899Z,REAL,MANUAL,0.0,0.0,0.0,0.0,0.0,239.256,33.362,98.512,-8286.031,M,sensor,0,,,,,,,
2026-06-11T15:56:14.998Z,REAL,MANUAL,0.0,0.0,0.0,0.0,0.0,237.597,33.362,98.512,-8286.031,M,sensor,0,,,,,,,
2026-06-11T15:56:15.099Z,REAL,MANUAL,0.0,0.0,0.0,0.0,0.0,237.334,33.362,98.512,-8286.031,M,sensor,0,,,,,,,
2026-06-11T15:56:15.198Z,REAL,MANUAL,0.0,0.0,0.0,0.0,0.0,238.726,33.362,98.512,-8286.031,M,sensor,0,,,,,,,
2026-06-11T15:56:15.298Z,REAL,MANUAL,0.0,0.0,0.0,0.0,0.0,238.945,33.362,98.512,-8286.031,M,sensor,0,,,,,,,
2026-06-11T15:56:15.398Z,REAL,MANUAL,0.0,0.0,0.0,0.0,0.0,237.092,33.362,98.512,-8286.031,M,sensor,0,,,,,,,
2026-06-11T15:56:15.498Z,REAL,MANUAL,0.0,0.0,0.0,0.0,0.0,239.044,33.362,98.512,-8286.031,M,sensor,0,,,,,,,
2026-06-11T15:56:15.598Z,REAL,MANUAL,0.0,0.0,0.0,0.0,0.0,236.707,33.362,98.512,-8286.031,M,sensor,0,,,,,,,
2026-06-11T15:56:15.698Z,REAL,MANUAL,0.0,0.0,0.0,0.0,0.0,238.784,33.362,98.512,-8286.031,M,sensor,0,,,,,,,
2026-06-11T15:56:15.798Z,REAL,MANUAL,0.0,0.0,0.0,0.0,0.0,238.479,33.362,98.512,-8286.031,M,sensor,0,,,,,,,
2026-06-11T15:56:15.898Z,REAL,MANUAL,0.0,0.0,0.0,0.0,0.0,238.925,33.362,98.512,-8286.031,M,sensor,0,,,,,,,
2026-06-11T15:56:15.998Z,REAL,MANUAL,0.0,0.0,0.0,0.0,0.0,238.701,33.362,98.827,-8286.031,M,sensor,0,,,,,,,
2026-06-11T15:56:16.098Z,REAL,MANUAL,0.0,0.0,0.0,0.0,0.0,238.903,33.362,98.827,-8286.031,M,sensor,0,,,,,,,
2026-06-11T15:56:16.198Z,REAL,MANUAL,0.0,0.0,0.0,0.0,0.0,238.169,33.362,98.827,-8286.031,M,sensor,0,,,,,,,
2026-06-11T15:56:16.298Z,REAL,MANUAL,0.0,0.0,0.0,0.0,0.0,238.971,33.362,98.827,-8286.031,M,sensor,0,,,,,,,
2026-06-11T15:56:16.398Z,REAL,MANUAL,0.0,0.0,0.0,0.0,0.0,239.251,33.362,98.827,-8286.031,M,sensor,0,,,,,,,
2026-06-11T15:56:16.498Z,REAL,MANUAL,0.0,0.0,0.0,0.0,0.0,239.109,33.362,98.512,-8286.031,M,sensor,0,,,,,,,
2026-06-11T15:56:16.598Z,REAL,MANUAL,0.0,0.0,0.0,0.0,0.0,238.442,33.362,98.827,-8286.031,M,sensor,0,,,,,,,
2026-06-11T15:56:16.698Z,REAL,MANUAL,0.0,0.0,0.0,0.0,0.0,238.977,33.362,98.827,-8286.031,M,sensor,0,,,,,,,
2026-06-11T15:56:16.798Z,REAL,MANUAL,0.0,0.0,0.0,0.0,0.0,238.557,33.362,98.827,-8286.031,M,sensor,0,,,,,,,
2026-06-11T15:56:16.898Z,REAL,MANUAL,0.0,0.0,0.0,0.0,0.0,238.444,33.362,98.827,-8286.031,M,sensor,0,,,,,,,
2026-06-11T15:56:16.998Z,REAL,MANUAL,0.0,0.0,0.0,0.0,0.0,238.74,33.362,98.827,-8286.031,M,sensor,0,,,,,,,
2026-06-11T15:56:17.098Z,REAL,MANUAL,0.0,0.0,0.0,0.0,0.0,239.21,33.362,98.827,-8286.031,M,sensor,0,,,,,,,
2026-06-11T15:56:17.198Z,REAL,MANUAL,0.0,0.0,0.0,0.0,0.0,238.202,33.047,98.827,-8286.031,M,sensor,0,,,,,,,
2026-06-11T15:56:17.298Z,REAL,MANUAL,0.0,0.0,0.0,0.0,0.0,237.488,33.047,98.827,-8286.031,M,sensor,0,,,,,,,
2026-06-11T15:56:17.398Z,REAL,MANUAL,0.0,0.0,0.0,0.0,0.0,238.134,33.047,98.827,-8286.031,M,sensor,0,,,,,,,
2026-06-11T15:56:17.498Z,REAL,MANUAL,0.0,0.0,0.0,0.0,0.0,237.542,33.047,98.827,-8286.031,M,sensor,0,,,,,,,
2026-06-11T15:56:17.598Z,REAL,MANUAL,0.0,0.0,0.0,0.0,0.0,238.061,33.047,98.827,-8286.031,M,sensor,0,,,,,,,
2026-06-11T15:56:17.698Z,REAL,MANUAL,0.0,0.0,0.0,0.0,0.0,237.518,33.047,98.827,-8286.031,M,sensor,0,,,,,,,
2026-06-11T15:56:17.798Z,REAL,MANUAL,0.0,0.0,0.0,0.0,0.0,238.204,33.047,98.827,-8286.031,M,sensor,0,,,,,,,
2026-06-11T15:56:17.898Z,REAL,MANUAL,0.0,0.0,0.0,0.0,0.0,238.733,33.047,98.827,-8286.031,M,sensor,0,,,,,,,
2026-06-11T15:56:17.998Z,REAL,MANUAL,0.0,0.0,0.0,0.0,0.0,237.453,33.047,98.827,-8286.031,M,sensor,0,,,,,,,
2026-06-11T15:56:18.098Z,REAL,MANUAL,0.0,0.0,0.0,0.0,0.0,238.679,33.047,98.827,-8286.031,M,sensor,0,,,,,,,
2026-06-11T15:56:18.198Z,REAL,MANUAL,0.0,0.0,0.0,0.0,0.0,239.423,33.047,98.827,-8286.031,M,sensor,0,,,,,,,
2026-06-11T15:56:18.298Z,REAL,MANUAL,0.0,0.0,0.0,0.0,0.0,238.622,33.047,98.827,-8286.031,M,sensor,0,,,,,,,
2026-06-11T15:56:18.398Z,REAL,MANUAL,0.0,0.0,0.0,0.0,0.0,237.591,33.047,98.827,-8286.031,M,sensor,0,,,,,,,
2026-06-11T15:56:18.498Z,REAL,MANUAL,0.0,0.0,0.0,0.0,0.0,238.187,33.047,98.827,-8286.031,M,sensor,0,,,,,,,
2026-06-11T15:56:18.598Z,REAL,MANUAL,0.0,0.0,0.0,0.0,0.0,236.869,33.047,98.827,-8286.031,M,sensor,0,,,,,,,
2026-06-11T15:56:18.698Z,REAL,MANUAL,0.0,0.0,0.0,0.0,0.0,238.088,33.047,98.827,-8286.031,M,sensor,0,,,,,,,
2026-06-11T15:56:18.798Z,REAL,MANUAL,0.0,0.0,0.0,0.0,0.0,238.584,33.047,98.827,-8286.031,M,sensor,0,,,,,,,
2026-06-11T15:56:18.898Z,REAL,MANUAL,0.0,0.0,0.0,0.0,0.0,238.445,33.047,98.827,-8286.031,M,sensor,0,,,,,,,
2026-06-11T15:56:18.998Z,REAL,MANUAL,0.0,0.0,0.0,0.0,0.0,239.074,33.047,98.512,-8286.031,M,sensor,0,,,,,,,
2026-06-11T15:56:19.098Z,REAL,MANUAL,0.0,0.0,0.0,0.0,0.0,238.279,33.047,98.512,-8286.031,M,sensor,0,,,,,,,
2026-06-11T15:56:19.198Z,REAL,MANUAL,0.0,0.0,0.0,0.0,0.0,238.007,33.047,98.512,-8286.031,M,sensor,0,,,,,,,
2026-06-11T15:56:19.299Z,REAL,MANUAL,0.0,0.0,0.0,0.0,0.0,238.932,33.047,98.827,-8286.031,M,sensor,0,,,,,,,
2026-06-11T15:56:19.398Z,REAL,MANUAL,0.0,0.0,0.0,0.0,0.0,236.907,33.047,98.827,-8286.031,M,sensor,0,,,,,,,
2026-06-11T15:56:19.498Z,REAL,MANUAL,0.0,0.0,0.0,0.0,0.0,237.65,33.047,98.827,-8286.031,M,sensor,0,,,,,,,
2026-06-11T15:56:19.598Z,REAL,MANUAL,0.0,0.0,0.0,0.0,0.0,238.188,33.047,98.827,-8286.031,M,sensor,0,,,,,,,
2026-06-11T15:56:19.698Z,REAL,MANUAL,0.0,0.0,0.0,0.0,0.0,238.113,33.047,98.827,-8286.031,M,sensor,0,,,,,,,
2026-06-11T15:56:19.798Z,REAL,MANUAL,0.0,0.0,0.0,0.0,0.0,239.046,33.047,98.827,-8286.031,M,sensor,0,,,,,,,
2026-06-11T15:56:19.898Z,REAL,MANUAL,0.0,0.0,0.0,0.0,0.0,238.172,33.047,98.827,-8286.031,M,sensor,0,,,,,,,
2026-06-11T15:56:19.998Z,REAL,MANUAL,0.0,0.0,0.0,0.0,0.0,239.101,33.047,98.827,-8286.031,M,sensor,0,,,,,,,
2026-06-11T15:56:20.098Z,REAL,MANUAL,0.0,0.0,0.0,0.0,0.0,237.582,33.047,98.827,-8286.031,M,sensor,0,,,,,,,
2026-06-11T15:56:20.198Z,REAL,MANUAL,0.0,0.0,0.0,0.0,0.0,237.999,33.047,98.827,-8286.031,M,sensor,0,,,,,,,
2026-06-11T15:56:20.298Z,REAL,MANUAL,0.0,0.0,0.0,0.0,0.0,238.052,33.047,98.827,-8286.031,M,sensor,0,,,,,,,
2026-06-11T15:56:20.398Z,REAL,MANUAL,0.0,0.0,0.0,0.0,0.0,237.562,33.047,98.827,-8286.031,M,sensor,0,,,,,,,
2026-06-11T15:56:20.498Z,REAL,MANUAL,0.0,0.0,0.0,0.0,0.0,238.43,33.047,98.827,-8286.031,M,sensor,0,,,,,,,
2026-06-11T15:56:20.599Z,REAL,MANUAL,0.0,0.0,0.0,0.0,0.0,237.556,33.047,98.827,-8286.031,M,sensor,0,,,,,,,
2026-06-11T15:56:20.698Z,REAL,MANUAL,0.0,0.0,0.0,0.0,0.0,237.704,33.047,98.827,-8286.031,M,sensor,0,,,,,,,
2026-06-11T15:56:20.798Z,REAL,MANUAL,0.0,0.0,0.0,0.0,0.0,238.242,33.047,98.827,-8286.031,M,sensor,0,,,,,,,
2026-06-11T15:56:20.898Z,REAL,MANUAL,0.0,0.0,0.0,0.0,0.0,238.533,33.047,98.827,-8286.031,M,sensor,0,,,,,,,
2026-06-11T15:56:20.998Z,REAL,MANUAL,0.0,0.0,0.0,0.0,0.0,237.638,33.047,98.827,-8286.031,M,sensor,0,,,,,,,
2026-06-11T15:56:21.098Z,REAL,MANUAL,0.0,0.0,0.0,0.0,0.0,238.258,33.047,98.827,-8286.031,M,sensor,0,,,,,,,
2026-06-11T15:56:21.198Z,REAL,MANUAL,0.0,0.0,0.0,0.0,0.0,238.363,33.047,98.827,-8286.031,M,sensor,0,,,,,,,
2026-06-11T15:56:21.298Z,REAL,MANUAL,0.0,0.0,0.0,0.0,0.0,238.337,33.047,98.827,-8286.031,M,sensor,0,,,,,,,
2026-06-11T15:56:21.398Z,REAL,MANUAL,0.0,0.0,0.0,0.0,0.0,237.553,33.047,98.827,-8286.031,M,sensor,0,,,,,,,
2026-06-11T15:56:21.498Z,REAL,MANUAL,0.0,0.0,0.0,0.0,0.0,239.256,33.047,98.827,-8286.031,M,sensor,0,,,,,,,
2026-06-11T15:56:21.598Z,REAL,MANUAL,0.0,0.0,0.0,0.0,0.0,238.577,33.047,98.827,-8286.031,M,sensor,0,,,,,,,
2026-06-11T15:56:21.698Z,REAL,MANUAL,0.0,0.0,0.0,0.0,0.0,237.911,33.047,98.512,-8286.031,M,sensor,0,,,,,,,
2026-06-11T15:56:21.798Z,REAL,MANUAL,0.0,0.0,0.0,0.0,0.0,236.976,33.047,98.512,-8286.031,M,sensor,0,,,,,,,
2026-06-11T15:56:21.898Z,REAL,MANUAL,0.0,0.0,0.0,0.0,0.0,238.079,33.362,98.512,-8286.031,M,sensor,0,,,,,,,
2026-06-11T15:56:21.998Z,REAL,MANUAL,0.0,0.0,0.0,0.0,0.0,239.084,33.362,98.512,-8286.031,M,sensor,0,,,,,,,
2026-06-11T15:56:22.098Z,REAL,MANUAL,0.0,0.0,0.0,0.0,0.0,239.172,33.362,98.512,-8286.031,M,sensor,0,,,,,,,
2026-06-11T15:56:22.198Z,REAL,MANUAL,0.0,0.0,0.0,0.0,0.0,238.9,33.362,98.512,-8286.031,M,sensor,0,,,,,,,
2026-06-11T15:56:22.298Z,REAL,MANUAL,0.0,0.0,0.0,0.0,0.0,238.807,33.362,98.512,-8286.031,M,sensor,0,,,,,,,
2026-06-11T15:56:22.398Z,REAL,MANUAL,0.0,0.0,0.0,0.0,0.0,238.836,33.362,98.512,-8286.031,M,sensor,0,,,,,,,
2026-06-11T15:56:22.498Z,REAL,MANUAL,0.0,0.0,0.0,0.0,0.0,236.507,33.362,98.512,-8286.031,M,sensor,0,,,,,,,
2026-06-11T15:56:22.598Z,REAL,MANUAL,0.0,0.0,0.0,0.0,0.0,238.119,33.362,98.512,-8286.031,M,sensor,0,,,,,,,
2026-06-11T15:56:22.698Z,REAL,MANUAL,0.0,0.0,0.0,0.0,0.0,237.72,33.362,98.827,-8286.031,M,sensor,0,,,,,,,
2026-06-11T15:56:22.798Z,REAL,MANUAL,0.0,0.0,0.0,0.0,0.0,238.871,33.362,98.827,-8286.031,M,sensor,0,,,,,,,
2026-06-11T15:56:22.898Z,REAL,MANUAL,0.0,0.0,0.0,0.0,0.0,237.98,33.362,98.827,-8286.031,M,sensor,0,,,,,,,
2026-06-11T15:56:22.998Z,REAL,MANUAL,0.0,0.0,0.0,0.0,0.0,238.343,33.362,98.827,-8286.031,M,sensor,0,,,,,,,
2026-06-11T15:56:23.098Z,REAL,MANUAL,0.0,0.0,0.0,0.0,0.0,238.919,33.362,98.827,-8286.031,M,sensor,0,,,,,,,
2026-06-11T15:56:23.199Z,REAL,MANUAL,0.0,0.0,0.0,0.0,0.0,238.906,33.362,98.827,-8286.031,M,sensor,0,,,,,,,
2026-06-11T15:56:23.298Z,REAL,MANUAL,0.0,0.0,0.0,0.0,0.0,239.2,33.362,98.827,-8286.031,M,sensor,0,,,,,,,
2026-06-11T15:56:23.398Z,REAL,MANUAL,0.0,0.0,0.0,0.0,0.0,237.742,33.362,98.827,-8286.031,M,sensor,0,,,,,,,
2026-06-11T15:56:23.498Z,REAL,MANUAL,0.0,0.0,0.0,0.0,0.0,238.115,33.362,98.512,-8286.031,M,sensor,0,,,,,,,
2026-06-11T15:56:23.598Z,REAL,MANUAL,0.0,0.0,0.0,0.0,0.0,238.291,33.362,98.512,-8286.031,M,sensor,0,,,,,,,
2026-06-11T15:56:23.698Z,REAL,MANUAL,0.0,0.0,0.0,0.0,0.0,239.087,33.362,98.512,-8286.031,M,sensor,0,,,,,,,
2026-06-11T15:56:23.798Z,REAL,MANUAL,0.0,0.0,0.0,0.0,0.0,237.944,33.362,98.512,-8286.031,M,sensor,0,,,,,,,
2026-06-11T15:56:23.898Z,REAL,MANUAL,0.0,0.0,0.0,0.0,0.0,237.8,33.362,98.512,-8286.031,M,sensor,0,,,,,,,
2026-06-11T15:56:23.998Z,REAL,MANUAL,0.0,0.0,0.0,0.0,0.0,237.902,33.047,98.512,-8286.031,M,sensor,0,,,,,,,
2026-06-11T15:56:24.098Z,REAL,MANUAL,0.0,0.0,0.0,0.0,0.0,237.928,33.047,98.512,-8286.031,M,sensor,0,,,,,,,
2026-06-11T15:56:24.199Z,REAL,MANUAL,0.0,0.0,0.0,0.0,0.0,237.838,33.047,98.512,-8286.031,M,sensor,0,,,,,,,
2026-06-11T15:56:24.299Z,REAL,MANUAL,0.0,0.0,0.0,0.0,0.0,238.707,33.047,98.827,-8286.031,M,sensor,0,,,,,,,
2026-06-11T15:56:24.399Z,REAL,MANUAL,0.0,0.0,0.0,0.0,0.0,237.7,33.362,98.827,-8286.031,M,sensor,0,,,,,,,
2026-06-11T15:56:24.498Z,REAL,MANUAL,0.0,0.0,0.0,0.0,0.0,237.069,33.047,98.827,-8286.031,M,sensor,0,,,,,,,
2026-06-11T15:56:24.598Z,REAL,MANUAL,0.0,0.0,0.0,0.0,0.0,238.515,33.047,98.827,-8286.031,M,sensor,0,,,,,,,
2026-06-11T15:56:24.698Z,REAL,MANUAL,0.0,0.0,0.0,0.0,0.0,238.417,33.047,98.827,-8286.031,M,sensor,0,,,,,,,
2026-06-11T15:56:24.798Z,REAL,MANUAL,0.0,0.0,0.0,0.0,0.0,237.002,33.047,98.827,-8286.031,M,sensor,0,,,,,,,
2026-06-11T15:56:24.898Z,REAL,MANUAL,0.0,0.0,0.0,0.0,0.0,237.932,33.362,98.827,-8286.031,M,sensor,0,,,,,,,
2026-06-11T15:56:24.998Z,REAL,MANUAL,0.0,0.0,0.0,0.0,0.0,239.1,33.362,98.827,-8286.031,M,sensor,0,,,,,,,
2026-06-11T15:56:25.098Z,REAL,MANUAL,0.0,0.0,0.0,0.0,0.0,238.379,33.362,98.827,-8286.031,M,sensor,0,,,,,,,
2026-06-11T15:56:25.198Z,REAL,MANUAL,0.0,0.0,0.0,0.0,0.0,237.669,33.362,98.827,-8286.031,M,sensor,0,,,,,,,
2026-06-11T15:56:25.298Z,REAL,MANUAL,0.0,0.0,0.0,0.0,0.0,238.964,33.047,98.827,-8286.031,M,sensor,0,,,,,,,
2026-06-11T15:56:25.398Z,REAL,MANUAL,0.0,0.0,0.0,0.0,0.0,237.394,33.047,98.827,-8286.031,M,sensor,0,,,,,,,
2026-06-11T15:56:25.498Z,REAL,MANUAL,0.0,0.0,0.0,0.0,0.0,238.229,33.047,98.827,-8286.031,M,sensor,0,,,,,,,
2026-06-11T15:56:25.598Z,REAL,MANUAL,0.0,0.0,0.0,0.0,0.0,238.781,33.047,98.827,-8286.031,M,sensor,0,,,,,,,
2026-06-11T15:56:25.698Z,REAL,MANUAL,0.0,0.0,0.0,0.0,0.0,238.498,33.047,98.827,-8286.031,M,sensor,0,,,,,,,
2026-06-11T15:56:25.798Z,REAL,MANUAL,0.0,0.0,0.0,0.0,0.0,238.945,33.362,98.827,-8286.031,M,sensor,0,,,,,,,
2026-06-11T15:56:25.898Z,REAL,MANUAL,0.0,0.0,0.0,0.0,0.0,237.651,33.362,98.827,-8286.031,M,sensor,0,,,,,,,
2026-06-11T15:56:25.998Z,REAL,MANUAL,0.0,0.0,0.0,0.0,0.0,238.304,33.362,98.827,-8286.031,M,sensor,0,,,,,,,
2026-06-11T15:56:26.098Z,REAL,MANUAL,0.0,0.0,0.0,0.0,0.0,238.756,33.362,98.827,-8286.031,M,sensor,0,,,,,,,
2026-06-11T15:56:26.198Z,REAL,MANUAL,0.0,0.0,0.0,0.0,0.0,237.483,33.362,98.827,-8286.031,M,sensor,0,,,,,,,
2026-06-11T15:56:26.298Z,REAL,MANUAL,0.0,0.0,0.0,0.0,0.0,237.581,33.362,98.827,-8286.031,M,sensor,0,,,,,,,
2026-06-11T15:56:26.398Z,REAL,MANUAL,0.0,0.0,0.0,0.0,0.0,237.871,33.362,98.827,-8286.031,M,sensor,0,,,,,,,
2026-06-11T15:56:26.498Z,REAL,MANUAL,0.0,0.0,0.0,0.0,0.0,236.322,33.362,98.827,-8286.031,M,sensor,0,,,,,,,
2026-06-11T15:56:26.598Z,REAL,MANUAL,0.0,0.0,0.0,0.0,0.0,239.091,33.362,98.827,-8286.031,M,sensor,0,,,,,,,
2026-06-11T15:56:26.698Z,REAL,MANUAL,0.0,0.0,0.0,0.0,0.0,237.72,33.362,98.827,-8286.031,M,sensor,0,,,,,,,
2026-06-11T15:56:26.798Z,REAL,MANUAL,0.0,0.0,0.0,0.0,0.0,237.672,33.362,98.827,-8286.031,M,sensor,0,,,,,,,
2026-06-11T15:56:26.898Z,REAL,MANUAL,0.0,0.0,0.0,0.0,0.0,238.881,33.362,98.827,-8286.031,M,sensor,0,,,,,,,
2026-06-11T15:56:26.998Z,REAL,MANUAL,0.0,0.0,0.0,0.0,0.0,237.742,33.362,98.827,-8286.031,M,sensor,0,,,,,,,
2026-06-11T15:56:27.098Z,REAL,MANUAL,0.0,0.0,0.0,0.0,0.0,238.913,33.362,98.827,-8286.031,M,sensor,0,,,,,,,
2026-06-11T15:56:27.198Z,REAL,MANUAL,0.0,0.0,0.0,0.0,0.0,237.633,33.362,98.827,-8286.031,M,sensor,0,,,,,,,
2026-06-11T15:56:27.298Z,REAL,MANUAL,0.0,0.0,0.0,0.0,0.0,238.199,33.362,98.827,-8286.031,M,sensor,0,,,,,,,
2026-06-11T15:56:27.398Z,REAL,MANUAL,0.0,0.0,0.0,0.0,0.0,236.662,33.362,98.827,-8285.717,M,sensor,0,,,,,,,
2026-06-11T15:56:27.498Z,REAL,MANUAL,0.0,0.0,0.0,0.0,0.0,238.613,33.362,98.827,-8285.717,M,sensor,0,,,,,,,
2026-06-11T15:56:27.598Z,REAL,MANUAL,0.0,0.0,0.0,0.0,0.0,239.019,33.362,98.827,-8285.717,M,sensor,0,,,,,,,
2026-06-11T15:56:27.698Z,REAL,MANUAL,0.0,0.0,0.0,0.0,0.0,238.286,33.362,98.827,-8285.717,M,sensor,0,,,,,,,
2026-06-11T15:56:27.798Z,REAL,MANUAL,0.0,0.0,0.0,0.0,0.0,236.948,33.677,98.827,-8285.717,M,sensor,0,,,,,,,
2026-06-11T15:56:27.898Z,REAL,MANUAL,0.0,0.0,0.0,0.0,0.0,238.103,33.677,98.827,-8285.717,M,sensor,0,,,,,,,
2026-06-11T15:56:27.998Z,REAL,MANUAL,0.0,0.0,0.0,0.0,0.0,238.305,33.677,98.827,-8285.717,M,sensor,0,,,,,,,
2026-06-11T15:56:28.098Z,REAL,MANUAL,0.0,0.0,0.0,0.0,0.0,236.977,33.677,98.827,-8285.717,M,sensor,0,,,,,,,
2026-06-11T15:56:28.199Z,REAL,MANUAL,0.0,0.0,0.0,0.0,0.0,236.48,33.362,98.827,-8285.717,M,sensor,0,,,,,,,
2026-06-11T15:56:28.298Z,REAL,MANUAL,0.0,0.0,0.0,0.0,0.0,238.214,33.362,98.512,-8285.717,M,sensor,0,,,,,,,
2026-06-11T15:56:28.398Z,REAL,MANUAL,0.0,0.0,0.0,0.0,0.0,237.51,33.362,98.827,-8285.717,M,sensor,0,,,,,,,
2026-06-11T15:56:28.498Z,REAL,MANUAL,0.0,0.0,0.0,0.0,0.0,238.188,33.362,98.512,-8285.717,M,sensor,0,,,,,,,
2026-06-11T15:56:28.598Z,REAL,MANUAL,0.0,0.0,0.0,0.0,0.0,238.564,33.677,98.512,-8285.717,M,sensor,0,,,,,,,
2026-06-11T15:56:28.698Z,REAL,MANUAL,0.0,0.0,0.0,0.0,0.0,239.314,33.677,98.512,-8285.717,M,sensor,0,,,,,,,
2026-06-11T15:56:28.798Z,REAL,MANUAL,0.0,0.0,0.0,0.0,0.0,239.235,33.677,98.512,-8285.717,M,sensor,0,,,,,,,
2026-06-11T15:56:28.898Z,REAL,MANUAL,0.0,0.0,0.0,0.0,0.0,237.77,33.677,98.827,-8285.717,M,sensor,0,,,,,,,
2026-06-11T15:56:28.998Z,REAL,MANUAL,0.0,0.0,0.0,0.0,0.0,239.141,33.677,98.827,-8285.717,M,sensor,0,,,,,,,
2026-06-11T15:56:29.098Z,REAL,MANUAL,0.0,0.0,0.0,0.0,0.0,237.292,33.677,98.827,-8285.717,M,sensor,0,,,,,,,
2026-06-11T15:56:29.198Z,REAL,MANUAL,0.0,0.0,0.0,0.0,0.0,238.735,33.677,98.827,-8285.717,M,sensor,0,,,,,,,
2026-06-11T15:56:29.298Z,REAL,MANUAL,0.0,0.0,0.0,0.0,0.0,238.602,33.677,98.827,-8285.717,M,sensor,0,,,,,,,
2026-06-11T15:56:29.398Z,REAL,MANUAL,0.0,0.0,0.0,0.0,0.0,239.142,33.677,98.827,-8285.717,M,sensor,0,,,,,,,
2026-06-11T15:56:29.499Z,REAL,MANUAL,0.0,0.0,0.0,0.0,0.0,238.402,33.677,98.827,-8285.717,M,sensor,0,,,,,,,
2026-06-11T15:56:29.599Z,REAL,MANUAL,0.0,0.0,0.0,0.0,0.0,238.926,33.677,98.827,-8285.717,M,sensor,0,,,,,,,
2026-06-11T15:56:29.698Z,REAL,MANUAL,0.0,0.0,0.0,0.0,0.0,238.049,33.677,98.827,-8285.717,M,sensor,0,,,,,,,
2026-06-11T15:56:29.798Z,REAL,MANUAL,0.0,0.0,0.0,0.0,0.0,235.978,33.677,98.827,-8285.717,M,sensor,0,,,,,,,
2026-06-11T15:56:29.898Z,REAL,MANUAL,0.0,0.0,0.0,0.0,0.0,237.262,33.677,98.827,-8285.717,M,sensor,0,,,,,,,
2026-06-11T15:56:29.998Z,REAL,MANUAL,0.0,0.0,0.0,0.0,0.0,237.288,33.677,98.827,-8285.717,M,sensor,0,,,,,,,
2026-06-11T15:56:30.098Z,REAL,MANUAL,0.0,0.0,0.0,0.0,0.0,237.671,33.677,98.827,-8285.717,M,sensor,0,,,,,,,
2026-06-11T15:56:30.198Z,REAL,MANUAL,0.0,0.0,0.0,0.0,0.0,235.918,33.677,98.827,-8285.717,M,sensor,0,,,,,,,
2026-06-11T15:56:30.298Z,REAL,MANUAL,0.0,0.0,0.0,0.0,0.0,236.091,33.677,98.827,-8285.717,M,sensor,0,,,,,,,
2026-06-11T15:56:30.398Z,REAL,MANUAL,0.0,0.0,0.0,0.0,0.0,237.01,33.677,98.827,-8285.717,M,sensor,0,,,,,,,
2026-06-11T15:56:30.498Z,REAL,MANUAL,0.0,0.0,0.0,0.0,0.0,235.424,33.677,98.827,-8285.717,M,sensor,0,,,,,,,
2026-06-11T15:56:30.598Z,REAL,MANUAL,0.0,0.0,0.0,0.0,0.0,235.371,33.677,98.827,-8285.717,M,sensor,0,,,,,,,
2026-06-11T15:56:30.698Z,REAL,MANUAL,0.0,0.0,0.0,0.0,0.0,238.755,33.677,98.827,-8285.717,M,sensor,0,,,,,,,
2026-06-11T15:56:30.798Z,REAL,MANUAL,0.0,0.0,0.0,0.0,0.0,238.428,33.362,98.827,-8285.717,M,sensor,0,,,,,,,
2026-06-11T15:56:30.898Z,REAL,MANUAL,0.0,0.0,0.0,0.0,0.0,236.62,33.362,98.827,-8285.717,M,sensor,0,,,,,,,
2026-06-11T15:56:30.998Z,REAL,MANUAL,0.0,0.0,0.0,0.0,0.0,237.162,33.362,99.142,-8285.717,M,sensor,0,,,,,,,
2026-06-11T15:56:31.098Z,REAL,MANUAL,0.0,0.0,0.0,0.0,0.0,238.259,33.362,99.142,-8285.717,M,sensor,0,,,,,,,
2026-06-11T15:56:31.198Z,REAL,MANUAL,0.0,0.0,0.0,0.0,0.0,238.711,33.362,99.142,-8285.717,M,sensor,0,,,,,,,
2026-06-11T15:56:31.298Z,REAL,MANUAL,0.0,0.0,0.0,0.0,0.0,236.682,33.362,98.827,-8285.717,M,sensor,0,,,,,,,
2026-06-11T15:56:31.398Z,REAL,MANUAL,0.0,0.0,0.0,0.0,0.0,237.917,33.362,99.142,-8285.717,M,sensor,0,,,,,,,
2026-06-11T15:56:31.498Z,REAL,MANUAL,0.0,0.0,0.0,0.0,0.0,238.254,33.362,99.142,-8285.717,M,sensor,0,,,,,,,
2026-06-11T15:56:31.598Z,REAL,MANUAL,0.0,0.0,0.0,0.0,0.0,238.475,33.362,99.142,-8285.717,M,sensor,0,,,,,,,
2026-06-11T15:56:31.698Z,REAL,MANUAL,0.0,0.0,0.0,0.0,0.0,238.072,33.362,99.142,-8285.717,M,sensor,0,,,,,,,
